:020000040800F2
:10000000C0D70020DD0100087D160008D50A0008D1
:100010007916000881080008451E0008000000004D
:100020000000000000000000000000004501000882
:100030008508000800000000890100088D1B0008E9
:10004000F7010008F7010008F7010008F7010008B0
:10005000F7010008F7010008F7010008F7010008A0
:10006000F7010008F7010008F7010008F701000890
:10007000F7010008F7010008F7010008F701000880
:10008000F7010008F7010008F7010008F701000870
:10009000F7010008F7010008F7010008F701000860
:1000A000F7010008F7010008F7010008F701000850
:1000B000F7010008F7010008F7010008F701000840
:1000C000F7010008F7010008F7010008F701000830
:1000D000F7010008F7010008F7010008F701000820
:1000E000F7010008F7010008F7010008F701000810
:1000F000F7010008F7010008F7010008F701000800
:10010000F7010008F7010008F7010008F7010008EF
:10011000F7010008F7010008F7010008F7010008DF
:10012000F7010008F7010008F7010008F7010008CF
:10013000DFF80CD000F0F2F900480047D1AC02081B
:10014000C0D70020224B19680868B0E8F00F80F390
:100150000988BFF36F8F4FF0000080F311884EF0D5
:100160000D0E70470000000006480068006880F32C
:10017000088862B661B6BFF34F8FBFF36F8F00DFA1
:1001800000BF00BF08ED00E0EFF30980BFF36F8F01
:100190000F4B1A6820E9F00F106008B54FF05000BF
:1001A00080F31188BFF34F8FBFF36F8F31F05CF88E
:1001B0004FF0000080F31188BDE808401968086816
:1001C000B0E8F00F80F30988BFF36F8F704700BF6E
:1001D00028000020EFF305807047000006488047A4
:1001E00006480047FEE7FEE7FEE7FEE7FEE7FEE71C
:1001F000FEE7FEE7FEE7FEE7E11B0008310100082D
:100200002DE9F05F0546002092469B46884606464B
:10021000814640241BE0284641464746224600F0DE
:1002200036F953465A46C01A914110D31146184622
:10023000224600F01DF92D1A67EB01084F462246B1
:100240000120002100F014F917EB00094E41201E97
:10025000A4F10104DFDC484631462A464346BDE8A6
:10026000F09F40EA01039B0703D009E008C9121F71
:1002700008C0042AFAD203E011F8013B00F8013B60
:10028000521EF9D27047D2B201E000F8012B491E8C
:10029000FBD270470022F6E710B513460A46044623
:1002A0001946FFF7F0FF204610BD421E12F8013F2D
:1002B000002BFBD111F8013B02F8013B002BF9D1D7
:1002C0007047421C10F8011B0029FBD1801A7047AF
:1002D00010B5002200E0521C835C8C5CA34201D16B
:1002E000002BF8D1D8B2E1B2401A10BD30B50446A7
:1002F0000020034600E05B1C934203D2E05CCD5C2F
:10030000401BF8D030BD034611F8012B00F8012B3B
:10031000002AF9D118467047F0B480EA0102D40FE0
:100320004200B2EB410F02D20246084611464A0093
:1003300042D0C30DDDB2C1F3C752AD1A202D35DA5C
:10034000C1F3160141F4000204B15242C5F1200686
:1003500002FA06F12A411044B3EBD05F23D0C4B1B6
:10036000012DA0EBC35009DCF0BC4FF0004202EAC3
:10037000C352DBB200F5000000F0A2B8400000F16B
:10038000807000EBC350A0F1807040EAD17049004A
:1003900009E0490841EAC071A0EBC35000F5000034
:1003A000400800EBC350F0BC00F081B8614201226C
:1003B00002EB4101001BF6E7F0BC704781F0004101
:1003C000AAE780F00040A7E780EA010210B502F03A
:1003D0000043400022D04A001FD0010E01EB126101
:1003E000C0F35600C2F3560240F4000042F400028B
:1003F000A0FB022000047F39140400D0401C50EA06
:10040000124001D44000491EC2B20C0604EBD010C9
:10041000401C4008802A02D003E0002010BD20F0DC
:100420000100002900DA0020184310BDC10F80EA46
:10043000E0700844CA079623002100F041B800F09C
:10044000004220F00040C10DC0F3160040F400004F
:100450007F2901DA00207047962903DCC1F196015B
:10046000C84001E096398840002AF4D040427047E5
:10047000202A04DB203A00FA02F100207047914064
:10048000C2F1200320FA03F3194390407047202A59
:1004900004DB203A21FA02F00021704721FA02F32E
:1004A000D040C2F12002914008431946704700290C
:1004B000A8BF7047401C490008BF20F001007047EA
:1004C00010B4B0FA80FC00FA0CF050EA010404BF4A
:1004D00010BC704749B1CCF1200421FA04F411FAA0
:1004E0000CF118BF012121430843A3EB0C01CB1DE4
:1004F0004FEA00614FEA102042BF002010BC704755
:1005000000EBC35010440029A4BF10BC7047401C2E
:10051000490008BF20F0010010BC7047064C074D91
:1005200006E0E06840F0010394E8070098471034C3
:10053000AC42F6D3FFF700FE500F0508700F050818
:1005400070B58C1810F8015B15F0070301D110F895
:10055000013B2A1106D110F8012B03E010F8016BC2
:1005600001F8016B5B1EF9D12B0705D40023521E45
:100570000DD401F8013BFAE710F8013BCB1A921CAD
:1005800003E013F8015B01F8015B521EF9D5A142AB
:10059000D8D3002070BD000010B50446214606489F
:1005A000FFF783FE05A10448FFF77FFE02490448D8
:1005B00000681FF003FB10BDBCCF00200A00000044
:1005C0008403002010B50446012221460548006836
:1005D00015F087FC224604A1054800681FF046FB81
:1005E00010BD0000880300202564252500000000C0
:1005F0008C03002038B505460C46204600F0F6FE78
:10060000002003464FF4FA7209210090204626F09C
:10061000D1FD284621F0B8FA01A002F02DF938BD2D
:1006200055493A20E887AAE6A380E5AE8CE6889093
:100630002C20E58887E68DA2E588B0E4B8BBE79575
:100640008CE99DA20A00000010B504460023032295
:1006500001211348006830F0CFFF2BF01BF850B990
:1006600010A002F009F92BF065F82BF0B5F817A0EF
:1006700002F002F902E01CA002F0FEF800230322BF
:1006800002210748006830F0B7FF00230322FF2152
:100690000348006830F0B0FF002030F001FD10BDCD
:1006A00080030020426F6F743A20E5AD97E5BA935E
:1006B000E69CAAE689BEE588B02C20E5BC80E5A7CB
:1006C0008BE783A7E586992E2E2E0A00426F6F7462
:1006D0003A20E5AD97E5BA93E58699E585A5E5AEBF
:1006E0008CE6AF952E2E0A00426F6F743A20E5AD6E
:1006F00097E5BA93E5B7B2E5AD98E59CA82C20E85C
:10070000B7B3E8BF87E783A7E586992E2E0A0000D6
:10071000F8B5002021F028FA044617F06BFC0022FF
:1007200001460090204625F0C7FC20461EF03EFA08
:10073000054645A128461FF041FA002245492846B2
:1007400025F0BAFD1E225021284625F02EFB20461A
:100750001EF02CFA064640A130461FF02FFA002268
:100760004049304625F0A8FD61221B21304625F086
:100770001CFB204615F070FA3B4908600F22C82187
:100780003948006825F063FB75221B213648006854
:1007900025F00BFB17F0C3F8002201460090324809
:1007A000006825F089FC052025F08AFE002201461C
:1007B00000902D48006825F07FFC00212A48006841
:1007C00015F016FB642200212748006815F024FB71
:1007D00000224FF4FA712448006825F054FC0022EE
:1007E00011462148006815F07CFB20461EF0DEF91A
:1007F0001E4908601EA11D4800681FF0DFF9002295
:1008000018491A48006825F057FD7522E621174857
:10081000006825F0CAFA20461EF0C8F9154908609C
:10082000002215491348006825F046FD96221B2139
:100830001048006825F0B9FA4FF400710F48FFF72F
:1008400029FD2046F8BD00005A656E53746F6E6531
:1008500073000000C8D10408424F4F54696E6720EE
:100860002E2E2E00E0090508880300208C030020AE
:100870003025000084030020FC570308BCCF002073
:1008800000BFFEE77047000051B18200A2F1C042F4
:10089000126842F001038200A2F1C042136009E035
:1008A0008200A2F1C0421268034B1A408300A3F1F8
:1008B000C0431A6070470000FEFF0F00D0E901122C
:1008C0001143C268114302691143426911438269AD
:1008D0001143C2691143026A1143426A1143826A99
:1008E0001143C26A1143026B114302689200A2F1E4
:1008F000C0421160816808290BD101688900A1F10B
:10090000C041096841F0400201688900A1F1C0417D
:100910000A60416B0968426B526841EA0211426BFE
:10092000926841EA0221426B928941EA0241426B9C
:10093000128A41EA0251426B127D41EA0261426B26
:10094000926911430268521C9200A2F1C0421160E8
:10095000C16AB1F5804F1BD1816B0968826B526807
:1009600041EA0211826B926841EA0221826B128A8B
:1009700041EA0251826B127D41EA0261826B926907
:10098000114302689200A2F1C042C2F8041107E0CC
:100990006FF0704201688900A1F1C041C1F80421E3
:1009A00070472DE9F0410246002500260020002373
:1009B0000024002791F803C00CF00F0591F803C044
:1009C0000CF0100CBCF1000F03D091F802C04CEAFF
:1009D000050591F800C0BCF1000F31D0146800206B
:1009E0002BE04FF0010C0CFA00F3B1F800C00CEA58
:1009F00003069E4220D183004FF00F0C0CFA03F740
:100A0000BC4305FA03FC4CEA040491F803C0BCF1B2
:100A1000280F06D14FF0010C0CFA00FCC2F814C0EC
:100A20000AE091F803C0BCF1480F05D14FF0010C6A
:100A30000CFA00FCC2F810C0401C0828D1D3146086
:100A4000B1F800C0BCF1FF0F34DD546800202EE087
:100A500000F1080C4FF0010808FA0CF3B1F800C0DF
:100A60000CEA03069E4221D183004FF00F0C0CFAD2
:100A700003F7BC4305FA03FC4CEA040491F803C0F5
:100A8000BCF1280F05D100F1080C08FA0CF8C2F8E7
:100A9000148091F803C0BCF1480F07D100F1080C95
:100AA0004FF0010808FA0CF8C2F81080401C082822
:100AB000CED35460BDE8F0810246002093680B401D
:100AC0000BB1012000E000207047416170470161D7
:100AD0007047000002A001F0CFFE00BFFEE700005B
:100AE000486172644661756C7400000010B504467C
:100AF0002CB14FF480510548FFF7E7FF04E04FF4B5
:100B000080510248FFF7E3FF10BD000000140140D0
:100B100001B502E00098401E009000980028F9D12D
:100B200008BD00B597B03C2108A8FFF7B3FB1C2116
:100B300001A8FFF7AFFB0121080200F0E3FD01204F
:100B400001900420039080060790002002900490FA
:100B5000059006900890099008200A9010200B90AC
:100B600000200C900E900F9010904FF48050119038
:100B7000002012901390149001A81590169008A8C8
:100B8000FFF79CFE01210020FFF77EFE17B000BD9D
:100B90002DE9F84F05460E4617469846DDF828B071
:100BA000781B401C1FFA80F9A8EB0600401C1FFAB6
:100BB00080FA09FB0AF0009053464A46314628461F
:100BC00000F060F92C2000F007FC002404E03BF862
:100BD000140000F005FC641C00988442F7D3BDE8C3
:100BE000F88F000008B50121602000F09BFD032074
:100BF0008DF8020018208DF803004FF48040ADF806
:100C0000000069465B48FFF7CCFE4FF40040ADF8AA
:100C1000000069465748FFF7C4FE0120ADF8000008
:100C200069465448FFF7BDFE0220ADF80000694652
:100C30005048FFF7B6FE8020ADF8000069464E48E8
:100C4000FFF7AFFE4FF48070ADF8000069464A48E8
:100C5000FFF7A7FE4FF40070ADF800006946464864
:100C6000FFF79FFE4FF48060ADF8000069464248F0
:100C7000FFF797FE4FF40060ADF8000069463E486C
:100C8000FFF78FFE4FF48050ADF8000069463A48F8
:100C9000FFF787FE4FF40050ADF800006946364874
:100CA000FFF77FFE4FF48040ADF800006946324800
:100CB000FFF777FE4FF40040ADF8000069462E487C
:100CC000FFF76FFE4FF48070ADF8000069462948C9
:100CD000FFF767FE4FF40070ADF800006946254845
:100CE000FFF75FFE4FF48060ADF8000069462148D1
:100CF000FFF757FE03208DF8020018208DF803003F
:100D00001020ADF8000069461A48FFF74AFE20207F
:100D1000ADF8000069461748FFF743FE8020ADF8A4
:100D2000000069461348FFF73CFE4FF40060ADF841
:100D3000000069460F48FFF734FE10208DF80300CD
:100D400003208DF802000220ADF8000069460A4831
:100D5000FFF727FE10208DF8030003208DF8020016
:100D60004FF48050ADF8000069460248FFF719FEC5
:100D700008BD0000001401400018014010B50446F1
:100D8000072C00DD10BD31480470204604EBD07103
:100D90004910A4EB410139B9F0202D4908804FF4E6
:100DA000A0702C49088006E04FF4A0702849088004
:100DB000F02028490880362000F00EFB26480088E5
:100DC00049F24131884205D1082141EA441000F03E
:100DD00007FB0AE02048008848F25251884204D1BB
:100DE000002141EA441000F0FBFA2A2000F0F4FA56
:100DF000002000F0F5FA002000F0F2FA144909880A
:100E0000491EC1F3072000F0EBFA11490978491E89
:100E1000C8B200F0E5FA2B2000F0DEFA002000F066
:100E2000DFFA002000F0DCFA0A490988491EC1F304
:100E3000072000F0D5FA07490978491EC8B200F02A
:100E4000CFFA2C2000F0C8FA00BF9BE788020020F0
:100E500084020020860200208A02002010B5FFF7DD
:100E6000C1FEFFF75EFE0120FFF740FE00F0A0FA92
:100E700000F038F802480078FFF780FF10BD00004E
:100E8000880200202DE9F04104460D4616461F4613
:100E90002A2000F0A1FA201200F0A2FAE0B200F03D
:100EA0009FFAA119491EC1F30F2000F099FAA11968
:100EB000491EC8B200F094FA2B2000F08DFA2812D7
:100EC00000F08EFAE8B200F08BFAE919491EC1F37E
:100ED0000F2000F085FAE919491EC8B200F080FA27
:100EE000BDE8F08110B500F025FAFE4908800846FB
:100EF000008849F2413188427ED1CF2000F06CFA5F
:100F0000002000F06DFA812000F06AFA302000F035
:100F100067FAED2000F060FA642000F061FA032027
:100F200000F05EFA122000F05BFA812000F058FA1F
:100F3000E82000F051FA852000F052FA102000F06D
:100F40004FFA782000F04CFACB2000F045FA392017
:100F500000F046FA2C2000F043FA002000F040FA9E
:100F6000342000F03DFA062000F03AFAF72000F0B5
:100F700033FA202000F034FAEA2000F02DFA0020A5
:100F800000F02EFA002000F02BFAB12000F024FA35
:100F9000002000F025FA1B2000F022FAB62000F015
:100FA0001BFA0A2000F01CFAA22000F019FAC02057
:100FB00000F012FA352000F013FAC12000F00CFA0C
:100FC000112000F00DFAC52000F006FA452000F0CF
:100FD00007FA452000F004FAC72000F0FDF9A2202E
:100FE00000F0FEF9F22000F0F7F9002000F0F8F927
:100FF000262000F0F1F900E096E0012000F0F0F981
:10100000E02000F0E9F90F2000F0EAF9262000F0D6
:10101000E7F9242000F0E4F90B2000F0E1F90E20BC
:1010200000F0DEF9092000F0DBF9542000F0D8F9D7
:10103000A82000F0D5F9462000F0D2F90C2000F0ED
:10104000CFF9172000F0CCF9092000F0C9F90F20E2
:1010500000F0C6F9072000F0C3F9002000F0C0F945
:10106000E12000F0B9F9002000F0BAF9192000F0F1
:10107000B7F91B2000F0B4F9042000F0B1F91020FA
:1010800000F0AEF9072000F0ABF92A2000F0A8F933
:10109000472000F0A5F9392000F0A2F9032000F064
:1010A0009FF9062000F09CF9062000F099F9302005
:1010B00000F096F9382000F093F90F2000F090F935
:1010C000362000F089F9C82000F08AF92A2000F0C3
:1010D00083F9002000F084F9002000F081F900205D
:1010E00000F07EF9EF2000F07BF92B2000F074F97E
:1010F000002000F075F9002000F072F9012000F0E6
:101100006FF93F2000F06CF93A2000F065F95520A6
:1011100000F066F9112000F05FF97348FFF7F8FC62
:10112000292000F059F901E16E48008848F2525137
:101130008842F8D1CF2000F04FF9002000F050F99C
:10114000C12000F04DF9302000F04AF9ED2000F008
:1011500043F9642000F044F9032000F041F9122023
:1011600000F03EF9812000F03BF9E82000F034F96E
:10117000852000F035F9102000F032F9782000F0D9
:101180002FF9CB2000F028F9392000F029F92C2084
:1011900000F026F9002000F023F9342000F020F9B7
:1011A000022000F01DF9F72000F016F9202000F0D1
:1011B00017F9EA2000F010F9002000F011F90020E2
:1011C00000F00EF9C02000F007F9212000F008F926
:1011D000C12000F001F9112000F002F9C52000F053
:1011E000FBF82D2000F0FCF8332000F0F9F8362051
:1011F00000F0F2F8002000F0F3F83A2000F0ECF8EC
:10120000552000F0EDF8B12000F0E6F8002000F0E5
:10121000E7F8172000F0E4F8B62000F0DDF80A2027
:1012200000F0DEF8A22000F0DBF8F62000F0D4F8A1
:10123000012000F0D5F8302000F0D2F8F22000F0C4
:10124000CBF8002000F0CCF8262000F0C5F80120F3
:1012500000F0C6F8E02000F0BFF8D02000F0C0F8A1
:10126000002000F0BDF8022000F0BAF8072000F0DE
:10127000B7F80B2000F0B4F81A2000F0B1F83120D4
:1012800000F0AEF8542000F0ABF8402000F0A8F8D1
:10129000292000F0A5F8122000F0A2F8122000F09A
:1012A0009FF8122000F09CF8172000F099F8E12038
:1012B00000F092F8D02000F093F8002000F090F8B1
:1012C000022000F08DF8072000F08AF8052000F0D9
:1012D00087F8252000F084F82D2000F081F84420C4
:1012E00004E000008A020020FCBF020000F078F851
:1012F000452000F075F81C2000F072F8182000F06E
:101300006FF8162000F06CF81C2000F069F81D2022
:1013100000F066F8112000F05FF80548FFF7F8FBD1
:10132000292000F059F82C2000F056F810BD0000DC
:10133000FCBF020010B50024042000F04DF800BFEF
:101340001748008800BF1648008800F02BF80446B4
:101350004FF6FF7000EA042400F024F8044348F23A
:101360005250844201D1204610BDD32000F034F801
:1013700000BF0B48008800BF0948008800F012F841
:1013800004464FF6FF7000EA042400F00BF8044313
:1013900049F24130844201D12046E5E70020E3E7ED
:1013A00000000260014800887047000000000260F1
:1013B00010B502210748FFF788FB40F6FF20FFF732
:1013C000A7FB02210348FFF782FB40F6FF20FFF74F
:1013D0009FFB10BD001801404FF0C04108807047CE
:1013E0000149088070470000000002602DE9FE4FAF
:1013F000044616F0FFFD002201460090204624F02E
:101400005BFE20461DF0D2FB054649A128461EF092
:10141000D5FB00224849284624F04EFF32225021B5
:10142000284624F0C2FC20461DF0C0FB064643A11E
:1014300030461EF0C3FB00224349304624F03CFFF7
:1014400064221146304624F0B0FC204620F08CFB8C
:10145000074602224FF4A071384624F0F8FC882297
:101460000021384624F0A1FC16F059FA002201466A
:101470000090384624F020FE20461DF097FB804661
:1014800032A140461EF09AFB00222F49404624F02C
:1014900013FF8C221E21404624F087FC20461DF0BD
:1014A00085FB81462CA148461EF088FB0022264978
:1014B000484624F001FF8C22B421484624F075FCF4
:1014C00020461BF071FF8246254950461CF015FE50
:1014D000DC224FF48771504624F067FC20461BF055
:1014E00063FF83461F4958461CF007FE0A229621D7
:1014F000584624F05AFC20461BF056FF02901A4929
:1015000002981CF0FAFD9622FA21029824F04DFC74
:1015100020461BF049FF0190144901981CF0EDFD95
:101520000A221146019824F040FCBDE8FE8F00001D
:1015300031323A3030000000C8D104083230323441
:101540002D30362D30310000E0090508526F6F6DE7
:101550002D54656D700000004F7574646F6F7200DC
:1015600058DD04084C04050838FF0408A4EB0408FF
:1015700008B51DF0D7F824F0EFFF25F011F8FFF7BC
:10158000C7F804462546284617F0E3F900BF0020B7
:1015900020F0EAFA064643E028F0C4FD00236A463C
:1015A000591E184630F07CF9012836D100980328DE
:1015B00018D004DC012807D002282CD10BE0042825
:1015C00017D0FF2827D11BE016A0FEF7E5FF00206B
:1015D000FEF7F8FF20E019A0FEF7DEFF1920FEF766
:1015E000F1FF19E018A0FEF7D7FF3220FEF7EAFF5F
:1015F00012E019A0FEF7D0FF4B20FEF7E3FF0BE04F
:1016000018A0FEF7C9FF6420FEF7DCFF3146204634
:10161000FEF7F0FF00E000BF00BF05202FF004FD43
:10162000BAE700005B424F4F545D20E5BC80E5A760
:101630008BE887AAE6A3802E2E2E00005B4F4B5D21
:1016400020573235513634005B4F4B5D20455350A7
:1016500038323636000000005B4F4B5D2052544359
:10166000000000005B4F4B5D20E887AAE6A380E501
:10167000AE8CE6889000000000BFFEE770470000D7
:1016800070B5002100230F22C47804B3154C2468E0
:1016900004F4E064C4F5E064210AC1F10403CA4023
:1016A000447804FA03F184781440214309010E4C74
:1016B0000678A155047804F01F050124AC40057894
:1016C0006D11AD0005F1E025C5F8004109E0047891
:1016D00004F01F050124AC40044D0678761145F84E
:1016E000264070BD0CED00E000E400E080E100E089
:1016F00002490143024A1160704700000000FA05E8
:101700000CED00E029B1064A52690243044B5A61CC
:1017100004E0034A52698243014B5A61704700005A
:101720000010024029B1064A92690243044B9A61B3
:1017300004E0034A92698243014B9A6170470000BA
:101740000010024030B500210022002400232D4D5E
:101750006D6805F00C0121B1042905D0082923D1B9
:1017600005E0294D056022E0274D05601FE0254D6D
:101770006D6805F47012234D6D6805F48034022500
:1017800005EB92421CB9214D554305600BE01D4D00
:101790006D6805F400351DB11C4D5543056002E030
:1017A000194D5543056002E0174D056000BF00BFAD
:1017B000144D6D6805F0F0010909154D6B5C056865
:1017C000DD4045600F4D6D6805F4E061090A104D7C
:1017D0006B5C4568DD4085600A4D6D6805F46051BD
:1017E000C90A0B4D6B5C4568DD40C560054D6D68F1
:1017F00005F44041890B074D6B5CC568B5FBF3F5FB
:10180000056130BD0010024000127A0000093D0061
:10181000000000201000002021B1028842F04002A8
:10182000028004E002884FF6BF731A4002807047BE
:1018300000B587B001210803FFF774FF01211420D0
:10184000FFF770FF0120ADF8040010208DF80700AD
:1018500003208DF8060001A92848FFF7A2F82020F0
:10186000ADF8040018208DF8070003208DF806005D
:1018700001A92348FFF795F84020ADF804000420A3
:101880008DF8070001A91E48FFF78BF88020ADF8FE
:10189000040018208DF8070003208DF8060001A928
:1018A0001748FFF77EF801211448FFF710F90020D0
:1018B000ADF808004FF48270ADF80A000020ADF8D2
:1018C0000C000220ADF80E000120ADF8100040021F
:1018D000ADF812000820ADF814000020ADF8160095
:1018E0000720ADF8180002A9064800F07DF8012194
:1018F0000448FFF791FF07B000BD00000010014051
:1019000000080140003001402DE9F041002400258D
:101910000026002701210F48FFF7D7F89F2000F08D
:101920001BF8FF2000F018F80546FF2000F014F81F
:101930000646FF2000F010F8074601210548FFF792
:10194000C6F8280440EA062040EA07042046BDE81D
:10195000F08100000010014010B504464FF48050A3
:101960001849086009E017490868411E154A1160C6
:1019700018B9002000F05CF810BD0221124800F0F8
:1019800025F80028EFD021460F4800F02BF84FF43F
:1019900080500C49086009E00A490868411E094A5C
:1019A000116018B9012000F043F8E5E7012106486D
:1019B00000F00CF80028EFD0034800F010F8C0B297
:1019C000DAE700005C0300200030014002460020FE
:1019D00013890B400BB1012000E000207047014645
:1019E000888970478181704710B50022028802F40F
:1019F00041520B884C8823438C882343CC88234353
:101A00000C8923434C8923438C892343CC8923436A
:101A10001A430280838B4FF2FF74234083830B8A27
:101A2000038210BD10B504462046FFF795FF10BD98
:101A300010B50446214602A000F01EFFFF2010BD95
:101A40005B535049204552524F525D2054696D6599
:101A50006F75742120636F64653D25640D0A000075
:101A600010B500F001F810BD0CB5002001900090F9
:101A70003348006840F480303149086000BF304886
:101A8000006800F4003000900198401C019000981C
:101A900018B90198B0F5A06FF1D12948006800F499
:101AA000003010B10120009001E00020009000986B
:101AB000012843D12348006840F010002149086004
:101AC0000846006820F0030008600846006840F0FF
:101AD000020008601A484068194948600846406892
:101AE00048600846406840F48060486008464068A6
:101AF00020F47C1048600846406840F4E8104860D4
:101B00000846006840F08070086000BF0C4800681C
:101B100000F000700028F9D00948406820F0030068
:101B2000074948600846406840F00200486000BF2E
:101B30000348406800F00C000828F9D10CBD0000F3
:101B4000001002400020024006E04FF47A702FF0AF
:101B50006BFA02A000F090FEF7E7000072756E2E9F
:101B60002E2E0A00042808D14FF0E021096941F027
:101B700004014FF0E022116107E04FF0E021096914
:101B800021F004014FF0E0221161704710B52FF0F1
:101B9000BFFD012801D02FF0E5FC10BD00B585B0D8
:101BA0006846FFF7CFFD0420FFF7DCFF0B490098E4
:101BB00008604FF47A710098B0FBF1F04FF0E0212B
:101BC00048610846006940F0020008610846006963
:101BD00040F00100086105B000BD00008002002057
:101BE00010B51348006840F001001149086008462C
:101BF0004068104908400E494860084600680E4990
:101C000008400B4908600846006820F480200860FE
:101C10000846406820F4FE0048604FF41F008860CA
:101C2000FFF71EFF4FF000600449086010BD000080
:101C3000001002400000FFF8FFFFF6FE08ED00E094
:101C400021B1828942F40052828104E082894DF6FA
:101C5000FF731A408281704700B587B001210420CC
:101C6000FFF760FD01218803FFF75CFD4FF4007072
:101C7000ADF8180018208DF81B0003208DF81A000D
:101C800006A91D48FEF78DFE4FF48060ADF81800E0
:101C900004208DF81B0006A91748FEF782FE4FF4BA
:101CA000E13002900020ADF80C00ADF80E00ADF868
:101CB0001000ADF814000C20ADF8120002A90F4876
:101CC00000F050F801210D48FFF7BAFF012240F261
:101CD00025510A4800F021F825208DF80400012044
:101CE0008DF805008DF806008DF8070001A8FFF7B4
:101CF000C7FC07B000BD00000008014000380140EB
:101D000002460020B1F5007F00D100BF13880B40D0
:101D10000BB1012000E000207047F0B5034600241D
:101D200000260025002040F66A17B94200D100BF06
:101D30001846C1F3421401F01F06012707FA06F501
:101D4000012C01D10C3004E0022C01D1103000E054
:101D500014301AB107682F43076002E00768AF43E9
:101D60000760F0BD2DE9F04786B005460E46002419
:101D7000A24600BFA1460027B08900B100BF2F4690
:101D80002C8A4CF6FF700440F08804432C82AC8906
:101D90004EF6F3100440B088318908437189084336
:101DA0000443AC81AC8A4FF6FF400440B089044341
:101DB000AC8201A8FFF7C6FC1F48874202D1DDF8BC
:101DC00010A001E0DDF80CA0A88900F4004040B1AB
:101DD0000AEBCA0000EB0A1031684900B0FBF1F8C9
:101DE00007E00AEBCA0000EB0A1031688900B0FB7B
:101DF000F1F86420B8FBF0F004012009642101FB34
:101E00001089A88900F4004040B1322000EBC900DD
:101E1000B0FBF1F000F00700044308E0322000EBD3
:101E200009106421B0FBF1F000F00F0004432C8195
:101E300006B0BDE8F087000000380140C1F3080299
:101E40008280704700BFFEE730B502460B464FF672
:101E5000FF70002115E0555C80EA052000240DE0AC
:101E600000F400452DB141F2210585EA4005A8B2F4
:101E700003E04FF6FF7505EA4000641C082CEFD321
:101E8000491C9942E7D330BD30B54FF48050002152
:101E900018E001EB01120D4B9A5C5A2A10D101EBAC
:101EA00001130A4C2344D3F8073001EB0114074D0A
:101EB0002C44D4F803401A19824200D9104600BFBE
:101EC0004A1C11B28029E4DB30BD00003CC7002071
:101ED00070B54FF40865002404E0204600F008FACD
:101EE00004F58054B4F5805FF7D32A4603490020F7
:101EF00000F03EFA00200249087070BD3CC7002087
:101F00006403002010B54FF4086422460249002003
:101F100000F0AAF910BD00003CC7002010B500F089
:101F200065F9FFF7EFFFFFF7AFFF084908600020F2
:101F30000749087007A000F09FFC04480068820A67
:101F4000024801680DA000F097FC10BD600300205E
:101F5000640300205B5732355136345D20E69687A6
:101F6000E4BBB6E7B3BBE7BB9FE5889DE5A78BE580
:101F70008C96E5AE8CE688900A0000002020202098
:101F80002020202020E4B88BE4B880E4B8AAE58FB4
:101F9000AFE58699E59CB0E59D803A203078253004
:101FA000365820282564204B42290A00F8B50646F9
:101FB0000F46154607B115B96FF00200F8BD30465F
:101FC00000F0B8F80446002C07DBA52004EB041150
:101FD0003C4A505401203C490870FFF755FF3B49EB
:101FE0000860084600682844B0F5000F0AD9084682
:101FF0000068C0F50002294635A000F03DFC4FF016
:10200000FF30DBE731482A4631460368404800F09C
:1020100033FC2A4639462D48006800F0A9F910B172
:102020006FF00300CAE700F0A1F80446002C05DABF
:1020300038A000F021FC6FF00100BFE75A2004EB4C
:102040000411204A505404EB041011460844A0F82F
:10205000016004EB04100844C0F803501B480068FA
:1020600004EB04111144C1F8070029463846FFF774
:10207000EBFE04EB0411134A1144A1F80B000120FC
:1020800011490870FFF724FF1048006828440F49E1
:10209000086004EB04100B490844D0F807002844FA
:1020A000401E009004EB04100844D0F8073004EB05
:1020B00004100844B0F80B2031461D4800F0DCFB4A
:1020C00000207BE73CC70020640300206003002061
:1020D0005B5732355136345D20E7A9BAE997B4E44D
:1020E000B88DE8B6B3EFBC81E99C80E8A6812025D5
:1020F0006C7520E5AD97E88A82EFBC8CE4BB85E582
:1021000089A920256C7520E5AD97E88A820A000030
:10211000C80E05085B5732355136345D20E79BAE5B
:10212000E5BD95E5B7B2E6BBA1EFBC810A000000B2
:102130000C0F05080246002110E001EB01100A4BCC
:10214000185C5A2808D101EB01101844B0F80100BE
:10215000904201D108467047481C01B28029ECDB4F
:102160004FF0FF30F7E700003CC70020002109E0F6
:1021700001EB0110064A105C5A2801D0084670474E
:10218000481C01B28029F3DB4FF0FF30F7E7000075
:102190003CC700202DE9F04107460C46154638465D
:1021A000FFF7C8FF0646002E03DA4FF0FF30BDE808
:1021B000F08134B106EB061007490844D0F8070057
:1021C000206035B106EB061003490844D0F803003F
:1021D00028600020EBE700003CC7002070B5FFF747
:1021E00053FE04464FF40005281B70BD10B5FFF7E1
:1021F0001FFB01210148FEF76AFC10BD00100140E1
:102200002DE9F04104460F4615460DB9BDE8F081B1
:10221000B5F5807F01DD4FF4807500F099F801215C
:102220001048FEF752FC0220FFF7FCFBC4F3074006
:10223000FFF7F8FBC4F30720FFF7F4FBE0B2FFF76A
:10224000F1FB002604E0B85DFFF7ECFB701C86B2E2
:10225000AE42F8DB01210348FEF739FC00F068F8D4
:1022600000BFD3E7001001402DE9F04104460F46BE
:1022700016460EB9BDE8F08101211048FEF725FC95
:102280000320FFF7CFFBC4F30740FFF7CBFBC4F3FA
:102290000720FFF7C7FBE0B2FFF7C4FB002504E00F
:1022A000FF20FFF7BFFB78556D1CB542F8D3012125
:1022B0000248FEF70CFC00BFDCE700000010014004
:1022C00010B5FFF721FB10BD10B501210748FEF73F
:1022D000FCFB0520FFF7A6FBFF20FFF7A3FB04464E
:1022E00001210248FEF7F3FB204610BD001001401B
:1022F00010B5044600F02CF801210C48FEF7E5FB70
:102300002020FFF78FFBC4F30740FFF78BFBC4F3DC
:102310000720FFF787FBE0B2FFF784FB01210348AA
:10232000FEF7D5FB00F004F810BD000000100140DE
:1023300010B56FF07F4403E0601E041E00D105E07D
:10234000FFF7C2FF00F001000028F5D100BF10BD6B
:1023500010B501210548FEF7B8FB0620FFF762FB28
:1023600001210248FEF7B3FB10BD00000010014040
:102370002DE9FE4F804689469246564644464FF028
:10238000000B4FF0FF3002901EE0E0B20190019888
:10239000C0F5807000900098864201D2304600E07F
:1023A00000980546270B0298874203D02046FFF786
:1023B0009FFF0297AAB209EB0B012046FFF720FF0F
:1023C0002C44AB44761B00BF002EDED10020BDE8BC
:1023D000FE8F01B5002007E00C2100BF0A1EA1F10D
:1023E0000103D9B2FAD1401C00998842F4D308BD48
:1023F0002DE9FC5F05460C460126684600F0CAF848
:10240000002865D0BDF90200FEF710F88346324877
:10241000007800EB400004EBC00041685846FDF72F
:10242000D3FF8146BDF90000FEF700F883462A4835
:10243000007800EB400054F830105846FDF7C4FF18
:1024400082464946FDF768FF80462348007800EB46
:10245000400004EBC00081684046FDF75DFF074681
:10246000FDF7EDFF00B22880BDF90200FDF7DEFFA9
:1024700083461948007800EB400004EBC000016976
:102480005846FDF7A1FF8146BDF90000FDF7CEFFDC
:1024900083461148007800EB400004EBC000C1689F
:1024A0005846FDF791FF82464946FDF735FF8046C5
:1024B0000948007800EB400004EBC0004169404649
:1024C000FDF72AFF0746FDF7BAFF00B2688000E07B
:1024D00000263046BDE8FC9F8802002008B5012197
:1024E0006020FFF71FF90120ADF800008DF8020011
:1024F00010208DF8030069461B48FEF752FA0420AD
:10250000ADF8000069461848FEF74BFA0820ADF810
:10251000000001208DF8020048208DF80300694674
:102520001148FEF73EFA4FF40050ADF800000120CC
:102530008DF8020010208DF8030069460B48FEF765
:1025400030FA4FF400510948FEF7BFFA1020ADF8F9
:10255000000048208DF8030069460348FEF721FA81
:1025600003A000F089F908BD0018014000140140E3
:10257000E8A7A6E691B8E5889DE5A78BE58C966F60
:102580006B0A000010B50446204600F043F900F045
:10259000C1F810BD2DE9F0478CB006460025282172
:1025A0006846FDF777FE00BF0AA90BA800F09EF869
:1025B000BDF92C002DF81500BDF9281005A820F84C
:1025C0001510681CC5B210214648FEF775FA08B907
:1025D0000A2DE9DB10214348FEF76EFA10B1002006
:1025E000414908700A2D7BD1BDF90070B846BDF98C
:1025F0001490CA4601240EE03DF91400B84202DAF4
:102600003DF9147005E03DF91400404501DD3DF948
:102610001480601CC4B20A2CEEDB012412E005A871
:1026200030F91400484503DA05A830F9149007E0A2
:1026300005A830F91400504502DD05A830F914A0B2
:10264000601CC4B20A2CEADBBDF90000BDF902101F
:102650000844BDF904100844BDF906100844BDF94A
:1026600008100844BDF90A100844BDF90C100844CC
:10267000BDF90E100844BDF910100844BDF9121040
:102680000844C01BA0EB0800C01000B23080BDF9A8
:102690001410BDF916000144BDF918000144BDF93C
:1026A0001A000144BDF91C000144BDF91E0001449B
:1026B000BDF920000144BDF922000144BDF9240008
:1026C0000144BDF926000844A0EB0900A0EB0A0074
:1026D000C01000B2708001200CB0BDE8F087FFE7A9
:1026E0000020F9E7001801404C0300202DE9F041DB
:1026F00004460D469020FFF745FF06B20120FFF784
:1027000068FED020FFF73EFF07B226802F80BDE88D
:10271000F081000070B5002504211148FEF7D5F9BD
:1027200001210F48FEF7D3F9002414E001210C48E1
:10273000FEF7CBF908210A48FEF7BEF90646C4F1B8
:102740000B0006FA00F0284385B201210448FEF789
:10275000BEF9601CC4B20C2CE8DB284670BD00003A
:102760000018014010B500242748007820B1012846
:1027700011D002283FD12FE010212448FEF79CF908
:1027800020B9012020490870002403E000201E49E0
:102790000870002434E010211C48FEF78DF9A0B920
:1027A0001B480068401C1A49086008460068022857
:1027B00006D90020086002201349087001240AE0AD
:1027C000012011490870002405E00020104908602C
:1027D0000D490870002413E010210C48FEF76CF935
:1027E00020B9022008490870012403E000200649AE
:1027F0000870002404E0002003490870002400BF92
:1028000000BF204610BD00004D030020001801400D
:102810005003002070B5054604211648FEF755F90F
:1028200001211448FEF751F900241FE0C4F107000C
:1028300045FA00F000F0010020B104210D48FEF738
:1028400046F903E004210B48FEF73FF90520FFF7A6
:10285000C0FD01210748FEF73AF90520FFF7B9FD51
:1028600001210448FEF731F9601CC4B2082CDDDBFD
:1028700070BD0000001801400FB4054B10B503A94E
:10288000044A029802F076FA10BC5DF814FB0000CE
:102890001D130108BC03002002E008C8121F08C174
:1028A000002AFAD170477047002001E001C1121FD1
:1028B000002AFBD1704700002DE9F04780460D4605
:1028C000D8F81040A0680068A84206D8A068006840
:1028D000A16889880844A84202D20020BDE8F08798
:1028E00060690068A84202D16069466806E0AAB241
:1028F000A368198A986803F0C9FA0646701C00B3E9
:10290000606800EBC60760694660606905603979F8
:10291000628AC2F343225143C81DC11700EB5171B3
:102920004FEAE109787900FB09FA3968C1F313012C
:10293000054A1268881852460449FFF795FC034877
:10294000CCE70020CAE70000B4030020BCD100207F
:102950002DE9F04780460D4616469946D8F81040B6
:10296000A0680068B04206D8A0680068A16889889D
:102970000844B04202D20020BDE8F08760690068D8
:10298000B04202D16069476806E0B2B2A368198A12
:10299000986803F07BFA0746781CD8B1606800EBB2
:1029A000C70160694760606906600868000DA8801B
:1029B000487928810879E88091F90600688191F9C1
:1029C0000700A881608A400AAA7B60F30302AA7309
:1029D0000120D1E70020CFE770B50446002508E0CC
:1029E0002168481C20600878303805EB850100EB31
:1029F00041052168087800F004F80028F0D1284645
:102A000070BD0146302903DB392901DC0120704704
:102A10000020FCE710B54021074801F097FB002299
:102A20001E21064827F00AFB0549086003F0ECF870
:102A300000200449087010BD70450020D55C0008D6
:102A4000080200200402002030B50346B1F900401E
:102A5000B2F90050AC4202DDB1F9004001E0B2F938
:102A600000401C80B1F90240B2F90250AC4202DDD4
:102A7000B1F9024001E0B2F902405C80B1F90440D2
:102A8000B2F90450AC4202DAB1F9044001E0B2F903
:102A900004409C80B1F90640B2F90650AC4202DA1B
:102AA000B1F9064001E0B2F90640DC800120B3F93B
:102AB0000040B3F90450AC4205DCB3F90240B3F96D
:102AC0000650AC4200DD002030BDF8B504460D468E
:102AD00016460027B4F90000B5F90010884212DB51
:102AE000B4F90200B5F9021088420CDBB4F9040015
:102AF000B5F90410884206DCB4F90600B5F90610F1
:102B0000884200DC01270FB90020F8BD0EB9012072
:102B1000FBE72088ADF800006088ADF8020032467F
:102B20006946284600F0A7F808B90020EDE7A0881C
:102B3000ADF800006088ADF80200324669462846CC
:102B400000F099F808B90020DFE72088ADF8000010
:102B5000E088ADF8020032466946284600F08BF85E
:102B600008B90020D1E7A088ADF80000E088ADF8F2
:102B7000020032466946284600F07DF808B9002078
:102B8000C3E70120C1E70246B2F90000B1F9043001
:102B9000984213DCB2F90400B1F9003098420DDB21
:102BA000B2F90200B1F90630984207DCB2F906002A
:102BB000B1F90230984201DB012070470020FCE7A8
:102BC000F8B504460D461646B4F90400B5F90010F0
:102BD000884211DBB4F90600B5F9021088420BDB1C
:102BE000B4F90000B5F90410884205DCB4F902001C
:102BF000B5F90610884201DD0120F8BD0EB90020AC
:102C0000FBE72088ADF800006088ADF8020032468E
:102C10006946284600F02FF808B10020EDE7A088AB
:102C2000ADF800006088ADF80200324669462846DB
:102C300000F021F808B10020DFE72088ADF800009F
:102C4000E088ADF8020032466946284600F013F8E5
:102C500008B10020D1E7A088ADF80000E088ADF809
:102C6000020032466946284600F005F808B1002007
:102C7000C3E70120C1E72DE9FC5F05460E46144677
:102C80004FF0000AB6F90000B5F90010884213DBD6
:102C9000B6F90000B5F9041088420DDCB6F902005F
:102CA000B5F90210884207DBB6F90200B5F9061043
:102CB000884201DC4FF0010ABAF1000F02D1002076
:102CC000BDE8FC9F002C01DC0120F9E7284612F04A
:102CD000BEFE834600EBDB704710284612F02FFE45
:102CE000834600EBDB704FEA6008474501DA38465F
:102CF00000E0404681464C4500DD4C462888ADF852
:102D000000002888204400B2ADF804006888ADF8BF
:102D100002006888204400B2ADF806000022314667
:102D20006846FFF7A8FF80B1BDF80400204400B258
:102D3000ADF80400BDF80600204400B2ADF806006E
:102D40003146684623F0E0FBBAE7E888001B00B292
:102D5000ADF80200E888ADF806000022314668466A
:102D6000FFF789FF80B1BDF80400204400B2ADF840
:102D70000400BDF80200001B00B2ADF802003146AD
:102D8000684623F0C1FB9BE7A888001B00B2ADF8A2
:102D90000000A888ADF80400002231466846FFF71D
:102DA0006AFF80B1BDF80000001B00B2ADF8000062
:102DB000BDF80200001B00B2ADF8020031466846C3
:102DC00023F0A2FB7CE76888ADF802006888204405
:102DD00000B2ADF80600002231466846FFF74BFF0F
:102DE00080B1BDF80000001B00B2ADF80000BDF8D6
:102DF0000600204400B2ADF806003146684623F0D4
:102E000083FB5DE701205BE710B5B1F90030B2F953
:102E10000040A34202DAB1F9003001E0B2F900301B
:102E20000380B1F90230B2F90240A34202DAB1F9EB
:102E3000023001E0B2F902304380B1F90430B2F956
:102E40000440A34202DDB1F9043001E0B2F90430DC
:102E50008380B1F90630B2F90640A34202DDB1F930
:102E6000063001E0B2F90630C38010BD2DE9FF47FE
:102E7000064627F084F88146002003901EB19B4946
:102E8000F068086003E015F0CBFC984908609749AA
:102E90000968086923F096FA94480068406920B1EF
:102EA00092490968486923F08DFA90490968C86910
:102EB00023F088FA8D490968086A23F083FA8B4861
:102EC0000068006940B9002088490968A1F85001EC
:102ED00000BF00BFBDE8FF8723F012FE23F058FDBE
:102EE00082480068B0F8500100284BD07F48006845
:102EF0000068007CC0F34000E8B17C48006815F031
:102F00000DFD401E04B27948006815F0A1FC401E7A
:102F100007B23B460022114601A8009412F0DCFDE6
:102F200001A8724909680968896B48606F480068A0
:102F300005F0DEFE00BF4FF480716C480068303051
:102F40001DF045FC20216948006800F598701DF0CF
:102F50003EFC002065490968A1F85001484627F069
:102F600001F80390614800680068406A50B15F4909
:102F7000096808685D49096809684B6A5C490A681C
:102F8000039998471DF05AF900F0F6F800F0BEF8E2
:102F900058484569002D53D100BF15F041FC074644
:102FA00015F071FC04461BF001FE054600227F214E
:102FB000284623F09EF800BF00221146104614F068
:102FC000C3FD0190BDF8041008460022014602909E
:102FD000284623F071F800BFFF221146104614F076
:102FE000B3FD0190BDF8041008460022014602908E
:102FF000284623F050F900220321284623F031F916
:1030000000220321284623F005F900220321284647
:1030100023F00DF900220321284623F015F90022A0
:103020000321284623F02AF933A128461CF0C6FDC7
:1030300000231A46062128461EF062F82D484561F5
:103040002C49086826F08EFFB0F5967F10D22848EC
:10305000006841F28831884245D926484068039982
:1030600008442449486008468068401C88603AE06B
:1030700026F085FF1F4908601C480068406800680A
:103080004FF47A71B1FBF0F71A48406810B901208B
:10309000184948601748806808B93C4608E0154858
:1030A00080684FF47A71484312494968B0FBF1F4E3
:1030B0000020104948608860BC4200D93C460D4859
:1030C000006920440B4908610846C068401CC8607C
:1030D00027F022F8C0F164084346224607A128469B
:1030E0001CF0C4FD00BF00BFF4E60000C0000020DB
:1030F000BC000020AC4300203F00000025752046A6
:1031000050530A25752525204350550010B500243D
:1031100016E0C4EBC4000C4951F8200030B1C4EBF8
:10312000C401094A52F821001DF03AF9C4EBC40168
:10313000054A02EB81001C211DF049FB601CC4B252
:10314000042CE6DB10BD00004C4600200146094A75
:1031500010680BE042688A4202D002688A4204D1B9
:10316000027E22F00102521C027640690028F1D151
:1031700070470000940000207047000010B5042143
:10318000014800F0E3FF10BD6445002010B51C218C
:10319000014800F0DBFF10BD7C4500202DE9FF4F0A
:1031A0008BB004469A46199DBAF1000F11D11898B8
:1031B000B0F5807F0DD10020208060800C98401EEB
:1031C00000B2A0800D98401E00B2E0800FB0BDE8B4
:1031D000F08FB5F900004042189948430121C1EB36
:1031E000202000B22080B5F90200404218994843DF
:1031F0000121C1EB202000B26080B5F900100C98CD
:10320000401A18994843022101EB202000B2A08007
:10321000B5F902100D98401A18994843022101EBA4
:10322000202000B2E080BAF1000F14D12088298854
:10323000084400B2208060886988084400B2608039
:10324000A0882988084400B2A080E08869880844E2
:1032500000B2E080BAE70A209AFBF0F00A900A98E0
:10326000401C09900A9800EB8000AAEB400B0A98DA
:1032700000B227F087F90890099800B227F082F988
:1032800007900A985A3000B227F07CF90690099806
:103290005A3000B227F076F90590CBF10A01089870
:1032A0004143079800FB0B100A2190FBF1F6CBF18C
:1032B0000A0106984143059800FB0B100A2190FB78
:1032C000F1F776117F11B4F90080B4F9029007FB91
:1032D00008F006FB1900298801EBA02000B2ADF828
:1032E000100006FB08F007FB0900698801EBA0202D
:1032F00000B2ADF81200B4F90480B4F9029007FBF3
:1033000008F006FB1900298801EBA02000B2ADF8F7
:103310000C0006FB08F007FB0900698801EBA02000
:1033200000B2ADF80E00B4F90080B4F9069007FBC6
:1033300008F006FB1900298801EBA02000B2ADF8C7
:10334000080006FB08F007FB0900698801EBA020D4
:1033500000B2ADF80A00B4F90480B4F9069007FB96
:1033600008F006FB1900298801EBA02000B2ADF897
:10337000040006FB08F007FB0900698801EBA020A8
:1033800000B2ADF80600BDF90800BDF91010884282
:1033900002DABDF9080001E0BDF91000BDF9041022
:1033A000BDF90C20914202DABDF9041001E0BDF92B
:1033B0000C1088420BDABDF90800BDF910108842E4
:1033C00002DABDF908000DE0BDF910000AE0BDF910
:1033D0000400BDF90C10884202DABDF9040001E0D6
:1033E000BDF90C002080BDF90800BDF9101088421D
:1033F00002DDBDF9080001E0BDF91000BDF90410BF
:10340000BDF90C20914202DDBDF9041001E0BDF9C7
:103410000C1088420BDDBDF90800BDF91010884280
:1034200002DDBDF908000DE0BDF910000AE0BDF9AC
:103430000400BDF90C10884202DDBDF9040001E072
:10344000BDF90C00A080BDF90A00BDF91210884238
:1034500002DABDF90A0001E0BDF91200BDF906105B
:10346000BDF90E20914202DABDF9061001E0BDF966
:103470000E1088420BDABDF90A00BDF9121088421D
:1034800002DABDF90A000DE0BDF912000AE0BDF94B
:103490000600BDF90E10884202DABDF9060001E00F
:1034A000BDF90E006080BDF90A00BDF91210884216
:1034B00002DDBDF90A0001E0BDF91200BDF90610F8
:1034C000BDF90E20914202DDBDF9061001E0BDF903
:1034D0000E1088420BDDBDF90A00BDF912108842BA
:1034E00002DDBDF90A000DE0BDF912000AE0BDF9E8
:1034F0000600BDF90E10884202DDBDF9060001E0AC
:10350000BDF90E00E08000BF60E62DE9F74F86B000
:10351000044620680590B4F908100798A0EB01084C
:10352000B4F90A100898A0EB0109E089B0F5807F92
:1035300013D1206B00FB08F0E16A01FB1901606AFE
:1035400000EBA10BE06A00FB08F0216B01FB090115
:10355000A06A00EBA10004902FE0A08980B9A06BC5
:1035600000FB08F04FEA6018A06B00FB09F04FEA7F
:103570006019606A00EB080BA06A484404901CE0E4
:10358000A06B00FB08F04FEA6018A06B00FB09F08D
:103590004FEA6019206B00FB08F0E16A01FB19019A
:1035A000606A00EBA12BE06A00FB08F0216B01FBD5
:1035B0000901A06A00EBA12004904FEA2B26049891
:1035C0000712B4F90400B04203DC002009B0BDE8E2
:1035D000F08F002E01DA0020F8E7B4F90600B842B7
:1035E00001DC0020F2E7002F01DA0020EEE73420B2
:1035F000005DC0F3800050B33420005DC0F3400094
:1036000078B90225B4F904007843684306FB050A3B
:10361000059800EB0A012A4604F114001DF085F814
:103620002CE00325B4F904007843684306FB050A3F
:103630006A1E059800EB0A0104F114001DF075F8EC
:103640000AEB0500401E0599095CA17516E04FF0D4
:10365000000A0025208A03463AB231B2019004F1F3
:10366000180019F04FFD0290BDF80800A0823AB290
:1036700031B204F1180019F0A5FCA0753420005DEA
:1036800000F00100B0B14FF47F40002100F47C4213
:1036900041EA5211C0F3C40211430191BDF8042064
:1036A00011460291A08ABDF80810884201D100207D
:1036B0008CE700BFE07C08B9012087E70FFA8BF1A7
:1036C000A187049801B2E18731B24020015339B299
:1036D00042200153C4F844A084F84850204600F02A
:1036E00003F80390039871E72DE9F04F8DB004467D
:1036F000D4F8009094F83C000C9094F83E000B90A5
:103700000C9870280BDA4FF0FF35B4F940002844CC
:10371000002800DA00250C988030C7B213E00C981E
:1037200090280EDD0125B4F940002844B4F90410B6
:10373000884200DB00250C98C0F1FF008030C7B242
:1037400001E00025FF270B9870280CDA4FF0FF36B8
:10375000B4F942003044002800DA00260B9880308B
:1037600000F0FF0815E00B9890280FDD0126B4F952
:1037700042003044B4F90610884200DB00260B9862
:10378000C0F1FF00803000F0FF0802E000264FF09B
:10379000FF08A08A0A90A07D069000200590049062
:1037A00003903420005DC0F3800000285BD094F8C3
:1037B0004800626C00FB052000EB0901022209A809
:1037C0001CF0B3FFB4F9040094F848205043626C35
:1037D00000FB062000EB0901022208A81CF0A5FF4F
:1037E000B4F9040094F848205043626C00FB0622B0
:1037F00094F8480000FB052000EB0901022207A80D
:103800001CF093FF3420005DC0F3400000287ED000
:1038100094F84800616C00FB05110844401E19F83B
:1038200000000590B4F9040094F848104843616C16
:1038300000FB061194F848000844401E19F80000E7
:103840000490B4F9040094F848104843616C00FBFC
:10385000061194F8480000FB05110844401E19F8B1
:103860000000039053E0208A0090B4F942204020E9
:10387000005B284401B204F11800009B19F042FCDF
:103880000990208A00904220005B304402B2B4F9D3
:10389000401004F11800009B19F034FC0890208AB5
:1038A00000904220005B304402B24020005B28447C
:1038B00001B204F11800009B19F024FC0790342099
:1038C000005DC0F3400010B3B4F942204020005B1B
:1038D000284401B204F1180019F074FB059042204D
:1038E000005B304402B2B4F9401004F1180019F042
:1038F00069FB04904220005B304402B24020005B30
:10390000284401B204F1180019F05CFB0390BA4698
:10391000BB463420005DC0F34000E0B30698784316
:10392000C7F1FF0C059B03FB0C00C0F307210498B3
:103930007843C7F1FF0C039B03FB0C00C0F3072285
:1039400001FB08F0C8F1FF0302FB0300030AA375A3
:10395000022905DC022A03DC00200DB0BDE8F08F4F
:10396000022901DC4FF00008022A01DC4FF0FF08B9
:103970000698022801DC4FF0000A0598022801DCB5
:103980004FF0FF0A0498022801DC4FF0000B039867
:10399000022803DC00E002E04FF0FF0B03E0BA4630
:1039A000BB46FF21A175BAF1000F02D10998029020
:1039B0000BE0BAF1FF0F02D10A98029005E05246DF
:1039C000DDE9091014F098F90290BBF1000F02D163
:1039D000079801900BE0BBF1FF0F02D1089801900E
:1039E00005E05A46DDE9071014F086F90190B8F1B8
:1039F000000F03D1BDF80400A0820FE0B8F1FF0F63
:103A000003D1BDF80800A08208E04246DDE90110BC
:103A100014F072F90090BDF80000A08201209CE72C
:103A20002DE9F05F0446B4F9080001026162B4F9BF
:103A30000A000102A162B4F90C000A2190FBF1F521
:103A40006F1CB4F90C0005EB8501A0EB4106684240
:103A500000B226F097FD8046784200B226F092FD33
:103A60008146C5F15A0000B226F08CFD8246C7F1AE
:103A70005A0000B226F086FD8346C6F10A0000FB1C
:103A800008F009FB06000A2190FBF1F1E162C6F1A2
:103A90000A0000FB0AF00BFB06000A2190FBF1F183
:103AA0002163E06A4111E162206B41112163A07C36
:103AB00019F037FC3421095D60F300013420015511
:103AC000A07C19F011FC3421095D60F34101342020
:103AD0000155A07C042805D0A07C052802D0A07C3C
:103AE000062807D13420005D20F00400001D342199
:103AF000085505E03420005D20F004013420015514
:103B000021682162A06920F0E000A061A17CA06989
:103B100061F30400A061A188A06961F39420A06111
:103B2000E188A06961F35F50A061E08900EBD0718A
:103B3000491001F5001191FBF0F2A263FF21A1757C
:103B4000208AA082BDE8F09F2DE9F743054616467E
:103B50000024134C26F013FA8046334629462046AB
:103B6000019A1AF08DF807465FB900BF00BF2C21FB
:103B700020461CF02CFE4FF00040A0620020BDE863
:103B8000FE830020A062E06918B9404626F0EAF9F9
:103B9000E061E06908B90120E0612046EFE700003C
:103BA000A045002010B51421114800F0CFFA1AF0FA
:103BB00019F8044600BF1CB900BF00BF00BFFEE7F4
:103BC00000BF14B900BF00BF10BD0A4920461AF05B
:103BD000F1F8094920461AF0EFF8084920461AF092
:103BE000EDF8074920461AF0E3F800BFECE70000C3
:103BF0008845002001D40108D5D80108F1DA010870
:103C0000C9D3010870B504460D46102128461CF0A2
:103C1000DEFD20680078012804D1208A2880608A8F
:103C200068800CE020680078022802D1E0686860B3
:103C300005E020680078042801D10A206860206827
:103C4000406820B1206829464268904701E000BFE3
:103C500000BF70BD2DE9FE430446A66AEEB9A18AF5
:103C6000208A084401B2A182E18A608A084401B234
:103C7000E18220460CF055FD06460EB9BDE8FE83F4
:103C800020460FF087FE00220921304618F0C2FAC4
:103C90006078C0F3400000B1F0E7208A10B9608A74
:103CA000002870D000200290019094F83C0000F0B1
:103CB0000F00032812D130461EF042FE0746304660
:103CC0001EF0C6FD804603200090B4F910103B465C
:103CD000424630460CF01CF8029012E030461EF0CE
:103CE000B1FE074630461EF025FD80460C200090B0
:103CF000B4F9121043463A4630460CF009F80190E8
:103D000000BF30461EF076FD054605F0010028B9DB
:103D1000BDF90800002801DD0020029005F0020036
:103D200028B9BDF90800002801DA0020029005F04A
:103D3000040028B9BDF90400002801DD002001902D
:103D400005F0080028B9BDF90400002801DA0020B8
:103D5000019001AA02A9204629F044F90023BDF9E7
:103D60000420BDF90810304621F04AFDA08ABDF8B4
:103D70000810084401B2A182E08ABDF8041008448A
:103D800001B2E18200BF00BF78E72DE9F84F044699
:103D9000D4F828B0BBF1000F01D1BDE8F88F94F83A
:103DA0003C0000F00F0000B9F7E71AF0EDFA064604
:103DB0003068477E4021584620F04CFA10B9002167
:103DC0006183218358461EF029FE804658461EF026
:103DD0002FFE054694F83C0000F00F000C2843D15C
:103DE000002121831DBBB4F91A00C7F164014843C7
:103DF000642190FBF1F001B2618358461EF09AFCF9
:103E0000814658461EF01EFE82460C200090B4F9F2
:103E10001A104B46524658460BF07AFF6083B4F9AD
:103E20001A2000231946584621F0EAFC69E0204692
:103E300029F02FF90090002161836A46204629F07D
:103E4000D1F8BDF9003041F6FF72514258460CF0EE
:103E500011FE8146BDF80000484402B20123002152
:103E6000584621F0CDFC4CE094F83C0000F00F00E7
:103E7000032846D100216183B8F1000F23D1B4F9A2
:103E80001800C7F164014843642190FBF1F001B2CE
:103E9000218358461EF0DCFC814658461EF050FD3A
:103EA000824603200090B4F9181053464A465846FB
:103EB0000BF02EFF2083B4F9181000231A46584641
:103EC00021F09EFC1DE0204629F0C8F8009000215A
:103ED000218300226946204629F084F8BDF900308C
:103EE00041F6FF72514258460CF02AFD8146BDF85A
:103EF0000000484401B201230022584621F080FC12
:103F000000BF208B002860D1608B00285DD11DBBD5
:103F100058461EF097FD814658461EF00BFC82461F
:103F2000B9F1000F02DCBAF1000F14DDB9F1000F96
:103F300006DA01234A460021584621F061FC0AE0D6
:103F4000BAF1000F07DA0123CAF1000002B2002122
:103F5000584621F055FC00BFB8F1000F23D1584658
:103F60001EF076FC814658461EF0EAFC8246B9F106
:103F7000000F02DCBAF1000F14DDB9F1000F06DA10
:103F8000012300224946584621F03AFC0AE0BAF1E2
:103F9000000F07DA01230022CAF1000001B25846DF
:103FA00021F02EFC00BF32460A21584618F032F9A3
:103FB0006078C0F3400000B1EFE694F83C0020F0D8
:103FC0000F0184F83C100021A16200BFE5E62DE955
:103FD000FF4104460F4614B914F022FC04460CB904
:103FE000BDE8FF811FB90020A4F85001F8E70020C8
:103FF000ADF80800ADF80A00204614F029FC401E78
:1040000000B2ADF80C00204614F088FC401E00B24F
:10401000ADF80E0002AA39466846FEF715FD0646C1
:1040200006B9DDE72068007CC0F3400060B102986B
:104030002063039860630120A4F85001606810B108
:10404000606826F025F9CBE72068806918B1206800
:1040500069468269904700250BE004F1300000EBCF
:10406000C50100226846FEF730FD00B1B8E7681CC4
:1040700085B2B4F85001A842EFDCB4F85001202812
:1040800009DAB4F8502104F1300101EBC2006946AD
:1040900011F0C5FB0BE00020A4F85001B4F850214A
:1040A00004F1300101EBC20002A911F0B8FBB4F831
:1040B0005001401CA4F85001606810B1606826F0FF
:1040C000E7F800BF8CE770B50546284600F013F806
:1040D000044600260CE02146284600F024F8064657
:1040E0002146284600F086F820461CF059F934464F
:1040F000002CF0D170BD014609B900207047486816
:10410000FCE770B5064600243046FFF7F4FF05468D
:1041100005E0641C2946304600F005F80546002DF0
:10412000F7D1204670BD02460B461068001D0344BF
:104130001868704702460B461068034418687047B9
:10414000014609B9002070478868FCE700224260F8
:104150008260CA1C22F003010160704770B50446FA
:10416000216801F108001CF04DF80546A5B10022B8
:104170002946204627F0ECFB29462046626827F0B6
:10418000D9FB606820B12A462046616827F0E0FB31
:104190006560A06800B9A560284670BD70B504468A
:1041A000216801F108001CF02DF80546A5B1002298
:1041B0002946204627F0BEFB29462046A26827F064
:1041C000C7FBA06820B12A462046A16827F0B2FBB1
:1041D000A560606800B96560284670BD014609B9F0
:1041E00001207047486818B9886808B90120F8E7C5
:1041F0000020F6E72DE9F04104460D460CB9BDE874
:10420000F0812046FFF777FFA8420FD129462046CC
:10421000FFF789FF6060606810B90020A0602FE0A0
:1042200000222046616827F093FB29E02046FFF733
:1042300087FFA8420FD129462046FFF77BFFA060E9
:10424000A06810B9002060601AE000222046A16832
:1042500027F070FB14E029462046FFF76BFF064667
:1042600029462046FFF75FFF07463A46314620467B
:1042700027F060FB32463946204627F069FB00BF35
:1042800000BFBCE710B504462068806818B12068FC
:104290002146826890472068006828B1206800683D
:1042A00020602046FFF7EEFF10BD0146886818B178
:1042B0008868B0F9160070470020FCE72DE9F04F40
:1042C00093B005468B4691469A461C9E688C20F01A
:1042D0000400001D6884A5F82090328959462846BC
:1042E0001FF034FD1290A5F820A0328959462846C7
:1042F0001FF02CFD1190688C20F004006884DDE92B
:10430000111088420CD1DDE91110884208D1BDF8A6
:104310004800BDF84410884202D113B0BDE8F08FC8
:10432000A5F820903289594628461FF00FFD1290BB
:10433000A5F820A0594628460EF025F9109031899D
:10434000109A1068129A24F0D6FA3089602833D176
:1043500047F6FF711298884202D0119888422BD1FB
:1043600028461FF01AFF0F9000EBD0704710284628
:104370001FF013FF0F9000EBD0704FEA600847F674
:10438000FF711298884208D1781C08F10101884217
:1043900000DA01E008F10100129047F6FF71119870
:1043A000884208D1781C08F10101884200DA01E056
:1043B00008F10100119000BF2448FFF7CFFE04462A
:1043C00000BF1CB900BF00BF00BFFEE700BF04B9BB
:1043D000A3E71298E06011982061ACB325603089A2
:1043E000A080C4F808B0684610F0D6FB21466846A5
:1043F00010F092FC1649684610F056FC15480290E1
:1044000000BF1549684610F05DFCFF220021684698
:1044100010F070FC3188684610F05EFC71886846C8
:1044200010F03BFCF068069000BF6846002190F851
:104430003E2061F3000280F83E2000BF3069059005
:10444000684610F081FC00BF00BF66E7944500207D
:1044500049080308F50A0308250A030810B51421C2
:104460000148FFF773FE10BD944500202DE9FE4F73
:1044700004460F4690464FF0000900256BE1E068C6
:1044800000EBC5004068C0F3406000B162E1E16844
:1044900001EBC501496821F07F4021F090FF0646FD
:1044A00026EA070008B9012000E00020029026EA71
:1044B000080008B9012000E000200190DDE90101B9
:1044C000814272D0E06850F835A04FF0000B6A4688
:1044D00041F61001504623F0A7FE10B14FF0010B3A
:1044E000A9E06A4641F61101504623F09DFE10B145
:1044F0004FF0010B9FE06A4641F61201504623F04F
:1045000093FE10B14FF0010B95E06A4641F613019E
:10451000504623F089FE10B14FF0010B8BE06A4644
:1045200041F61501504623F07FFE10B14FF0010B0C
:1045300081E06A4641F61401504623F075FE10B141
:104540004FF0010B77E06A4641F26901504623F0D3
:104550006BFE10B14FF0010B6DE06A4643F20C01A7
:10456000504623F061FE10B14FF0010B63E06A4644
:1045700043F20D01504623F057FE10B14FF0010BEE
:1045800059E06A4641F20101504623F04DFE10B158
:104590004FF0010B4FE06A4641F20401504623F010
:1045A00043FE18B14FF0010B45E0D2E06A4641F2FC
:1045B0000201504623F038FE10B14FF0010B3AE0F3
:1045C0006A4641F20301504623F02EFE10B14FF02F
:1045D000010B30E06A4641F20501504623F024FE0B
:1045E00010B14FF0010B26E06A4641F20601504639
:1045F00023F01AFE10B14FF0010B1CE06A4641F2A5
:104600003201504623F010FE10B14FF0010B12E0C2
:104610006A4643F60F01504623F006FE10B14FF0F4
:10462000010B08E06A4643F60E01504623F0FCFDFC
:1046300008B14FF0010BBBF1000F02D00320BDE821
:10464000FE8F6A4640F60A01504623F0EDFD10B198
:104650004FF002097CE06A4640F60B01504623F019
:10466000E3FD10B14FF0020972E06A4643F60F0114
:10467000504623F0D9FD10B14FF0020968E06A46B8
:1046800043F60E01504623F0CFFD10B14FF0020962
:104690005EE06A4640F63C01504623F0C5FD10B18D
:1046A0004FF0020954E06A4640F63D01504623F0BF
:1046B000BBFD10B14FF002094AE06A4640F63A01EC
:1046C000504623F0B1FD10B14FF0020940E06A46B8
:1046D0004FF40461504623F0A7FD10B14FF00209DA
:1046E00036E06A4640F64501504623F09DFD10B184
:1046F0004FF002092CE06A4640F64101504623F093
:1047000093FD10B14FF0020922E06A4640F64201E3
:10471000504623F089FD10B14FF0020918E06A46B7
:1047200040F64301504623F07FFD10B14FF00209DF
:104730000EE06A4640F64901504623F075FD10B17F
:104740004FF0020904E0B9F1000F01D14FF0010967
:1047500000BF00BF6D1C608CC0F3C500A8423FF6CF
:104760008EAE48466BE700000148006870470000C5
:10477000C000002010B5024827F0AAF910BD0000C3
:10478000AC4300200146C1F30412072A00DD0722D2
:10479000D0B2704710B518210348FFF7D7FC0120AD
:1047A00025F088FC10BD0000404500202DE9F041B7
:1047B00005460F4616460DB9BDE8F0812846FBF7C1
:1047C00080FD8046394628460A4A126890470746C7
:1047D000E8193146074A1268904706463C4603E00E
:1047E000A019285C2855641CA8EB0600A042F7D24B
:1047F00000BFE1E7540200202DE9F04106460C46D7
:1048000017461D4629463046084A126890472060E0
:10481000206830B1296888190021044A126890473D
:1048200000E000203860BDE8F08100004C0200206C
:104830002DE9F04F87B004460F4692469846DDE9D1
:1048400010560DB1002028801CB9002007B0BDE82B
:10485000F08F207808B90020F8E70FB90020F5E7BD
:104860004FF0000906F0020010B906F0040098B1FC
:10487000002000E0401C215C0A2905D0215C0D29A4
:1048800002D0215C0029F5D1215C01B1401C15B199
:104890004FF0FF312980D9E706F0020008B141F658
:1048A000FF7800200690059038E0002004900598DD
:1048B00008B9012000E0002006A904AACDE90062A1
:1048C000CDE902100599601843465246394625F055
:1048D00091FE83460498A8EB00000FFA80F8049834
:1048E00048440FFA80F9BBF1000F00D11CE0059895
:1048F0005844059020780A2802D020780D2800D14D
:1049000012E00598205C0A2803D00598205C0D2849
:1049100003D10598401C059006E000BF0598205C77
:1049200010B1B8F1000FC0DC00BF059870B905A93F
:104930002046094A12689047834635B100225946FD
:10494000384617F0AAFD0FFA80F900BF0DB1A5F89F
:10495000009005987AE700004C0200202DE9F0470E
:1049600006468846174606B10FB9BDE8F0873046BF
:10497000FBF7A7FC81463846FBF7A3FC044604B9C5
:10498000F3E704EB090A414630460B4A12689047A8
:104990008046554603E0281B305C70556D1E08EBC1
:1049A0000400A842F7D906EB0800224639461BF05E
:1049B000C8FE00BFD9E700005402002002460020D4
:1049C0000FA31B788B4211D113781BB901231370ED
:1049D00001200BE01378012B02D10023137005E0B6
:1049E0001378022B02D10023137001201378012BBE
:1049F00004D1202901D10223137001207047000047
:104A00002300000073B582B0064603980190324639
:104A100000210846019B26F009F905460020019077
:104A20000024681C1BF0EEFB044600BF1CB900BF4D
:104A300000BF00BFFEE700BF14B9002004B070BD86
:104A4000002060553246691C2046039B26F0EEF894
:104A50002046F3E72DE9F04781460E4614461F46EF
:104A6000DDF820A035461BE0600800FB075529460D
:104A70004846D047B0F1000809DD04F0010080F09D
:104A80000100C0EB5404E8190546064608E0B8F1F9
:104A9000000F02DA6408354602E02846BDE8F087D8
:104AA000002CE1D10020F9E72DE9FF4F85B08346C6
:104AB000DDE9158ADDE91349DDE91775129E05F078
:104AC0000200F8B94FB105F0010030B1B9F1000FA3
:104AD00002D105F00C0000B17F1E03E03022204619
:104AE000641C3254544501D2202CF7D303E0302209
:104AF0002046641C325405F0010018B1BC4201D2BA
:104B0000202CF4D305F01000B0B305F4806050B948
:104B10004CB1544501D0BC4205D1641E1CB1B8F162
:104B2000100F00D1641EB8F1100F09D105F020005C
:104B300030B9202C04D278222046641C325415E06F
:104B4000B8F1100F09D105F0200030B1202C04D2AB
:104B500058222046641C325408E0B8F1020F05D1F7
:104B6000202C03D262222046641C3254202C03D213
:104B700030222046641C3254202C16D2B9F1000F8A
:104B800004D02D222046641C32540EE005F00400AF
:104B900020B12B222046641C325406E005F00800A8
:104BA00018B120222046641C3254CDE90275CDE9AB
:104BB0000064584606A90EC900F0A2F809B0BDE885
:104BC000F08F2DE9FF4F8FB08046DDE91FABDDE9A7
:104BD0001D96219D1C9C00270CB925F0100505F49D
:104BE000806000B1E4B100BFB4FBF6F106FB1141F7
:104BF000C8B20A2802DA00F1300107E005F020010E
:104C000009B1412100E0612101440A39CBB23946A2
:104C10007F1C07AA5354B4FBF6F40CB1202FE3D346
:104C200007A8CDE904AB8DE88102039606954046BE
:104C300010A90EC9FFF738FF13B0BDE8F08F2DE9BA
:104C4000FF4F8FB0DDE9217BDDF89080209EDDE90C
:104C50001C454FF00009002184EA01006940084327
:104C600001D128F0100808F4806028B1002184EAFE
:104C70000100694008432DD000BF32463B46204624
:104C80002946FBF7BDFA02F0FF0ABAF10A0F02DA71
:104C90000AF1300007E008F0200008B1412000E0F0
:104CA000612050440A38C2B2484609F1010907A9F7
:104CB0000A5432463B4620462946FBF7A1FA0446F1
:104CC0000D46002184EA01006940084302D0B9F191
:104CD000200FD2D32398CDE9036BCDE9050807A9AE
:104CE0001E98CDE9001902900FA80FC8FFF7DCFE4F
:104CF00013B0BDE8F08F9A4200D2885470477047D5
:104D00002DE9FF5F05461446DDE90EA6DDE91087B3
:104D1000A34607F0020078B907F0010060B9B14678
:104D200007E02246641C2020039B0199A84709F153
:104D30000109C145F5D300BF08E02246641C711E7D
:104D40000E461AF80100039B0199A847002EF4D1E2
:104D500007F0020050B105E02246641C2020039BAE
:104D60000199A847A4EB0B004045F5D3204604B0B9
:104D7000BDE8F09F2DE9FF4F8DB00F460546002698
:104D800006E025280BD0DDE90F1290476D1C761C3C
:104D900028780028F5D111B03046BDE8F08F002406
:104DA000A246A1460122EC4900E0044315F8013F68
:104DB000203B02FA03F00842F7D128782A2810D0C5
:104DC0006FF02F022878A0F13001092914D80AEBDE
:104DD0008A0102EB410144F0020400EB010A6D1C60
:104DE000F0E701CF5FEA000A03D544F40054CAF1AA
:104DF000000A44F002046D1C28782E2817D115F8FB
:104E0000010F44F004042A280ED06FF02F022878F6
:104E1000A0F1300109290AD809EB890102EB41010F
:104E200000EB01096D1CF2E757F8049B6D1C287814
:104E30006C280FD006DC4C2817D068280DD06A28C3
:104E400014D104E0742810D07A280FD10DE044F476
:104E500000140AE044F4801401E044F4401469783A
:104E6000814202D104F580146D1C6D1C2A786E2AD3
:104E70001FD00CDC632A31D004DC002A8BD0582AE6
:104E800011D1A3E0642A68D0692A0CD165E0732AA5
:104E90002ED004DC6F2A73D0702A04D19BE0752ACF
:104EA0006FD0782A6ED01046DDE90F129047761C3D
:104EB00050E1C4F30250022806D0032809D0042888
:104EC00001CF09D0066045E101CFF117C0E90061CB
:104ED00040E101CF06803DE106703BE117F8040B8D
:104EE0008DF8000000208DF80100EB46012003E062
:104EF00057F804BB4FF0FF3061074FF0000102D4B8
:104F00000DE008F10101884649450FDA8045F8DBDC
:104F10001BF808100029F4D108E008F101018846C7
:104F20008142FADB1BF808100029F6D1DDE90F23D6
:104F3000AAEB08008146214600F036F9304400EB28
:104F4000080604E0DDE90F121BF8010B9047B8F1E9
:104F50000108F7D221464846F7E00A21C4F302537C
:104F60004FF0000B0891022B04D001CFC117032B87
:104F700009D00AE0FF1D27F00707F7E8020108E063
:104F800032E01FE020E000B2C117042B01D140B293
:104F9000C117031E71F1000307DA4FF0000CD0EBCC
:104FA0000C006CEB01012D2302E0230504D52B231B
:104FB0008DF82430012303E0E30701D02023F7E735
:104FC000984658E00A2110E010210EE010204FF022
:104FD000000B08900CE010214FF0000B44F004048B
:104FE0004FF00809089103E008214FF0000B0891E9
:104FF000C4F30253022B04D001CF0021032B06D0AF
:1050000006E0FF1D27F00707F7E8020103E080B282
:10501000042B00D1C0B24FF0000823072BD5702A13
:1050200007D0DDF820C08CF0100C5CEA0B0C05D02A
:105030000EE040238DF82430012308E050EA0103FC
:1050400006D030238DF824308DF825200223984691
:10505000DDF820C08CF0080C5CEA0B0C0BD150EA98
:10506000010301D1630706D530238DF824304FF0BA
:105070000108A9F10109582A04D038A20B9208AA04
:105080000A920BE03AA2F9E75B46089AFBF7B8F8F8
:105090000B9B9B5C0A9A521E0A92137050EA010203
:1050A000F2D10A98ADEB000000F1200B600702D5A9
:1050B00024F4803401E04FF00109D94502DDA9EB69
:1050C0000B0000E0002000EB0B0141440890AAEB2C
:1050D000010AE00306D4DDE90F232146504600F023
:1050E00063F806444FF0000908E009A911F8090027
:1050F000DDE90F12904709F10109761CC145F4DB87
:10510000E0030CD5DDE90F232146504600F04CF8B2
:10511000064404E0DDE90F1230209047761C089920
:10512000481E08900029F5DC08E00A980A990078E2
:10513000491C0A91DDE90F129047761CBBF1000172
:10514000ABF1010BF1DC21465046DDE90F2300F005
:1051500019F806446D1C1BE6092801003031323372
:1051600034353637383961626364656600000000A3
:10517000303132333435363738394142434445468D
:10518000000000002DE9F041044600251E461746A8
:10519000880404D405E039462020B0476D1C641E05
:1051A000F9D52846BDE8F0812DE9F04104460025F7
:1051B0001E469046C80301D5302700E0202788040A
:1051C00004D505E041463846B0476D1C641EF9D54C
:1051D0002846BDE8F08100002DE9FF4F8BB007465F
:1051E00000250C9800B9FA4FEAE20E9800782528BD
:1051F0000AD02A466D1C0E990878DDE90C13B847D1
:105200000E98401C0E90DBE20E98401C0E9000247D
:1052100000BF0E9800782B2819D004DC20281ED05F
:1052200023282CD123E02D2809D0302827D144F081
:1052300001040E98401C0E9001200A9022E044F0D8
:1052400002040E98401C0E9001200A901AE044F0CF
:1052500004040E98401C0E9001200A9012E044F0C5
:1052600008040E98401C0E9001200A900AE044F0B9
:1052700010040E98401C0E9001200A9002E00020BD
:105280000A9000BF00BF0A980028C2D180460E993C
:105290000878FDF7B6FB20B10EA8FDF79DFB804610
:1052A00012E00E9800782A280ED1189901C9189199
:1052B000002804DA44F00204C0F1000800E080464F
:1052C0000E99491C0E9100BF4FF000090E9800780E
:1052D0002E281FD144F480640E98401C0E900E9925
:1052E0000878FDF78EFB20B10EA8FDF775FB81460F
:1052F00010E00E9800782A280CD1189901C918914D
:10530000002801DD014600E0002189460E99491C74
:105310000E9100BF0E9800786C280AD004DC682833
:1053200016D06A2835D128E0742820D07A2830D1C8
:1053300029E044F480740E98401C0E900E9800787A
:105340006C2804D144F400740E98401C0E9021E0A7
:1053500044F080040E98401C0E900E980078682847
:1053600004D144F040040E98401C0E9012E044F426
:1053700080740E98401C0E900CE044F400740E985B
:10538000401C0E9006E044F480740E98401C0E9071
:1053900000E000BF00BF0E98007869281DD00EDC29
:1053A000622821D006DC25287ED050281AD0582823
:1053B0007BD115E0632879D06428F9D10CE07328FB
:1053C00075D004DC6F280ED07028F1D109E0752863
:1053D00004D07828ECD102E000BF00BF00BF00BFBE
:1053E00000BF00BF00BF00BF0E980078782803D030
:1053F0000E980078582801D1102623E00E980078E6
:10540000702803D00E98007850280CD1102644F054
:10541000100444F480740E984078562812D10E98E7
:10542000401C0E900EE00E9800786F2801D10826DF
:1054300008E00E980078622801D1022602E00A26D0
:1054400024F010040E980078582803D00E980078A5
:10545000502801D144F020040E980078692805D026
:105460000E980078642801D024F00C0404F48060C5
:1054700008B124F001040E980078692803D00E9832
:10548000007864287CD104F40070B8B31898C01D6B
:1054900020F007001890D0E900AB189A0832189253
:1054A0000020CDE9069803E073E17CE1F2E01CE125
:1054B000CDE904600894BAEB00017BEB000001DA4F
:1054C000012000E00020002102900846B1EB0A0113
:1054D00070EB0B0002DA5046594605E00020014609
:1054E000B0EB0A0061EB0B01CDE900012A4638461A
:1054F000DDE90C13FFF7A3FB0546C7E0FFE704F463
:105500008070D0B1189850F804AB18904FEADA7058
:10551000CDE9039802960594BAF1000F01DD5146DA
:1055200001E0CAF10001CDE900102A463846DDE964
:105530000C13FFF746FB0546A8E004F0400028B135
:10554000189810F8041B1890C8B20DE004F0800001
:1055500028B1189830F8041B189008B204E0189885
:1055600000681899091D189182464FEADA70CDE952
:10557000039802960594BAF1000F02DD514602E04D
:105580000BE0CAF10001CDE900102A463846DDE9FA
:105590000C13FFF716FB054678E00E9800785628A6
:1055A00018D1189850F804AB1890DAF80400006885
:1055B000099009980090DAF800300D98421B0C9879
:1055C00041193846FFF708FE0544002009905DE0C8
:1055D000FF4C000804F40070D0B11898C01D20F0F2
:1055E0000700CDE90698089418900020CDE90460E2
:1055F0000290189903C9189A08321892CDE900014F
:105600002A463846DDE90C13FFF719FB05463DE055
:1056100004F4807098B10022CDE9039802960594B5
:10562000189800681899091DCDE9000218912A46BA
:105630003846DDE90C13FFF7C4FA054626E004F00E
:10564000400028B1189810F8041B1890C8B20DE05B
:1056500004F0800028B1189830F8041B189088B224
:1056600004E0189800681899091D189182460020D6
:10567000CDE900A0CDE90398029605942A46384664
:10568000DDE90C13FFF79DFA054600BF0E98401C9C
:105690000E9093E0012604F0020050B905E02A467E
:1056A0006D1C2020DDE90C13B8473046761C4045C0
:1056B000F5D3189911F8043BD8B22A466D1C1891FD
:1056C000DDE90C13B84704F0020050B105E02A46AA
:1056D0006D1C2020DDE90C13B8473046761C404590
:1056E000F5D30E98401C0E9068E0189850F804AB63
:1056F00018905046B9F1000F01D0494601E04FF033
:10570000FF310A46014600E0491C0B781BB1131E0D
:10571000A2F10102F8D10E1A04F4806028B14E45BE
:1057200001D2304600E04846064604F0020050B977
:1057300005E02A466D1C2020DDE90C13B8473046F1
:10574000761C4045F5D306E01AF8010B2A466D1C7D
:10575000DDE90C13B8479AF8000040B104F480600A
:105760000028F1D0B9F10000A9F10109ECD104F051
:10577000020050B105E02A466D1C2020DDE90C1323
:10578000B8473046761C4045F5D30E98401C0E9025
:1057900014E02A466D1C2520DDE90C13B8470E984D
:1057A000401C0E900AE02A466D1C0E990878DDE92F
:1057B0000C13B8470E98401C0E9000BF00BF00BFEE
:1057C0000E98007800287FF410AD0D98854201D224
:1057D000284601E00D98401E02460020DDE90C132A
:1057E000B84728460FB0BDE8F08F2DE9F0410446D8
:1057F0000E46002774B13146204600F02DF80546CC
:10580000B5F5004F05D20C2D01D9284600E00C203B
:10581000074600BF3846BDE8F081024600BF481E7B
:10582000084018B100BF00BF00BFFEE700BF481E20
:105830001040101A704710B502464B1E13444C1E00
:1058400023EA040000BF4B1E0B401BB100BF00BF8A
:1058500000BFFEE700BF10BD024600BF481E084063
:1058600018B100BF00BF00BFFEE700BF481E1044D4
:105870004B1E9843704700002DE9F04180460E46CC
:10588000444601206086002500270DE056F82700D9
:1058900025A1FAF71DFD10B1681C85B202E0608EEB
:1058A000401C6086781C87B256F8270020B156F855
:1058B000270000780028E9D1208EA84201D1BDE858
:1058C000F081A06A20B1A06A1AF06AFD0020A062EF
:1058D000E06A20B1E06A1AF063FD0020E062E800AF
:1058E0001AF090FCA06200BFA06A18B900BF00BF08
:1058F00000BFFEE700BF68001AF084FCE06200BF52
:10590000E06A18B900BF00BF00BFFEE700BFA06A91
:1059100008B1E06A00B900256900E06A1AF057FF93
:10592000258600BFCBE700000A0000002DE9F84FF4
:1059300081460E46924699F8090000F007000228B9
:1059400001D1304600E050468346564501DD3046E1
:1059500000E050460746032000EB470020F003001C
:1059600000F110053948006839490968A0EB0108C1
:10597000002405EB080037490968884206D23348FD
:105980000468606820F0004060603AE031480068D8
:10599000854221D813E04FF0FF3000900022694685
:1059A0002D480EF047FD002269462C480EF042FDBE
:1059B0002648006826490968A0EB010800BF08EBEB
:1059C0000500244909688842E5D8204804686068D1
:1059D00020F00040606014E028461AF013FC0446F2
:1059E00000BF1CB900BF00BF00BFFEE700BF14B975
:1059F0000020BDE8F88F606820F0004000F1004012
:105A0000606032465946484601F085FE2060606875
:105A100000F04040401C6060606820F080406060A2
:105A2000A781A4F80EB06068C00F20B1204600F135
:105A30001001A16008E0054800681030A06003482C
:105A400000682844014908602046D2E7C8000020C9
:105A50001C020020C400002005070108B54401080D
:105A6000F0B585B006460D463446002004900390FC
:105A7000029094F83C0000F0030020B1012838D0D7
:105A8000022866D000BF94F83C0000F003005A4999
:105A9000097888421BD02620005D00EB001000EB47
:105AA0004000142190FBF1F0544908702720005D5C
:105AB00000EB001000EB4000142190FBF1F0504986
:105AC000087094F83C0000F003004B49087002A8ED
:105AD00003A9CDE9001005EB45014FF6FF7202EA7C
:105AE000410004AB46490A78444909780AF0E0FAD3
:105AF0005FE094F83C0000F003003F4909788842D9
:105B00001AD0A08C00EB400040024FF4B471B0FBFF
:105B1000F1F03C4908802720005D00EB001000EB0D
:105B20004000142190FBF1F03549087094F83C00D6
:105B300000F003003049087002A803A9CDE9001065
:105B4000E9B204AB2E4802782E4800880AF0B0FA79
:105B50002FE094F83C0000F00300274909788842C0
:105B60001AD0A08C00EB400040024FF4B471B0FB9F
:105B7000F1F0244908802620005D00EB001000EBC6
:105B80004000142190FBF1F01C49087094F83C008F
:105B900000F003001849087002A803A9EAB204AB98
:105BA000CDE9001015480178164800880AF080FAFF
:105BB00000BF00BF9DF810009DF80C109DF8082054
:105BC000D708BDF8003067F304038F080093BDF8D1
:105BD000003067F34A13C7080093BDF8003067F33D
:105BE000CF230093BDF800703B460193BDF804102D
:105BF000084605B0F0BD00007A01002078010020C1
:105C0000790100207601002010B5012007490870B5
:105C10000748FEF770FA20B90648006824F02CFB0C
:105C200003E00448006824F033FB10BD04020020A8
:105C3000704500200802002010B5044694F83E008C
:105C4000C0F3400050B9A08F002807DDA08F4FF6A9
:105C5000FF71884202D0A08F401EA087A08FA8B9F4
:105C6000606B20B194F83E00C0F3400070B1214653
:105C70001748FEF7BFFAFFF7C7FFE06810B12046EC
:105C8000E168884720461AF08BFB1FE0A06B40427A
:105C9000E062606BD0B194F83E10C1F3400111B9DD
:105CA000216B4942E16294F83E104908C94394F8D7
:105CB0003E2061F3410284F83E20E069616AE161BF
:105CC0006062A06A616BA162606300BF10BD0000EA
:105CD000704500202DE9F04180464248006824F0DC
:105CE00041F906464048007880F001003E490870BE
:105CF0003E48FEF700FA04466BE000203C4908707D
:105D000094F83E00C0F3800037490978884253D0A8
:105D1000354801782C34A07C61F38200A07420689F
:105D20008719A07C2C3CC0F3C00010BBE06A00289F
:105D30001FDC002F1DDB94F83E0000F0010060B96D
:105D4000206950B12046216988470546E06928440A
:105D5000E061606A2844606200BFA06810B120461C
:105D6000A168884794F83E0020F00800083084F8C5
:105D70003E00E06A3044E062E06A00281BDBD4E9C0
:105D80000A10884201DDA06AE0622046A1698847C6
:105D90000546206AA84206D02562606818B12946E7
:105DA000D4E900029047D4E90A10884202DB204679
:105DB000FFF742FF00BF00BF0D48007820B10B483D
:105DC000FEF799F9044604E021460848FEF7ABF9CE
:105DD0000446002C91D124F0D2F802490860BDE8B5
:105DE000F081000000020020050200207045002024
:105DF00004020020F7B582B004460E4614B9049898
:105E000005B0F0BD00BF6322314620461DF09EFF65
:105E10000190019D00BFBDB12868A8B100BF6422F8
:105E2000314620461DF092FF01900198C0B207460E
:105E30004FB13A462B682846049998470190BDF81F
:105E40000400ADF8100000BF0498D9E770B504460F
:105E50000D46606818B129466068FFF7F7FF2068B3
:105E600018B1294620462268904770BD70B5054696
:105E70000C46A1B228460FF0FFFB70BD70B5054679
:105E80000C46A1B228460FF048FC70BD70B5034621
:105E90000C460025661E0FE0A819411033F81100CA
:105EA000904201DD4E1E07E033F81100904201DA06
:105EB0004D1C01E0084670BDB542EDDD4FF0FF30EE
:105EC000F9E770B504460D4600BF204600F03BF8E8
:105ED00018B100BF00BF00BFFEE700BF284600F0BA
:105EE00050F9001D616808446060204600F03AF8EF
:105EF000204670BD70B505460C46284600F041F9B5
:105F000004F11001884201D3012070BD0020FCE79C
:105F10000146A1F1080070477CB505460C462046B5
:105F200000F02FF906466A4601A925F019FA214624
:105F30002846DDE900320DF0FFFD7CBD0146087901
:105F400000F00100704710B50446204600F019F932
:105F500008B9012010BD0020FCE70146087900F0D7
:105F60000200704770B50446204600F097F80546D9
:105F70002C60284670BD7CB506460C46002001907A
:105F8000009000256CB16A4601A9204625F005FA6B
:105F90000198092805DA6A4601A9304627F060F918
:105FA000054685B100BF284600F0EBF8A04203D2B9
:105FB00000BF00BF00BFFEE700BF29463046DDE955
:105FC000003226F07FFD28467CBD70B50446204691
:105FD000FFF7C8FF0546284600F0BEF8204600F04F
:105FE000B6F870BD70B50446204600F057F8054677
:105FF000284600F0B6F8204600F0BEF870BD70B537
:1060000006460D46284600F049F8044600BF1CB974
:1060100000BF00BF00BFFEE700BF2046FFF78EFFB6
:1060200090B100BF2846FFF78EFF18B100BF00BF38
:1060300000BFFEE700BF2146304600F076F821465B
:106040002846FFF73EFF0546284670BD70B5064658
:106050000D462846FFF781FFF0B1284600F057F8BB
:10606000044600BF1CB900BF00BF00BFFEE700BF71
:1060700000BF2046FFF762FF18B900BF00BF00BF96
:10608000FEE700BF2146304600F04FF82946204683
:10609000FFF717FF054600BF284670BD2DE9F04108
:1060A0000446204600F06DF8061F204600F0B8F8C0
:1060B0000746314625F000FD054600BF2046FFF7A4
:1060C00042FF18B100BF00BF00BFFEE700BF284677
:1060D000BDE8F0812DE9F04106460C461546002743
:1060E00094B100BF1DB900BF00BF00BFFEE700BFF5
:1060F0002A462146304600F097F82046FFF772FF07
:10610000204600F08DF807463846BDE8F08110B50E
:10611000044600BF2046FFF720FF18B900BF00BFAC
:1061200000BFFEE700BF206810BD7CB505460C46E9
:10613000204600F026F806466A4601A925F010F927
:1061400021462846DDE9003226F0BCFC7CBD4168D2
:1061500041F0010141607047416841F00201416036
:106160007047416821F0020141607047426802F0C7
:1061700003030B4343607047416821F00101416014
:1061800070470146486820F0030070472DE9F0474A
:1061900006460C46304600F043F88046211F25F0A5
:1061A0008BFC07463046FFF7ECFF211D451A00BF68
:1061B000384600F035F88146384600F031F8804620
:1061C0000421FFF738FB814503D000BF00BF00BFAB
:1061D000FEE700BF00BF3046FFF7D3FF2919091DB6
:1061E000884203D000BF00BF00BFFEE700BF2946C2
:1061F0003846FFF7BBFF00BF3846FFF7C2FF0C2849
:1062000003D200BF00BF00BFFEE700BF21463046FB
:10621000FFF7ACFF3846FFF7D8FE3846BDE8F087F9
:10622000014601F1080070472DE9F04106460C4691
:10623000154600BF2046FFF781FE18B900BF00BF1A
:1062400000BFFEE700BF29462046FFF753FE78B1A6
:1062500029462046FFF79AFF07462046FFF782FEB1
:106260003846FFF779FF39463046FFF755FE00BF45
:10627000BDE8F0812DE9F04106460C46154600BF09
:106280002046FFF75BFE18B100BF00BF00BFFEE76E
:1062900000BF29462046FFF72DFE88B1294620463B
:1062A000FFF774FF07463846FFF75BFF3946304675
:1062B000FFF7A5FE074639463046FFF72DFE00BF23
:1062C000BDE8F0812DE9F8430646344618F05CF845
:1062D0008046404618F09DF878BB304615F0ADFC7E
:1062E00038B3304615F025FB208FE18E884212D05E
:1062F000E08E2087E08E00906A461C21304615F023
:1063000089FF0746012F02D03846BDE8F8833046A2
:106310001EF03DFB00BF404618F08BF80546042DEB
:1063200006D130461CF094F90746002116F01DFEF8
:1063300009E0304615F0E4FC05E0FFE7208FE08639
:1063400030461EF024FB0120DFE72DE9F041044632
:10635000204615F059FF054628461CF0D3F906469D
:10636000284610F089FA074601223946304622F0C5
:10637000B1FFBDE8F0810146C1F3C010704701468E
:10638000C1F3801070470146C1F3C0107047014649
:10639000C1F3002070470146C1F3C00070470146B9
:1063A000C1F3401070470146C1F3402070470146D9
:1063B000C1F3003070470146C1F300107047000080
:1063C0002DE9F04F89B004460D46002120461CF00F
:1063D00034F830B91C2128461AF0F9F909B0BDE8A3
:1063E000F08F2946204600F00BFB2946204600F09E
:1063F0007DF8002120461DF046FA08900021204635
:106400001DF0C7FB0790002120461CF0FCFF01286F
:1064100000D100E000208146002120461DF06FFEE3
:106420000746002120461DF0DCF8064642F2D170F6
:10643000874205D1608CC0F3802008B9012000E0BC
:106440000020824620461CF098F8069000BF4FF0CE
:10645000000824480288414620461DF077FC03903E
:106460000398C0B200BF8346AA6829692868CDE9AD
:106470000209CDE900125A465146089B06980CF0D5
:106480000FF9288342F2D170864205D1608CC0F3A7
:10649000402008B9012000E00020059020461CF0B3
:1064A0004DF8049000BF4FF000080F4802884146A5
:1064B00020461DF04BFC03900398C0B200BF8346FA
:1064C0000023EA6869686869CDE90213CDE9000232
:1064D0005A46079BDDE904010CF0E2F8688300BF2F
:1064E0007CE70000DE000020E20000202DE9F34FF1
:1064F00087B00C4607980BF0F1F8804607981CF01F
:106500003CF80690404601F081F92061216948007D
:1065100019F0B2FE20602169480019F0ADFEA060BC
:10652000002548E05848029038F9150041F69A7164
:1065300088423FD10020019029E0019907981BF083
:106540007CFF0090514900981DF08FFE00B11BE0C8
:1065500000980BF0E1F88246BAF1010F00D013E089
:1065600000980BF0C9F88346AB4500D00CE00098CA
:106570001DF013FE0299884201DA029802E00098A9
:106580001DF00BFE029000BF0198401C019007987F
:106590001BF071FF01998842CFD80298002804DBD4
:1065A0000298A16821F8150003E00021A06820F8F6
:1065B000151000BF6D1C2069A842B3D80026B14653
:1065C00000251BE038F9150041F69B71884202DB7B
:1065D000411A0E4411E041F69A71884206D1A16831
:1065E00031F8151049440FFA81F906E0A16821F845
:1065F000150009EB00010FFA81F96D1C2069A84212
:10660000E0D8002107981DF03EF905902169491E48
:10661000DDE9050200FB112000B206900698A0EB10
:10662000090007B2002F00DA00274FF0FF30049076
:1066300000200390002513E038F9150041F69B7106
:1066400088420CDB421A11B207FB01F2B2FBF6F2F0
:1066500012B2A36823F815200495039100BF6D1CA6
:106660002069A842E8D8049800280ADB0398301A69
:106670007843B0FBF6F0381A01B2A268049822F809
:10668000101009B0BDE8F08F01E0FFFF0100060027
:106690002DE9FC5F05460022114628461FF03CFA12
:1066A000002128461CF023FF8146002128461DF0CA
:1066B000A4FA484407B2002128461DF055F8484482
:1066C0000FFA80FA28461CF011FE384450440FFAA5
:1066D00080FB3B4E28461BF0CEFE01904FF0000899
:1066E0005CE0A868006850F82840364920461DF054
:1066F000BCFD00B150E020461EF0C6F9002839D19B
:10670000002120461CF024FE0090009830B10128A2
:1067100007D0022804D0032815D100E000BF00BF35
:1067200000BFB4F91A10B5F91600081A401CB0429F
:1067300001DA304605E0B4F91A10B5F91600081A66
:10674000401C06B214E0002120461DF019FD70B96E
:1067500004F114000FF0BBF83844B04201DA3046BF
:1067600004E004F114000FF0B2F8384406B200BFA0
:1067700000BF10E0B4F91A10B5F91600081A401C51
:10678000B04201DA304605E0B4F91A10B5F9160046
:10679000081A401C06B200BF08F1010801988045A4
:1067A0009FD30748864209D006EB0A0006B25E4531
:1067B00002DD3046BDE8FC9F5846FBE75846F9E746
:1067C00001E0FFFF010004002DE9FC5F0546002207
:1067D000114628461FF084F9002128461CF087FE48
:1067E0008246002128461DF045F950440FFA80F8F2
:1067F000002128461DF095F850440FFA80F92846EC
:106800001CF084FD4844404400B20190724C28467C
:106810001BF031FE8346002128461CF0DAFD0128DA
:1068200066D100265BE0A868006850F826706B49C6
:1068300038461DF01AFD00B150E038461EF024F92C
:10684000002839D1002138461CF082FD00900098C4
:1068500030B1032805D0062804D0082815D102E05D
:1068600000BF00BF00BFB5F91800B7F91410401AF7
:10687000401CA04201DA204605E0B5F91800B7F93E
:106880001410401A401C04B214E0002138461DF0D8
:106890006AFC70B907F114000FF08CF84044A04274
:1068A00001DA204604E007F114000FF083F84044B9
:1068B00004B200BF00BF10E0B5F91800B7F914101A
:1068C000401A401CA04201DA204605E0B5F9180044
:1068D000B7F91410401A401C04B200BF761C5E4584
:1068E000A1D33D48844269D004EB090004B265E0BD
:1068F00000265BE0A868006850F8267037493846E3
:106900001DF0B3FC00B150E038461EF0BDF880BB6E
:10691000002138461CF01CFD0090009830B1012881
:1069200005D0042804D0072815D102E000BF00BF1D
:1069300000BFB7F91800B5F91410401A401CA04266
:1069400001DA204605E0B7F91800B5F91410401A2D
:10695000401C04B215E0002138461DF011FC78B946
:1069600007F114000FF026F84844A04202DA20464E
:1069700005E008E007F114000FF01CF8484404B2E9
:1069800000BF00BF10E0B7F91800B5F91410401AA5
:10699000401CA04201DA204605E0B7F91800B5F91D
:1069A0001410401A401C04B200BF761C5E45A1D3EF
:1069B0000948844202D004EB080004B2064884422D
:1069C00002D10198BDE8FC9F0198844201DD204678
:1069D000F8E70198F6E7000001E0FFFF010004007E
:1069E00010B50446206819F0C3FC606819F0C0FCBB
:1069F000A06819F0BDFCE06819F0BAFC10BD0000F9
:106A00002DE9F34F87B00C4607980BF057FC8046F2
:106A1000404600F0FBFE60616169480019F02CFC03
:106A200060606169480019F027FCE060002548E0DB
:106A30005948029038F9150041F69A7188423FD1C1
:106A40000020019029E0019907981BF0F6FC0090C6
:106A5000524900981DF009FC00B11BE000980BF0B2
:106A6000F5FC8246BAF1010F00D013E000980BF05C
:106A7000DDFC8346AB4500D00CE000981BF0F2FD36
:106A80000299884201DA029802E000981BF0EAFDC0
:106A9000029000BF0198401C019007981BF0EBFC8E
:106AA00001998842CFD80298002804DB0298E16857
:106AB00021F8150003E00020E16821F8150000BF6F
:106AC0006D1C6069A842B3D80026B14600251BE0C2
:106AD00038F9150041F69B71884202DB411A0E44D9
:106AE00011E041F69A71884206D1E16831F815103B
:106AF00049440FFA81F906E0E16821F8150009EB35
:106B000000010FFA81F96D1C6069A842E0D80021EC
:106B100007981DF03EF8069007981BF00FFD014600
:106B20006269521E069800FB121000B2059005988B
:106B3000A0EB090007B2002F00DA00274FF0FF306A
:106B4000049000200390002511E038F9150041F66B
:106B50009B7188420ADB421A11B207FB01F2B2FBB9
:106B6000F6F212B2E36823F8152000BF6D1C6069CD
:106B7000A842EAD8049800280ADB0398301A784320
:106B8000B0FBF6F0381A01B2E268049822F810104F
:106B900009B0BDE8F08F000001E0FFFF0100060032
:106BA0007CB504460D46164628882189084400B263
:106BB000ADF8000068886189084400B2ADF80200B1
:106BC000A8882189084400B2ADF80400E8886189EA
:106BD000084400B2ADF806003246694620466369B3
:106BE00098477CBDF8B505460E462C46206B10B183
:106BF000206B007818B9606B08B90120F8BD606B94
:106C000058B1284622F05BFF0746104909688847BB
:106C1000616B884201D30020F0E7206B98B100201F
:106C200000900AE069460A4A206B126890470746BE
:106C3000B74201D10120E1E700BF206B0099405C21
:106C40000028EFD1DAE70120D8E700005C0200203D
:106C50004C0200202DE9FF4F8FB00F46209DF878A1
:106C600000F0010008B1FA4800E0FA480E90F87808
:106C700000F0010008B1F84800E0F8480D90F878FD
:106C800000F0010008B9F44800E0F4480C9001203D
:106C90000B90B5E000220B9200206A88B5F804C082
:106CA000A2EB0C0211B200261AE006EB860CEA6891
:106CB00002EB8C02127C02F0010242B906EB860C58
:106CC000EA6802EB8C029289024410B207E006EBFC
:106CD000860CEA6802EB8C0212898A1A11B2761CC1
:106CE0002A69B242E1D8002685E006EB860CEA6804
:106CF00002EB8C02127C02F00102002A7AD191FB95
:106D0000F0F80FFA88F306EB8609D5F80C8008EB4B
:106D10008908B8F80C8008FB03F80FFA88F206EB34
:106D20008609D5F80C8008EB8908B8F9049006EBC1
:106D3000860AD5F80C8008EB8A08B8F906809045D9
:106D400001DD904607E006EB860AD5F80C8008EBDB
:106D50008A08B8F90680C14508DD06EB8609D5F832
:106D60000C8008EB8908B8F9048013E006EB86096B
:106D7000D5F80C8008EB8908B8F90680904501DD4C
:106D8000904607E006EB8609D5F80C8008EB8908E9
:106D9000B8F90680C44694450BD04FF0010806EBC5
:106DA000860AD5F80C9009EB8A09C9F81080CDF84D
:106DB0002C8006EB8609D5F80C8008EB8908A8F82A
:106DC00008C006EB8609D5F80C8008EB8908B8F8EE
:106DD0000C80A0EB08080FFA88F006EB8609D5F8BE
:106DE0000C8008EB8908B8F80880A1EB08080FFAB6
:106DF00088F100BF761C2A69B2423FF676AF00BF29
:106E00000B9800287FF446AF00210F981CF008FB78
:106E1000012800D100E000200A900020099008908D
:106E200008A809A9CDE9001029890BB2B5F90220FB
:106E300038781E9924F05BFEF87800F0010048B124
:106E40000A9838B10F981BF098FBBDF8241008443D
:106E500000B2099011990F981BF0EFFA04468AE1ED
:106E60007F4920461DF001FA40B1F878C0F3800157
:106E700011AA0F980BF05DF804467CE10021204632
:106E80001CF092FB07900798002858D00020039030
:106E9000002610E006EB8601E86850F82100A042C9
:106EA00008D106EB8600E96801EB8000B0F9080024
:106EB000039003E0761C2869B042EBD800BFF87855
:106EC00000F0010030B1608C20F4806000F580603B
:106ED000608405E0608C20F4007000F50070608430
:106EE00004F114000D9988470399884226D0204662
:106EF0001DF04DFD00BFA08AADF80400E08AADF89A
:106F00000600208BADF80800608BADF80A0000BFCA
:106F100004F114000E9A0399904701AA29212046F2
:106F200015F078F920461BF0EDFB22462221009057
:106F300015F070F920461DF02AFD00BF07E0608CB7
:106F400020F480606084608C20F4007060840020F5
:106F500006907878012812D0022819D104F1140083
:106F60000C998847B5F90010491C21F00101081A55
:106F7000039000EBD070401000B2069009E004F1DD
:106F800014000C9988472988081A00B2069000E07E
:106F900000BF00BFF87800F0010050B10A9840B17E
:106FA00004F114000D998847BDF82410081A00B2A6
:106FB00009900020039043F20C02204603991CF034
:106FC000C5FE029002980FFA80F800BF00200390DF
:106FD00043F20D02204603991CF0B8FE029002987D
:106FE0000FFA80F900BF20461DF0D7F80590204623
:106FF0001BF038FB049008F4C040B0F5005F01D1ED
:10700000012000E0002030B128F4C040B0F5FA6F54
:1070100001DC012000E0002090B128F4C040B0F570
:107020007A7F04DD28F4C040C0F57A7001E028F4CE
:10703000C04005994843642190FBF1F00FFA80F8B5
:1070400009F4C040B0F5005F0CD101200BE0000056
:10705000F35A0108E75A0108335A01082359010875
:1070600001000600002030B129F4C040B0F5FA6FED
:1070700001DC012000E0002090B129F4C040B0F50F
:107080007A7F04DD29F4C040C0F57A7001E029F46C
:10709000C04004994843642190FBF1F00FFA80F955
:1070A000A18A1C98401A40440FFA80FAE18A1D9880
:1070B000401A48440FFA80FBF87800F0010010B144
:1070C000BDF9240000E0069850440FFA80FAF878E1
:1070D00000F0010008B1069801E0BDF92400584411
:1070E0000FFA80FBBAF1000F02D1BBF1000F1BD0E9
:1070F00020461DF04CFCA08A504400B2A082208B98
:10710000504401B22183E08A584401B2E182608B8D
:10711000584401B2618320461DF039FC01235A46D0
:10712000514620461DF010FDF87800F0010008B12E
:107130000A9870B904F114000D9988471F99084402
:10714000BDF820100844BDF82410084400B209908E
:1071500008E0BDF820101F980844BDF82410081A54
:1071600000B20990F878C0F3800111AA0F980AF0D4
:10717000E0FE044600BF24B1DDE9111081427FF436
:107180006FAE13B0BDE8F08F2DE9F04F8DB005461E
:107190008946B9F1000F02D10DB0BDE8F08FA5F816
:1071A0001890286810B1286819F0FAF809EB49011D
:1071B000062202EB410019F025F8286000BF28687C
:1071C00018B900BF00BF00BFFEE700BF28686860B5
:1071D0000221286801FB0900801CE860042128685E
:1071E00001FB0900001DA860B9F1010F0CD1B4200A
:1071F000696808700020E96808800120E968488013
:107200000020A9680880C7E709F10101C80019F04A
:1072100033F8074609F1010007EB80084FF0000A38
:107220004FEA890002B20BA90CA800F067F900240C
:10723000BDF930008010079000200390CCE00026BC
:1072400016E00BA90CA800F061F90CA800F04BF9AE
:1072500000B90FE0BDF93000801007A941F8260001
:10726000BDF8300000F0030003A941F82600761CA9
:10727000042EE6DB00BF042E00D0B3E00A99079885
:10728000884219D1079800B227F814000FFA8AF043
:1072900028F81400DDE9030108440599084406991B
:1072A0000844696808556868005D0007000E696851
:1072B0000855601C04B28DE0DDE9070188422CD03E
:1072C000079800B227F814000FFA8AF028F8140083
:1072D0000398696808556868005D0007000E6968D2
:1072E0000855601C04B20798401E00B227F814002D
:1072F0000FFA8AF028F814000498001D0599084434
:1073000006990844696808556868005D0007000E22
:1073100069680855601C04B25CE0099907988842C6
:107320002CD0079800B227F814000FFA8AF028F83A
:107330001400DDE903010844696808556868005DC8
:107340000007000E69680855601C04B20798401ECB
:1073500000B227F814000FFA8AF028F814000598F4
:10736000083006990844696808556868005D000798
:10737000000E69680855601C04B22BE0079800B243
:1073800027F814000FFA8AF028F81400DDE9030149
:10739000084405990844696808556868005D000755
:1073A000000E69680855601C04B20798401E00B2C0
:1073B00027F814000FFA8AF028F8140006980C3009
:1073C000696808556868005D0007000E696808551F
:1073D000601C04B20AF1010A0CA800F084F800282D
:1073E0007FF42DAF00BF40F2D32109FB01F00290E2
:1073F000029880120190601E37F9101001988142A6
:1074000005D1601E38F910100198814226D0DDE9BF
:107410000121A1EB8220B0F5007F04DC00FB00F12C
:107420004800001407E0C0F5806000FB00F1480050
:107430000014C0F10F00019909B227F81410019946
:1074400009B228F814106A6810556968095D0907BF
:10745000090E6A681155611C0CB200BFA61E0EE031
:1074600038F8160027F8140037F8160028F814002A
:107470006868805D69680855761E601C04B2002E3D
:10748000EEDA4FF0000B00260020E968088023E0C8
:10749000E96821F81B6037F81600A96821F81B007D
:1074A00010E0A86830F81B0037F91610884203DA9C
:1074B000A86830F81B0001E037F91600A96821F828
:1074C0001B00761C38F91600584501D1A642E8DBAE
:1074D0000BF101000FFA80FBA642D9DB384618F009
:1074E00047FF00BF58E60146B1F90200B1F900209C
:1074F000904201DC012070470020FCE7028000235D
:107500004380C2F101031BB20B807047B1F9002028
:10751000002A07DC0B8842885200D21C1A4412B29F
:107520000A800CE042880388D21A5200521D0B8850
:107530001A4412B20A800288521E12B20280428895
:10754000521C12B24280704737B582B01546022DE8
:1075500004DCBDF80C10084605B030BDBDF80C00C9
:10756000C00ABDF8081000EBD1241F2C01D2204620
:1075700000E01F20BDF8081060F3CF210291BDF894
:107580000C00C0F34510BDF80810C1F345114418B4
:107590003F2C01D2204600E03F20BDF8081060F3E8
:1075A0004A110291BDF80C0000F01F00BDF8081050
:1075B00001F01F0144181F2C01D2204600E01F20BB
:1075C000BDF8081060F304010291FF2D03D1BDF84E
:1075D00008100846C0E72A46DDE9020110F0AEFBBC
:1075E0000190BDF804100846B6E717B581B01446FF
:1075F000022C04DCBDF80810084604B010BDBDF82C
:107600000400C00ABDF80810C90A48434109BDF882
:10761000040061F3CF200190BDF8040000F01F00CA
:10762000BDF8081001F01F0148434109BDF80400EE
:1076300061F304000190BDF80400C0F34510BDF8EB
:107640000810C1F3451148438109BDF8040061F3F6
:107650004A100190FF2C03D1BDF804100846CCE776
:107660002246DDE9010110F069FB0090BDF8001031
:107670000846C2E737B582B01546022D04DCBDF8D6
:107680000C10084605B030BDBDF80C00C00ABDF8AE
:107690000810A0EBD124002C01DD204600E00020E2
:1076A000BDF8081060F3CF210291BDF80C00C0F3C3
:1076B0004510BDF80810C1F34511441A002C01DD36
:1076C000204600E00020BDF8081060F34A11029146
:1076D000BDF80C0000F01F00BDF8081001F01F01FC
:1076E000441A002C01DD204600E00020BDF80810FF
:1076F00060F304010291FF2D03D1BDF80810084684
:10770000C0E72A46DDE9020110F018FB0190BDF840
:1077100004100846B6E708B50346009300984840B1
:1077200080EA620008BD2DE9F84F8046404614F01B
:107730006BFD8246404614F006FD064650461AF0A0
:10774000E1FF81462B2E09D1484621F0B6FD0446C3
:1077500000222146484621F0BDFD3AE00A2E38D1EC
:10776000694650461BF050F850461AF006FF044692
:10777000002148461BF061FE01280AD1204604EB97
:10778000D071BDF90020C2EB610191FBF4F10DB2A3
:1077900009E0204604EBD071BDF9002002EB610145
:1077A00091FBF4F10DB2002D00DA002500274846C8
:1077B00021F083FDA84200D0012701222946484636
:1077C00021F088FD27B100221C21484614F022FD3B
:1077D00000BFBDE8F88F10B58060C0600023036172
:1077E000002110E0002400F1140343F8214000229E
:1077F00006E000F1380303EBC11343F82200521CEA
:10780000202AF6DB491C0929ECDB10BD01460020CB
:1078100000E0401C31F9102041F6FF739A42F8D184
:1078200070477CB506460D4634465020005D00F09A
:107830000100A84233D00DB1012000E0002050210A
:10784000095D60F300015020015504F144016846D0
:107850000EF02DF8BDF80000616A898A084400B274
:10786000ADF80000BDF80210606AC08A084400B29A
:10787000ADF80200BDF80400616A898A084400B2CC
:10788000ADF80400BDF80610606AC08A084400B272
:10789000ADF80600694630461DF0B3F800BF7CBD68
:1078A00037B582B0054614462146039810F081F89A
:1078B0000190BDF80410084605B030BD2DE9FF4F1A
:1078C0008DB005460E461446F07A022803DC0120EE
:1078D00011B0BDE8F08F3089326901460C901098E4
:1078E000FCF732F907460FB90020F1E7397D01F0C6
:1078F0001F0015F016FD10B14FF006080AE0397DA3
:1079000001F01F0015F0F0FC10B14FF0050801E088
:107910004FF00408386A38B100BF00BF214628463E
:107920003A6A25F0AEFEDEE0B869002859D021465B
:107930000BA80DF07DFF308818B97088B0F5807FF6
:1079400032D020460EF044F8834600BFE0886188BC
:10795000401A401C00B20890301D7188CDE900101B
:10796000308803B259460BA8089AFBF717FCBDF8FC
:107970002C002188084400B2ADF82C00BDF82E0080
:107980006188084400B2ADF82E00BDF830002188AF
:10799000084400B2ADF83000BDF8320061880844F8
:1079A00000B2ADF8320000BF0BAA09A8A968FBF726
:1079B0004BF88146B9F1000F04D1384601F0EBFBDA
:1079C000012085E7D5F808A009A8A860CDF80080B7
:1079D000224631462846BB6911F088FAC5F808A04E
:1079E00081E022460BA8A968FBF72EF80A900A98B6
:1079F00020B9384601F0CFFB012069E70BA80DF054
:107A0000E7FF09900BA80DF0E3FF00EB40000390A7
:107A100018F032FC8146D5F808A00BA907A80DF094
:107A200007FF012107A80EF05EF8BDF92C00B4F99C
:107A30000010401A0690BDF92E00B4F90210A0EB18
:107A4000010BBDF92E00059042E007AA514602A89D
:107A5000FAF7FAFF0A900A9800B936E0CDF80090DC
:107A6000099803B20FFA8BF2069801B2384616F065
:107A700085F90490049801280ED0384616F09EF837
:107A800000BF00BF484618F073FC384601F083FB86
:107A9000C5F808A000201BE702A8A8604B4607AA6B
:107AA00031462846CDF8008011F020FABDF81E00BE
:107AB000401C00B2ADF81E00BDF82200401C00B210
:107AC000ADF822000BF1010B00BF0598401C05909A
:107AD000BDF9321005988142B7DAC5F808A04846CA
:107AE00018F046FC00BF384601F055FB0120EFE6D8
:107AF00000BF00BF7047F8B506460C461546009516
:107B0000E788BBB2A788BAB26788B9B22788B8B28B
:107B1000F9F73EF8304610F07DFEF8BD10B5F9F7E4
:107B20009DF910BDF8B505462C4616F02DFC06460D
:107B3000206B22F017FA3168898B88422CD2606A58
:107B4000009094F83C0000F0030020B1012806D01A
:107B500002280CD107E00020ADF8000007E0642007
:107B60008DF8020003E064208DF8030000BF00BF21
:107B7000304616F0CDFD2846009910F0ECFC50B1CF
:107B800000221C21284614F045FB0746012F01D096
:107B90003846F8BD00BF00BF22F0F1F92063012094
:107BA000F7E700002DE9F04F9BB0074689461646DF
:107BB000BA4617A810F016FF4FF4A02138461BF064
:107BC000DFFB9DF8691060F382018DF86910304683
:107BD0000DF036FF054600EBD5704FEA600830889F
:107BE000404400B2ADF858007088404400B2ADF88F
:107BF0005A00002138461BF076FD1590494603A82F
:107C00001AF0D0F917A80B904FF4003010903348B9
:107C10000490002005900AF13000FCF791FA044628
:107C200057E02079032800D04DE0208BADF85C00B0
:107C3000208A00B2ADF85E006079FD2801DD15985C
:107C400003E060791599484300128DF868002568B3
:107C5000B5F92000E98B08440090B5F92030D5E94A
:107C60000512A06818F0BAFA8346B5F92000E98B2E
:107C700008440090B5F92030D5E90512E06818F005
:107C8000ADFA0290608B404400B2ADF84800149405
:107C900016A80C9003AA1A21384614F0BBFA0298D1
:107CA00080B21FFA8BF1CDE90010BDF8480083B215
:107CB00016AA17A9484610F077FE03AA1B213846DA
:107CC00014F0A8FA00BF21460AF13000FCF732FA9E
:107CD0000446002CA5D11BB0BDE8F08FBC210308E1
:107CE00070B504460D4600222946204607F07EFE68
:107CF00001222946204607F079FE02222946204625
:107D000007F092FC04222946204607F08DFC70BD46
:107D10002DE9F74F9EB00C46E078022802DC21B036
:107D2000BDE8F08F1CA820990DF094FDB4F9200057
:107D300001282EDD94F82200FD282ADB208840B39C
:107D4000BDF8700014F8231F4908C1F380010844EE
:107D500000B2ADF87000BDF8720021784908C1F397
:107D60004001084400B2ADF87200BDF874002178FB
:107D70004908C1F3C001401A00B2ADF87400BDF863
:107D8000760014F82319C1F34001401A00B2ADF88F
:107D900076001E981CA982681AA8FAF755FE00B949
:107DA000BDE7E07B00F0070616B9A088199001E056
:107DB000E0881990BDF864106089814200D10026E6
:107DC0001CA811F0F9FF18901C2111A8F8F762FA0D
:107DD000A0788DF85D00BDF86400ADF84C001898EF
:107DE00060B9208850B94EB91CA81190E0788DF880
:107DF0005C0011A91E9812F08FFE90E7E078FD2834
:107E000001DBFF2000E0E07810901CA80DF00AFED6
:107E10000F901CA80DF07EFD0E90DDE90E01814251
:107E200001DA0F9800E00E980D90B4F900100D984B
:107E3000B1EB600F02DAB4F9000001E00D984010D8
:107E400007461AA80DF0EEFD81464FF0FF300C906A
:107E500000200B90002F01DC189870B1484618F0F4
:107E60000BFA0B9000233AB21CA905A812F01CFBD8
:107E7000002105A811F09AFC0C90BDF86800ADF83F
:107E80000C00BDF86C00ADF810000B98149003A81E
:107E900011901690FF208DF85C00A01DDDE90E21E9
:107EA00014F012FE8046B8F1000F0CD0022E0AD159
:107EB000BDF96810D8F8080000EB4100BDF970105A
:107EC000A0EB410012901898A0B3BDF96A502CE0C5
:107ED00028B2ADF80E0028B2ADF812004A4610994B
:107EE0000B9818F03AFCBDF968100FFA89F32AB222
:107EF0000B9811F011FF8DF854009DF854000128E3
:107F000002D102208DF85400012E09D1BDF9721062
:107F1000691AD8F8080000EB41000088ADF84C0061
:107F200011A91E9812F0F8FD6D1CBDF96E00A84253
:107F3000CEDACCE0FFE700255CE0BDF87200284413
:107F40000FFA80FABDF87600401B0FFA80FBBDF9EE
:107F50006A00504504DDBDF96E00584500DA48E07E
:107F60004A4610990B9818F0F8FBBDF90C100FFA5F
:107F700089F352460B9811F0CFFE8DF854009DF80E
:107F80005400012802D102208DF85400BDF96A0086
:107F9000504514DCADF80EA0ADF812A0012E0AD1A8
:107FA000BDF97210AAEB0101D8F8080000EB4100FE
:107FB0000088ADF84C0011A91E9812F0ADFDBDF976
:107FC0006E00584514DBADF80EB0ADF812B0012EBE
:107FD0000AD1BDF97210ABEB0101D8F8080000EB33
:107FE00041000088ADF84C0011A91E9812F094FDD4
:107FF00000BF6D1CBD42A0DBBDF87000ADF80400F1
:10800000BDF87400ADF80800BDF87200384400B245
:10801000ADF80600BDF87600C01B00B2ADF80A004E
:1080200001A811F0C9FE00900098B0B9AEB9BDF832
:108030007200384400B2ADF80E00BDF87600C01BE7
:1080400000B2ADF8120010988DF85C00002014907A
:1080500011A91E9812F060FD38E010988DF85C00B0
:1080600001208DF85400BDF97600A0EB070ABDF998
:108070007200C51927E0009870B14A4610990B9814
:1080800018F06BFBBDF968100FFA89F32AB20B9850
:1080900011F042FE8DF8540028B2ADF80E0028B25F
:1080A000ADF81200012E09D1BDF97210691AD8F885
:1080B000080000EB41000088ADF84C0011A91E98A3
:1080C00012F02AFD6D1C5545D5DD00BF00BF0B9891
:1080D00010B10B9818F04CF90C98401C28B10C9872
:1080E00012F0CAFA05A811F043FEB8F1000F02D051
:1080F000404614F0E0FC00BF11E62DE9F0478EB0D9
:1081000007460C461546206910B90EB0BDE8F08749
:10811000A07E022800DCF8E7206916F0D3F80646B6
:10812000022E55D1002041F6FF71CDE900010290E9
:1081300003460DA8D4E9041222F012FB28460DF0E4
:1081400071FC814600EBD970298801EB6000BDF914
:10815000348008EBD871A0EB610000B2ADF82C00C0
:10816000BDF82C00BDF834100844401E00B2ADF834
:10817000300028460DF0CEFB814600EBD9706988AF
:1081800001EB6000BDF9368008EBD871A0EB61000F
:1081900000B2ADF82E00BDF82E00BDF83610084430
:1081A000401E00B2ADF8320003A811F087FA6069F2
:1081B0000390208BADF81800A07E8DF826000020DB
:1081C00000900BAA03A93846236910F0C3FEAEE065
:1081D0000DA9206915F01EFD8046B8F1010F02D0EF
:1081E00000BF00BF91E707A810F097FEA0788DF8B8
:1081F0002800208BADF82400E07E8DF82600A07EBC
:108200008DF82700207FE8BB28460DF00BFC824646
:1082100000EBDA70298801EB60000D99C1F38A291F
:1082200009EBD971A0EB610000B2ADF8140028464B
:108230000DF070FB824600EBDA70698801EB60009C
:108240000D994FEA515909EBD971A0EB610000B2C9
:10825000ADF81600BDF814000D99C1F38A21084449
:10826000401E00B2ADF81800BDF816000D9900EBE5
:108270005150401E00B2ADF81A0005AA07A93846B1
:10828000236900E002E010F0F9FD4FE06888ADF8E6
:108290001600BDF816000D9900EB5150401E00B2BB
:1082A000ADF81A003BE02888ADF81400BDF81400C2
:1082B0000D99C1F38A210844401E00B2ADF81800A0
:1082C00017E005AA07A93846236910F0D7FDBDF8C5
:1082D00014000D99C1F38A21084400B2ADF81400CE
:1082E000BDF818000D99C1F38A21084400B2ADF819
:1082F0001800BDF91400B5F904108842E1DDBDF89D
:1083000016000D9900EB515000B2ADF81600BDF803
:108310001A000D9900EB515000B2ADF81A00BDF9EA
:108320001600B5F906108842BDDD00BF00BF00BFD2
:10833000EBE62DE9F04F87B083460C46164694F8DD
:108340002200022802DC07B0BDE8F08F208C00B9C3
:10835000F9E794F82300C0F3440000B9F3E794F878
:10836000230000F0010000B1EDE730460DF05AFBAC
:10837000814630460DF0CEFA0746B4F90050B945B3
:1083800001DA484600E038468246B5EB6A0F01DD67
:108390004FEA6A05314605A80DF05CFABDF91410E4
:1083A00094F82300400800F0040010B1B4F9200054
:1083B00003E0B4F9200028444042084400B2ADF87C
:1083C0001400BDF9181094F82300400800F00800CC
:1083D00010B1B4F9200003E0B4F920002844404271
:1083E000081A00B2ADF81800BDF9161094F8230071
:1083F000400800F0020010B1B4F9200003E0B4F925
:10840000200028444042084400B2ADF81600BDF9EF
:108410001A1094F82300C0F3400010B1B4F9200002
:1084200003E0B4F9200028444042081A00B2ADF835
:108430001A00208C281A0FFA80F8B8F1000F01DA20
:108440004FF00008A07894F82210CDE90210E08BDC
:10845000ADF804002BB205AA31465846CDF800808D
:1084600000F002F800BF6EE72DE9FF4FA3B00D4604
:1084700016461F463298FF2801DBFF2000E03298A5
:108480003290284611F098FC2290229868B967B97A
:10849000309850B93298009032462946319B239843
:1084A00000F0A9FA27B0BDE8F08F2398294682682A
:1084B00020A8FAF7C9FA00B9F4E720A80DF0B2FA3B
:1084C00081461C2119A818F082F9484617F0D4FEFD
:1084D0001C904FF0FF301890002F0ADD00233A4621
:1084E000294612A811F0E0FF002112A811F05EF950
:1084F0001890012331460CA8309A11F0D5FF0021C5
:108500000CA811F053F90B9009A819901E90BDF812
:10851000C400ADF86C0032988DF87C0033988DF86B
:108520007D00B5F900003844B6F90010884203DD3B
:10853000B5F90000384401E0B6F9000000B2ADF82A
:108540001C00B5F90400C01BB6F90410884203DA18
:10855000B5F90400C01B01E0B6F9040000B2ADF8A3
:108560002000B5F902003844B6F90210884203DD54
:10857000B5F90200384401E0B6F9020000B2ADF8E6
:108580001E00B5F90600C01BB6F90610884203DAD2
:10859000B5F90600C01B01E0B6F9060000B2ADF85F
:1085A000220007A80DF03EFA0690B5F90200B6F9D0
:1085B0000210884201DC012000E000208246B5F96B
:1085C0000600B6F90610884201DB012000E0002019
:1085D0008346229800284CD0BDF88000ADF82400D6
:1085E000BDF88400ADF82800BDF9824029E0BAF159
:1085F000000F04D1BDF91E00A04200DD20E0BBF158
:10860000000F04D1BDF92200A04200DA1DE020B223
:10861000ADF8260020B2ADF82A0049461C9818F0A3
:108620000DF9BDF980100FFA89F322B21C9811F0F0
:1086300073FB8DF8740019A9239812F06DFA00BF2E
:10864000641CBDF98600A042D1DA00BF0CA811F06D
:108650008FFB0B9812F010F81898401C28B112A844
:1086600011F086FB189812F007F81C9817F080FE9E
:1086700018E7B5F90000B6F90010884201DC0120C6
:1086800000E000200590B5F90400B6F90410884216
:1086900001DB012000E000200490012003900598F8
:1086A00060B1049850B1BAF1000F07D0BBF1000FD0
:1086B00004D00698322801DA0020039001208DF8BA
:1086C0007400BAF1000F15D0039898B1BDF81C00E2
:1086D000ADF82400BDF82000ADF828006888ADF89A
:1086E00026007088401E00B2ADF82A0019A9239810
:1086F00012F012FABBF1000F15D0039898B1BDF833
:108700001C00ADF82400BDF82000ADF82800F0886A
:10871000401C00B2ADF82600E888ADF82A0019A97F
:10872000239812F0F9F9059898B12888ADF824003B
:108730003088401E00B2ADF82800BDF81E00ADF82C
:108740002600BDF82200ADF82A0019A9239812F0DE
:10875000E3F9049898B1B088401C00B2ADF8240049
:10876000A888ADF82800BDF81E00ADF82600BDF8B9
:108770002200ADF82A0019A9239812F0CDF9039828
:10878000F0BBBDF88000ADF82400BDF88400ADF862
:108790002800B5F90200B6F90210401AB84201DA11
:1087A000384604E0B5F90200B6F90210401A00B2EA
:1087B0000290002442E06888204400B20190E888DA
:1087C000001B00B20090BDF982100198814205DDC6
:1087D000BDF986100098814200DA2EE049461C98C7
:1087E00018F02CF8BDF924100FFA89F3019A1C989F
:1087F00011F092FA8DF87400BDF98210019800E032
:1088000020E0814209DC0198ADF826000198ADF81E
:108810002A0019A9239812F07FF9BDF98610009853
:10882000814209DB0098ADF826000098ADF82A00D7
:1088300019A9239812F070F900BF641C02988442B1
:10884000B9DBC7E0BDF88000ADF82400BDF98410A5
:10885000BDF91C00401E814202DABDF9840002E02D
:10886000BDF91C00401E00B2ADF8280009A80DF0AB
:10887000D9F88046B8F1000F48DD059810B9BAF173
:10888000000F1ED0BDF9824017E020B2ADF82600DF
:1088900020B2ADF82A0041461C9817F0CFFFBDF971
:1088A0002410434622B21C9811F036FA8DF8740059
:1088B00019A9239812F030F9641CBDF91E00A042DA
:1088C000E3DC059810B9BBF1000F1FD0BDF9220001
:1088D000441C17E020B2ADF8260020B2ADF82A0003
:1088E00041461C9817F0AAFFBDF92410434622B256
:1088F0001C9811F011FA8DF8740019A9239812F040
:108900000BF9641CBDF98600A042E3DABDF98010C2
:10891000BDF92000401C814202DDBDF9800002E06B
:10892000BDF92000401C00B2ADF82400BDF8840061
:10893000ADF8280009A80DF075F88046B8F1000FD1
:1089400048DD049810B9BAF1000F1ED0BDF982407D
:1089500017E020B2ADF8260020B2ADF82A0041465B
:108960001C9817F06BFFBDF92410434622B21C98E7
:1089700011F0D2F98DF8740019A9239812F0CCF8EF
:10898000641CBDF91E00A042E3DC049810B9BBF1E1
:10899000000F1FD0BDF92200441C17E020B2ADF833
:1089A000260020B2ADF82A0041461C9817F046FF79
:1089B000BDF92410434622B21C9811F0ADF98DF890
:1089C000740019A9239812F0A7F8641CBDF9860059
:1089D000A042E3DA0CA811F0CBF90B9811F04CFE91
:1089E00012A811F0C5F9189811F046FE1C9817F05E
:1089F000BFFC00BF56E52DE9FF4F89B080460C460D
:108A00001546DDF858901C21684617F0E0FE07A8CF
:108A10000090BDF83000ADF808008DF81890B4F95A
:108A20000200B5F90210884201DC012000E00020BC
:108A30000646B4F90600B5F90610884201DB0120AC
:108A400000E000200746B4F90000B5F900108842A4
:108A500001DC012000E000208246B4F90400B5F9F1
:108A60000410884201DB012000E0002083462088BA
:108A7000ADF81C00A088ADF820006088ADF81E009D
:108A80006888401E00B2ADF822001EB1694640461B
:108A900012F042F8E888401C00B2ADF81E00E088F1
:108AA000ADF822001FB16946404612F035F8208823
:108AB000ADF81C002888401E00B2ADF8200016B1A9
:108AC000B5F9020001E0B4F90200ADF81E0017B1DB
:108AD000B5F9060001E0B4F90600ADF82200BAF1DC
:108AE000000F03D06946404612F016F8A888401CD3
:108AF00000B2ADF81C00A088ADF82000BBF1000F5B
:108B000003D06946404612F007F80DB0BDE8F08F7B
:108B10002DE9FF4F93B00746904699464FF6FF70F8
:108B2000804502D117B0BDE8F08F3E46746A208CB4
:108B30001290208C484506D0A4F82090608C20F03C
:108B40000400001D60844FF4802120461BF0CBF907
:108B500011904FF4802120461BF035FA05461198FC
:108B600013F0B6FC8246384609F0E9F88346BBF8B4
:108B70001600ADF83E00BDF93E000AEB050108FB0A
:108B8000010000B2ADF83E00284605EBD071BDF8FB
:108B90003E20A2EB610109B2ADF83E10BDF83E00E7
:108BA00050442844401E00B2ADF84200706A808AEA
:108BB000ADF83C00706A008BADF8400001A811F0E0
:108BC00089FD01AA4FF4802120461BF031FD0FAA38
:108BD00001A9149811F062FD12982084608C20F095
:108BE0000400608400BF9DE72DE9F04F91B0074677
:108BF0000D46904699464FF6FF70804502D111B060
:108C0000BDE8F08F1097109F7C6A208C0F90208C0D
:108C1000484506D0A4F82090608C20F00400001D88
:108C2000608407A810F04AFD07AA4FF4802120466F
:108C30001BF023FC4FF4802120461BF0C4F9ADF853
:108C40002E00384609F07BF8064606B9D7E70798A4
:108C500013F03EFC8246F08AADF81600BDF916000E
:108C6000BDF92E10514408FB010000B2ADF816000A
:108C7000BDF92E0000EBD071BDF81620A2EB61010A
:108C800009B2ADF81610BDF816005044BDF82E100C
:108C90000844401E00B2ADF81A00A08AADF81400D6
:108CA000208BADF8180005AA03A8A968F9F7CCFE37
:108CB0008346BBF1000F13D0A868029003A8A860F8
:108CC000304616F095FA01900020009006F114024B
:108CD00007A92846019B10F03DF90298A86000BF43
:108CE0000F982084608C20F00400608400BF86E729
:108CF0002DE9F0410546354800680FF0A5FD044612
:108D00002868866BF06A10B13046F16A884720689F
:108D100090B1606880B10CE02C4800680068806AFF
:108D200038B12A4A12681068284A12681268916A93
:108D3000884720690028EFD101202061234800687E
:108D40000068C068806900F0010050B11F480068E9
:108D50000068C0688069C0F3400010B10120606104
:108D600001E000206061606908B1012000E000209E
:108D700007462868406998B12868007CC0F3011054
:108D800048B12868007CC0F3800020B1D6E900100B
:108D900000F01EF804E0D6E900212868FDF700FF86
:108DA000206880B1606870B12868007C00F0010024
:108DB00000B147B12168A068884202D16068A06014
:108DC00001E02068A060BDE8F0810000C000002044
:108DD0002DE9F34F83B0044688480068056887484A
:108DE00000680068007CC0F3400040B1287CC0F3FC
:108DF000800020B100BF00BF05B0BDE8F08F287C27
:108E0000C0F3011002280AD121462846049A00F036
:108E100004F921462846049AFDF7C2FEEBE0287CBF
:108E2000C0F30110012804D0287CC0F301100328EE
:108E3000F4D100200290714800680FF005FD8246D1
:108E400020460CF0BEFD064620460CF047FD83464A
:108E50004FF4A050B0FBF6F000B2584505DA4FF4DD
:108E6000A050B0FBF6F000B200E058460190B4F913
:108E70000280287CC0F3011001280BD1688821886A
:108E8000401A401E00B2E080E088801B401C00B207
:108E9000608006E02088608060883044401E00B218
:108EA000E08000279EE0ABEB07010198814201DDE5
:108EB000019801E0ABEB07000FFA80F90120CAF836
:108EC000100047BBB34526DBB146297CC1F3011135
:108ED000032901D1012100E0002108463146049A0E
:108EE00000F00FF9287CC0F30110012807D1A4F885
:108EF000008008EB0600401E00B2A0803FE02888FA
:108F0000401EA0EB080000B2A080A088801B401C7F
:108F100000B2208033E0029820B94FF4205017F0BF
:108F2000ABF9029002980090297CC1F3011103294A
:108F300001D1012100E0002108464A463146049B48
:108F400000F0B2F8287CC0F3011001280AD108EB28
:108F5000070000B2208008EB07004844401E00B222
:108F6000A0800CE02888401EA0EB0800C01B00B2C7
:108F7000A080A088A0EB0900401C00B2208007EB75
:108F8000090058450DDBDAF8180000F0010040B187
:108F9000DAF81800C0F3400018B10120CAF8140034
:108FA00002E00020CAF81400029808B9049800E012
:108FB0000298024621462846FDF7F2FD04E0A86A21
:108FC00010B12846A96A8847DAF810000028F6D1BF
:108FD00006FB09F1049800EB4100049007EB09003F
:108FE00007B200BF5F45FFF65EAF029810B102986E
:108FF00017F0BEF900BF00BFFEE60000C000002071
:1090000018B5048800940C88048014880C801C888F
:109010001480BDF800401C8018BD2DE9FC5F05469A
:109020000C46164620460CF0CCFC824620460CF03E
:1090300055FC83460AFB0BF001900198471E4FF048
:10904000000811E006EB47000088009006EB47009F
:1090500006EB48010988018006EB4800BDF80010C6
:1090600001807F1E08F101084745EBD8B4F906904E
:1090700068886188401A401E00B2E0806888A0EBD2
:109080000900401E00B26080B4F90490288821884D
:10909000401A401E00B2A0802888A0EB0900401EA4
:1090A00000B22080BDE8FC9F2DE9F04704461D4634
:1090B000089F01FB02F0A0F1010C481E00FB02F822
:1090C00000231AE008EB03000CB1ACEB0000002613
:1090D0000FE0A946AD1C07EB400AB9F80090AAF8CA
:1090E00000900CB1104400E0801A06F101090FFA5B
:1090F00089F68E42EDDB581C03B29342E2DBBDE8F9
:10910000F0872DE9F04782460C46154600263BE0E5
:10911000002731E0601E801B0FFA80F8601EC01B24
:109120000FFA80F9BAF1000F12D007FB048C05EB9F
:109130004C0308FB049C05EB4C0209FB046C05EB9B
:109140004C0106FB047C05EB4C00FFF759FF11E0D6
:1091500009FB046C05EB4C0308FB049C05EB4C027B
:1091600007FB048C05EB4C0106FB047C05EB4C0073
:10917000FFF746FF781C07B2601C00EBD071B7EB1D
:10918000610FC7DB701C06B204EBD471B6EB610F44
:10919000BEDBBDE8F08710B50446204614F00EFD96
:1091A00010BD00002DE9F14F9EB01E9813F02CF871
:1091B00005462C461E9812F0CEFF1D90606A16F0F0
:1091C00017F807465020005D00F0010010B91FB0ED
:1091D000BDE8F08F0FA811F07DFA0FAA4FF4E0213F
:1091E00028461BF025FA04F144010DA80CF05FFBA2
:1091F000BDF83400616A898A084400B2ADF83400D1
:10920000BDF83610606AC08A084400B2ADF8360076
:10921000BDF83800616A898A084400B2ADF83800A8
:10922000BDF83A10606AC08A084400B2ADF83A004E
:109230000DAA0FA91D9811F031FA4FF4E02128462C
:109240001AF096F906464FF4E02128461AF0F8FB8A
:1092500030440FFA80F84FF4E02128461AF069FDF7
:1092600030440FFA80F900200B900C90E16CC81983
:109270001F49096888478246E06CC11952460BA80D
:1092800017F017F9BDF83400404400B2ADF83400CF
:10929000BDF83600484400B2ADF836004FF0000B80
:1092A000D4F824A040F25742594650461AF04EFDD9
:1092B000019001980A9002A810F000FA02AA4FF457
:1092C000E02128461BF0D9F89DF83F00022805DC74
:1092D000BDF81400BDF82810884207D000200BAB61
:1092E0000DAA02A900901D980FF034FE00BF6EE792
:1092F000400200202DE9F04FBDB005460E4600BFEC
:1093000000BFAB460BF13000FAF768FF10B13DB07B
:10931000BDE8F08F05F114023BA8B168F9F794FBA2
:1093200000B9F4E7B0683A903BA8B06035A810F0F7
:1093300011FA35AA4FF4E02128461BF005F927A8B9
:1093400011F0C8F99DF8DC008DF89F0047F6FF701A
:10935000ADF89C004FF4E02128461AF0EAFE0746DB
:1093600000EBD7704FEA60094FF4E02128461AF06D
:10937000E0FE074600EBD7704FEA600A314604A8CA
:1093800018F010FE24A80A9016A808904FF4E020C8
:10939000119069480590052006900BF13000FAF70E
:1093A000CFFE0446C0E00A2235A924A817F081F8B0
:1093B000382227A916A817F07CF8E088ADF89000AD
:1093C000E088ADF85C0039A80D9038A80E90607B5D
:1093D00000F0010020B1B4F90070B4F9028010E08F
:1093E000A08847F6FF71884200D197E0A28801ABC0
:1093F0002846A1680DF098FEBDF90470BDF90680FD
:1094000000BFA88A384407B2E88A40440FFA80F8BF
:10941000B9F1000F19D0BAF1000F16D0A7EB09006F
:1094200000B2ADF8080007EB090000B2ADF80C007F
:10943000A8EB0A0000B2ADF80A0008EB0A0000B27F
:10944000ADF80E0002A8079001E000200790207BF5
:1094500000F0030070B3207B00F0010010B1B5F9FB
:10946000140000E03846ADF8E400ADF8E680207B5B
:1094700000F0020010B1B5F9180000E03846ADF870
:10948000E000BDF8E600ADF8E20004AA1A21284683
:1094900012F0C0FE38AB39AA24A9304610F043F9C7
:1094A00002AA16A9304611F0F9F804AA1B21284691
:1094B00012F0B0FE207B00F00C0070B3ADF8E47049
:1094C000207B00F0040010B1B5F9160000E0404622
:1094D000ADF8E600BDF8E400ADF8E000207B00F058
:1094E000080010B1B5F91A0000E04046ADF8E200FE
:1094F00004AA1A21284612F08DFE38AB39AA24A9F5
:10950000304610F010F902AA16A9304611F0C6F83C
:1095100004AA1B21284612F07DFE00BF21460BF154
:109520003000FAF707FE0446002C7FF43CAF3A986F
:10953000B06000BFEBE60000841C03082DE9F14F8A
:109540009AB01A9812F060FE04461A9812F003FEC0
:10955000199020461AF021FE0746204619F082F89D
:10956000834607EBD771A28A02EB610109B2189119
:109570000BEBDB714A10E18A114409B2179107EB3A
:10958000D7714E1014A810F0E5F814AA0021204657
:109590001AF0DAFF4FF41D707043552190FBF1F083
:1095A000642190FBF1F000B2ADF85200BDF852001A
:1095B000801C00B2ADF8520000201390002120461C
:1095C00019F0EDFE0546002347F6FF7204F1140181
:1095D0000DA810F069FF00210DA810F0E7F80C901D
:1095E00000BFA08AADF82800E08AADF82A00208BE1
:1095F000ADF82C00608BADF82E0000BFBDF8280040
:10960000284400B2ADF82800BDF82C00401B00B281
:10961000ADF82C00BDF82A00284400B2ADF82A00AD
:10962000BDF82E00401B00B2ADF82E00012347F616
:10963000FF720AA904A810F037FF002104A810F057
:10964000B5F80390BDF952804FF0000A4FE0514643
:109650002046FCF705FA0090BDF80000ADF8500078
:109660001398C0F30F290FFA89F020F08BFF06EB57
:1096700008014843189901EBE03000B2ADF804004E
:109680000FFA89F020F06EFF06EB080148431799A6
:1096900001EBE03000B2ADF806000FFA89F020F0DF
:1096A00071FF711BA1EB08014843189901EBE030F1
:1096B00000B2ADF808000FFA89F020F053FF711BDB
:1096C000A1EB08014843179901EBE03001B2ADF876
:1096D0000A1002AB01AA14A9199810F024F80AF193
:1096E00003001FFA80FA139800F587601390BAF50B
:1096F000807FACDD0DA810F03BFB04A810F038FB18
:109700000C9810F0B9FF039810F0B6FF1BB0BDE83D
:10971000F08F00002DE9F04FA5B004460F46254616
:1097200004F1140123A8BA68F9F78EF9229022985F
:1097300010B925B0BDE8F08FB868219023A8B860B3
:109740000021204619F0EDFE1E90002120461AF05F
:1097500002F901461E98084400B21D9000212046DF
:109760001AF065FA01461E98084400B21C90204683
:1097700018F003FF7E35E9884843001200B21B90C1
:10978000204618F0DBFE29894843001200B21A90E7
:1097900017A80FF0DFFF17AA002120461AF0D4FE09
:1097A000394605A818F0FEFB002012908C48069060
:1097B0000020079017A80B904FF0FF301390002067
:1097C0000E900F9005AA1A21204612F023FD0020CA
:1097D00001903122204601991AF0B8FA00900098C1
:1097E00000F0FF0B00BF0021204619F09AFE049004
:1097F000002001903322204601991AF0A7FA009028
:10980000009800F0FF0800BF204619F021F80390EF
:10981000204619F017F9029035F87E09002865D026
:10982000E18A1C9801440298081A00B20190A08AAB
:10983000ADF88000208BADF87C004FF00009B5F842
:109840007E000FFA80FABBF1020F1ADD049800289F
:1098500017DD08F0020040B1002120461AF0E7F9B8
:1098600018B909F101000FFA80F908F0010040B1C0
:109870000021204619F092FF18B9AAF101000FFA51
:1098800080FA4E462FE01A987043B5F87E10491EB4
:1098900090FBF1F000B2ADF88200BDF882100198A3
:1098A000084400B2ADF88200BDF88200ADF87E0039
:1098B0004B4806900120079020A80E901FA80F90FB
:1098C000139605AA1A21204612F0A4FC1FAB20AA69
:1098D00017A938460FF027FF05AA1B21204612F0D2
:1098E00099FC701C06B25645CDDB00BFB5F8800070
:1098F000002865D0A18A1D9801440398081A00B277
:109900000190E08AADF88200608BADF87E004FF0E8
:109910000009B5F880000FFA80FABBF1020F1ADDDA
:109920000498002817DD08F0040040B1002120460B
:109930001AF011F818B909F101000FFA80F908F0CE
:10994000080040B1002120461AF0AEF818B9AAF17B
:1099500001000FFA80FA4E462FE01B987043B5F8CD
:109960008010491E90FBF1F000B2ADF88000BDF808
:1099700080100198084400B2ADF88000BDF8800066
:10998000ADF87C00164806900220079020A80E90A3
:109990001FA80F90139605AA1A21204612F03AFC30
:1099A0001FAB20AA17A938460FF0BDFE05AA1B2140
:1099B000204612F02FFC701C06B25645CDDB00BFCE
:1099C0004FF0FF30139000200E900F9005AA1B213E
:1099D000204612F01FFC2198B86000BFA9E60000E5
:1099E000841C03082DE9F14F9AB01A9812F0ABFBD2
:1099F00007461A9812F008FC05462C46122F7DD116
:109A00001A9812F0FEFB06463078022802D11BB0ED
:109A1000BDE8F08F94F8380000F00300032805D06B
:109A200094F8380000F00300022802D101203070C1
:109A3000EDE794F83800C0F38400042808D094F8C7
:109A40003800C0F38400012802D001203070DEE726
:109A50004FF0000A4622514628461AF077F919902D
:109A60001998C0B2FF2802D001203070CFE7002142
:109A700028461AF0E9FA8146208E8144B9F1000F98
:109A800002D001203070C2E7002128461AF01DFBE9
:109A90008046E08E00FB08F04FEA20281A9812F06A
:109AA000B0FB8346B8F5807F09D1002205F114018F
:109AB0005846F9F70AF8E8BB01203070A7E72846B6
:109AC00018F0D0FD824628461AF067FB179004F183
:109AD00032001FFA88F100235246CDE9001018A881
:109AE0001799F9F75BFBBDF86000A98A084400B23A
:109AF000ADF86000BDF86210E88A00E01DE008449F
:109B000000B2ADF86200BDF86400A98A084400B252
:109B1000ADF86400BDF86610E88A084400B2ADF8FC
:109B20006600002218A95846F8F7CFFF18B901209F
:109B300030706CE700E000BF19E2152F01D0182F3C
:109B4000FAD1002128461AF0C0FA8046E08E00FBC8
:109B500008F04FEA2028002128461AF075FA8246BC
:109B6000208E824428461AF018FB1990284618F0D7
:109B700079FD1890002641F23202314628461AF04B
:109B8000E5F80E900E9800B2814600BF41F6120231
:109B9000314628461AF0DAF80E900E9848440FFA2B
:109BA00080FB00BF41F61302314628461AF0CEF87A
:109BB0000E900E98484400B2179000BF41F6100274
:109BC000314628461AF0C2F80E900E98484400B26A
:109BD000169000BF41F61102314628461AF0B6F839
:109BE0000E900E98484400B21590608E584400B212
:109BF000ADF85000A18E1698084400B2ADF852009E
:109C000094F8390000F00300012804D112A9284675
:109C100018F0D2FC27E014A91FFA88F00FFA8AF393
:109C2000CDE9000112A8DDE91821F9F7B7FABDF86E
:109C30004800A98A084400B2ADF84800BDF84A10AF
:109C4000E88A084400B2ADF84A00BDF84C00A98A81
:109C5000084400B2ADF84C00BDF84E10E88A084444
:109C600000B2ADF84E0005F1140110A80BF00DFE86
:109C700012A905F114000BF008FEBE481A9918F05D
:109C8000B7FB0F900F98012800D0C0E610A905F18E
:109C900014000BF0FAFD152F7ED1E08D08B1A08DD8
:109CA00000B9B4E6B8F1000F00D1B0E61A9812F08E
:109CB00052FA064605F114010DA80BF0E6FD284600
:109CC00014F0EEF90C9094F8390000F0030001282C
:109CD0003CD1B4F92C10BDF93020891A481C00EB96
:109CE000D071BDF83420A2EB610109B2ADF8341097
:109CF000B4F92C10BDF93020891A481C00EBD07142
:109D0000BDF83820A2EB610109B2ADF83810B4F902
:109D10002E10BDF93220891A481C00EBD071BDF815
:109D20003620A2EB610109B2ADF83610B4F92E105D
:109D3000BDF93220891A481C00EBD071BDF83A20D9
:109D4000A2EB610109B2ADF83A1013E012A80BF0D2
:109D500093FEBDF834100844401E00B2ADF8380040
:109D600012A80BF001FEBDF836100844401E00B2E8
:109D7000ADF83A00BDF83400584400B2ADF83400F4
:109D8000BDF836101698084400B2ADF83600BDF89C
:109D900038101798081A00E0E8E000B2ADF8380073
:109DA000BDF83A101598081A00B2ADF83A0094F8C8
:109DB000380000F00300012805D094F8380000F0C6
:109DC000030000287AD106A80FF0A7F806AA002100
:109DD00028461AF0F3FA1FFA88F0ADF81A001FFAB5
:109DE0008AF0ADF81800608EADF81C00A18EADF8B9
:109DF0001E1094F83800C0098DF82C00BDF84800FA
:109E0000584400B2ADF81000BDF84A101698084446
:109E100000B2ADF81200BDF84C101798081A00B245
:109E2000ADF81400BDF84E101598081A00B2ADF840
:109E30001600B068039004AA04A8B168F8F704FEFD
:109E400000B9E4E504A8B060BDF83610608D0844A0
:109E500000B2ADF80600BDF90600BDF93610884223
:109E600006DDBDF80600E18D401A00B2ADF806002F
:109E7000BDF80600E18D0844401E00B2ADF80A00AE
:109E800049E0BDF83400218D084400B2ADF804006B
:109E9000BDF90400BDF93410884206DDBDF80400A8
:109EA000A18D401A00B2ADF80400BDF80400A18DE8
:109EB0000844401E00B2ADF8080016E034E001AAE4
:109EC00006A93046636A0EF0D9FFBDF80400BDF85C
:109ED0003010084400B2ADF80400BDF80800BDF829
:109EE0003010084400B2ADF80800BDF90400BDF917
:109EF00038108842E3DBBDF80600BDF83210084494
:109F000000B2ADF80600BDF80A00BDF832100844F2
:109F100000B2ADF80A00BDF90600BDF93A1088425A
:109F2000AFDB0398B06020E094F8380000F0030045
:109F3000022811D104A80FF0C1FB04AA0021284671
:109F40001AF09BFA0020009005F1140204A9304693
:109F5000636A0EF0FFFF08E000BF00BF002305F1B9
:109F60001402194630460EF089FF00BF00BF00BF43
:109F70004DE50000DCD404082DE9F14FDCB05C981D
:109F800012F042F905462C465C9812F0E4F85B901A
:109F900059A9284618F010FB0020CDE9105040F6D2
:109FA0000A02DDE9100119F0D1FE0F900F9800B2FE
:109FB00058900020CDE9105040F60B02DDE9100169
:109FC00019F0C4FE0F900F9800B25790BDF86411BD
:109FD0005898081A00B2ADF86401BDF86811589895
:109FE000084400B2ADF86801BDF866115798081A28
:109FF00000B2ADF86601BDF86A115798084400B286
:10A00000ADF86A0159A80BF029FD834659A80BF059
:10A010009DFC5690D4E90A10A0EB0109569883459F
:10A0200001DB012000E0002080460020559094F8DC
:10A030005C0000F0030001280BD1A06A002808DAB8
:10A04000E06A002805DDA16A206B884201D1012069
:10A0500055900021284619F0A5FC5490002128466F
:10A0600019F049FD53900021284619F007FE52903F
:10A070000021284619F0B9FB519059A904F1340088
:10A080000BF0F1FBA18E5498084400B2A086218FFA
:10A090005398081A01B22187E18E5298084401B200
:10A0A000E186618F5198081A01B26187B8F1000FFB
:10A0B00013D004F134000BF049FC04280DDA569853
:10A0C00000EBD0714A10E98A1144891E0AB2E28677
:10A0D000E08E001D01B2618715E0B8F1000F12D1CA
:10A0E00004F134000BF0BAFC04280CDA58460BEBF0
:10A0F000D071AA8A02EB6101891E09B2A186A08EE5
:10A10000001D01B2218704F134000BF0A7FC509030
:10A1100004F134000BF01AFC4F90B8F1000F01D09D
:10A12000509800E04F988246B8F1000F05D004F136
:10A130003406371DFE484C9004E004F13606371D06
:10A14000FC484C90A06D401CF8B1A36A216DC91A5F
:10A1500001FB0AF191FBF9F108B2A36A616DC91A1A
:10A1600001FB0AF191FBF9F10AB2131AD4F858C0B5
:10A1700003FB0CF1CB1701EB13631B121BB24D93C6
:10A180004D99014409B24D9108E0A16A206B401A33
:10A1900000FB0AF090FBF9F000B24D90A06C401C5F
:10A1A000E0B1A36A216CC91A01FB0AF191FBF9F134
:10A1B00008B2A36A616CC91A01FB0AF191FBF9F1BB
:10A1C0000AB2131AD4F848C003FB0CF1CB1701EB09
:10A1D000136300EB23231BB24E9308E0D4E909017B
:10A1E000401A00FB0AF090FBF9F000B24E900020FC
:10A1F000119041F26A422846119919F0A7FD10907A
:10A200001098C0B24B90B8F1000F0ED04B980128B7
:10A210000BD130463E4607464E99494209B24E910F
:10A220004D99494209B24D9100BFB8F1000F0AD0D3
:10A2300031884E98084400B2388031884D980844DF
:10A2400000B230800AE039884E98081A401C00B2EB
:10A25000308039884D98081A00B23880559878B304
:10A26000A26A524202FB0AF292FBF9F211B2B8F171
:10A27000000F0CD032880A4410B2B7F90020824295
:10A2800001DD30801BE03A883280388017E03A8860
:10A29000521A521C10B2B6F90020824201DD3880F9
:10A2A00002E032883A803080B7F90020B6F90030F9
:10A2B0009A4204DAB6F900003A883280388000BF4A
:10A2C000559800BB04F134004C99884701281ADCEA
:10A2D00068465B9917F066FE4FF400300D90964883
:10A2E00001900020029004F1340003906A461A2184
:10A2F000284611F08FFF6A461B21284611F08AFF7D
:10A300005DB0BDE8F08F04F1340149A80BF0ABFA61
:10A310003BA810F0DFF93BAA4FF4003128461AF0B1
:10A3200087F929A85B9917F03DFE4FF4003036906D
:10A3300081482A9000202B903BA82D9004F13400F6
:10A340002C9029AA1A21284611F064FF00201190B0
:10A3500060222846119919F0F9FC1090109800B26B
:10A3600028905698834501DA584600E05698279081
:10A37000DDE92701B1EB600F02DD2798401028903E
:10A38000BDF9EC0026904F995098884201DA509818
:10A3900000E04F982790DDE92601B0EB610F02DD68
:10A3A000279840102690B8F1000F08D004F134002F
:10A3B0000BF054FB01462698B1EB400F0BDCB8F1D3
:10A3C000000F28D104F134000BF0C0FA01462698A2
:10A3D000B1EB400F1FDD9DF8EF0011909DF80601D5
:10A3E00010909DF80E010F9000208DF8EF008DF871
:10A3F00006018DF80E0104F134023BA95B9810F0C0
:10A400004DF911988DF8EF0010988DF806010F980E
:10A410008DF80E0100BFA98A5498084400B2ADF827
:10A420007800298B5398081A00B2ADF87C00E98AAD
:10A430005298084400B2ADF87A00698B5198081A16
:10A4400000B2ADF87E0000231EA920A8289A10F0C3
:10A450002BF8002120A80FF0A9F91D909DF82201EA
:10A460001C909DF80E011B9000208DF80E018DF8B8
:10A47000220159A919A80BF0F6F9BDF864105498F7
:10A48000084400B2ADF86400BDF866105298084464
:10A4900000B2ADF86600BDF868105398081A00B213
:10A4A000ADF86800BDF86A105198081A00B2ADF80E
:10A4B0006A00B8F1000F15D019A80BF047FA04286C
:10A4C00010DA569800EBD0714A10E98A1144891EBF
:10A4D00009B2ADF86610BDF86600001D00B2ADF817
:10A4E0006A0017E0B8F1000F14D119A80BF0B6FA02
:10A4F00004280FDA58460BEBD071AA8A02EB6101EF
:10A50000891E09B2ADF86410BDF86400001D00B2E8
:10A51000ADF86800BDF9EC20002304F1340113A864
:10A520000FF0C2FF002113A80FF040F9129005E0D0
:10A530005D5A01084D59010834D4040819AA3BA9F1
:10A540005B9810F0ABF81B988DF80E011C988DF8F5
:10A55000220100208DF8EF008DF806018DF8220110
:10A5600004F134023BA95B9810F098F813A80FF09F
:10A57000FFFB20A80FF0FCFB129810F07DF81D984F
:10A5800010F07AF829AA1B21284611F043FE00BFDB
:10A59000B6E6F0B591B00546284611F035FE044602
:10A5A000284611F0D8FD0746264603A810F092F879
:10A5B00003AA4FF4403120461AF03AF847F6FF70EC
:10A5C000ADF80C002C20805D00F0010038B1204671
:10A5D0000DF0AFFF0090BDF80000ADF8100021466F
:10A5E00001A807F0C5FA01AA03A9384610F056F8E9
:10A5F00011B0F0BD2DE9F04FB3B08146484611F0DF
:10A6000003FE80464446484611F0A5FD32900021E5
:10A61000404618F01FFF0546404619F0BEFD824631
:10A62000404618F01FF88346DA4501DB012000E0C0
:10A63000002006460EB1584600E0504631900027F3
:10A6400094F85C0000F00300012806D1A06A0028FD
:10A6500003DAE06A002800DD0127002E3CD097B91C
:10A660003EB1012D02D1B4F9340009E0B4F938004B
:10A6700006E0012D02D1B4F9360001E0B4F93A0048
:10A68000ADF8BC0037E0606A002812DB3EB1012D56
:10A6900002D1B4F9340009E0B4F9380006E0012D24
:10A6A00002D1B4F9360001E0B4F93A00ADF8BC00CB
:10A6B00021E03EB1012D02D0B4F9340009E0B4F933
:10A6C000380006E0012D02D0B4F9360001E0B4F9FB
:10A6D0003A00ADF8BC000EE01FB9E08EADF8BE0048
:10A6E00009E0606A002803DBE08EADF8BE0002E0FE
:10A6F000608FADF8BE0021A80FF0ECFF21AA4FF447
:10A700004031404619F094FF33462FA94046319A14
:10A7100021F048FA2FA904F168000BF0BFF80FA848
:10A72000329917F03FFC4FF440301C903C48109099
:10A73000002011901D9004F16800129021A8139040
:10A7400040461DF07EFA022810D00FAA1A2140467A
:10A7500011F060FD04F1680221A932980FF09EFF0C
:10A760000FAA1B21404611F055FD55E0382221A9C2
:10A7700001A815F09EFE0FAA1A21404611F04AFDCD
:10A7800004F1680221A932980FF088FF0FAA1B215B
:10A79000404611F03FFD96B13EB1012D02D0B4F913
:10A7A000340009E0B4F9380006E0012D02D0B4F914
:10A7B000360001E0B4F93A00ADF8BC0002E0608F69
:10A7C000ADF8BE0033462FA94046319A21F0EAF990
:10A7D0002FA904F160000BF061F8382201A921A82B
:10A7E00015F067FE0120119004F16000129021A87D
:10A7F000139001201D900FAA1A21404611F00AFD66
:10A8000004F1600221A932980FF048FF0FAA1B2122
:10A81000404611F0FFFC00BF33B0BDE8F08F0000F0
:10A8200068D504082DE9F04790B00746384611F086
:10A83000EBFC0546284617F065FF064608A80EF013
:10A840003DFF08AA0021304619F017FE384611F0E6
:10A8500082FC0446D4F8088006F1140206A8A16818
:10A86000F8F7F2F810B910B0BDE8F08706A8A060BC
:10A8700004A9304607F0FAFDA88AADF80800E88A76
:10A88000ADF80A00288BADF80C00BDF81200ADF849
:10A890000E0002AA02A8A168F8F7D6F898B1D4F879
:10A8A000089002A8A060284614F0A2FC824600206E
:10A8B000534605F1140208A9009020460EF04AFB09
:10A8C000C4F8089000BFA88AADF80800BDF81600CB
:10A8D000ADF80A00288BADF80C00688BADF80E00BF
:10A8E00002AA02A8A168F8F7AFF898B1D4F80890C6
:10A8F00002A8A060284614F07BFC82460020534644
:10A9000005F1140208A9009020460EF023FBC4F8BC
:10A91000089000BFC4F8088000BFA4E72DE9FF4FEE
:10A92000A1B0064614462498807B00F00F052298BB
:10A93000807E1F90032D00D10425012D06D0022D0D
:10A940000BD0042D10D0082D1DD114E0DFF86C833E
:10A950004FF0800A02201E901AE0DFF864834FF067
:10A96000C00A04201E9013E0DFF858834FF0F00A6D
:10A9700010201E900CE0DFF850834FF0FF0A4FF4D8
:10A9800080701E9004E000BF00BF25B0BDE8F08FCE
:10A9900000BF1F98FD2823DACC4801781F98814218
:10A9A00003D1CB480068A84213D000200DE018F86E
:10A9B0000010FF2901D11F9904E018F800101F9A18
:10A9C00051430912C34A1154401C1E998842EED3C8
:10A9D00000BFDFF80083BD491F980870BC480560C0
:10A9E0002498B0F806B0249800891B900BFB05F062
:10A9F0001A90B4F90000B168B1F90010884201DB87
:10AA0000002005E0B068B0F90000B4F90010401A69
:10AA10001990B4F900005844B168B1F904108842A3
:10AA200001DC584606E0B068B0F90400B4F9001043
:10AA3000401A401C1890B4F90200B168B1F9021034
:10AA4000884201DB002005E0B068B0F90200B4F9EB
:10AA50000210401A1790B4F902101B980844B1680C
:10AA6000B1F90610884201DC1B9806E0B068B0F925
:10AA70000600B4F90210401A401C16901A99179853
:10AA80004843199901FB050015902E99159801EB83
:10AA9000D0002E90159800F007071C210DA815F086
:10AAA00096FE22988089ADF83C002298807E8DF831
:10AAB0004C002298807FC0F3C2008DF84D00F9F75A
:10AAC00053FE01900DF0C4FE0C901B980BFB00F19F
:10AAD0000C98814201DD0C9802E01B990BFB01F000
:10AAE0000B900B9815F0C8FB8146CDF840900020E4
:10AAF0000A9021881998084400B2ADF820002188F6
:10AB000018980844401E00B2ADF8240061881798D8
:10AB1000084400B2ADF82200BDF82200ADF82600CE
:10AB200000BFBDF82400BDF82010401A401C00B240
:10AB3000079000BFBDF82000ADF81400BDF822005A
:10AB4000ADF81600BDF82400ADF81800BDF82600D9
:10AB5000ADF81A0000BFBDF816101698084400B2F0
:10AB6000ADF81A0005A80FF027F9049008A80D9079
:10AB70001290C5F10800039019980BEB000118988A
:10AB8000081A6843029017981C9078E00A98019080
:10AB90002AFA07F0209019981D9028E02E98007846
:10ABA000209908400399C91BC8401490149830B1EB
:10ABB000149818F800100A9809F8001003E0002112
:10ABC0000A9809F800100398874204D22F4420986D
:10ABD000E840209005E00027CDF880A02E98401C8A
:10ABE0002E900A98401C0A901D98401C1D901899A0
:10ABF0001D988842D2DB0498A0B1BDF92620BDF98A
:10AC00002010019B09EB0300079B0FF085F88DF8DE
:10AC100044009DF8440028B9019909EB0100079907
:10AC200015F0D5FDDDE91801411A0A9801440B9889
:10AC3000814206D2BDF82600401C00B2ADF82600C5
:10AC400012E002208DF844000DA930460FF064FF99
:10AC5000BDF82600401C00B2ADF82200BDF822006D
:10AC6000ADF8260000200A90029807442E9800EBC9
:10AC7000D7002E9007F007071C98401C1C901699CF
:10AC80001C98884282DBBDF92200BDF9261088425B
:10AC90000ED0BDF82600401E00B2ADF826000220FE
:10ACA0008DF844000DA930460FF036FF00200A90C1
:10ACB000484615F05DFB00BF67E60000D01A0308A8
:10ACC000D21A0308DE1A0308EE1A0308D000002087
:10ACD000D4000020C44300202DE9FF4F8FB00C4664
:10ACE00015461E46B4F90200401E0E900E98401004
:10ACF0000D900E9800F001010D9808440C90B5F9E4
:10AD00000000B6F90010884202DAB5F9000001E04F
:10AD1000B6F90000ADF82800B5F90000B6F900104A
:10AD2000884202DDB5F9000001E0B6F90000401EDE
:10AD300000B2ADF82C0069880C98081A00B2ADF882
:10AD40002A0069880D98084400B2ADF82E000F98CB
:10AD50000AA982680AA8F7F777FE8246BAF1000FBF
:10AD600002D113B0BDE8F08FE08818B1A08808B117
:10AD7000012000E000208346012009900AA80FF07E
:10AD80001BF810B10020099004E0BBF1000F01D0C6
:10AD9000002009901C2102A815F019FD0AA80290B4
:10ADA0002088ADF81000207A8DF82000099820B195
:10ADB00002A90F980FF0B0FE78E00AA80AF02BFE67
:10ADC0000746BDF92E000190BDF82A00ADF82E000F
:10ADD00000200090BBF1000F0BD0B4F90600B4F9CD
:10ADE00004100844BDF9281091FBF0F200FB12108A
:10ADF0000090384615F040FA8046CDF814800AA835
:10AE00000790BDF92A904AE03946404615F016FDF4
:10AE1000BDF928103BB20FFA89F240460EF07CFFD4
:10AE20008DF81800BBF1000F27D09DF8180020B353
:10AE3000009800211BE0B4F90420824207DBA388BC
:10AE40001B1A1AB28B1819B2831818B20BE0B4F996
:10AE50000620B4F904301A44824201DC002002E0EA
:10AE6000002208F801204A1C11B2421C10B2B9425B
:10AE7000E1DB02228DF8182000BF02A90F980FF025
:10AE80004BFEBDF82A00401C00B2ADF82A00BDF808
:10AE90002E00401C00B2ADF82E0009F10109019806
:10AEA0008145B1DD404615F063FA00BF00BF58E7A9
:10AEB0002DE9FF4FC7B08B4691469A46B9F902007B
:10AEC000BAF90210884210DAB9F80200ADF81A0196
:10AED000BAF80200ADF81601B9F80000ADF8180193
:10AEE000BAF80000ADF814010FE0BAF80200ADF8AE
:10AEF0001A01B9F80200ADF81601BAF80000ADF871
:10AF00001801B9F80000ADF81401BDF91401BDF93C
:10AF10001811441ABDF91601BDF91A11451A002C71
:10AF200001DD204600E06042002D01DD294600E001
:10AF30006942884201DD012000E000204490BBF915
:10AF4000026000204390449870B1002D01DD284636
:10AF500000E068424101002C01DD204600E0604233
:10AF600091FBF0F043900DE0002C01DD204600E065
:10AF700060424101002D01DD284600E0684291FB5E
:10AF8000F0F04390E0494398085C70433F30C611AD
:10AF9000771006F0010000EB0708BDF91801BDF9B4
:10AFA0001411884202DABDF9180101E0BDF914015B
:10AFB000801B00B2ADF80401BDF91801BDF91411F0
:10AFC000884202DDBDF9180101E0BDF914013044E9
:10AFD00000B2ADF80801BDF91A01BDF91611884299
:10AFE00002DABDF91A0101E0BDF91601801B00B2B9
:10AFF000ADF80601BDF91A01BDF91611884202DD4E
:10B00000BDF91A0101E0BDF91601304400B2ADF8F6
:10B010000A01479841A9826841A8F7F715FD4090B9
:10B02000409810B94BB0BDE8F08F4498F0B3002CB5
:10B0300024DD0021BDF81601C01B00B2CDE90001DE
:10B04000BDF91431BDF81A01C01B02B2BDF91811C7
:10B0500035A80EF0ABFF0121BDF81601404400B247
:10B06000CDE90001BDF91431BDF81A01404402B226
:10B07000BDF918112AA80EF099FF4AE00021BDF889
:10B080001601404400B2CDE90001BDF91431BDF80C
:10B090001A01404402B2BDF9181135A80EF086FF1E
:10B0A0000121BDF81601C01B00B200E00DE0CDE9A2
:10B0B0000001BDF91431BDF81A01C01B02B2BDF97F
:10B0C00018112AA80EF072FF23E00021BDF9160125
:10B0D000CDE90001BDF81401404403B2BDF91A21C5
:10B0E000BDF81801404401B235A80EF05FFF012100
:10B0F000BDF91601CDE90001BDF81401C01B03B272
:10B10000BDF91A21BDF81801C01B01B22AA80EF022
:10B110004DFF002135A80EF049FB139000212AA80D
:10B120000EF044FB12904FF0FF30119010909BF8FE
:10B130000900C0F3001068BB0321BDF81A012044C8
:10B1400000B2CDE90001BDF81801401B03B2BDF902
:10B150001A21BDF918111FA80EF028FF0221BDF811
:10B160001601204400B2CDE90001BDF81401401BD6
:10B1700003B2BDF91621BDF9141114A80EF016FF83
:10B1800000211FA80EF012FB1190002114A80EF050
:10B190000DFB109041A80AF03EFC0F90F9F7E4FA7D
:10B1A00001900DF055FB0D9041A80AF0EBFB014614
:10B1B0000D98814203D241A80AF0E4FB00E00D980B
:10B1C0000C900C9815F058F80B90BDF90A010A90F4
:10B1D000BDF80601ADF80A0100200990DDE90B0178
:10B1E00015F02CFB1C2102A815F0F1FA41A80290E1
:10B1F000BBF80000ADF810009BF808008DF82000A7
:10B200000B98059041A80790BDF906010E9040E00B
:10B21000BDF90411099B0B9AD0180F9A13B20E9A1C
:10B2200012B20EF079FD8DF818009DF8180028B9BB
:10B23000099A0B9988180F9915F0C9FA0F9909986E
:10B24000084409900F99099801440C98814206D24C
:10B25000BDF80A01401C00B2ADF80A0116E0022058
:10B260008DF8180002A947980FF056FCBDF80A01A6
:10B27000401C00B2ADF80601BDF80601ADF80A01A8
:10B2800000200990DDE90B0115F0D8FA0E98401C5A
:10B290000E900A990E988842BADDBDF90601BDF9F3
:10B2A0000A1188420CD0BDF80A01401E00B2ADF868
:10B2B0000A0102208DF8180002A947980FF02CFC13
:10B2C0000B9815F055F835A80EF052FD2AA80EF08F
:10B2D0004FFD1198401C10B11FA80EF049FD1098A9
:10B2E000401C10B114A80EF043FD13980FF0C4F9E0
:10B2F00012980FF0C1F911980FF0BEF910980FF0E5
:10B30000BBF900BF8EE60000EE1B03082DE9FF4FDE
:10B3100091B00C4615461E46B4F90200401E10902E
:10B32000109840100F90109800F001010F980844F9
:10B330000E9029880E98081A00B2ADF830002988BE
:10B340000F98084400B2ADF83400B5F90200B6F920
:10B350000210884202DAB5F9020001E0B6F90200F3
:10B36000ADF83200B5F90200B6F90210884202DDEC
:10B37000B5F9020001E0B6F90200401E00B2ADF8D6
:10B38000360011980CA982680CA8F7F75DFB81467E
:10B39000B9F1000F02D115B0BDE8F08FE08818B107
:10B3A000A08808B1012000E00020824601200B9017
:10B3B0000CA80EF001FD10B100200B9004E0BAF1D2
:10B3C000000F01D000200B901C2104A815F0FFF9FC
:10B3D0000CA804902088ADF81800207A8DF8280079
:10B3E0000B9820B104A911980FF096FB66E00CA809
:10B3F0000AF011FB8346BDF936000390BDF8320018
:10B40000ADF83600584614F037FF029002980790C6
:10B410000CA8099000200190BAF1000F0BD0B4F9EC
:10B420000600B4F904100844BDF9321091FBF0F2A3
:10B4300000FB12100190019FBDF9328037E05946A0
:10B44000029815F0FBF9BDF930100FFA8BF30FFAE3
:10B4500088F202980EF060FC8DF82000BAF1000F1F
:10B4600013D09DF8200070B1B4F90400B84202DA9C
:10B4700000208DF82000B4F90600B4F90410084447
:10B48000B84200DC0027781C07B204A911980FF01D
:10B4900043FBBDF83200401C00B2ADF83200BDF8ED
:10B4A0003600401C00B2ADF8360008F101080398E0
:10B4B0008045C4DD029814F05BFF00BF00BF6AE75F
:10B4C0002DE9FC5F8046404610F09EFE0746B946D7
:10B4D000D9F824603446404610F03DFE0546606AC7
:10B4E00000F114026846A968F7F7AEFA8246BAF18D
:10B4F000000F41D0D5F808B0C5F808D094F83C004A
:10B50000C0F3401048B3608FE18E88420CD1628F47
:10B51000212329463046FDF7FBFA628F2123294675
:10B520003046FDF761FB24E0628F20232946304638
:10B53000FDF7EEFA628F202329463046FDF754FBD3
:10B54000E28E012329463046FDF7E2FAE28E01231E
:10B5500029463046FDF748FB0BE0628F2023294641
:10B560003046FDF7D5FA628F202329463046FDF795
:10B570003BFBC5F808B000BFBDE8FC9F2DE9F14FCB
:10B58000D0B0509810F040FE04462546288E10B9E1
:10B5900051B0BDE8F08F509810F0DDFD4F90608CF9
:10B5A00020F00400001D60844DA9204617F004F827
:10B5B0000026B246B4F8208000202084608C20F061
:10B5C0000400001D608427A80FF084F81FA80EF067
:10B5D00075F827AA4FF4A021204619F029F81FAAD0
:10B5E0004FF4A021204618F048FF608C20F00400A2
:10B5F0006084A4F820800021204618F04CFB1E90A7
:10B600000021204618F0FEF81D900021204618F079
:10B61000D6F91C900021204618F07AFA1B9009A850
:10B620004F9916F0BFFC4FF4A0201690D7480A900F
:10B6300000200B903DA80D9035A80E9000BF9BE117
:10B6400003E00AF101001FFA80FA696A51F82A0042
:10B65000CFA1F4F73DFE0028F3D0E96A31F81600D7
:10B66000FAF799FE00B181E10027E96A31F8160086
:10B67000FAF781FE08B147F00107E96A31F81600D0
:10B68000FAF78DFE10B147F0800716E0A88EB042A1
:10B6900013D108F0200008B147F0200708F002009D
:10B6A00008B147F0020708F0040008B147F00407AA
:10B6B00008F0080008B147F00807A86A00EBC601C7
:10B6C0004BA80AF0D9F8BDF82C01BDF83411084494
:10B6D00000B2ADF82C01BDF82E01BDF836110844BA
:10B6E00000B2ADF82E01BDF83001BDF834110844A8
:10B6F00000B2ADF83001BDF83201BDF83611084492
:10B7000000B2ADF8320157B9382227A93DA814F08C
:10B71000D0FE20221FA935A814F0CBFE1DE02784FF
:10B72000608C20F00400001D60843DA80EF0D2FF64
:10B7300035A80DF0C3FF3DAA4FF4A021204618F014
:10B7400077FF35AA4FF4A021204618F096FEA4F802
:10B750002080608C20F004006084E96A31F81600D3
:10B76000FAF725FE8346BBF1000F06D09DF8F100E5
:10B7700040F001008DF8F10005E09DF8F10020F0A7
:10B7800001008DF8F1004BA80C90179609AA1A2118
:10B79000204610F03FFD9DF81701400800F0100012
:10B7A000F0B39DF8170120F03E001E308DF8170110
:10B7B000BDF92C11B4F914201C98104481420AD10F
:10B7C0009DF81701400820F004009DF8171160F360
:10B7D00045018DF81711BDF93011B4F918201B98E7
:10B7E000101A81420AD19DF81701400820F0080084
:10B7F0009DF8171160F345018DF81711BDF92E1151
:10B80000B4F916201E98104481420CD19DF81701FE
:10B81000400820F002009DF8171160F3450100E098
:10B8200014E08DF81711BDF93211B4F91A201D98E2
:10B83000101A81420AD19DF81701400820F001003A
:10B840009DF8171160F345018DF817114BA80AF008
:10B8500084F8814607F0200060B1E86A30F81600ED
:10B8600000F4007030B1BDF82E01A0EB090000B269
:10B87000ADF82E014BAA3DA94F980EF00FFF359859
:10B880000890BDF9E8000790BDF9E6000690686AE7
:10B8900050F82A0005904DA80AF0E7F803909DF8AB
:10B8A000F11002460698CDE90121009004A8DDE9D7
:10B8B000073205991EF054FF4BA80AF0D6F8BDF9DF
:10B8C0001010401A039000EBD070BDF82C1101EB62
:10B8D000600000B2ADF82C014BA80AF03EF8BDF9AB
:10B8E0001210401A039000EBD070BDF82E1101EB3E
:10B8F000600000B2ADF82E01BDF82C01BDF81010AB
:10B90000084400B2ADF83001BDF82E01BDF81210A8
:10B91000084400B2ADF8320107F02000C0B1E86A77
:10B9200030F8160000F4007090B1484609EBD07171
:10B93000BDF82E21A2EB610109B2ADF82E1109EB81
:10B94000D071BDF83221A2EB610109B2ADF832111C
:10B95000002000904BAA35A9059B4F980DF0FAFAEC
:10B9600009AA1B21204610F055FC00BF701C86B2AE
:10B970000AF101001FFA80FA288EB0423FF760AE4C
:10B98000608C20F00400608400BF01E66CD40408E1
:10B990000A0000002DE9F14FA2B0229810F034FC0B
:10B9A00004462546229810F0D6FB2190002120461F
:10B9B00017F0C4FD81462646002741F6120239469B
:10B9C000304618F0C3F90A900A98484400B2209013
:10B9D00000BF41F613023946304618F0B7F90A9015
:10B9E0000A98484400B21F900021204618F06DF9D3
:10B9F000484400B21E9016A80DF060FE16AA4FF43F
:10BA00000031204618F039FDA86A10B1D5F8288019
:10BA10000AE0802014F030FC0646802231462046A1
:10BA200010F0CCF8B04600BF4FF0000A95F83C008B
:10BA300000F00F00012800D18246002641F26A4240
:10BA40003146204618F082F90A900A98C0B20128BF
:10BA500000D18246E86A00287ED0E86A12F032FC03
:10BA60000A900A98022814D19DF8750041F6FF72D9
:10BA7000BDF96A10CDE900120290BDF96C30169A3A
:10BA800007A8E96A1EF06CFEBDF91C60BDF91E70C6
:10BA900011E007A9E86A12F0BDF88346BBF1010F77
:10BAA00005D10798C0F38A260798470D02E04FF0AA
:10BAB000FF36374600BFBAF1000F0DD0A18A20989B
:10BAC000084400B2ADF82000BDF820003044401E0C
:10BAD00000B2ADF824000DE0218B1F98081A801BDE
:10BAE00000B2ADF82000BDF820003044401E00B286
:10BAF000ADF824000A98022815D1E18A1E9808445E
:10BB000000B2ADF82200BDF822003844401E00B259
:10BB1000ADF826000020009008AA16A9EB6A21982B
:10BB20000DF018FA40E0204616F09CFDA0EB070B44
:10BB30000BEBDB704110E08A084400B2ADF8220044
:10BB4000BDF822003844401E00B2ADF8260002A81D
:10BB50000DF0E3F902AA00E027E04FF4003120469F
:10BB600018F02CFC304606EBD071491009B2ADF844
:10BB70000C10384607EBD07149100AB2ADF80E2010
:10BB80004FF4003B43F60F025946204618F0DEF80A
:10BB90000190019880B2ADF8080008AA02A9EB6AEA
:10BBA00021980DF06BF900BF00BF0EA80DF086FDC7
:10BBB0000EAA0021204618F060FC9DF8550041F6C1
:10BBC000FF72BDF94A10CDE900120290BDF94C3068
:10BBD00041460DA80E9A1EF0C3FDE18A1E98084446
:10BBE00000B2ADF82E00BDF82E00BDF836100844A6
:10BBF00000B2ADF83200E86AB0B9204618F0CDFACC
:10BC0000BDF93410461A06EBD670A18A01EB60002C
:10BC100000B2ADF82C00BDF82C00BDF8341008447B
:10BC200000B2ADF8300022E0BAF1000F11D0218B44
:10BC30001F98081ABDF83410401A00B2ADF82C0055
:10BC4000BDF82C00BDF83410084400B2ADF8300047
:10BC50000DE0A18A2098084400B2ADF82C00BDF890
:10BC60002C00BDF83410084400B2ADF830000020BC
:10BC700043460BAA0EA9009021980DF06BF9A86A13
:10BC800010B9404614F074FB23B0BDE8F08F2DE9E5
:10BC9000F14F90B0109810F0B7FA05462C46109866
:10BCA00010F059FA06460EA9284616F011FC002796
:10BCB00094F84800C0F3001008B147F0010794F869
:10BCC0004800C0F3401008B147F0020700212846A1
:10BCD00018F03CFA42F2D171884205D1688CC0F369
:10BCE000802008B947F0040706A80DF0E7FCB4F877
:10BCF0004400ADF82E004620005BADF830008DF812
:10BD0000357006AA0021284618F0B7FB0DA8411E81
:10BD1000626A03780BB90123037000BF284613F051
:10BD200073FA0790284613F069FA08904FF6FF71EE
:10BD3000079888421ED0089888421BD04FF4802B69
:10BD400044F257425946284618F000F802900298EB
:10BD50000390BDF80C00ADF8260000BF2022594624
:10BD6000284617F0F3FF029002980390BDF80C00EC
:10BD7000ADF8280094F8480000F00700022805D02C
:10BD800094F8480000F0070003281FD19DF8340004
:10BD9000022803D09DF83400032817D141F6FF7123
:10BDA000BDF92A008DE88300BDF92C30069A03A85E
:10BDB000616A1EF0D5FC0EA809F065FEBDF90C10F5
:10BDC000884202DA01208DF8340000BF04F1300807
:10BDD00094F8480000F00700032805D00EA809F0E9
:10BDE000CAFDB0F5806F01DA4FF000080EA904A873
:10BDF000B268F6F729FE8146B9F1000F02D111B001
:10BE0000BDE8F08F94F8480000F0070070B92846AC
:10BE100016F018FE8346CBF1000002B200210EA8F6
:10BE200009F049FE688BADF83E0000BF94F8480069
:10BE300000F00700022805D094F8480000F0070041
:10BE400003280ED1D6F808B004A8B060CDF8008061
:10BE50000EAA06A93046636A0DF07CF8C6F808B051
:10BE600007E0CDF800800EAA06A93046636A0DF0FF
:10BE700071F8D6F808A004A8B06094F8480000F063
:10BE8000070003284FD141F6FF71BDF92A008DE864
:10BE90008300BDF92C30069A03A8616A1EF060FC8D
:10BEA0000EA809F0F0FDBDF90C1088421BDA202223
:10BEB0001146069810F0F1FA00EB4000B4F8441077
:10BEC000BDF80C201144084400B2ADF82E00462005
:10BED000005BADF83000CDF800800EAA06A9304610
:10BEE000636A0DF037F80EA809F045FDBDF90E1094
:10BEF000884217DAB4F84400ADF82E00069810F026
:10BF0000EBFA4621095BBDF80E201144084400B24B
:10BF1000ADF83000CDF800800EAA06A93046636A5D
:10BF20000DF018F800BFC6F808A000BF67E72DE9BC
:10BF3000F14F9AB01A9810F006F980461A9810F04E
:10BF400063F90446B8F1150F16D11A9810F003F9E9
:10BF5000054618A9204606F089FA0AA80EF0BAFB91
:10BF60000AAA4FF48021204618F062FB18AA0AA9F9
:10BF700028460EF093FBC5E0B8F1180FFBD11A98D4
:10BF800010F0E9F8054612A80DF098FB12AA4FF43C
:10BF90008021204618F071FA10A9204606F066FAB2
:10BFA00010AA0EA8A968F6F74FFD0D900D9800286D
:10BFB0007DD0204605F0CFFE8146204618F0EDF8F2
:10BFC0008346484613F014F902210390BDF95A0044
:10BFD000CDE901B10090BDF95C300CA8129A03992B
:10BFE0001EF0BEFB204616F03DFB0646304606EB33
:10BFF000D0714A10B4F916100A44B9F91610891A0A
:10C000000B91484616F02EFB0B99890391FBF0F03B
:10C010000B900021204617F07EFF0A901299B1F98B
:10C0200008200A99B1F90810501A00EBD071491094
:10C0300009B20991BDF832100998081A00B2ADF89A
:10C040003200304606EBD0714A10B4F9161057187A
:10C05000BDF932000B99484307EBA03709983F1A06
:10C060000021204617F077FA82464FF0000B41F688
:10C0700012025946204617F069FE0390039800B259
:10C08000089000BF41F613025946204617F05EFEA5
:10C090000390039800B20790A18A0898084450447E
:10C0A00000B2ADF8140038B2ADF8160000E028E098
:10C0B000218B0798081AA0EB0A0000B2ADF818000F
:10C0C000BDF81600BDF83210084400B2ADF81A00F1
:10C0D0009DF8650040F002008DF86500A8680490A6
:10C0E0000EA8A860484613F083F8834600205B46FC
:10C0F00005AA12A9009028460CF02CFF0498A8600D
:10C1000000BF00BF1BB0BDE8F08F2DE9F14FA8B014
:10C11000289810F079F804462546289810F01BF866
:10C1200027900021204617F071FC26900021204620
:10C1300017F015FD25900021204617F0E0FD249012
:10C140000021204617F085FB239000BFA08AADF8A0
:10C150008400E08AADF88600208BADF88800608B03
:10C16000ADF88A0000BFBDF884102698084400B2DC
:10C17000ADF88400BDF888102598081A00B2ADF813
:10C180008800BDF886102498084400B2ADF88600F7
:10C19000BDF88A102398081A00B2ADF88A0013A8D7
:10C1A0000EF098FA13AA4FF40031204618F040FA26
:10C1B00021AA13A927980EF071FA0026204616F03E
:10C1C00051FA074600BF208BA18A401A401CC01BB1
:10C1D0000FFA80F8686A401C40B1696A01FB08F0F8
:10C1E000C11700EB116109120EB20CE0204617F0E6
:10C1F0009DF800F0010BBBF1000F01D0404600E0BC
:10C200000020064600BF4FF0000B41F26A4259463B
:10C21000204617F09BFD00900098C0B2012802D183
:10C22000A8EB060006B2A08A304400B2ADF8440084
:10C23000BDF84400384400B2ADF84800E08AADF8DB
:10C240004600608BADF84A004FF44031204617F0AD
:10C25000DDFB81464FF44031204617F080FC8246DA
:10C260004FF44031204617F04AFD10904FF4403112
:10C27000204617F0EEFA0F90BDF84400A0EB09003D
:10C2800000B2ADF84400BDF84800504400B2ADF82B
:10C290004800BDF846101098081A00B2ADF84600E4
:10C2A000BDF84A100F98084400B2ADF84A0001A842
:10C2B0000EF010FA01AA4FF44031204618F0B8F9F8
:10C2C00011AA01A927980EF0E9F929B0BDE8F08F6D
:10C2D0002DE9F14FE0B060980FF096FF0446254637
:10C2E00060980FF038FF814604F114015EA8D9F878
:10C2F0000820F6F7A9FB10B961B0BDE8F08FD9F8B6
:10C3000008005D905EA8C9F808004FF0000841F2EF
:10C3100032024146204617F019FD0C900C9800B2ED
:10C3200056900021204617F0F7FC5590002120463A
:10C3300017F09CFA54900021204617F074FB53909C
:10C340000021204617F018FC52904FF4A0212046FF
:10C3500017F069FB51904FF4A021204617F00CFC18
:10C3600050904FF4A021204617F0D6FC4F904FF488
:10C37000A021204617F07AFA4E90208C4D90002094
:10C380002084608C20F00400001D60843FA80EF023
:10C39000A1F93FAA4FF4A021204618F049F929A895
:10C3A0000DF08CF929AA4FF4A021204618F065F869
:10C3B0004D982084608C20F0040060840027204683
:10C3C00016F054FB0146E28A55981044401E411A6B
:10C3D0005698084400B2ADF86E01204616F03CFBBA
:10C3E00020900021204617F042F8012800D100E0FB
:10C3F00000201F9049460DA815F0D4FD4FF4A02051
:10C400001A90FE480E9000200F9031A8119021A89C
:10C4100012904FF0000B33E2E86A30F91B000C90E9
:10C42000BDF86E01401C00B2ADF86A01BDF86A119A
:10C430000C980844401E00B2ADF86E01BDF96A01C7
:10C44000BDF97E11884200DD1EE21F9858B1218B94
:10C450005298081A401E2099411A5698081A00B29C
:10C46000ADF868010AE0A18A53980844401E20995B
:10C47000411A5698084400B2ADF86C010026F7E165
:10C4800000200B90A86A50F8270020B1A86A50F845
:10C49000270000780B901F9880B1BDF86801401EFE
:10C4A00000B2ADF86C01286B30F81600BDF86C11C5
:10C4B000081A401C00B2ADF868010FE0BDF86C012D
:10C4C000401C00B2ADF86801286B30F81600BDF8CA
:10C4D00068110844401E00B2ADF86C014FF000082E
:10C4E00000BF34E007EB0801A86A50F8210048B308
:10C4F00007EB0802A96A51F8220008B101780B91F4
:10C500000B9901F00101D9B11F9961B106EB080146
:10C51000491C2A6B32F81110BDF86821511A09B272
:10C52000ADF868110DE006EB0801491C2A6B32F8E2
:10C530001110BDF86C21114409B2ADF86C1100E086
:10C540000BE000E009E008F101001FFA80F808EBB9
:10C550000601A88C401E8142C4DB00BFBDF96E01FC
:10C56000BDF97A11884207DA08F10100384487B230
:10C5700006EB080086B279E100BFBDF86801ADF8AE
:10C580002400BDF86A01ADF82600BDF86C01ADF8D5
:10C590002800BDF86E01ADF82A0000BF9DF81F010C
:10C5A000400800F0040090B1BDF92410B4F9142043
:10C5B0005398104481420ADDBDF91C0100EBD07193
:10C5C000BDF82420A2EB610109B2ADF824109DF85A
:10C5D0001F01400800F0020090B1BDF92610B4F927
:10C5E00016205598104481420ADDBDF91C0100EB6C
:10C5F000D071BDF82620A2EB610109B2ADF826107A
:10C600009DF81F01400800F00800B8B1BDF92810DE
:10C61000B4F918205298101A401E81420EDABDF962
:10C620001C0100EBD07182B202F0010202EB610149
:10C63000BDF82820114409B2ADF828109DF81F015B
:10C64000C0F34000B8B1BDF92A10B4F91A205498CB
:10C65000101A401E81420EDABDF91C0100EBD071A8
:10C6600082B202F0010202EB6101BDF82A201144FE
:10C6700009B2ADF82A104FF0000AE88E584523D1D0
:10C68000A88EB04220D194F8200000F0400030B9CC
:10C6900094F8200000F0200008B14AF0200A94F835
:10C6A000200000F0020008B14AF0020A94F82000CD
:10C6B00000F0040008B14AF0040A94F8200000F0E9
:10C6C000080008B14AF0080ABAF1000F0AD138226E
:10C6D0003FA931A813F0EDFE202229A921A813F0CB
:10C6E000E8FE1EE0A4F820A0608C20F00400001DED
:10C6F000608431A80DF0EEFF21A80CF0DFFF31AA15
:10C700004FF4A021204617F093FF21AA4FF4A02157
:10C71000204617F0B2FE4D982084608C20F0040073
:10C72000608409A81090A88C0BFB00601B900DAAD8
:10C730001A2120460FF06EFD09AA31A948460DF0D6
:10C74000ADFFA86A50F8270000287DD0BDF8681119
:10C750005198084400B2ADF86001BDF86C115098D2
:10C76000081A00B2ADF86401BDF86A114F98084488
:10C7700000B2ADF86201BDF86E114E98081A00B211
:10C78000ADF866010B98C0F340000890089810B10E
:10C790000220579001E00020579000BFBDF86401CF
:10C7A000BDF86011401A401C00B20490BDF99620FB
:10C7B00004995798CDE900210290A86A50F8270003
:10C7C000411CBDF998305CA8299A1DF0C9FF089852
:10C7D00018BB0C9901EBD172BDF86A3103EB620210
:10C7E000BDF9720100EBD073A2EB630212B2ADF897
:10C7F00062210C9901EBD17202E00000A0D504087F
:10C80000BDF86A3103EB6202BDF9720100EBD0732F
:10C8100002EB630212B2ADF866215AAA5EA906A81D
:10C82000F6F712F90590059890B106A8C9F8080026
:10C8300000200090A86A50F82700431C58AA21A99C
:10C8400048460CF087FB00E003E05EA8C9F808004A
:10C8500000BF0DAA1B2120460FF0DCFC08F10100EF
:10C86000384487B206EB080086B200BF701C86B25F
:10C87000A88CB0423FF704AE0BF101001FFA80FB19
:10C88000E88C58453FF7C8AD00BF5D98C9F808006F
:10C8900000BF31E52DE9F04FA3B0074689461646A3
:10C8A0002297304609F0CCF8054600EBD5704FEAE8
:10C8B00060083088404400B2ADF88400708840447D
:10C8C00000B2ADF886001EA80CF044FF1EAA4FF47B
:10C8D000A021384617F038FE18A80CF01EFB18AA45
:10C8E0004FF4A021384617F069FD0021384616F0B4
:10C8F000FAFE1790494605A815F054FB70480690BB
:10C9000021A80E9022983030F7F71AFC0446D1E0A7
:10C9100025681694207901285CD1B5F92000E98BAF
:10C9200008440090B5F92030D5E90512E06813F00D
:10C9300055FC8246A88B00EB0801608A08440FFA78
:10C9400080FB0FFA8AF01DF01DFE00FB0BF047F68E
:10C95000FF7190FBF1F0BDF88610084400B2ADF80D
:10C9600012000FFA8AF01DF005FE00FB0BF047F6EF
:10C97000FF7190FBF1F0BDF88410084400B2ADF8EF
:10C980001000A08AADF87800208A00B2ADF87A00D5
:10C990006079FD2801DD179803E060791799484315
:10C9A00000128DF88000012013901EA80B9004A89F
:10C9B0000F9005AA1A2138460FF02CFC04AB21AACF
:10C9C0001EA948460CF0AFFE05AA1B2138460FF001
:10C9D00021FC68E02079002865D1206900B963E076
:10C9E000B5F92000E98B08440090B5F92030D5E96D
:10C9F0000512E06813F0F2FB824604A9206911F0E9
:10CA000009F9BDF88410A08A081A00B2ADF8080030
:10CA1000BDF88610E08A081A00B2ADF80A00BDF829
:10CA200008000499C1F38A210844401E00B2ADF801
:10CA30000C00BDF80A00049900EB5150401E00B2F2
:10CA4000ADF80E006079FD2801DD179803E06079EC
:10CA50001799484300128DF86B00A08AADF8640066
:10CA6000E18A18A8C1800AEB8A004FEA400ABAF5A9
:10CA7000616F01DDAAF5616A1FFA8AF0ADF8600006
:10CA800018A80C9005AA1A2138460FF0C3FB02AA79
:10CA900018A9484623690CF0F1F905AA1B2138466C
:10CAA0000FF0B8FB00BF00BF214622983030F7F7E7
:10CAB00041FB0446002C7FF42BAF23B0BDE8F08F80
:10CAC000BC2103082DE9F74F8AB00C46904694F834
:10CAD0002A00022802DC0DB0BDE8F08FE08C00B91E
:10CAE000F9E794F82A90B9F1FD0F01DD4FF0FF0945
:10CAF000414608A808F0AEFE208D401E05B2BDF8E4
:10CB00002000401B00B2ADF82000BDF82200401B01
:10CB100000B2ADF82200BDF82400284400B2ADF800
:10CB20002400BDF82600284400B2ADF8260008A96C
:10CB300006A808F08FFEBDF81800E18C401A00B27C
:10CB4000ADF81800BDF81C00E18C084400B2ADF847
:10CB50001C00BDF81A00E18C401A00B2ADF81A00B2
:10CB6000BDF81E00E18C084400B2ADF81E0008A814
:10CB700008F058FF824608A808F0CCFE0746B4F932
:10CB80000060BA4501DA504600E038468346B6EB0D
:10CB90006B0F01DD4FEA6B06E08C304400B205906C
:10CBA000A07894F82A10CDE90210A08CADF804000A
:10CBB00030B2009008AA06A9059B0A98FBF754FC1E
:10CBC00000BF88E7F8B5054628460FF01DFB06466E
:10CBD00028460FF016FB0446606BB0F5A02F54D129
:10CBE000A06B072806D200202169C870216981F84E
:10CBF000220014E0208F81B22022304609F042FE4C
:10CC000068B100202169C870216981F822001220D2
:10CC100019F056FC0090BDF8001060698181208FEA
:10CC200081B24FF40042304609F02CFE98B16620E4
:10CC30002169C87030461DF075F90090BDF80010EC
:10CC400020698180304609F017FEA16B884202D12D
:10CC5000B2202169C870208F81B24FF480423046E3
:10CC600009F010FE88B1FF20216981F822003046CA
:10CC70001DF058F90090BDF800102069C1832069AB
:10CC8000008C401C00B221690884F8BD2DE9F04FEA
:10CC90008BB0814648460FF0B7FA05462C46484609
:10CCA0000FF059FA8346606A12F0A2FA82469AF8A7
:10CCB000000000283ED1A06A00283BD0A06A00787E
:10CCC000C0B303A80CF0FAFC03AA4FF400212846D5
:10CCD00017F0D3FB94F85C00C0F3C00028B19DF8B6
:10CCE000290040F002008DF829000021284616F0A6
:10CCF000A7FE07460021284617F01BF880460021B2
:10CD0000284616F035FC064605F1140101A808F086
:10CD1000CEFD08EB060002B2B81901B201A808F076
:10CD2000CAFE0020009001AA03A95846A36A0CF08D
:10CD300011F900BF0BB0BDE8F08F7CB50446A069C7
:10CD400085686089002856D1A089002853D1E088E1
:10CD5000218988424FDAE18808B21DF013FCB4F94A
:10CD60000410B4F90E20891A48432168498801EB60
:10CD7000E03000B2ADF80200E1885A3108B21DF08F
:10CD800001FCB4F9041048432168098801EBE03044
:10CD900000B2ADF80400218908B21DF0F3FBB4F92C
:10CDA000041048432168498801EBE03000B2ADF837
:10CDB000060021895A3108B21DF0E4FBB4F90410D1
:10CDC000B4F90E20891A48432168098801EBE03044
:10CDD00000B2ADF800002A4669466846F5F734FE11
:10CDE00006463EB1A169C1F808D06A462169A0692A
:10CDF0000DF054FCC2E0608910B1A08900287BD1FD
:10CE00006089D0BB20680088ADF8000020684088A9
:10CE1000A188084400B2ADF80600E18808B21DF010
:10CE2000B1FBB4F90410B4F90E20891A4843216803
:10CE3000498801EBE03000B2ADF80200E1885A31D8
:10CE400008B21DF09FFBB4F904104843216809881B
:10CE500001EBE03000B2ADF804002A4669466846AE
:10CE6000F5F7F2FD06463EB1A169C1F808D06A4661
:10CE70002169A0690DF012FC00BFA08900287DD1B6
:10CE800020680088A188084400B2ADF8040020683A
:10CE90004088ADF80200218908B21DF073FBB4F997
:10CEA000041048432168498801EBE03000B2ADF836
:10CEB000060021895A3108B21DF064FBB4F9041050
:10CEC000B4F90E20891A48432168098801EBE03043
:10CED00000B2ADF800002A4669466846F5F7B4FD91
:10CEE00006463EB1A169C1F808D06A462169A06929
:10CEF0000DF0D4FB42E0FFE76089A189884205D1AB
:10CF0000608918B12089E188884211DB6089022894
:10CF100002D1A08901280BD06089032802D1A08901
:10CF2000022805D06089032828D1A089012825D1AD
:10CF300020680088ADF8000020684088ADF8020045
:10CF400020680088A188084400B2ADF80400206879
:10CF50004088A188084400B2ADF806002A46694618
:10CF60006846F5F771FD06463EB1A169C1F808D0E3
:10CF70006A462169A0690DF091FB00BFA069856038
:10CF80007CBD7CB50446A06985686089012856D1BE
:10CF9000A089012853D1E088218988424FDAE188AD
:10CFA00008B21DF0EFFAB4F904104843216849882B
:10CFB00001EBE03000B2ADF80600E1885A3108B26A
:10CFC0001DF0E0FAB4F90410B4F90E20891A4843B0
:10CFD0002168098801EBE03000B2ADF80400218936
:10CFE00008B21DF0CFFAB4F90410B4F90E20891A72
:10CFF00048432168498801EBE03000B2ADF80200F7
:10D0000021895A3108B21DF0BDFAB4F90410484321
:10D010002168098801EBE03000B2ADF800002A4633
:10D0200069466846F5F710FD06463EB1A169C1F8AC
:10D0300008D06A462169A0690DF030FBC7E060891D
:10D04000012802D0A08901287ED1608901283AD127
:10D0500020680088A188401A00B2ADF8000020685E
:10D060004088ADF80200E18808B21DF08BFAB4F9EF
:10D07000041048432168498801EBE03000B2ADF864
:10D080000600E1885A3108B21DF07CFAB4F90410A8
:10D09000B4F90E20891A48432168098801EBE03071
:10D0A00000B2ADF804002A4669466846F5F7CCFCA4
:10D0B00006463EB1A169C1F808D06A462169A06957
:10D0C0000DF0ECFA00BFA0890128B7D120680088D4
:10D0D000401E00B2ADF8040020684088A1880844D2
:10D0E00000B2ADF80600218908B21DF04BFAB4F980
:10D0F0000410B4F90E20891A48432168498801EBCD
:10D10000E03000B2ADF8020021895A3108B21DF0BA
:10D1100039FAB4F9041048432168098801EBE0307A
:10D1200000B2ADF800002A4669466846F5F78CFC67
:10D1300006463EB1A169C1F808D06A462169A069D6
:10D140000DF0ACFA43E0FFE76089A189884206D17F
:10D150006089012803D02089E18888420FDB60893B
:10D1600010B9A08902280AD0608910B9A0890328C3
:10D1700005D0608903282AD1A089022827D12068F8
:10D180000088A188401A00B2ADF8000020684088ED
:10D19000ADF8020020680088401E00B2ADF804001F
:10D1A00020684088A188084400B2ADF806002A46ED
:10D1B00069466846F5F748FC06463EB1A169C1F8E4
:10D1C00008D06A462169A0690DF068FA00BFA0691D
:10D1D00085607CBD7CB50446A069856860890228AD
:10D1E00056D1A089022853D1E088218988424FDA9C
:10D1F000E1885A3108B21DF0C5F9B4F9041048436A
:10D200002168098801EBE03000B2ADF80000E18848
:10D2100008B21DF0B7F9B4F90410B4F90E20891A58
:10D2200048432168498801EBE03000B2ADF80600C0
:10D23000218908B21DF0A6F9B4F904104843216809
:10D24000498801EBE03000B2ADF8020021895A3183
:10D2500008B21DF097F9B4F90410B4F90E20891A38
:10D2600048432168098801EBE03000B2ADF80400C2
:10D270002A4669466846F5F7E7FB06463EB1A169CE
:10D28000C1F808D06A462169A0690DF007FACCE020
:10D290006089022802D0A08902287DD160890228F5
:10D2A0003CD120680088401E00B2ADF80400206820
:10D2B0004088A188401A00B2ADF80200E1885A31D6
:10D2C00008B21DF05FF9B4F90410484321680988D9
:10D2D00001EBE03000B2ADF80000E18808B21DF0CB
:10D2E00051F9B4F90410B4F90E20891A48432168A1
:10D2F000498801EBE03000B2ADF806002A466946E5
:10D300006846F5F7A1FB06463EB1A169C1F808D011
:10D310006A462169A0690DF0C1F900BFA089022801
:10D32000B5D120680088A188401A00B2ADF800008D
:10D3300020684088401E00B2ADF8060021895A31AD
:10D3400008B21DF01FF9B4F90410B4F90E20891ABF
:10D3500048432168098801EBE03000B2ADF80400D1
:10D36000218908B21DF00EF9B4F904104843216870
:10D37000498801EBE03000B2ADF802002A46694668
:10D380006846F5F761FB06464EB1A169C1F808D0C1
:10D390006A462169A06900E002E00DF07FF944E0EF
:10D3A0006089A189884206D16089022803D020893A
:10D3B000E18888420FDB608910B9A08903280AD070
:10D3C0006089012802D1A089032804D0608901283E
:10D3D0002BD1A08948BB20680088A188401A00B2E0
:10D3E000ADF8000020684088A188401A00B2ADF86E
:10D3F000020020680088401E00B2ADF804002068DA
:10D400004088401E00B2ADF806002A4669466846CC
:10D41000F5F71AFB06463EB1A169C1F808D06A4685
:10D420002169A0690DF03AF900BFA06985607CBD53
:10D430007CB50446A06985686089032856D1A08917
:10D44000032853D1E088218988424FDAE1885A3194
:10D4500008B21DF097F8B4F90410B4F90E20891A37
:10D4600048432168098801EBE03000B2ADF80000C4
:10D47000E18808B21DF086F8B4F904104843216829
:10D48000498801EBE03000B2ADF8020021895A3141
:10D4900008B21DF077F8B4F90410484321680988F0
:10D4A00001EBE03000B2ADF80400218908B21DF0B4
:10D4B00069F8B4F90410B4F90E20891A48432168B8
:10D4C000498801EBE03000B2ADF806002A46694613
:10D4D0006846F5F7B9FA06463EB1A169C1F808D029
:10D4E0006A462169A0690DF0D9F8C7E06089032870
:10D4F00002D0A08903287ED1608903283CD120680E
:10D500000088A188084400B2ADF804002068408873
:10D51000401E00B2ADF80600E1885A3108B21DF095
:10D5200031F8B4F90410B4F90E20891A484321687F
:10D53000098801EBE03000B2ADF80000E18808B2E4
:10D540001DF020F8B4F9041048432168498801EB24
:10D55000E03000B2ADF802002A4669466846F5F7A9
:10D5600073FA06463EB1A169C1F808D06A4621693E
:10D57000A0690DF093F800BFA08903287ED1206830
:10D580000088ADF8000020684088A188401A00B2E9
:10D59000ADF8020021895A3108B21CF0F3FFB4F94A
:10D5A000041048432168098801EBE03000B2ADF86F
:10D5B0000400218908B21CF0E5FFB4F90410B4F9A5
:10D5C0000E20891A48432168498801EBE03000B2F7
:10D5D000ADF806002A4669466846F5F735FA06466C
:10D5E0003EB1A169C1F808D06A462169A0690DF071
:10D5F00055F843E0FFE76089A189884206D1608938
:10D60000032803D02089E18888420FDB6089022843
:10D6100001D1A08950B16089012801D1A08928B128
:10D62000608902282AD1A089012827D12068008892
:10D63000ADF8000020684088A188401A00B2ADF81B
:10D64000020020680088A188084400B2ADF80400F8
:10D6500020684088401E00B2ADF806002A466946A0
:10D660006846F5F7F1F906463EB1A169C1F808D060
:10D670006A462169A0690DF011F800BFA0698560B4
:10D680007CBD000070B5A4B006460D4620AA22A9B4
:10D69000304615F0F5F922A808F074F928B920A849
:10D6A00008F070F908B924B070BD12A930461FF017
:10D6B00027FD0446012C00D0F5E72946684614F002
:10D6C00071FC1B4801900220029012A804904FF4B4
:10D6D00080300D9022A808F055F980B122A803905F
:10D6E0006A461A2130460EF095FD22AA12A9284654
:10D6F0000CF0D4FF6A461B2130460EF08BFD20A8AB
:10D7000008F040F990B120A803906A461A213046EB
:10D710000EF080FD20A8039020AA12A928460CF044
:10D72000BDFF6A461B2130460EF074FD00BFBAE70C
:10D73000AC1A03082DE9F04FB1B005460F4605F1CC
:10D7400014012FA8BA68F5F77FF910B931B0BDE818
:10D75000F08FB8682E902FA8B8602C46002128467C
:10D7600016F0F9F82B900021284616F060FA2A905E
:10D77000284614F002FFB4F88410484300120FFA50
:10D7800080FA284614F0DAFEB4F8861048430012F6
:10D790000FFA80FB04F12400F6F7B3FC2890002177
:10D7A000284616F08AF88234618848430012279090
:10D7B0002188491E279801FB10A0218890FBF1F0D9
:10D7C00000B2269028992698B0FBF1F000B225907F
:10D7D0004FF4A021284616F070F86188823C484337
:10D7E00000122490284615F033F801462B98401A71
:10D7F00000B22390284615F025F901462A98401AD0
:10D8000000B2229014A80CF065FF14AA4FF4A021D6
:10D81000284616F00DFF14A8C07B20F0070114A8BD
:10D82000C173FF208DF85300688BBDF85010084479
:10D8300000B2ADF8B600394602A814F0B3FB4FF4BD
:10D84000A0200F905D480390042004904FF0000842
:10D85000AAE02798504400FB08F0B4F8821090FB2F
:10D86000F1F0A98A01442398084400B20190CDF850
:10D87000408004F12400F6F763FC06468CE0307B20
:10D8800000F0010000B181E094F88800C0F3C0000E
:10D8900008B9708900E0002000B200900198ADF84E
:10D8A000B000BDF8B010259801442498081A401E15
:10D8B00000B2ADF8B40025990198084400B2019077
:10D8C000BDF9B400BDF9BC10884200DA5EE0BDF9D4
:10D8D000B000BDF9C010884200DD60E03089ADF8CD
:10D8E000540000984044B4F8821090FBF1F201FB20
:10D8F00012000FFA80F9706830F91910307BC0F30C
:10D90000001204F16C0030F91200081A00FB0BF051
:10D910002990307BC0F3001104F1700030F9111030
:10D92000307BC0F3001204F16C0030F91200091AC8
:10D93000299890FBF1F029902998ABEB0001E88A37
:10D9400001442298084400B2ADF8B200706830F982
:10D95000190047F6FF71884217D02CA8059014A82B
:10D9600006901396706830F91900129002AA1A21D5
:10D9700028460EF04FFC2CAA14A938460CF08EFE57
:10D9800002AA1B2128460EF045FC00BF314604F1D7
:10D990002400F6F7CFFB0646002E7FF470AF00BFE1
:10D9A00008F101001FFA80F8B4F8820040453FF703
:10D9B00050AF2E98B86000BFC8E60000841C030872
:10D9C0002DE9F34FB9B083463A980BF11401826800
:10D9D00037A8F5F739F810B93BB0BDE8F08F3A98A1
:10D9E0008068369037A93A9881605D46B5F8820024
:10D9F000022800DAF0E70021584615F092FD339036
:10DA00000021584615F0A7FF01463398084400B29C
:10DA100032900021584616F00AF90146339808441E
:10DA200000B23190584614F0A8FDB5F88410484370
:10DA3000001200B23090584614F080FDB5F8861000
:10DA40004843001200B22F90584614F001FF0146DF
:10DA5000BBF8142032981044401A00B22E90584659
:10DA600014F0F0FF0146BBF8162031981044401A1C
:10DA700000B22D903A980BF1140182682BA8F4F7AC
:10DA8000E3FF2A902A9800B9A6E727A80BF062FEC8
:10DA900027AA4FF4A021584616F056FD19A80CF0FD
:10DAA00019FE19AA4FF40031584616F0C1FD4FF483
:10DAB0000031584616F03DFB064600EBD670471085
:10DAC0004FF40031584615F0A6FD064600EBD6701F
:10DAD0004FEA600ABDF99E00574501DA394600E079
:10DAE000514600EBD072B1EB620F06DD9DF8A50048
:10DAF00020F0100010308DF8A500BDF89E00012820
:10DB000006D19DF8A50020F0100010308DF8A5007A
:10DB1000B5F882103098814201DB012000E000203E
:10DB2000189005F12400F6F70BFB0446D4E1207BA6
:10DB300000F0010000B1C9E12089ADF89C00208906
:10DB4000ADF8680095F88800C0F3C00008B9608996
:10DB500000E0002006B217962E98ADF8D4002E985B
:10DB6000ADF8D000179E179EB046606830F91810C7
:10DB7000207BC0F3001205F16C0030F91200081A86
:10DB80002F9948431690207BC0F3001105F17000D7
:10DB900030F91110207BC0F3001205F16C0030F950
:10DBA0001200091A169890FBF1F0169016992F980A
:10DBB000411A2D98084400B2ADF8D20004A83A9951
:10DBC00014F0F0F9C8480590032006904FF4A02007
:10DBD000119027A80A9019A808901594BDF9D200B1
:10DBE0000390BDF9D20002904FF0000923E1BDF887
:10DBF000D000ADF8D400BDF8D200ADF8D600BDF924
:10DC0000D4103698B0F904003844401C814200DD3D
:10DC100016E1309800FB09F0B5F88210491E90FB20
:10DC2000F1F12E98084400B2ADF8D000179848449E
:10DC3000B5F8821090FBF1F201FB120006B26068A9
:10DC400030F91610207BC0F3001205F16C0030F99A
:10DC50001200081A2F9948431690207BC0F3001138
:10DC600005F1700030F91110207BC0F3001205F1AE
:10DC70006C0030F91200091A169890FBF1F016901A
:10DC800016992F98411A2D98084400B2ADF8D20089
:10DC9000BDF9D0103698B0F90000C01B401E81427B
:10DCA00001DAB046C3E0B9F1000F58D01898E8B3D4
:10DCB000606830F9180047F6FF718842F5D0606857
:10DCC00030F916008842F0D0BDF9D2100298814296
:10DCD00001DA029801E0BDF9D2000290BDF9D2103C
:10DCE0000398814201DD039801E0BDF9D200039061
:10DCF000BDF9D400BDF9D010884230D0BDF9D200B2
:10DD00000190BDF8D000401E00B2ADF8D000BDF8C3
:10DD1000D000ADF8D4000398ADF8D6000298ADF865
:10DD2000D200BDF9D600BDF9D21000E018E088425B
:10DD300005D1BDF8D200401C00B2ADF8D20034AB22
:10DD400035AA27A93A980BF0EEFCBDF8D000401C8C
:10DD500000B2ADF8D000019803900198029064E001
:10DD6000BDF8D400C01B00B2ADF80000BDF8D4006F
:10DD7000384400B2ADF80400BDF8D600A0EB0A00AC
:10DD800000B2ADF80200BDF8D600504400B2ADF8C4
:10DD90000600A9F101001290606830F9180047F6FA
:10DDA000FF71884201D035A800E000200D90606826
:10DDB00030F9160047F6FF71884201D034A800E020
:10DDC00000200E90CDF81CD0606830F91800149037
:10DDD00004AA1A2158460EF01DFA606830F918009E
:10DDE00047F6FF7188420AD0606830F91600884211
:10DDF00005D034AB35AA27A93A980BF094FC77B13B
:10DE0000BAF1000F0BD0606830F9180047F6FF71C7
:10DE1000884204D06A4619A93A980CF03FFC04AA3B
:10DE20001B2158460EF0F6F900BFB04600BF09F1BD
:10DE300001001FFA80F9B5F8820048453FF7D7AED8
:10DE400000BF1898E8BBB5F8820048453DD160682E
:10DE500030F9160047F6FF71884236D0BDF8D00081
:10DE6000C01B00B2ADF80000BDF8D000384400B2CD
:10DE7000ADF80400BDF8D200A0EB0A0000B2ADF886
:10DE80000200BDF8D200504400B2ADF80600A9F17E
:10DE90000100129000200D900E90CDF81CD060680B
:10DEA00030F91600149004AA1A2158460EF0B2F95F
:10DEB0006A4619A93A980CF0F1FB04AA1B215846AE
:10DEC00000E002E00EF0A6F900BF00BF214605F118
:10DED0002400F6F72FF90446002C7FF428AE3A9977
:10DEE0003698886000BF77E5841C03082DE9F34F5E
:10DEF000B3B08146349809F11401826831A8F4F76F
:10DF0000A3FD10B935B0BDE8F08F3498806830902B
:10DF100031A9349881604D460021484615F001FB37
:10DF20002D900021484615F016FD2C900021484602
:10DF300015F07DFE2B90484614F01FFBB5F88410B9
:10DF40004843001200B22A90484614F0F7FAB5F898
:10DF500086104843001200B22990484614F078FC1D
:10DF60000146B9F814202C9802442D981044401A08
:10DF700000B22890484614F065FD0146B9F8162015
:10DF80002B9802442D981044401A00B2279024A8E0
:10DF90000BF0E0FB24AA4FF4A021484616F0D4FA77
:10DFA00016A80CF097FB16AA4FF40031484616F05D
:10DFB0003FFB4FF40031484616F0BBF8064600EB35
:10DFC000D67047104FF40031484615F024FB064642
:10DFD00000EBD6704FEA6008BDF99200474501DAC0
:10DFE000394600E0414600EBD072B1EB620F06DD2E
:10DFF0009DF8990020F0100010308DF89900BDF8C0
:10E000009200012806D19DF8990020F010001030F0
:10E010008DF8990005F12400F6F792F8044698E18E
:10E02000207B00F0010000B18DE12089ADF8900067
:10E030002089ADF85C0095F88800C0F3C00008B9ED
:10E04000608900E0002006B215962898ADF8BC0063
:10E050002898ADF8B800159E159EB346606830F854
:10E0600016000A2847D02A980090236833F9160032
:10E07000237BC3F3C00C05F1780333F91C20237B09
:10E08000C3F3C00C05F1740333F91C10002312F024
:10E09000A5F800B2ADF8B800BDF8B810289808444B
:10E0A00000B2ADF8B80029980090636833F9160003
:10E0B000237BC3F3001C05F1700333F91C20237B81
:10E0C000C3F3001C05F16C0333F91C10002312F09C
:10E0D00085F800B2ADF8BA00BDF8BA102998401A18
:10E0E00000B2ADF8BA00BDF8BA102798084400B2E3
:10E0F000ADF8BA0005E04EF20100ADF8B800ADF899
:10E10000BA0003A8349913F04DFF4FF4A0201090EB
:10E11000944804900320059024A8099016A807901D
:10E1200014944FF0000AC8E0BDF8B800ADF8BC0088
:10E13000BDF8BA00ADF8BE0015985044B5F882108D
:10E1400090FBF1F201FB120006B2606830F9160094
:10E1500047F6FF71884247D029980090636833F9E9
:10E160001600237BC3F3001C05F1700333F91C2058
:10E17000237BC3F3001C05F16C0333F91C1000234F
:10E1800012F02CF800B2ADF8BA00BDF8BA10299818
:10E19000401A00B2ADF8BA00BDF8BA10279808448A
:10E1A00000B2ADF8BA002A980090236833F916003F
:10E1B000237BC3F3C00C05F1780333F91C20237BC8
:10E1C000C3F3C00C05F1740333F91C10002312F0E3
:10E1D00005F800B2ADF8B800BDF8B81028980844AA
:10E1E00000B2ADF8B80001E0B34662E0BAF1000F4A
:10E1F0005DD0BDF8BC00C01B00B2ADF80400BDF896
:10E20000BC00384400B2ADF80800BDF8BE00A0EB79
:10E21000080000B2ADF80600BDF8BE00404400B2F0
:10E22000ADF80A00AAF101001190606830F91B00F6
:10E2300047F6FF71884201D02FA800E000200C9023
:10E24000606830F9160047F6FF71884201D02EA8A9
:10E2500000E000200D9001A80690606830F91B00D6
:10E26000139003AA1A2148460DF0D4FF606830F9D4
:10E270001B0047F6FF71884213D0606830F9160022
:10E2800088420ED02EAB2FAA24A934980BF04BFA5B
:10E290003FB1B8F1000F04D001AA16A934980CF0D0
:10E2A000FDF903AA1B2148460DF0B4FF00BFB34699
:10E2B00000BF0AF101001FFA80FAB5F8820050454C
:10E2C0003FF732AFB5F8820050453BD1606830F976
:10E2D000160047F6FF71884234D0BDF8B800C01B65
:10E2E00000B2ADF80400BDF8B800384400B2ADF893
:10E2F0000800BDF8BA00A0EB080000B2ADF80600B7
:10E30000BDF8BA00404400B2ADF80A00AAF101001D
:10E31000119000200C900D9001A80690606830F9D3
:10E320001600139003AA1A2148460DF073FF01AAA4
:10E3300016A934980CF0B2F903AA1B2148460DF037
:10E3400069FF00BF00BF214605F12400F5F7F2FE8A
:10E350000446002C7FF464AE34993098886000BF86
:10E36000D0E50000841C03082DE9F74FA2B00F464A
:10E37000F88D10B925B0BDE8F08F97F83600022867
:10E3800000DCF7E7F88D012808D1B7F93400002840
:10E3900004DC388E10B9788E00B9EBE72498008839
:10E3A000398E0844B98E401A00B2ADF88000249826
:10E3B0008088398E0844B98E084400B2ADF88400D4
:10E3C00024984088798E0844B98E401A00B2ADF87E
:10E3D00082002498C088798E0844B98E084400B21F
:10E3E000ADF88600B7F92E0000EBD071BDF88020A3
:10E3F000A2EB6101491E09B2ADF87810B7F92E0001
:10E4000000EBD071BDF8842002EB6101491C09B218
:10E41000ADF87C10B7F92E0000EBD071BDF882206A
:10E42000A2EB6101491E09B2ADF87A10B7F92E00CE
:10E4300000EBD071BDF8862002EB6101491C09B2E6
:10E44000ADF87E1097F836001D901D98FD2801DD6F
:10E45000FF201D9022981EA982681BA8F4F7F4FAE9
:10E4600000B987E719A8249907F0F4F94FF0FF32B3
:10E47000114619A807F00EFBB7F9008019A807F09C
:10E48000D1FA834619A807F045FA834503DA19A89B
:10E4900007F0C8FA02E019A807F03CFA189018989B
:10E4A000B8EB600F02DD18984FEA6008B7F900007A
:10E4B000179020A807F0B6FA834620A807F02AFA9A
:10E4C000834503DA20A807F0ADFA02E020A807F0A0
:10E4D00021FA1890DDE91701B0EB610F02DD189801
:10E4E00040101790B7F92E1017980C1804FB04F180
:10E4F000480011F0C1FE8246B7F92E20179803B2EA
:10E50000514620A81EF0DAFF1EA80BF055FC16900D
:10E510004FF00109169820B9F878FF2801DBB87888
:10E5200008B14FF000094FF0FF300F90B9F1000F24
:10E530000BD101230FFA88F219A910A80BF0B4FF30
:10E54000002110A80BF032F90F901EA807F06AFA0C
:10E55000834611F091FE0E901C2102A812F037F9AB
:10E560000CA8029007900E980590B88DADF8100099
:10E5700097F836008DF82000B8788DF821001EA895
:10E5800007F050FA834600EBDB70BDF8781001EB22
:10E59000600000B201901EA807F0BCF9834600EBB2
:10E5A000DB70BDF87A1001EB600000B20090BDF89E
:10E5B0007C00ADF83400BDF87C00001B401C00B2AC
:10E5C000ADF83000BDF87A00ADF83200BDF87A0041
:10E5D0002044401E00B2ADF83600BDF9301001985D
:10E5E000814202DDBDF9300000E00198ADF8300055
:10E5F000BDF936100098814202DABDF9360000E01C
:10E600000098ADF8360022980CA982680AA8F4F7A1
:10E610001BFA002866D00FFA88F219A90AA8F4F7A5
:10E6200054FA00285ED10AA807F0FCF98346564642
:10E63000BDF92A00BDF97A10401A00FB0466BDF945
:10E640002810BDF97C00001B401C081A0644B9F1D3
:10E65000000F09D00FFA88F219A90AA8F4F7B0FA46
:10E6600010B10120099001E0CDF82490BBF1000F1A
:10E6700037DD0E980590BDF82800ADF83000BDF8E4
:10E680002C00ADF8340002208DF81800BDF92A5096
:10E6900023E0ADF83250ADF836500998A8B92246BB
:10E6A00031460E9811F005FFBDF928105B462A4649
:10E6B0000E980BF031FB8DF818009DF8180001281A
:10E6C00004D102208DF8180000E0059602A92298D6
:10E6D0000CF022FA2644681C05B2BDF92E00A842AF
:10E6E000D7DA00BFBDF87C00ADF83400BDF87C007F
:10E6F000001B401C00B2ADF83000BDF87E00001BCE
:10E70000401C00B2ADF83200BDF87E00ADF8360016
:10E71000BDF930100198814202DDBDF9300000E002
:10E720000198ADF83000BDF932100098401C8142CC
:10E7300002DDBDF9320001E00098401C00B2ADF8E6
:10E74000320022980CA982680AA8F4F77DF9002803
:10E7500066D00FFA88F219A90AA8F4F7B6F9A8BB8F
:10E760000AA807F05FF983465646BDF93600BDF9A1
:10E770002E10401A00FB0466BDF92810BDF97C007C
:10E78000001B401C081A0644B9F1000F09D00FFA0B
:10E7900088F219A90AA8F4F713FA10B10120099018
:10E7A00001E0CDF82490BBF1000F38DD0E98059004
:10E7B000BDF82800ADF83000BDF82C00ADF83400ED
:10E7C00002208DF81800BDF92E5024E028E0ADF8A5
:10E7D0003250ADF836500998A8B9224631460E9805
:10E7E00011F067FEBDF928105B462A460E980BF023
:10E7F00093FA8DF818009DF81800012804D1022022
:10E800008DF8180000E0059602A922980CF084F912
:10E810002644681E05B2BDF92A00A842D7DD00BF14
:10E82000BDF87800204400B2ADF83000BDF87C009F
:10E83000001B00B2ADF83400BDF87A00ADF832002C
:10E84000BDF87A002044401E00B2ADF83600BDF994
:10E8500036100098814202DABDF9360000E00098D7
:10E86000ADF8360022980CA982680AA8F4F7ECF8F3
:10E8700000286FD00FFA88F219A90AA8F4F725F931
:10E88000002867D10AA807F0CDF883465646BDF99F
:10E890002A00BDF93210401A00FB0466B9F1000FDE
:10E8A00009D00FFA88F219A90AA8F4F789F910B16A
:10E8B0000120099001E0CDF82490BBF1000F48DD64
:10E8C000099810B90E98059001E000200590BDF858
:10E8D0002800ADF83000BDF82C00ADF83400BDF9CB
:10E8E0002A5032E0ADF83250ADF836500998C8B928
:10E8F00031785A460E9811F030FFBDF928105B466A
:10E900002A460E980BF008FA8DF818009DF81800AA
:10E91000012802D102208DF8180002A922980CF0DB
:10E92000FBF80FE01D98FF2801D1307804E0307823
:10E9300097F83610484300128DF8200002A922985B
:10E940000CF0EAF82644681C05B2BDF92E00A84276
:10E95000C8DA00BF97F836008DF82000BDF87800BF
:10E96000204400B2ADF83000BDF87C00001B00B2BE
:10E97000ADF83400BDF87E00001B401C00B2ADF8BD
:10E980003200BDF87E00ADF83600BDF932100098B7
:10E99000401C814202DDBDF9320001E00098401CBC
:10E9A00000B2ADF8320022980CA982680AA8F4F7E8
:10E9B0004BF800287ED00FFA88F219A90AA8F4F7BC
:10E9C00084F8002878D10AA807F02CF88346564628
:10E9D000BDF93600BDF92E10401A00FB0466BBF1EC
:10E9E000000F66DDB9F1000F09D00FFA88F219A9FE
:10E9F0000AA8F4F7E5F810B10120099001E0CDF87C
:10EA00002490099810B90E98059001E00020059017
:10EA1000BDF82800ADF83000BDF82C00ADF834008A
:10EA2000BDF92E5041E0ADF83250ADF83650B9F195
:10EA3000000F09D00FFA88F219A90AA8F4F7C0F854
:10EA400010B10120099001E0CDF824900998C8B9CF
:10EA500031785A460E9811F080FEBDF928105B46B9
:10EA60002A460E980BF058F98DF818009DF81800FA
:10EA7000012802D102208DF8180002A922980CF07A
:10EA80004BF80FE01D98FF2801D1307804E0307872
:10EA900097F83610484300128DF8200002A92298FA
:10EAA0000CF03AF82644681E05B2BDF92A00A842C7
:10EAB000B9DD00E000E000BF97F836008DF82000D7
:10EAC000BDF87C00001B401C00B2ADF83000BDF862
:10EAD0007C00ADF83400BDF87A00204400B2ADF8F7
:10EAE0003200BDF87E00001B00B2ADF83600BDF963
:10EAF00032100098401C814202DABDF9320001E078
:10EB00000098401C00B2ADF83200BDF936100098F4
:10EB1000814202DDBDF9360000E00098ADF8360014
:10EB2000BDF930100198814202DDBDF9300000E0EE
:10EB30000198ADF8300022980CA982680AA8F3F772
:10EB400083FFE0B30FFA88F219A90AA8F3F7BDFF13
:10EB5000A8BB0AA806F066FF83465646601E00FB67
:10EB60000466BDF92810BDF97C00001B401C081A82
:10EB70000644B9F1000F09D00FFA88F219A90AA8C2
:10EB8000F4F71EF810B10120099001E0CDF82490AF
:10EB9000099808B1304600E00E980590BBF1000FCF
:10EBA00033DDBDF82800ADF83000BDF82C00ADF81D
:10EBB000340002208DF81800BDF92A5021E025E02C
:10EBC000ADF83250ADF836500998A0B95A463146E2
:10EBD0000E9811F06EFCBDF928105B462A460E987F
:10EBE0000BF09AF88DF818009DF81800012802D152
:10EBF00002208DF8180002A922980BF08DFF681CE6
:10EC000005B2BDF92E00A842DADA00BF564600254B
:10EC100015E030463319591E002208E0037891F8B8
:10EC200000C080F800C00B70401C491E521C04EB51
:10EC3000D47CB2EB6C0FF1DB2644681C05B2A54214
:10EC4000E7DBBDF87800ADF83000BDF8780020446F
:10EC5000401E00B2ADF83400BDF87A00204400B286
:10EC6000ADF83200BDF87E00001B00B2ADF83600F2
:10EC7000BDF932100098401C814202DABDF9320021
:10EC800001E00098401C00B2ADF83200BDF936102A
:10EC90000098814202DDBDF9360000E00098ADF831
:10ECA0003600BDF934100198401E814202DABDF9E8
:10ECB000340001E00198401E00B2ADF83400229803
:10ECC0000CA982680AA8F3F7BFFED0B30FFA88F246
:10ECD00019A90AA8F3F7F9FE98BB0AA806F0A2FE44
:10ECE00083465646601E00FB0466BDF92800BDF948
:10ECF0003010401A0644B9F1000F09D00FFA88F21B
:10ED000019A90AA8F3F75CFF10B10120099001E0EE
:10ED1000CDF82490099808B1304600E00E9805908F
:10ED2000BBF1000F33DDBDF82800ADF83000BDF8B1
:10ED30002C00ADF8340002208DF81800BDF92A50DF
:10ED400021E025E0ADF83250ADF836500998A0B971
:10ED50005A4631460E9811F0ACFBBDF928105B46BF
:10ED60002A460E980AF0D8FF8DF818009DF8180072
:10ED7000012802D102208DF8180002A922980BF078
:10ED8000CBFE681C05B2BDF92E00A842DADA00BF3E
:10ED9000BDF87800ADF83000BDF878002044401E82
:10EDA00000B2ADF83400BDF87A00ADF83200BDF81D
:10EDB0007A002044401E00B2ADF83600BDF9341090
:10EDC0000198401E814202DABDF9340001E0019849
:10EDD000401E00B2ADF83400BDF9361000988142F3
:10EDE00002DABDF9360000E00098ADF8360022984E
:10EDF0000CA982680AA8F3F727FED0B30FFA88F2AD
:10EE000019A90AA8F3F761FE98BB0AA806F00AFE42
:10EE100083465646BDF92A00BDF93210401A00FB60
:10EE20000466BDF92800BDF93010401A0644B9F156
:10EE3000000F09D00FFA88F219A90AA8F3F7C0FE4B
:10EE400010B10120099001E0CDF824900E980590B2
:10EE5000BBF1000F36DDBDF82800ADF83000BDF87D
:10EE60002C00ADF8340002208DF81800BDF92A50AE
:10EE700024E028E0ADF83250ADF836500998A8B932
:10EE8000224631460E9811F014FBBDF928105B465E
:10EE90002A460E980AF040FF8DF818009DF81800D9
:10EEA000012804D102208DF8180000E0059602A97F
:10EEB00022980BF031FE2644681C05B2BDF92E00E5
:10EEC000A842D7DA00BFBDF87800ADF83000BDF831
:10EED00078002044401E00B2ADF83400BDF87E003A
:10EEE000001B401C00B2ADF83200BDF87E00ADF84A
:10EEF0003600BDF932100098401C814202DDBDF998
:10EF0000320001E00098401C00B2ADF83200BDF9BB
:10EF100034100198401E814202DABDF9340001E04C
:10EF20000198401E00B2ADF8340022980CA9826806
:10EF30000AA8F3F789FDD0B30FFA88F219A90AA835
:10EF4000F3F7C3FD98BB0AA806F06CFD834656464E
:10EF5000BDF93600BDF92E10401A00FB0466BDF95C
:10EF60002800BDF93010401A0644B9F1000F09D04D
:10EF70000FFA88F219A90AA8F3F722FE10B10120AE
:10EF8000099001E0CDF824900E980590BBF1000F98
:10EF900036DDBDF82800ADF83000BDF82C00ADF826
:10EFA000340002208DF81800BDF92E5024E028E02E
:10EFB000ADF83250ADF836500998A8B9224631461E
:10EFC0000E9811F076FABDF928105B462A460E9885
:10EFD0000AF0A2FE8DF818009DF81800012804D14F
:10EFE00002208DF8180000E0059602A922980BF087
:10EFF00093FD2644681E05B2BDF92A00A842D7DD5C
:10F0000000BFBDF87800204400B2ADF83000BDF874
:10F010007C00001B00B2ADF83400BDF87A0020443B
:10F0200000B2ADF83200BDF87E00001B00B2ADF8B2
:10F0300036000E98059022980CA982680AA8F3F76A
:10F0400003FDA0B30FFA88F219A90AA8F3F73DFD52
:10F0500068BB0AA806F0E6FC8346BBF1000F25DD7D
:10F06000BDF82800ADF83000BDF82C00ADF8340034
:10F07000BDF92A5016E0ADF83250ADF83650594679
:10F080000E9811F0DBFBBDF928105B462A460E985E
:10F090000AF042FE8DF8180002A922980BF03CFD00
:10F0A000681C05B2BDF92E00A842E4DA00BFB9F130
:10F0B000000F05D110A80AF05BFE0F980BF0DCFAE8
:10F0C000504611F055F90E9811F052F900BFFFF7B4
:10F0D00051B900002DE9F74FDEB05E985D90609861
:10F0E00006F0AEFC804600EBD8704FEA600A6098EC
:10F0F00006F01EFC074600EBD7704010824507DA89
:10F10000609806F09DFC064606EBD670401006E0BF
:10F11000609806F00DFC054605EBD570401000B276
:10F120005B90609801885B98084400B2ADF870016C
:10F13000609841885B98084400B2ADF8720158A805
:10F140000AF008FB58AA4FF4C0215E9815F0FCF9AC
:10F150009DF8690120F0100010308DF8690150A869
:10F160000AF0ACFA50AA4FF4C0215E9815F085F968
:10F170002CA85F9912F016FFFE482D904FF4C02086
:10F18000399003202E9058A832905D982430F4F7DF
:10F19000D7FF044641E23D94A18B5B98084406B238
:10F1A000A088301A00B22B90A089301A0FFA80FA8A
:10F1B000BDF870112B98081A00B2ADF8A400BDF884
:10F1C00072112B98081A00B2ADF8A600BDF87011A4
:10F1D0002B98084400B2ADF8A800BDF872112B9826
:10F1E000084400B2ADF8AA00012347F6FF7229A92E
:10F1F0004AA80BF059F9BDF87001A0EB0A0000B263
:10F20000ADF89C00BDF87201A0EB0A0000B2ADF8A9
:10F210009E00BDF870015044401E00B2ADF8A00041
:10F22000BDF872015044401E00B2ADF8A2000123A7
:10F2300047F6FF7227A944A80BF036F9BDF8700114
:10F24000801B00B2ADF89400BDF87201801B00B2C3
:10F25000ADF89600BDF870013044401E00B2ADF824
:10F260009800BDF872013044401E00B2ADF89A001B
:10F27000002347F6FF7225A93EA80BF015F90021DF
:10F280003EA80AF093FA24904FF0FF302390608953
:10F2900010B16089401E01E04FF6FF7022904FF0E0
:10F2A0000009A4E12298401C22900020219061894D
:10F2B0002298814203D10020229001202190A06950
:10F2C00000906088421E00214846636910F086FF66
:10F2D00007463C97219810B12089209001E02068D2
:10F2E000209020981F90219808B1E08900E0E088E4
:10F2F0000FFA80F8CDF87880DDF878805D983030AE
:10F30000F4F71EFF05465FE02879022800D055E09B
:10F31000A868B84251DCE868B8424EDB288A40440D
:10F320000FFA80F8698AA88A814202D1688A2090FF
:10F3300043E0A87D00F0010050B1FF2000900023C1
:10F340003846D5E9021210F049FFC0B2139009E027
:10F35000FF20009000233846D4E9051210F03EFF4C
:10F36000C0B21390A98A1191698A1291139800F181
:10F37000040C4FEAEC00BDF848C04CEA0C4CDFF836
:10F38000F8E10CEA0E01BDF844C04CEA0C4C0CEA62
:10F390000E03A3EB010C0CFB00FC01EB5C1C0CEA64
:10F3A0000E0242EA124C1FFA8CFCCDF840C0BDF8A8
:10F3B00040E0F446CDF880C000BF00BF29465D980C
:10F3C0003030F4F7B7FE0546002D9DD1E08B00FBF1
:10F3D00009F001026088401E91FBF0F01D901D981D
:10F3E00000121C901C98401C1B901D9800F0FF0BF5
:10F3F000228C1C99114408B21BF0C4F81A90228C7C
:10F400001B99114408B21BF0BDF81990CBF580711F
:10F410001A984143199800FB0B1000121890228C87
:10F420001C99114408B21BF0A5F81790228C1B9967
:10F43000114408B21BF09EF81690CBF58071179816
:10F440004143169800FB0B1000121590BDF8800088
:10F45000ADF86001ADF86281BDF8702106EB0801DE
:10F46000159848437F3002EBE03000B2ADF8500011
:10F47000BDF8722106EB0801189848437F3002EB73
:10F48000E03000B2ADF8520014A835905CA8359079
:10F49000CDF8E89050A83190219800287CD024988D
:10F4A0000BF0EAF8B4F91000AAEB00001390BDF8D5
:10F4B00070211399159848437F3002EBE03000B279
:10F4C000ADF84800BDF872211399189848437F3071
:10F4D00002EBE03000B2ADF84A00202250A90AA8A1
:10F4E00010F0E7FF0AA831903B4624A2102106A89D
:10F4F00018F0D0FB06A837902CAA1A215E980CF0C1
:10F5000089FE002141F6FF72BDF95201CDE90121CA
:10F510000090BDF9543105A8509A37991BF020F995
:10F52000BDF9140000EBD071BDF84820A2EB6101D9
:10F5300009B2ADF80C10BDF9160000EBD071BDF8A2
:10F540004A20A2EB610109B2ADF80E10BDF80C0023
:10F55000BDF81410084400B2ADF81000BDF80E005C
:10F56000BDF81610084400B2ADF81200002000905B
:10F5700003AA06E0BC2103081FF8E0072564000089
:10F580000AE0379B31995F9809F0E4FC00213EA81E
:10F590000AF00CF9249007E00020319037902CAA53
:10F5A0001A215E980CF036FE219909B144A900E0B9
:10F5B0004AA9084600210AF0F9F823905CAB14AA86
:10F5C00058A95F980AF0AFF823980BF055F82CAAC9
:10F5D00016215E980CF01EFEBDF87C00ADF86001AF
:10F5E0001E98ADF8620109F1010000F0FF09608882
:10F5F00048453FF757AE4AA80AF0BAFB44A80AF0BC
:10F60000B7FB3EA80AF0B4FB24980BF035F821466E
:10F610005D982430F4F78EFD0446002C7FF4BBADDA
:10F6200061B0BDE8F08F00002DE9F04FB1B00546A4
:10F630008B4690462E464146284602F08BFF0446F4
:10F640002089C0F30E00012802DC31B0BDE8F08F44
:10F650002089C0F3C03020B9208810B9608800B973
:10F66000F3E70021284614F076F982460021284667
:10F6700013F057FF504400B22E90284612F07DFF41
:10F68000B6F884104843001200B22D9025A80AF065
:10F6900015F825AA4FF4C021284614F0EEFE28469E
:10F6A00013F0D6F80146AA8A2E981044401A00B2E8
:10F6B0002490B8F1020F0ED12089C0F3C03028B1D8
:10F6C0004FF4C021284614F069F800E00020239090
:10F6D000B5F91A900DE02089C0F3C03028B14FF47D
:10F6E000C021284614F0A3FA00E000202390B5F9C9
:10F6F0001690B8F1020F16D1DBF80800B0F9060039
:10F70000484500DAA1E7239848442599B1F9081043
:10F710000844B4F900100844DBF80810B1F90210ED
:10F72000884200DA91E720A80AF014F820AA4FF4E2
:10F73000C021284614F008FF0020ADF88600ADF87F
:10F74000840059460EA812F02DFCA6480F90062002
:10F75000109002201C904FF4C0201B9025A81390FD
:10F7600020A81490B8F1020F01D0012000E0002081
:10F770000D9096F8880000F00700022822D10021A1
:10F78000284614F09AF8B6F8841048434FEA202A25
:10F790002D985044B6F8821090FBF1F000B20B9017
:10F7A0000B99A1EB0A0000EBD0714A102499114487
:10F7B00009B224910B98A0EB0A012D98401A00B2CF
:10F7C0002D9000BFADF8C2902089C0F30E00401EFE
:10F7D0006168C1F30E4148430C900027FBE0002014
:10F7E0000B906068C0F30E40B7FBF0F100FB1170A6
:10F7F00008B901200B90BDF982102D98401A78436A
:10F800000C99B0FBF1F12498084400B2ADF8C000A7
:10F81000ADF8BC000D9868B1BDF9C2100B9810B1DD
:10F82000B4F9000001E0B4F90200081A00B2ADF822
:10F83000BE000CE0BDF9C2100B9810B1B4F9000085
:10F8400001E0B4F90200084400B2ADF8BE0030A8EF
:10F8500017902FA8189096F8880000F0070003284A
:10F8600010D106F178000D9930F91100009006F1E1
:10F87000740030F91130002138460C9A10F0AEFCBB
:10F88000824604E06068C0F30E40B7FBF0FACDF8A2
:10F8900078A00B98002871D02089C0F3C0300028D0
:10F8A0006CD0534650A2102107A818F0F3F925A8F0
:10F8B000139007A8199010201A900EAA1A21284612
:10F8C0000CF0A8FC002141F6FF72BDF9A600CDE9BD
:10F8D00001210090BDF9A83006A8259A19991AF0BF
:10F8E0003FFFBDF9180000EBD071BDF8BC20A2EBC2
:10F8F000610109B2ADF81010BDF9180000EBD0712C
:10F90000BDF8BC2002EB610109B2ADF814100D98EE
:10F9100078B1BDF8BE102398081A00B2ADF81600F1
:10F92000BDF81600BDF81A10401A00B2ADF812006A
:10F930000EE0BDF8BE102398084400B2ADF81200E6
:10F94000BDF81200BDF81A10084400B2ADF8160058
:10F95000BDF91400B5F9141088420DDBBDF9101083
:10F96000B5F91800814207DC0020009004AA25A9FF
:10F970005846199B09F0EEFA09E0FFE700201390C2
:10F9800019901A900EAA1A2128460CF043FCBDF9D2
:10F99000821001EBD172BDF9C03003EB6202B5F900
:10F9A00014309A4211DBBDF9820000EBD072BDF930
:10F9B000BC30A3EB6203B5F91820934205DC2FABF2
:10F9C00030AA20A9584609F0AEFE0EAA1B212846EF
:10F9D0000CF020FC7F1C0C9887427FF600AF00BF24
:10F9E00033E60000841C0308256400002DE9F74F6E
:10F9F000B2B00546164631953146284602F0AAFDBA
:10FA000004462089C0F30E00012802DC35B0BDE8B1
:10FA1000F08F2089C0F3C03020B9208810B96088E9
:10FA200000B9F3E70EB1012000E000208346002179
:10FA3000284613F076FD2E900021284614F0F7F8A2
:10FA40002D90284612F07AFD3199B1F8861048437E
:10FA5000001200B22C90284612F0F4FF0146EA8A08
:10FA60002D9802442E981044401A00B22B904EB9A3
:10FA70004FF4C021284613F06EFF0746B5F9140075
:10FA80002A9008E04FF4C021284614F00DF80746EC
:10FA9000B5F918002A90B4F900002990B4F90200D1
:10FAA0002890012E07D12998404200B22990289829
:10FAB000404200B2289025A809F04CFE25AA4FF438
:10FAC000C021284614F040FD1DA809F0F7FD1DAA2D
:10FAD0004FF4C021284614F0D0FC0BA8339912F043
:10FAE00061FA89480C9006200D9019960004189030
:10FAF00025A811901DA810902089C0F30E00401E6B
:10FB00006168C1F30E4100FB01F94FF00008F6E017
:10FB1000BDF996102C98401A00FB08F0B0FBF9F1E3
:10FB20002B98084400B2ADF8C200ADF8BE002A9888
:10FB3000ADF8C00036B9BDF8C000401E00B2ADF847
:10FB4000C00005E0BDF8C000401C00B2ADF8C00028
:10FB500000200A906068C0F30E40B8FBF0F100FB93
:10FB6000118008B901200A900A9838B1BDF8C01078
:10FB70002998081A00B2ADF8BC0006E0BDF8C01024
:10FB80002898081A00B2ADF8BC0030A814902FA82D
:10FB900015903198703030F91B00009031996C311C
:10FBA00031F91B30A9EB08004A46002110F016FB82
:10FBB0008246CDF86CA00A98002872D02089C0F344
:10FBC000C03000286DD0534650A2102106A818F06E
:10FBD00061F81DA8109006A81690102017900BAA87
:10FBE0001A2128460CF016FB002141F6FF72BDF9E0
:10FBF0008600CDE901210090BDF9883005A81D9A45
:10FC000016991AF0ADFDBDF9160000EBD071BDF8E4
:10FC1000BE20A2EB610109B2ADF80E10BDF91600CD
:10FC200000EBD071BDF8BE2002EB610109B2ADF866
:10FC30001210BBF1000F0FD1BDF8BC00BDF81410BD
:10FC4000401AC01B00B2ADF80C00BDF8BC00C01BD0
:10FC500000B2ADF810000EE0BDF8BC00384400B2B0
:10FC6000ADF80C00BDF8BC00BDF8141008443844D1
:10FC700000B2ADF81000BDF91210B5F916008142BE
:10FC80000DDBBDF90E10B5F91A00814207DC00202A
:10FC9000009003AA1DA9169B339809F05BF909E0AF
:10FCA000FFE700201090169017900BAA1A21284603
:10FCB0000CF0B0FABDF9961001EBD172BDF9C2306B
:10FCC00003EB6203B5F91620934211DBBDF99600F0
:10FCD00000EBD072BDF9BE30A3EB6203B5F91A2078
:10FCE000934205DC2FAB30AA25A9339809F01BFD00
:10FCF0000BAA1B2128460CF08DFA08F10108C84513
:10FD00007FF606AF00BF81E6841C0308256400006F
:10FD10002DE9FE4F06460C461746984620213046F0
:10FD200014F098FA00287DD00C98032803D13046AF
:10FD300012F074FE02E0304612F07AFE81460EF0B8
:10FD400037FB05464FF0000A002002900C9803286C
:10FD500043D10021304613F0D7FD834600213046C1
:10FD600013F07BFE0190B9F1010F23D0B9F1020F1E
:10FD700028D0B9F1030F2ED106F1140005F013FEBF
:10FD8000A0EB0B010198081A009000EBD0700BEB70
:10FD90006000B18A08440FFA80FA05F1140005F0FA
:10FDA00002FE009000EBD070A98A01EB600000B267
:10FDB000029010E0B08A58440FFA80FAB5F91400A6
:10FDC000029008E0318B0198081A0FFA80FAB5F911
:10FDD0001800029000BF00BF45E00021304613F03C
:10FDE000FFFE83460021304613F0B1FC0190B9F1CB
:10FDF000010F25D0B9F1020F2AD0B9F1030F30D18C
:10FE000006F1140005F05CFDA0EB0B010198081A47
:10FE1000009000EBD0700BEB6001F08A08440FFA01
:10FE200080FA00E054E005F1140005F049FD00906F
:10FE300000EBD0704110E88A084400B2029010E054
:10FE4000F08A58440FFA80FAB5F91600029008E0DB
:10FE5000718B0198081A0FFA80FAB5F91A0002900E
:10FE600000BF00BF00BFB8F1000F17DAB9F1000FF3
:10FE700005D00298504502DD2046BDE8FE8F002CDB
:10FE800001DAA01E04B2002C01DDA01C04B2214640
:10FE9000E01704EB9070801000B2EEE7002F16DA46
:10FEA000B9F1000F04D00298504501DA2046E4E78A
:10FEB000002C01DAA01E04B2002C01DDA01C04B24B
:10FEC0002246E01704EB9070801000B2D5E709E0FD
:10FED00008EB0400002802DAC8F1000004B2381B65
:10FEE00000D53C462046C8E710B50446207EC0F346
:10FEF000800008B1002010BD207A232802D02428D9
:10FF000003D100E000BF0120F5E700BF00BF4FF4C0
:10FF10008041606814F09EF908B90020EBE7207A70
:10FF200011381C2823D2DFE800F00E0F1011121335
:10FF3000141516171822221922221A1D1B1C222200
:10FF400022221E1F222000BF00BF00BF00BF00BF33
:10FF500000BF00BF00BF00BF00BF00BF00BF00BFA9
:10FF600000BF00BF00BF00BF00BF0020C3E70120EB
:10FF7000C1E72DE9F04104460EF006FA07469FB1AD
:10FF80003868806818B1217A386882689047207E86
:10FF9000C0F3400010B10120BDE8F081207E00F0E8
:10FFA000010008B10020F7E701260EB9002003E0A8
:10FFB0000021606812F038FB05464FF0000827E08A
:10FFC0002868F0B1287A00F08000802819D1287ABA
:10FFD000802805D0287A20F08000217A884210D12C
:10FFE0006868E060204629688847207EC0F34000AA
:10FFF00008B10120D0E7207E00F0010008B1002008
:020000040801F1
:10000000CAE708F101084146606812F00DFB054699
:100010000DB1012ED4D02146002012F0E9F9064698
:100020000EB9002003E00021606812F0FDFA0546D9
:100030004FF0000823E02868D0B1287A00F0800053
:10004000B0B9287A18B1287A217A884210D1686824
:10005000E060204629688847207EC0F3400008B150
:10006000012099E7207E00F0010008B1002093E70D
:1000700008F101084146606812F0D6FA05460DB154
:10008000012ED8D0012E11D16068406870B1204691
:10009000FFF72AFF50B16068406860602046FFF7B4
:1000A00068FF0646012E01D0002075E7304673E751
:1000B0002DE9F0438046DDE9074521B92A70227019
:1000C0001A70BDE8F0834FEA282000F00209B9F168
:1000D000000F04D000BF99462B464D4600BF00F0EC
:1000E0000409B9F1000F04D000BFA1462C464D46CB
:1000F00000BF00F00609B9F1000F09D100F00109B5
:10010000B9F1000F0ED100BF994623464C4609E0D5
:1001100000F00109B9F1000F04D000BF9946234651
:100120004C4600BF22706FEA010909F0FF0602FB8E
:1001300006F74FEA272985F8009008F0FF0C00F039
:100140000109B9F1000F0DD1BCF1000F02D14FEA46
:10015000012905E0CCF1000909F0FF0909FB01F9CB
:100160004F4601E001FB0CF73E126FEA060909F069
:10017000FF0602FB06F74FEA272983F8009000BF2D
:100180009FE700002DE9FF4F87B005468B4691465B
:10019000DDE914A6584605F030FC0690584605F0F7
:1001A000ABFB05901798012804D0022804D003283F
:1001B00006D103E0494F08E0494F06E0494F04E00B
:1001C00000BF00BF0BB0BDE8F08F00BF8EBB28881A
:1001D000049028885246014602900A98B847039036
:1001E0004FF0000821E0002418E0BDF8100035F8B9
:1001F000141088420CD005EB44000088049005EBF5
:10020000440000885246014602900A98B84703907D
:1002100005EB4400BDF80C100180641C0698844274
:10022000E3DB05EB490508F1010805988045DADBB9
:1002300051E0FFE700200290288804903078FD28E4
:1002400001DB504603E0307800FB0AF0000A019021
:10025000019A04990A98B84703904FF0000836E0D5
:1002600000242BE0305D00B927E0315D0298814227
:1002700005D1BDF8100035F81410884217D0305D54
:10028000FD2801DB504603E0305D00FB0AF0000A68
:10029000019005EB4400008800900146019A0A98FD
:1002A000B8470390305D029035F81400049005EBD8
:1002B0004400BDF80C10018000BF641C0698844205
:1002C000D0DB05EB49051698064408F101080598AE
:1002D0008045C5DB00BF00BF74E70000497500081A
:1002E00075760008EB7500082DE9FF4F89B00446CC
:1002F0009246DDE91685F4F737FA08900A9805F07A
:100300007CFB81460A9805F0F7FA8346002D78D1E8
:10031000B8F1FD0F0CDB002707E04A4620460C9998
:1003200007F057FB04EB4A047F1C5F45F5DB7DE1DA
:1003300000BF0020014602464FEAD20CBDF804304F
:100340006CF304034FEA910C0193BDF804306CF395
:100350004A134FEAD00C0193BDF804306CF3CF235D
:100360000193BDF804C063460293BDF80810084627
:100370000790424607990C9807F0E0FC06900C990C
:1003800004A80291BDF80810C90A01FB08F1018018
:10039000BDF80810C1F3451101FB08F14180BDF81B
:1003A000081001F01F0101FB08F1818000BFC8F1B6
:1003B000FF000390002720E0002619E0BDF81C0094
:1003C00034F8161088420DD004EB460000880790E0
:1003D00004EB460000880290014604A8039A07F047
:1003E00035FD069004EB4600BDF818100180761C20
:1003F0004E45E3DB04EB4A047F1C5F45DCDB15E183
:10040000FFE7BDF8300000EB00400790B8F1FD0FAA
:100410006FDBA9F1040006900027B4E0002614E089
:100420002878FF2803D1BDF8300020800AE02A7820
:100430002088014604900C9807F080FC0590BDF8D8
:10044000140020806D1CA41C761C4E4503DA05F0B8
:1004500003000028E4D172E0286805900598401C4C
:10046000A8B904F0030048B1BDF830102180A01CE9
:1004700007990160BDF83010E18005E0204607993A
:1004800001600799416000BF08342D1D56E00598B2
:10049000002851D02878FF2803D1BDF830002080F3
:1004A0000AE02A782088014603900C9807F046FC61
:1004B0000490BDF8100020806D1CA41C2878FF2833
:1004C00003D1BDF8300020800AE02A782088014658
:1004D00003900C9807F032FC0490BDF810002080C7
:1004E0006D1CA41C2878FF2804D1BDF830002080A2
:1004F0000BE04CE02A782088014603900C9807F026
:100500001DFC0490BDF8100020806D1CA41C2878F0
:10051000FF2803D1BDF8300020800AE02A78208827
:10052000014603900C9807F009FC0490BDF81000F8
:1005300020806D1CA41C01E02D1D0834361D06987A
:10054000864289DD14E02878FF2803D1BDF8300009
:1005500020800AE02A782088014604900C9807F051
:10056000EDFB0590BDF8140020806D1CA41C761CCA
:100570004E45E8DBAAEB090004EB40041898A0EB19
:10058000090005447F1C5F45FFF648AF4DE00020A1
:100590000490208806902088059000200390002772
:1005A00040E0002635E0287888B329780498814215
:1005B00009D02878FF2801D1404603E0287800FBC5
:1005C00008F0000A039029780498814205D1BDF80B
:1005D000180034F81610884214D00398FF2802D16E
:1005E0000C98059009E004EB460000880290014653
:1005F000039A0C9807F0A2FB05902878049034F831
:100600001600069004EB4600BDF8141001806D1C26
:10061000761C4E45C7DB04EB4A041898A0EB090092
:1006200005447F1C5F45BCDB00BF00BF0DB0BDE8CB
:10063000F08F2DE9FF4F85B081460C46DDE912A70A
:10064000F4F792F8804607BBB4F9026018E0B4F9F9
:10065000005010E0CDF808A0BDF82000ADF804006F
:1006600030B20090D8F800002BB2D0F81CC0494638
:10067000079AE0476D1CB4F90400A842EADA761C38
:10068000B4F90600B042E2DA2EE0204605F0B5F9F2
:100690008346204605F030F90490002620E000252E
:1006A00019E0785DB0B1785D00FB0AF0000A0290B5
:1006B000BDF82000ADF804006088304400B200901E
:1006C000218829440BB2D8F80000D0F81CC0494654
:1006D000079AE0476D1C5D45E3DB14980744761CE0
:1006E00004988642DBDB00BF09B0BDE8F08F10B58F
:1006F00002460B4610681C68A04201D1012010BDC3
:100700000020FCE710B502460B46506820F0404040
:100710001C68A04203D2506820F0404018600020BE
:1007200010BD2DE9F04F89B00446002008900790D5
:100730000DF02AFE069006980068057ED4F8208009
:100740000027B946B4F91400002802DDB4F91400FA
:1007500002E0B4F914004042B4F91610002902DD99
:10076000B4F9161002E0B4F916104942884201DDCE
:10077000012701E04FF00109CAE01021404613F0C3
:1007800069FDB0B94FF48071404613F063FD08B9BC
:1007900007B1C1E04FF40071404613F05BFD18B99A
:1007A000B9F1000F00D0B7E0404611F0ABFF804632
:1007B000AEE0CA46CDF814900497BB46404612F00E
:1007C00019F8064606F0010008B90020049006F06A
:1007D000020008B94FF0000B06F0040008B94FF012
:1007E000000A06F0080008B900200590404612F003
:1007F00029F90390404611F09DFF0290404612F007
:1008000027F80190404612F09BF8009003980028CA
:1008100002DC0298002811DDBAF1000F03D0B4F910
:100820001600A84206DA059840B1B4F916006942EC
:10083000884203DCCDF820800C2007900198002826
:1008400002DC0098002811DD049818B1B4F91400F6
:10085000A84207DABBF1000F08D0B4F914006942CE
:10086000884203DCCDF820800320079003980028FD
:1008700001DC4FF0000A0298002801DC00200590FE
:100880000198002801DC002004900098002801DC79
:100890004FF0000B049818B1B4F91400A84215DA0F
:1008A000BBF1000F04D0B4F91400694288420DDD99
:1008B000BAF1000F03D0B4F91600A84206DA059881
:1008C00078B1B4F91600694288420ADC0FB10320FE
:1008D00000E00C2094F83C1060F3030184F83C1015
:1008E0001AE04FF48071404613F0B4FC08B907B128
:1008F00012E04FF40071404613F0ACFC18B9B9F1A6
:10090000000F00D008E0404611F0FCFE804600BF1A
:10091000B8F1000F7FF431AF00BF089858B194F8D8
:100920003C10079860F3030184F83C100898A0621B
:100930000021A182E182089809B0BDE8F08F000093
:100940002DE9FF4F83B00446204612F067F802906D
:10095000029818B9002007B0BDE8F08F41F6FF7586
:100960000021204612F0D0FF07460021204613F058
:1009700074F88246204611F07EFD83464FF0000851
:100980006AE0A068006850F828603949304613F0E2
:100990006CFC00B15EE04FF48051304613F05AFC1D
:1009A000002856D04FF0000900200190029801283D
:1009B00004D0022809D003282CD10EE0B6F91490F7
:1009C000A08A384400B2019025E0B6F91890208B37
:1009D000A0EB0A0000B201901DE006F1140004F043
:1009E000E2FF009000EBD070B18A01EB60000FFADB
:1009F00080F904F1140004F0D6FFC01BA0EB0A003C
:100A0000009000EBD070A18A394401EB600000B285
:100A1000019000E01EE000BF069848440FFA80F9FC
:100A20000498814514DB0598814511DC0199A9EBF7
:100A3000010108B2002801DD014600E04142002D1D
:100A400001DD2A4600E06A42914200DA054600BF15
:100A500000BF00BF08F10108D84592D341F6FF70EE
:100A6000854201D1002000E0684200B273E7000037
:100A7000010004002DE9FF4F83B00446204611F029
:100A8000D7FF0290029818B9002007B0BDE8F08F98
:100A900041F6FF750021204613F0A2F80746002119
:100AA000204612F054FE8246204611F0E4FC8346B4
:100AB0004FF000086AE0A068006850F828603949E3
:100AC000304613F0D2FB00B15EE04FF48051304667
:100AD00013F0C0FB002856D04FF000090020019011
:100AE0000298012804D0022809D003282CD10EE056
:100AF000B6F91690E08A384400B2019025E0B6F9C4
:100B00001A90608BA0EB0A0000B201901DE006F184
:100B1000140004F0D5FE009000EBD0704110F08A74
:100B200008440FFA80F904F1140004F0C9FEC01B58
:100B3000A0EB0A00009000EBD0704110E08A38442E
:100B4000084400B2019000E01EE000BF069848444F
:100B50000FFA80F90498814514DB0598814511DC72
:100B60000199A9EB010108B2002801DD014600E06E
:100B70004142002D01DD2A4600E06A42914200DA3E
:100B8000054600BF00BF00BF08F10108D84592D359
:100B900041F6FF70854201D1002000E0684200B2BA
:100BA00073E70000010004002DE9FF4F87B00E46F7
:100BB0009046DDE914940021079813F0ADFA0690F1
:100BC0000021079812F01AFD0590F078C0F340005C
:100BD000A8B1F07800F0010020B142F2D17106987E
:100BE000884208D0F07800F0010040B942F2D1719B
:100BF0000598884203D1F07820F00200F070F07878
:100C000000F0010008B1964800E096480490F078A2
:100C100000F0010008B9924800E0924882460020A6
:100C20006080A08020612080A060E060CDF80C8012
:100C30000399079811F001FC0546E0E00398404550
:100C400006D04FF40001284613F004FB00B1D9E0B0
:100C50008549284613F009FB00287CD1002128464D
:100C600012F0A2FC02900298002875D02069401C66
:100C70002061A088484400B2A080207D00F00100DF
:100C800000286AD0216901EB810188000FF0F4FA95
:100C9000074600BF1FB900BF00BF00BFFEE700BF8F
:100CA0001FB903980BB0BDE8F08FE06858B1206918
:100CB000401E00EB800082003846E1680FF0F9FB2F
:100CC000E0680FF055FB2069401E00EB800047F8FC
:100CD0002050F07800F0010058B14FF0000B41F2C5
:100CE00002025946284613F031F80190019800B2EB
:100CF0000BE04FF0000B41F205025946284613F075
:100D000025F80190019800B200BF2169491E01EB4E
:100D1000810107EB81018880F07800F0010058B173
:100D20004FF0000B41F203025946284613F00EF82B
:100D30000190019800B20BE04FF0000B41F2060267
:100D40005946284613F002F80190019800B200BFFE
:100D50002169491E02E03EE017E02CE001EB810131
:100D600007EB8101C88002982169491E01EB8101CE
:100D700007EB8101C86000212069401E00EB800064
:100D800007EB80000161E76015E028460499884779
:100D90000746F078C0F3400030B1B4F90400C1193F
:100DA0000A98814200DD2DE0A08807EB0901084484
:100DB00000B2A08000BF2846D047B4F90010884296
:100DC00002DD2846D04701E0B4F900002080A06889
:100DD000401CA06000BFF078C0F3800010B14FF05D
:100DE000FF3000E001200399084403900398002895
:100DF00000DA07E00399079811F01FFB0546002D64
:100E00007FF41CAF00BFB4F90400002804DDA08803
:100E1000A0EB090000B2A080206908B10A9801E0A7
:100E2000B4F904006080CDB10398404516D107980D
:100E300080680068039950F82150F078C0F3800171
:100E400003AA079801F075F845B12846D0472080DD
:100E500028460499884760800120A060039821E714
:100E60009B41020865260208010006002DE9F04FAB
:100E700097B0044600BF00BF4FF0000BDE48028869
:100E80005946204612F062FF0A900A98C6B200BF87
:100E9000F0439DF85B1060F300018DF85B10B00823
:100EA0009DF85B1060F341018DF85B10F0089DF830
:100EB0005B1060F382018DF85B1000BFCF480288A1
:100EC0005946204612F042FF0A900A98C0B28DF8A7
:100ED000580000BFCA4802885946204612F036FF23
:100EE0000A900A98C0B28DF8590000BFC548028820
:100EF0005946204612F02AFF0A900A98C0B28DF88F
:100F00005A000021204612F08BFA012800D100E09F
:100F1000002015909DF85B0000F0010020B9002131
:100F2000204612F0BDFC03E00021204612F03EFEF8
:100F300014909DF85B0000F0010020B100212046D4
:100F400012F0AEFC03E00021204612F02FFE1390B9
:100F50009DF85B0000F0010018B1204611F00DFB78
:100F600002E0204611F0EAFA12904FF0000B41F235
:100F700032025946204612F0E9FE0A900A9800B261
:100F8000119000BF41F610025946204612F0DEFED5
:100F90000A900A98E18A0144119801EB000B20465F
:100FA00011F064FDABEB000000B210904FF0000BAD
:100FB00041F612025946204612F0C8FE0A900A98DD
:100FC000A18A0144119801EB000B204611F044FD69
:100FD000ABEB000000B20F909DF85A709DF85B00DB
:100FE00000F0010008B110A800E00FA8054600219C
:100FF000204613F091F80E900021204612F0FEFAE0
:101000000D909DF85B0000F0010040B142F2D171FB
:101010000D98884203D1608CC0F3402068B19DF8E0
:101020005B0000F0010048B942F2D1710E9888428D
:1010300004D1608CC0F3802000B90027159850B10E
:101040009DF85B0000F0010028B90FB9012702E00C
:10105000012F00D100274FF0000800200C900B90CA
:10106000002F49D09DF85B00C0F3800018B1A06844
:101070004068401E00E00020814617E000200A90F2
:1010800005A91398CDE900014A4616A92046129BEE
:10109000FFF78AFD8246BDF81410149808444044B6
:1010A0000FFA80F80B98401C0B90D146A06840685E
:1010B000484502DDB9F1000FE0DA0B9820B1149831
:1010C000A8EB00000FFA80F89DF85B0000F001002B
:1010D00018B1204611F032FA02E0204611F04DFA24
:1010E00083460CA8CDE900500B9803B242465946FE
:1010F00038461AF0FCFC00BF9DF85B00C0F380008E
:1011000018B1A0684068401E00E000208146159894
:1011100040B19DF85B0000F0010018B928884044F8
:1011200000B228804DE001200A9005A91398CDE96E
:1011300000014A4616A92046129BFFF735FD82465C
:10114000159850B19DF85B0000F0010028B928887F
:10115000BDF81410401A00B2288005AABDF940302D
:10116000DDE91210CDE90131CDE90302BDF93C0002
:1011700053464A4616A900902046F5F76BFDD14626
:1011800008980FF0F5F800200890159868B19DF8C0
:101190005B0000F0010040B92988BDF830201498A8
:1011A0001044081A00B228800AE02988BDF814000B
:1011B000BDF83020024414981044084400B228803E
:1011C00000BFA0684068484502DDB9F1000FAADA07
:1011D00042F2D1710E98884202D00D98884202D115
:1011E000204613F0AEFF00222B2120460BF012F810
:1011F00017B0BDE8F08F0000F4000020F6000020DA
:10120000F8000020FA0000202DE9FC5F0446894622
:101210009246207E00F0010008B1BDE8FC9FE56821
:1012200000264FF0010B0120019000BF85B9207E00
:10123000C0F3C00000B956B9019800B9EDE72046E7
:10124000C84705464FF0000B0020019000E0E4E79E
:1012500016B92E4606B9E0E7BBF1000F06D02946C5
:101260002046D0470546B54200D1D6E74FF0010BE6
:1012700005B9DBE7286812F059F800F0800000B1EA
:10128000D4E72F6809E00121384612F0E3FF00B1EE
:1012900005E0384611F036FA0746002FF3D100BFBB
:1012A0002FB10121384612F0D5FF00B1BEE700BFD3
:1012B00000BFE068A84200D1AFE7E06890B12046E7
:1012C00000F06DFB0090E16808680F21009A0AF0B9
:1012D000A1FF0746012F00D09FE7E168086813F0DF
:1012E00056FB00BFE560204600F059FB0746E16869
:1012F0003A4608680E210AF08DFF8046B8F1010FCA
:1013000000D08AE7E168086813F041FB206910B15A
:1013100020462169884700BF7FE7000070B504467A
:101320000D46E1B20548F0F789FD00BF8021034872
:10133000F0F7E6FC0028F9D0204670BD00380140E7
:101340002DE9F0410446204600F072F905461148A7
:101350000068001B461B0F480068401B0D490860D1
:10136000B6B127466119324620460FF0A2F806E0D2
:10137000A068401BA060204600F05AF904440548CC
:1013800000688442F4D1B81929460FF020FA00BF52
:10139000BDE8F081C800002002460C2070470246DC
:1013A0000020704702460020704703460C2070471B
:1013B000704703460020704730B50546039C0C205B
:1013C00030BD10B504460C2010BD03460020704708
:1013D00030B50546039C0C2030BD10B502461146C1
:1013E00091F83C3003F0030323B1012B04D0022B0E
:1013F0000CD000BF888C13E026235B5C4FF4B474E0
:101400006343642493FBF4F398B209E027235B5C05
:101410004FF4B4746343642493FBF4F398B200BFB5
:1014200000BF10BD2DE9F34F87B083465F4605A985
:10143000584611F0C1F8584612F0AFFE02905846D7
:1014400011F010F901900021584612F0B8FA0090FE
:101450000021584612F05CFB80460021584612F0ED
:101460001AFC81460021584612F0CCF98246002130
:10147000584612F0A8FB05460021584612F02AFAF9
:101480000646284605EBD0714910491C05F00102BB
:1014900011440DB2304606EBD0714910491C06F0DC
:1014A000010211440EB20D2D01DA284600E00D2094
:1014B00005460D2E01DA304600E00D200646B8F153
:1014C0000D0F01DA404600E00D208046B9F10D0F06
:1014D00001DA484600E00D208146BAF10D0F01DA2D
:1014E000504600E00D20824600248BE0B86A00EBF5
:1014F000C40103A804F0C0F9BDF90C1000988142A2
:101500000FDCBDF9141000980D2801DA009800E0F6
:101510000D20081ABDF80C10084400B2ADF80C00FC
:1015200008E0BDF80C00BDF81410891B084400B297
:10153000ADF80C00BDF90E0048450FDCBDF91600F2
:10154000B9F10D0F01DA494600E00D21401ABDF84E
:101550000E10084400B2ADF80E0008E0BDF80E0011
:10156000BDF81610491B084400B2ADF80E00BDF9D5
:1015700010100298A0EB0800801E81420FDBBDF91D
:101580001400B8F10D0F01DA414600E00D210844C6
:10159000BDF81010084400B2ADF8100008E0BDF826
:1015A0001000BDF814103144084400B2ADF810002A
:1015B000BDF912100198A0EB0A00801E81420FDBDA
:1015C000BDF91600BAF10D0F01DA514600E00D2108
:1015D0000844BDF81210084400B2ADF8120008E04B
:1015E000BDF81200BDF816102944084400B2ADF849
:1015F0001200002203A80899F1F73DFB00B105E0B5
:10160000601C84B2388EA0423FF770AF00BF388EA6
:10161000A04201D14FF6FF74204609B0BDE8F08F1B
:10162000014601F007020AB1104670470120FCE7AD
:101630000146B1F90C20032303EB420222F003021E
:1016400002F1100070472DE9FC5F05460E46174673
:101650000021284612F099F980460021284612F010
:101660003DFA82460021284612F0FBFA814600210D
:10167000284612F0ADF80190284612F08EFDA0EB3E
:101680000800A0EB0A0B284610F0ECFFA0EB0901C4
:101690000198081A834507DA284612F07EFDA0EB70
:1016A0000800A0EB0A0006E0284610F0DBFFA0EBE4
:1016B00009010198081A009000EBD070401004B2A4
:1016C000A88A2044404400B23080E88A204448443C
:1016D00000B2708007B13C80BDE8FC9F38B504467D
:1016E0000025044802882946204612F02FFB00906E
:1016F000009838BDDC00002038B5044600250548B8
:1017000002882946204612F021FB00900098C0B2C2
:1017100038BD0000E400002038B504460025054827
:1017200002882946204612F011FB00900098C0B2B2
:1017300038BD0000E6000020F0B504460B46032B40
:1017400001D2012000E000200546611B981E0C27F5
:1017500007FB0500C0EB4010B0FBF7F01044084455
:1017600000EB91006427B1FBF7F7C01B4FF4C8777B
:10177000B1FBF7F738440727B0FBF7FC07FB1C0663
:10178000F0B2F0BD2DE9FC4781460E4616B90020A7
:10179000BDE8FC87D9F81040606930B16069006825
:1017A000B04202D160694068F2E70025B1E005EB84
:1017B0008501A06850F82100371A05EB8501A06863
:1017C00000EB81008088B84200D2A0E04FF0000812
:1017D00005EB8501A06800EB8100807C022808D120
:1017E00005EB8501A06800EB8100C08800EB0708CD
:1017F00084E005EB8501A06800EB8100807C78B96E
:1018000005EB8502A16801EB8201C86805EB850242
:10181000A16801EB8201C988C25D01EB02086DE09D
:1018200005EB8501A06800EB8100807C03282AD1AC
:10183000B8B201903E48009005EB8503A06800EB2C
:101840008300028A05EB8503A06800EB8300022376
:10185000816801A8F3F7FEF88246BAF1000F11D0B3
:1018600005EB8502A16801EB82018968AAEB010101
:10187000481005EB8502A16801EB8201C98801EBE4
:10188000000800BF3AE005EB8501A06800EB81008D
:10189000807C012832D1B8B201902548009005EB38
:1018A0008503A06800EB8300028A05EB8503A0682E
:1018B00000EB83000223816801A8F3F7CBF882468E
:1018C000BAF1000F19D005EB8503A26802EB830281
:1018D0009268AAEB0202501005EB8503A26802EBA6
:1018E0008302D16805EB8503A26802EB8302D288EC
:1018F00031F8103002EB030800BF00BF606920B16F
:10190000606906606069C0F80480404640E7681C72
:1019100085B2608AC0F30800A8423FF748AF60690B
:1019200020B16069066000206169486000202FE7EF
:10193000F50B03082DE9F84F80460D46C146404699
:1019400000F0FDF9064616B90020BDE8F88FF08AD0
:10195000281A05B20021304612F0C5FA009000980E
:101960000AF0B6FD82460021304612F02CFB0446F8
:10197000204604EBD07105EB61010DB20AEB0400C7
:101980000FFA80FB95FBFBF087B2B9F83400B84240
:1019900003DCB9F83400401E87B23846D5E72DE99C
:1019A000F04105460026002700200CF0F3FC044619
:1019B00016E020460CF03DFD8046206DA8420AD17D
:1019C000B8F1020F02D12046BDE8F081B8F1040F52
:1019D00000D12646274620460CF0DCFC044600BF1A
:1019E000002CE6D10EB13046EEE70FB13846EBE7FA
:1019F00000200CF0CFFCE7E72DE9F04107460C464C
:101A00003D46384610F0B9FDB5F884104843001241
:101A100006B20021384611F09EFF8046A4EB080074
:101A200004B2002C02DA0020BDE8F081B44203DDEC
:101A3000B5F88200401EF7E795F8880000F007002F
:101A400001280BD1314606EBD1704210B5F8820067
:101A5000401E04FB002090FBF6F0E5E795F88800B7
:101A600000F00700022805D1B5F88200604390FB22
:101A7000F6F0D9E70020D7E70246114600E00968F2
:101A800021B18869C0F30F100028F8D009B90020EF
:101A900070478869C0F30F10FAE700002DE9FC5F7A
:101AA00080460D461646D8F810704FF0000A788A26
:101AB000C0F34030002840D1FC68A068800FD8B93E
:101AC000D4F8009005EB062080B2019026480090E3
:101AD000A06820F040420223494601A8F2F7BAFF6D
:101AE0008346BBF1000F06D0ABEB090148106168DB
:101AF00011F900A000BF1FE00121A068B1EB907FA9
:101B00001AD1D4F8009005EB0640019017480090D8
:101B1000A06820F040420423494601A8F2F79AFF4A
:101B20008346BBF1000F06D0ABEB0901881061685A
:101B300011F900A000BF00BF12E0F8684368595DCA
:101B400083689A5D00290ADD002A08DD531E4C1EB9
:101B500090F80DC004FB0C33046814F903A000BF17
:101B60005046BDE8FC9F00009544010875440108FB
:101B70002DE9FE4F07460C4625460026002120464B
:101B800011F00DFC834600EBDB70C0F34F064FF401
:101B90004031204611F0ECFE80464FF440312046A3
:101BA00011F08FFF81464FF44031204612F04CF87F
:101BB00082464FF44031204611F0FDFD0290A08A8C
:101BC000298D0844801BA0EB080000B2ADF800008E
:101BD000E18A688D0844801BA0EB090000B2ADF8D3
:101BE0000200A08A298D08443044504400B2ADF868
:101BF0000400E18A688D084481190298084400B203
:101C0000ADF806000098386001987860BDE8FE8F56
:101C10002DE9F04F87B081460F469246984600BFA7
:101C200000BF4C464FF40031484611F0C5FB8346D7
:101C300058460BEBD0714D10AAEB05000FFA80FA55
:101C4000A68C94F83400C0F3410018B9208D3044BC
:101C500086B223E094F83400C0F34100022803D197
:101C6000E08C304486B219E094F83400C0F34100AF
:101C7000012813D1B4F93020B4F93230D11801EB76
:101C8000D1725010B4F92E10814203DAE18C314444
:101C90008EB202E0218D31448EB200BF06F15A00AF
:101CA00000B218F06FFC00FB0AF0C01300B20690FF
:101CB00030B218F067FC00FB0AF0C01300B20590C8
:101CC0004FF44031484611F060FE04904FF440312B
:101CD000484611F003FF03904FF44031484611F09D
:101CE000C0FF02904FF44031484611F071FD019061
:101CF0003988069801440498081A401B00B2A8F8D5
:101D0000000039880698014403980844284400B22A
:101D1000A8F804007988059801440298081A401B25
:101D200000B2A8F802007988059801440198084497
:101D3000284400B2A8F8060007B0BDE8F08F70B5DF
:101D400004462546686A08B9002070BD0021686A0B
:101D500010F073FBF9E710B504460021204610F09F
:101D60006CFB10BD70B504460E46002513E0E0681C
:101D700000EBC5004068C0F3006058B1E06800EBBC
:101D8000C500406820F07F40B04203D1E06850F8C1
:101D9000350070BD6D1C608CC0F3C500A842E6D84C
:101DA000608CC008401C618C60F3C8016184628C47
:101DB000C2F3C502D100E0680EF046FBE06000BF50
:101DC000E06818B900BF00BF00BFFEE700BF608C2D
:101DD000C0F3C500451E1AE0681EE16801EBC000B3
:101DE0004068C0F3006038B9681EE16801EBC000CC
:101DF0004068C0F3406000B10BE0E06800EBC50153
:101E00000246681E02EBC00205CA05C16D1E002D08
:101E1000E2D100BFE16801EBC50008210EF0D7FC5C
:101E200008200EF0EFF9E16841F83500E16851F85B
:101E3000350016F079FAE06800EBC500406820F044
:101E4000807000F18070E16801EBC5014860E068D6
:101E500000EBC500406866F31700E16801EBC501BF
:101E60004860E06850F8350093E700002DE9FC4138
:101E70000746884616463868C068C068B0FBF8F464
:101E8000B44200DD3446194800680068806958B3E0
:101E90000020ADF80000ADF80400ADF8020025B256
:101EA00000BF681E00B2ADF8060010490968086856
:101EB0000E49096809688A6969469047684603F0CF
:101EC0000DFDA04200DC03E0681E05B2002DE8DC39
:101ED00000BF002D04DC00BF00BF0020BDE8FC8176
:101EE000BDF90600441C00BF2046F7E7C0000020F3
:101EF00070B505460C46641E002C01DA6D1E0C34CC
:101F00000C2C01DB6D1C0C3C012C04D1284602F08A
:101F10008BF81C300BE0072094FBF0F100FB11461E
:101F200006EBD6704010A6EB4000C0F11F00C0B217
:101F300070BD10B5034669B11068401E106010688E
:101F4000002805DB98680068146850F8240010BD6C
:101F50000020FCE71068401C106010689C686468F2
:101F6000A04205DA98680068146850F82400EEE78B
:101F70000020ECE730B50446481CE56835F8100051
:101F800035F81150401B00B21080A06830F81100E5
:101F900000B21880E06830F811006568284430BD50
:101FA0002DE9F84F06460C461546B0460CF0ECF904
:101FB00081460CF03EFA8246BAF1010F0DD0BAF11B
:101FC000030F0AD015B14FF6FF70288014B14FF6F9
:101FD000FF7020800020BDE8F88F0CF0D5F9814615
:101FE00069460CF0EBF9002D3ED0304610F034FD80
:101FF000BDF8001008440FFA80F90021304611F0B6
:1020000036FA01280AD10021304611F0B5FD318B96
:10201000081AA0EB09000FFA80F90CE0B08AA9EBCE
:1020200000000FFA80F90021304611F0FCFCA9EB0A
:1020300000000FFA80F900202880002728800CE09B
:102040002988D8F8300030F81100384407B2B94573
:1020500000DA07E02888401C28802888B8F8241077
:102060008842EDDB00BF00BF6CB3304610F0FEFCD1
:10207000BDF8021008440FFA80F9F08AA9EB0000BD
:102080000FFA80F90021304611F046FEA9EB00005E
:102090000FFA80F900202080002720800CE02188A2
:1020A000D8F82C0030F81100384407B2B94500DAEE
:1020B00007E02088401C20802088B8F8261088423D
:1020C000EDDB00BF00BF012085E72DE9F04F87B0B1
:1020D0000446884691461E464846F2F753FB0121C6
:1020E0008140C8B206904FF0FF3A208C05900598C9
:1020F000C04380B2049094F82200C0F380000290A4
:10210000002530E0E06800EBC5077868C0F3406068
:1021100000B92DE0029800B124E0E16801EBC501AF
:10212000496821F07F4014F046F98346C34500D04A
:1021300018E0386880790699084000B912E003AACF
:102140004946386816F070F808B1012000E0002018
:102150000190019828B103983060012007B0BDE8D4
:10216000F08F00BF6D1C608CC0F3C500A842C9D8B9
:1021700000BF41E0E06800EBC50BE16801EBC50181
:10218000496821F07F4014F016F90090E16801EBF6
:10219000C501496821F07F4014F011F90746009805
:1021A000404500D027E0DBF8000080790699084020
:1021B00000B920E00498384000B11CE0574500DC2D
:1021C00019E003AA4946DBF8000016F02DF808B123
:1021D000012000E000200190019858B10598874245
:1021E00003D1039830600120B8E7BA4502DABA4655
:1021F0000398306000BF6D1C608CC0F3C500A8421E
:10220000B8D8BAF1000F03DB039830600120A5E7CE
:102210000020A3E72DE9FC5F83468A4690461D46D1
:10222000082001907F200090404608EBD0714C10B0
:1022300008F0010080F00109CBF15A0108B218F052
:10224000A1F9AAEB04014843C611584618F09AF9BF
:10225000AAEB04014843C711002E0ADDA6F17F0056
:102260000612301B484400B22880301900B2A88002
:102270000AE006F17F000612301B00B228803019F8
:10228000A0EB090000B2A880002F0ADDA7F17F00B3
:102290000712381B484400B26880381900B2E88041
:1022A0000AE007F17F000712381B00B26880381976
:1022B000A0EB090000B2E880BDE8FC9F38B50446F9
:1022C0000025044802882946204611F03FFD009071
:1022D000009838BDE00000202DE9FF4F89B083460B
:1022E0009246DDE919785C46A08C0A99484380B291
:1022F000069000BFBAF808003844404400B2059088
:10230000069D4FF0000986E0A06A50F825000028DD
:102310007BD0206B30F919000790002600BF1EE02B
:10232000A919A06A50F82100B0B10021AB19A26A26
:1023300052F8230000B1017801F0010252B109EB1B
:102340000602521C236B33F81230079A1A4412B259
:10235000079200E009E000E007E0701C86B206EB9F
:102360000901A08C401E8142DADB00BF00200490EE
:10237000A06A50F8250020B1A06A50F82500007826
:102380000490049800F0020090B100BFBAF9080070
:10239000384400EB08010598814205DD00BFBAF919
:1023A00008003844404400E0059800B205902BE056
:1023B000DDE9170101440798401A00B20790002296
:1023C000079916988DE80700A06A50F82500411C6F
:1023D000524608A80C9B18F0C3F9BDF922003844F6
:1023E00000EB08010598814205DDBDF92200384463
:1023F000404401E009E0059800B20590A81985B2B3
:1024000009EB06001FFA80F900BF681C85B209F1CC
:1024100001001FFA80F9A18C06980844A8423FF7F2
:1024200073AF05980DB0BDE8F08F000038B50446D5
:102430000025054802882946204611F087FC0090B7
:102440000098C0B238BD0000EA00002038B504464C
:102450000025054802882946204611F077FC0090A7
:102460000098C0B238BD0000EC0000202DE9FF5FED
:1024700006460C460021304611F04DFD03904FF406
:102480008021304611F047FD029003980AF028F8A9
:10249000074602980AF024F880460021304611F0E1
:1024A000ACFD814608EB070000EBD07109EB610140
:1024B0000DB2304610F0D6F8834600EBDB704110C9
:1024C000F08A0844AA4605EBDA71A0EB610000B27D
:1024D00060806088284400B2E0806946304610F091
:1024E0006BF8BDF800002080BDF80400A080BDE8B6
:1024F000FF9F2DE9FF4705462846FFF72CFC0646BF
:102500001EB9002004B0BDE8F0874FF480212846B2
:1025100011F001FD80464FF4802741F25A423946BE
:10252000284611F013FC0290029804B200BF304616
:102530000CF05EFE8146002041F6FF71CDE90001FE
:10254000234642464946029003A818F009F9BDF90E
:102550000C00D7E702460B46114633B1012B0AD0D7
:10256000022B05D0042B0CD108E001F13C00704790
:1025700001F14800FBE701F15400F8E701F16000C8
:10258000F5E70020F3E770B504460E46002510E09D
:10259000E06800EBC5004068C0F3406040B1E0680F
:1025A00000EBC500406820F07F40B04200D105E05C
:1025B0006D1C608CC0F3C500A842E9D800BF608CD8
:1025C000C0F3C500A84203D0E06800EBC50070BDB1
:1025D000608CC008401C618C60F3C8016184628C0F
:1025E000C2F3C502D100E0680DF02EFFE060608C00
:1025F000C0F3C500451E09E0E06800EBC5010246D6
:10260000681E02EBC00205CA05C16D1E002DF3D184
:102610000821E0680EF0DBF808200DF0F3FDE1681A
:102620000860E168086815F07FFEE068406820F007
:10263000007000F10070E1684860E068406866F38F
:102640001700E1684860E068C1E7000037B584B072
:1026500005461446114890F8200000F0010070B1C2
:102660000221122013F0D6FE22460390059905F0B0
:1026700087FB0290BDF80810084607B030BD022164
:10268000122013F0F1FE22460190059905F078FB27
:102690000090BDF800100846EFE70000F444002069
:1026A0002DE9F04F064688461746DDE9095CDDE96D
:1026B0000B490022B8F1000F03D09246A4F800A005
:1026C00069E0052F03D0062F01D0042F03D100238A
:1026D000012D00D10127002106E03CF811A09A4409
:1026E00092440FFA8AF2491CA942F6D3A2EB030ADC
:1026F0000FFA8AF2072F4DD2DFE807F00409144CD5
:102700003E2C1B004FF0000AA4F800A042E0A6EB0C
:10271000020A0AEBDA7B4FEA6B0B0FFA8BFBA4F889
:1027200000B037E0A6EB020A0FFA8AFAA4F800A07C
:1027300030E04FF0000AA4F800A0A6EB020A0FFA5E
:102740008AFBA5F1010A0FFA8AFA9BFBFAFA0FFA43
:102750008AF31FE0A6EB020A0FFA8AFA0FFA85FB4A
:102760009AFBFBFA0FFA8AF39A4603EBDA7B4FEAFD
:102770006B0BA4F800B00DE0A6EB020A0FFA8AFB7F
:1027800005F1010A0FFA8AFA9BFBFAFA0FFA8AF3AB
:10279000238000BF00BF00210CE034F811A03CF8FA
:1027A00011B0DA449A440FFA8AFA01F1010B24F8C5
:1027B0001BA0491CA5F1010A8A45EED834F81AB0CD
:1027C0003CF81AA0DA44B4F800B0AAEB0B0A0FFAEE
:1027D0008AF0B9F1000F10D000210CE034F811A0FC
:1027E000A6EB0A0A3CF811B0AAEB0B0A0FFA8AFA18
:1027F00024F811A0491CA942F0D3BDE8F08F2DE9BF
:10280000F04F8DB0044600BF00BF2046FEF766FFC4
:1028100081462046FFF752FD0746B9F1000F00D070
:1028200017B90DB0BDE8F08F06A92046F3F7C8FD33
:102830000C2103A80DF0CBFF4FF0000B41F2320248
:102840005946204611F082FA0090009805B200BF68
:1028500000BF41F612025946204611F077FA009067
:10286000009828440FFA80FA00BF41F6100259463A
:10287000204611F06BFA00900098284400B20290B4
:10288000204610F0E9F8A18A5144081A00B2ADF8C8
:102890001400204610F0EAF80146E28A029810443B
:1028A000401A01B2ADF81610002609E0A0680068D1
:1028B00050F826B003AA06A9584601F0CBFB761CB7
:1028C000A0684068B042F1D806A8F4F789F8002162
:1028D000204611F014FC01900021204610F081FEEA
:1028E000804642F2D1710198884202D00846804564
:1028F00002D1204612F025FC00222B21204609F0AF
:1029000089FC00BF8DE700002DE9F04106463746FF
:10291000788E002802DC0020BDE8F0817D6A00246A
:1029200009E0F96A31F81400F3F73DFD08B1012020
:10293000F2E7601C84B255F8240050B155F8240029
:1029400005A1EDF7C5FC20B155F82400007800285A
:10295000E7D10020E0E700000A0000000146002067
:10296000302905DB392903DCA1F13002D0B21CE0AB
:10297000612902DBA1F12002D1B2A1F14102062AB4
:1029800010D2DFE802F0030507090B0D0A200BE067
:102990000B2009E00C2007E00D2005E00E2003E0ED
:1029A0000F2001E0002000BF00BF70472DE9F0417B
:1029B00005462C464FF44041606A03F07DFB94F9D4
:1029C0002E10A08D0122FEF7B7FE0746206B18B32C
:1029D00000261EE0206B30F82600A18D884216D11B
:1029E000206B00EB860090F9021094F92E008142D2
:1029F0000DD1226B02EB860292F90320521E3A445B
:102A0000D21D91B24FF40042606A03F04FFF701C78
:102A100086B2A08EB042DDDCA08D218D884210D11F
:102A200094F92E1094F92A0081420AD194F92B20AE
:102A3000521E3A44D21D91B24FF48042606A03F0B4
:102A400035FFBDE8F08100002DE9F04104460D4658
:102A5000606D18B900BF00BFBDE8F081606DA96866
:102A600030F92160606DA96800EB8100B0F9027057
:102A7000A87B1A490978884206D0A87B012801D191
:102A800000BF01E000BF00BFA87B01280AD1B4F954
:102A90000C00B04203D1B4F90E00B84202D0201DA0
:102AA00000F094FE201D00F00FFF00B1D4E7268156
:102AB0006781A87B012803D1201D00F027FD02E0DB
:102AC000201D00F083FE201D00F0FEFE00B1C3E7D4
:102AD0002189A1816189E18100BFBDE7A8000020B3
:102AE00070B5044604214048006811F0B3FB20B1E2
:102AF0003D49E06A0968884200D170BD3A480068E3
:102B00000FF0A6FD0546E06A18B1E06A0FF0A0FDDF
:102B100000E000200646B54224D14DB1324800689D
:102B20000AF012F9204600F0CFFE002857D0E4E763
:102B3000E06A50B12D49E06A0A680F2109F06AFB8A
:102B4000204600F0C1FE00B1D7E728480E210268F8
:102B50002548006809F05EFB204600F0B5FE00281D
:102B60003DD0CAE766B9E06A50B12049E06A0A6818
:102B70000F2109F04FFB204600F0A6FEC8B1BCE7CC
:102B8000E06AB0B156B91949E06A0A680F2109F044
:102B900041FB204600F098FE58B1AEE71349E06AC9
:102BA0000A68102109F036FB204600F08DFE00B1C6
:102BB000A3E745B10C4800680AF0C6F8204600F0CB
:102BC00083FE60B199E709480E2102680648006853
:102BD00009F020FB204600F077FE00B18DE70248A7
:102BE0000168E16200BF88E7A4000020A000002087
:102BF0002DE9F04704460D46A87B012805D16079F0
:102C0000C0F3C00008B1BDE8F0876079C0F3C00030
:102C100058B1607920F00801617100216164607928
:102C200020F00101617100212172277AA97B2172B4
:102C30006968E160D4F85080B8F1000F00D1E2E794
:102C400040460AF0F7F8ED4908600846006800B908
:102C5000D9E7A87B08B10020A88140460AF0EAF82D
:102C6000E64908600846006800B9CCE7A87B01285F
:102C700053D1002F51D100BF00BF17F080F960641D
:102C800068680A2820D1DD48006811F0D3FE28B911
:102C90001021DA48006811F0DDFA08B1012000E0E7
:102CA0000020064640460AF0BDF800B95EB9D44897
:102CB00001210268D148006809F0ACFA201D00F03B
:102CC00003FE00B19FE74AE16868142804D1A8898F
:102CD000401E00B2A88142E16868132804D1A88987
:102CE000401C00B2A8813AE168681B2810D11B2162
:102CF00040460AF02BF9C24820210268BF4800680C
:102D000009F088FA201D00F0DFFD0028DBD07AE70B
:102D1000404669680AF01AF921E1A87B012870D1C0
:102D2000012FFCD1607900F00100B8BB606C17F096
:102D300019F92168898B884244D9607920F0010013
:102D4000401C607117F01BF9A06468680A2833D131
:102D5000AA48006811F06EFE28B91021A748006843
:102D600011F078FA08B1012000E000200646B6B163
:102D700040460AF06AF801281DD900BF00BF40464E
:102D80000AF050F880F00109494640460AF0EDF893
:102D900020219A4800680EF062FE0CE012E098488C
:102DA000052102689548006809F034FA201D00F0FA
:102DB0008BFD00B127E700BF607920F00100401CC7
:102DC0006071CCE0607900F0010000288BD0A06C2D
:102DD00017F0C8F82168C98B884284D917F0CFF85A
:102DE000A06468680A280DD18548062102688348D6
:102DF000006809F00FFA201D00F066FD00288BD056
:102E000001E719E06868142804D1A889401E00B2BF
:102E1000A881A4E06868132804D1A889401C00B2E6
:102E2000A8819CE0404669680AF090F8201D00F0F7
:102E30004BFD0028C5D0E6E6A87B002870D1012F05
:102E40006ED100BF00BF68680A286BD16B4800686C
:102E500011F0F0FD28B910216848006811F0FAF966
:102E600008B1012000E0002006463EBB644808216E
:102E700002686248006809F0CDF9201D00F024FDC9
:102E800000B1C0E6607900F0010030B95C4804216F
:102E900002685A48006809F0BDF9201D00F014FDD1
:102EA00000B1B0E65648072102685448006809F0AE
:102EB000B1F9201D00F008FD88B3A4E6404609F0F2
:102EC000B1FF70B3607900F0010020B1404609F015
:102ED000BCFF01282CD84A480821026847480068EE
:102EE00009F098F9201D00F0EFFC00B18BE6444892
:102EF000042102684148006809F08CF9201D00F0A7
:102F0000E3FC00B17FE63E48072102683B480068C9
:102F100009F080F9201D00F0D7FC20B173E617E01E
:102F20001DE00BE015E00A2140460AF00FF80FE023
:102F30002021324800680EF092FD09E0607900F02F
:102F4000010028B900BF00BF012140460AF00DF87A
:102F500000BF00216164607920F0010161710020EF
:102F600026490860A88928B3404609F05BFF10B3E2
:102F700000BF00BFB5F90C0000280CDA002604E001
:102F80001421404609F0E2FF761CB5F90C004042DE
:102F9000B042F5DC0EE0B5F90C0000280ADD002691
:102FA00004E01321404609F0D1FF761CB5F90C006E
:102FB000B042F6DC20E000BF00BFB5F90C000028ED
:102FC0000BDA002603E0404609F01AFF761CB5F93B
:102FD0000C004042B042F6DC0DE0B5F90C000028D0
:102FE00009DD002603E0404609F0A2FE761CB5F993
:102FF0000C00B042F7DC00BF00BF04E6A4000020D4
:10300000A000002070B50446A06A00B170BD94F81D
:103010003D0000F0010000B1F8E7256A03E0284612
:103020000FF070FB054635B14FF40041284611F012
:1030300011F90028F3D105B9E8E7B4F91000002828
:1030400002DDB4F9100002E0B4F910004042484932
:1030500009680968897E884212DAB4F912000028EA
:1030600002DDB4F9120002E0B4F912004042404916
:1030700009680968897E884202DA00212187618710
:10308000218F208A084401B22187618F608A084419
:1030900001B26187B4F93800002802DDB4F93800C4
:1030A00002E0B4F938004042314909680968C97E34
:1030B00088420FDCB4F93A00002802DDB4F93A0086
:1030C00002E0B4F93A004042294909680968C97E1A
:1030D00088424ADD012184F83D10B4F93800002807
:1030E00002DDB4F9380002E0B4F938004042B4F926
:1030F0003A10002902DDB4F93A1002E0B4F93A10AE
:103100004942884213DDB4F93800002807DD94F8FD
:103110003C0020F0F000203084F83C001AE094F8E5
:103120003C0020F0F000103084F83C0012E0B4F9CC
:103130003A00002807DD94F83C0020F0F0008030D1
:1031400084F83C0006E094F83C0020F0F0004030A9
:1031500084F83C0006480C210268284609F05AF819
:10316000204600F0B1FB00B150E700BF4EE7000081
:10317000A00000202DE9F04104460D46A87B01285F
:1031800005D16079C0F3C00008B1BDE8F081607975
:10319000C0F3C00058B1607920F0080161710021CE
:1031A0006164607920F00101617100212172276D55
:1031B00007B9EAE7384609F03DFE9149086008463C
:1031C000006800B9E1E7D4F80C806968E160267A0C
:1031D000A97B2172A87B012853D1002E51D100BFB9
:1031E00000BF16F0CCFE606468680A2810D10A217E
:1031F000384609F0ABFE8348012102688048006828
:1032000009F008F8201D00F05FFB002838D0BCE76B
:1032100068681B2810D11B21384609F097FE7948B1
:10322000202102687648006808F0F4FF201D00F0B5
:103230004BFB0028EAD0A8E7686809280CD10021D8
:10324000384609F092FE384609F072FD201D00F064
:103250003BFB0028DAD098E768680B280CD10021E6
:10326000384609F082FE384609F0CAFD201D00F0FC
:103270002BFB0028CAD088E73846696809F066FE4B
:10328000B8E0A87B01287BD1012E79D168680A2893
:103290000BD15C48022102685948006808F0BAFF67
:1032A000201D00F011FB00B16FE7607900F0010014
:1032B000F0B9606C16F056FE2168898B884217D9E8
:1032C000607920F00100401C607168680A28D7D13D
:1032D00016F055FEA0644B48052102684848006876
:1032E00008F098FF201D00F0EFFA0028C8D04CE746
:1032F000607900F0010000287CD0A06C16F032FE4E
:103300002168C98B884275D916F039FEA0646868B7
:103310000A280CD13B48062102683948006808F0A9
:1033200079FF201D00F0D0FA002863D02DE76868EF
:1033300009280CD10021384609F017FE384609F05B
:10334000F7FC201D00F0C0FA002853D01DE7686884
:103350000B280CD10021384609F007FE384609F049
:103360004FFD201D00F0B0FA88B30EE708E03846A4
:10337000696809F0EBFD201D00F0A6FA38B304E7F8
:10338000A87B20BB012E35D100BF00BFC5F804804B
:1033900068680A2828D11B48082102681848006874
:1033A00008F038FF201D00F08FFA00B1EDE66079DB
:1033B00000F0010060B91348042102681048006859
:1033C00008F028FF201D00F07FFA08B1DDE611E0CB
:1033D0000C48072102680A48006808F01BFF201DFE
:1033E00000F072FA00B1D0E600216164607920F04B
:1033F0000101617100200249086000BFC5E60000BC
:10340000A4000020A000002070B505460C462868E6
:10341000066921882982618869823068007CC0F34E
:103420000110022805D03068007CC0F30110032889
:103430000DD1306800882188401A401E00B22080DB
:10344000306840886188401A401E00B26080306851
:10345000007CC0F30110012805D03068007CC0F367
:10346000011003280AD1B4F9020021886180316873
:103470004988091A491E09B2218000BFB4F9000029
:10348000002801DA00BF00BF2968086905F0E0F9EB
:10349000B4F90010884201DC00BF00BFB4F902009B
:1034A000002801DA00BF00BF2968086905F036FA74
:1034B000B4F90210884201DC00BF00BFE86C90B193
:1034C000B5F90C00B4F90010884205D1B5F90E0029
:1034D000B4F90210884206D0B4F90220B4F9001001
:1034E000E86C12F062FC2188298161886981287961
:1034F000012803D1281D00F009F802E0281D00F082
:1035000065F92989A9816989E98170BD2DE9F041B1
:10351000044600BF00BFAB49206A08606078C0F372
:10352000C00008B1BDE8F081A748006800680569DF
:103530000026A448006810BB284605F0A4F90746F9
:10354000211D0BF0AAF89F4908600846006840B9A1
:10355000284605F0A5F90746211D0BF09EF899496C
:1035600008609848006840B9284605F0B5F9074654
:10357000211D0BF092F89349086001262AE0A06A09
:1035800040BB4FF400518F48006810F063FE08BB49
:10359000284605F078F90746211D0BF07EF8894989
:1035A00008600846006840B9284605F079F90746E2
:1035B000211D0BF072F8834908608248006840B909
:1035C000284605F089F90746211D0BF066F87D496C
:1035D0000860012666B1606A50B1002121836183D1
:1035E0002046F0F7D2FB204600F06EF900B199E7D3
:1035F0007449206A0968884254D0A1882181E188F1
:103600006181206A60B1276A6F48032102683846E9
:1036100008F000FE204600F057F900B182E700BF35
:10362000684801682162016861620068002839D039
:1036300016F0A5FC2064607820F001006070002185
:10364000A182E18294F83C0020F00F0184F83C1044
:1036500094F83C0020F0F00184F83C10002184F83C
:103660003D102187618721826182574801210268CC
:103670005448006808F0CEFD204600F025F900B15E
:1036800050E7514800684079C0F3C00000B149E7F5
:103690004D480068001DFFF723FA204600F014F99A
:1036A00000B13FE7A1882089081A01B22182E18890
:1036B0006089081A01B26182B4F9180040F35C0015
:1036C0002083B4F91A0040F35C016183218BB4F9C3
:1036D0001000800001EBE00001B22183618BB4F99E
:1036E0001200800001EBE00001B26183A169E16199
:1036F00034480068002863D033480221026831480A
:10370000006808F087FD204600F0DEF800B109E708
:103710002D4800684079C0F3C00000B102E72046A0
:10372000F0F798FA204600F0CFF800B1FAE620460C
:10373000FFF768FC204600F0C7F800B1F2E6A06A87
:1037400000BB607800F00100E0B9206C16F00AFCC4
:103750001D4909680968898B884213D91A480521CF
:1037600002681848006808F055FD204600F0ACF8E3
:1037700000B1D7E6607820F00100401C607016F0C0
:10378000FEFB6064A06AD8B9607800F00100B8B1AF
:10379000606C16F0E7FB0C4909680968C98B884220
:1037A0000ED90948062102680648006808F032FD73
:1037B000204600F089F800B1B4E616F0E0FB606442
:1037C00000BFAFE6A4000020A000002070B50446B2
:1037D0006078C0F3C00048B100212162616200201E
:1037E00020646064607820F0080060702049206ADE
:1037F0000860A56A0846006878B300BF00BF1D488E
:10380000082102681A48006808F004FD204600F00C
:103810005BF800B170BDDDB9607800F0010058B907
:103820001448042102681248006808F0F3FC20469E
:1038300000F04AF800B1EDE70E48072102680C4895
:10384000006808F0E7FC204600F03EF800B1E1E730
:10385000002121620020206460643DB12046F0F721
:1038600094FA204600F030F800B1D3E700BFD1E76A
:10387000A4000020A00000204179C1F340010029EC
:103880001ED0002242628262C262417921F00102AE
:1038900042710022426482640283428390F84010A5
:1038A00021F00F0280F8402000228283C2838287A9
:1038B000C287417921F0020242710021014A116060
:1038C00070470000A400002001464878C0F3400083
:1038D00010B10020024A10604878C0F340007047E1
:1038E000A40000202DE9FE4F0646344694F82A0035
:1038F00000F0010000284AD0A08C072190FBF1F0D5
:1039000085B2E08C90FBF5F105FB1100E084E08CC2
:10391000032101FB0500E084E08C90FBF5F105FB41
:1039200011002085208D032101FB05002085002149
:10393000304610F0F0FA02900021304610F05DFBA6
:103940008146029808F0CCFD074630460EF0F6FDA1
:1039500080463046FEF7FFF90190E08C07EB090145
:1039600048430FFA80FA414608EBD17252103846AC
:1039700007EBD073A2EB63020FFA82FBABEB0A00FA
:1039800000B20090DDE9001012F0FCFC00BFBDE8C1
:10399000FE8F0000F8B50446A56A8021284610F085
:1039A00059FC50B941F6FF7003464242114600905F
:1039B00004F1300002F090F8A7E028460FF038F844
:1039C000012804D0022816D0032843D125E0E88A34
:1039D000401C01B2002341F6FF722846FDF74AF869
:1039E0006086E88A401E02B2002352492846FDF74D
:1039F00041F8E08635E0B5F91A10002341F6FF7270
:103A00002846FDF737F86086B5F91A2000234949A2
:103A10002846FDF72FF8E08623E005F1140001F0B9
:103A20004FFF074600EBD7704110E88A084406B202
:103A3000002341F6FF72701C01B22846FDF71AF808
:103A40006086701E02B200233A492846FDF712F83C
:103A5000E08606E04EF20101618641F6FF71E186E3
:103A600000BF00BF28460EF0D9FF012804D002286D
:103A700014D0032841D123E0B5F91410002341F6F6
:103A8000FF722846FCF75CFF2086B5F9142000235E
:103A900028492846FCF754FFA08635E0B5F91810F0
:103AA000002341F6FF722846FCF74AFF2086B5F94D
:103AB000182000231F492846FCF742FFA08623E078
:103AC00005F1140001F06FFF074600EBD770A98ADB
:103AD00001EB600006B2002341F6FF72701C01B2D8
:103AE0002846FCF72DFF2086701E02B200231149E4
:103AF0002846FCF725FFA08606E04EF2010121864C
:103B000041F6FF71A18600BF00BF208E10B94EF2B2
:103B100001012186A08E10B941F6FF71A186608E49
:103B200010B94EF201016186E08E10B941F6FF71C5
:103B3000E186F8BD01E0FFFF2DE9F04704460D46A0
:103B400016461F4604F1380000EBC61050F82780D7
:103B500000BFB8F1000F03D100BF00BF00BFFEE7F8
:103B600000BF00BF1DB900BF00BF00BFFEE700BF20
:103B7000C5F80880EC60C8F80C5000BF2846F2F782
:103B80004FFB82462846F2F74BFB81460421F1F7B2
:103B900052FE824503D000BF00BF00BFFEE700BF5A
:103BA00004F1380000EBC61040F827500121B14065
:103BB00020690843206104F1140050F82600012117
:103BC000B940084304F1140141F82600BDE8F0872C
:103BD00070B505460C4600200F49086022461D219D
:103BE000284608F017FB0C48006890B10A480068A6
:103BF000007808B9002070BD214607480068ECF73E
:103C000067FB30B104480168284615F063FC0020CA
:103C1000F1E70120EFE700007C0200202DE9F04FE2
:103C200089B006460C4615461F4600BF00BF304609
:103C300010F046FF10B909B0BDE8F08FB046AC42B5
:103C400000D1F8E7B4F5B47F02DDA4F5B47084B216
:103C5000B5F5B47F02DDA5F5B47085B2B8F82400DF
:103C6000204484B2B8F82400284485B2B4F5B47F67
:103C700002DDA4F5B47084B2B5F5B47F02DDA5F51C
:103C8000B47085B208AA07A93046FDF7DCFC3946B6
:103C900030460FF091FB8146B246BB465122594651
:103CA000504610F053F80390039808B1012000E04B
:103CB0000020069004A9069808B1012000E0002029
:103CC000CDE90059CDE90201BDF820309AB2BDF925
:103CD0001E10BDF91C00234604F0B0FE04A93046B6
:103CE00010F08FFE00BFA6E71FB5044602AA03A985
:103CF0002046FDF7A8FC6B46BDF9082003A9204625
:103D0000FDF786FF6946204610F07BFE1FBD2DE9BA
:103D1000FF4781460C464FF6FF70844201D1BDE853
:103D2000FF874E46308EA04200DCF8E7B06A00EB19
:103D3000C40102A801F0A0FD694648460EF03CFC13
:103D4000002148460FF03FFF0746002148460FF08C
:103D5000C1FD804648460EF03BFC824604F066FDFD
:103D600005460A2195FBF1F0B84201DA384602E037
:103D70000A2095FBF0F007B20A2095FBF0F04045D1
:103D800001DA404602E00A2095FBF0F00FFA80F8D5
:103D9000BDF80800BDF80010C91B084400B2ADF81A
:103DA0000800BDF80A00BDF80210A1EB08010844A4
:103DB00000B2ADF80A00BDF80C00BDF8001039449F
:103DC000084400B2ADF80C00BDF80E00BDF80210BA
:103DD0004144084400B2ADF80E00B08EA0420ED1AE
:103DE000F06A30F8140000F4007040B102A801F04D
:103DF000B4FDBDF80A10081A00B2ADF80A0002A915
:103E0000484610F0FEFD00BF89E71CB50446214678
:103E10006846FDF7ADFE6946204610F0F2FD1CBD78
:103E20002DE9F04F87B005460E462C46B4F88200C7
:103E3000B04202DC07B0BDE8F08F28460EF09DFBD3
:103E4000B4F884104843001207B228460EF000FD73
:103E5000824694F88800C0F3C00018B9284610F0D4
:103E600096FDE7E794F8880000F0070001287CD170
:103E7000002128460FF055FB0690002128460FF040
:103E80006AFD0590A98A0598014406980844A0EBAC
:103E90000A000FFA80FB4FF4A020029040F649027E
:103EA000284602990FF052FF0190019800B2804617
:103EB0004FF40031284610F03CF9814600BFA88A33
:103EC000ADF80C00E88AADF80E00288BADF81000B4
:103ED000688BADF8120000BFBDF80E0008EB0901B9
:103EE000401A00B2ADF80E00BDF8120008EB09014F
:103EF000084400B2ADF81200B4F88200401EB0428F
:103F00001FDD07FB06F0B4F88210491E90FBF1F0AC
:103F10005844A0EB0800A0EB090000B2ADF80C007B
:103F2000701C7843B4F88210491E90FBF1F058449D
:103F30004044484400B2ADF8100003A9284610F0F0
:103F400060FD002E21DD701E7843B4F88210491EFA
:103F500090FBF1F05844A0EB0800A0EB090000B280
:103F6000ADF80C0007FB06F000E00FE0B4F882109B
:103F7000491E90FBF1F058444044484400B2ADF86B
:103F8000100003A9284610F03CFD4BE094F888008F
:103F900000F00700022838D1002128460FF08DFCE0
:103FA000B4F8841048434FEA202807EB0800B4F81F
:103FB000821090FBF1F00FFA80F909FB06F00FFA7E
:103FC00080FB002128460FF0C6FCA98A084458440B
:103FD0000FFA80FB05A928460EF0EEFAABEB0A00BB
:103FE00000B2ADF81400BDF81400484400B2ADF8BA
:103FF0001800BDF81400A0EB080000B2ADF81400E2
:1040000005A9284610F0FDFC0CE094F8880000F0AB
:104010000700032803D1284610F0B9FC02E0284627
:1040200010F0B5FC00BF05E7014601F0030070B9D0
:104030006420B1FBF0F200FB121030B94FF4C870ED
:10404000B1FBF0F200FB121008B90120704700200C
:10405000FCE700002DE9F74F94B004460D46F24905
:10406000204610F002F910B117B0BDE8F08F2046DD
:10407000FDF752FB13902046FEF7E8F912901298D4
:1040800008B1139800B9EFE72046FDF735FB064667
:104090002046FEF7CBF9074600BF00200390E34817
:1040A0000288204603990FF051FE02900298C0B298
:1040B000119000BF00200390DD480288204603993C
:1040C0000FF044FE02900298C0B21090286830F9B8
:1040D00016100F91296813983044401E31F81010C3
:1040E000AA6813983044401E32F81000084400B209
:1040F0000E90DDE90E01401A00B20D90686830F9AB
:1041000017100C91696812983844401E31F810104D
:10411000EA6812983844401E32F81000084400B291
:104120000B90DDE90B01401A00B20A9000212046F5
:104130000FF069F9012809D1119810B902201190E6
:1041400004E01198022801D10020119000BF208BBB
:10415000A18A401A401C00B2099000BF608BE18A1E
:10416000401A401C00B20890119830B1012818D0B4
:10417000022827D0032808D000BF286830F916A0ED
:10418000608C20F4806060842CE0286830F916A0F0
:104190000D980990608C20F4806000F58060608448
:1041A00020E0296831F81630099A0D99881A00EB39
:1041B000D07103EB61010FFA81FA608C20F480600A
:1041C00060840FE020460FF0E8FF296831F81620E0
:1041D0000D991144081A0FFA80FA608C20F480605F
:1041E000608400BF00BF109830B1012818D00228A9
:1041F00027D0032808D000BF686830F917B0608C5A
:1042000020F4007060842CE0686830F917B00A98D8
:104210000890608C20F4007000F50070608420E04D
:10422000696831F81730089A0A99881A00EBD0713A
:1042300003EB61010FFA81FB608C20F40070608455
:104240000FE020460EF00EFA696831F817200A993F
:104250001144081A0FFA80FB608C20F4007060840F
:1042600000BF00BF20460FF098FF0999884205D192
:1042700020460EF0F7F9089988422BD000BFA08A9B
:10428000ADF80800E08AADF80A00208BADF80C000C
:10429000608BADF80E0000BF204610F078FB04F1F3
:1042A0001400099901F025FC04F11400089901F0AB
:1042B0001AFC204610F06BFB02AA2921204607F0C9
:1042C000A9FF20460EF01EFA22462221019007F097
:1042D000A1FF00BF0020039043F20C022046039987
:1042E0000FF034FD029002980FFA80F800BF002012
:1042F000039043F20D02204603990FF027FD029030
:1043000002980FFA80F900BF20460FF046FF079091
:1043100020460EF0A7F9069008F4C040B0F5005F03
:1043200001D1012000E0002030B128F4C040B0F5F8
:10433000FA6F01DC012000E0002090B128F4C040B9
:10434000B0F57A7F04DD28F4C040C0F57A7001E052
:1043500028F4C04007994843642190FBF1F00FFA1C
:1043600080F809F4C040B0F5005F01D1012000E001
:10437000002030B129F4C040B0F5FA6F01DC012013
:1043800000E0002090B129F4C040B0F57A7F04DD50
:1043900029F4C040C0F57A7001E029F4C0400699C4
:1043A0004843642190FBF1F00FFA80F90AEB080012
:1043B0000FFA80FA0BEB09000FFA80FB16980089C0
:1043C0005044A18A401A00B205901698408900EB2B
:1043D0000B01E08A081A00B20490059808B9049805
:1043E000F8B1204610F0D3FAA18A0598084400B22B
:1043F000A082218B0598084401B22183E18A0498A8
:10440000084401B2E182618B0498084401B26183DF
:10441000204610F0BCFA01232046DDE9042110F00B
:1044200093FB00BF20E6000001000600E80000202A
:10443000EE0000202DE9F04106460F46154600200B
:1044400017F056FA04460DE039462046B0470128D9
:1044500004D105B12C600120BDE8F081204617F0A1
:1044600047FA044624B1606820F040400028EBD1B0
:104470000020F1E730B5024614460B4620881D881F
:10448000A84203D020881D88401B30BD60885D880D
:10449000401BFAE730B5024614460B4620781D78DB
:1044A000A84203D020781D78401B30BD60785D782D
:1044B000401BFAE770B505460C462646686820F0B2
:1044C00040403168884204D12846FCF739FF01207A
:1044D00070BD0020FCE72DE9F0410546284607F0B5
:1044E00032FE0446284607F08FFE074638460EF097
:1044F00009F906462A2C01D0292C09D10021384679
:104500000BF05CFB304617F049FF304619F0E2F83B
:10451000BDE8F0812DE9F041044620460DF0ABFFE7
:104520000746002607E0A068006850F82650284695
:10453000FFF7F0FF761CBE42F5D394F8220000F09E
:10454000010008B9BDE8F081608C20F001006084B2
:10455000204610F0F6FD204610F082FCD7B1002175
:1045600020460FF072F805469DB10B480068854261
:104570000FD8681E0949096801EBC000D0F8048013
:10458000681E0649096851F8302041462046904788
:1045900000BF00BF00BFD5E7B40000200C02002020
:1045A0002DE9F04F85B007468B4691461E460E9D7D
:1045B000E86900FB0BF080120490E86900280DDD2B
:1045C0000498484516DD95F82800C0F3400018B15E
:1045D000012005B0BDE8F08F0020FAE704984845B7
:1045E00008DA95F82800C0F3400008B10120F0E790
:1045F0000020EEE70BEB0601E869484380120490C7
:10460000E86900280BDD0498484514DA95F828007D
:10461000C0F3400008B10020DBE70120D9E704988F
:10462000484508DD95F82800C0F3400008B1002097
:10463000CFE70120CDE7E869002806DD4FEA092031
:10464000A96948438012039006E009F101000002C5
:10465000A9694843801203900398001202900398BE
:10466000C0B20190019810B94FF0FF0807E001981F
:10467000C0F1FF00696A4843FF21A1EB202802989E
:10468000A0EB0B040198D8B1002C18DBB44216DA69
:104690000198C0F1FF00C8F1FF014843FF21A1EBE1
:1046A000602000F0FF0A95F82800C0F3400008B130
:1046B000CAF1FF0A385D514616F087FE3855641C72
:1046C0001BE0002C12DBB44210DAA88CA8EB6000CF
:1046D00000F0FF0A95F82800C0F3400008B1CAF1C5
:1046E000FF0A385D514616F070FE3855686AA8EB2F
:1046F0000008641CB44200DB02E0686A4045E0DB6D
:1047000000BFB4421DDA002C1BDBA86900FB08F0D7
:1047100080120090009800FB08F0C0F3472AE86977
:10472000002801DACAF1FF0A95F82800C0F340001A
:1047300008B1CAF1FF0A385D514616F046FE3855F9
:1047400000BF95F82800C0F3400068B10298A0EBC4
:104750000B04B44201DD00203BE7002C0FDB2146B7
:1047600038460CF034F80AE0641C002C01DA002012
:104770002FE7B44203DC311B38190CF028F8022073
:1047800027E72DE9FF4F87B007468A461E46149D4E
:10479000A8690999484380120690A869002802DD9B
:1047A0000698401C0690069850450ADA95F82800AD
:1047B000C0F3400018B101200BB0BDE8F08F00201D
:1047C000FAE7A86909994843801206900AEB0601A6
:1047D0000698814208DA95F82800C0F3400008B135
:1047E0000020E9E70120E7E709980002A9694843AA
:1047F0008012059005984FEA202B0598C0B20490CE
:104800000998401C0002A96948438012039003984C
:10481000001202900398C0B20190ABEB0A04029818
:10482000834509D0A869002806DA049820B9FF203A
:104830000490DDF808B0641E0298834534D1002C42
:1048400012DBB44210DA019904980844C0F3470817
:1048500095F82800C0F3400008B1C8F1FF08385DA2
:10486000414616F0B2FD3855641C95F82800C0F397
:10487000400060B1ABEB0A04B44201DB00209BE7CF
:10488000002C03DB214638460BF0A1FFC9E0B442FF
:1048900000DD34460CB900208EE7002CF6DD311B1C
:1048A00038190BF094FFBCE0A86900285ADAE869CF
:1048B0004042049948434FEAA029002C12DBB4423D
:1048C00010DA049809FB00F0C0F3472895F8280097
:1048D000C0F3400008B1C8F1FF08385D414616F04A
:1048E00074FD3855641EC9F1FF00A9694942484367
:1048F00080120090002C16DBB44214DAC9F1FF00DC
:1049000000994843FF21A1EB602000F0FF0895F8D3
:104910002800C0F3400008B1C8F1FF08385D4146E7
:1049200016F053FD3855A41C95F82800C0F340003C
:1049300068B1ABEB0A00441EB44201DD344610E01E
:10494000002C0EDD214638460BF041FF09E0B44251
:1049500001DD012030E7002C03DB311B38190BF09F
:1049600036FF5DE00498C0F1FF00E96948434FEA73
:10497000A029002C17DBB44215DA0498C0F1FF001F
:1049800000FB09F0FF21A1EB602000F0FF0895F883
:104990002800C0F3400008B1C8F1FF08385D414667
:1049A00016F013FD3855641CC9F1FF00A96948438E
:1049B00080120090002C13DBB44211DAC9F1FF0021
:1049C00000994843C0F3472895F82800C0F34000F9
:1049D00008B1C8F1FF08385D414616F0F6FC3855BD
:1049E000641C95F82800C0F3400060B1ABEB0A04EA
:1049F000B44201DD0020DFE6002C10DB2146384602
:104A00000BF0E5FE0BE0B44200DD34460CB90020AB
:104A1000D2E6002C03DD311B38190BF0D8FE00BFA5
:104A200000BF0220C8E62DE9F843044627467D6A08
:104A3000A84609F0A9FC0646C6B1304609F0F9FCC3
:104A4000012804D0304609F0F4FC03280ED1694651
:104A5000304609F0B3FCBDF902102846FCF76AFFA6
:104A6000A8F83A0020460FF092FF00BFBDE8F88397
:104A70002DE9FC470546A846D8F824703C4609F0C5
:104A800083FC8146484609F0D4FC04280ED1E08E10
:104A9000208738460DF0DCFD8246504608F0C2F90A
:104AA00018B10021504608F060FA00BF484609F0EE
:104AB000C0FC012804D0484609F0BBFC03280CD1F7
:104AC0006946484609F07AFCBDF902103846FCF701
:104AD00031FFE086E08E208700BF384606F029FFD0
:104AE000A06A10B938460FF052FFE08E019001AA7B
:104AF0001C21384607F08EFB0646012E02D03046B8
:104B0000BDE8FC870120FBE72DE9F04105460E4694
:104B10004FF000081148EFF7EEFA044618E021467E
:104B20000E48EFF700FB07462068A84200D075B991
:104B30006068B04200D056B921460848EFF75AFBEA
:104B400020460BF02DFCF1F75FF84FF001083C46D2
:104B5000002CE4D14046BDE8F08100007045002003
:104B600070B506460D460B48EFF7C5FA04460DE052
:104B70002068B04205D16068A84200D00DB9204637
:104B800070BD21460348EFF7CEFA0446002CEFD162
:104B90000020F5E77045002010B50446402120466E
:104BA0000BF015FE4FF4FA70A0620020E061642063
:104BB00060620120A0870548A06194F83E0020F0C3
:104BC0000100401C84F83E0010BD0000574C010855
:104BD000F8B504464FF48060009000231946D4E9EC
:104BE0000A200BF0FBFA06464FF480604FF46E7318
:104BF000322200210090304601F0F2F90746E169C7
:104C0000606A401A00FB07F5AD12E06905442846CA
:104C1000F8BDF8B504464FF48060009000231946B3
:104C2000D4E90A200BF0DAFA06464FF4806040F22D
:104C3000B6334FF4617200210090304601F0D0F994
:104C40000746E169606A401A00FB07F5AD12E069AA
:104C500005442846F8BDF8B504464FF4806000903E
:104C600000231946D4E90A200BF0B8FA0646E16998
:104C7000606A401A00FB06F5AD12E069054428465B
:104C8000F8BD0146D1E90A20904201DB486A70472D
:104C9000C869FCE74A42C26270474A42C262704732
:104CA00041607047416070474160704741607047A4
:104CB0004160704741607047816170478161704712
:104CC00041637047C1607047C1607047818770471A
:104CD000816270478162704781627047816270476C
:104CE00081627047C161016242627047C1610162C5
:104CF00042627047C161016242627047C1610162F4
:104D000042627047C161016242627047C1610162E3
:104D100042627047016070470160704701607047F0
:104D20000160704730B503468D1A002D01DD8D1AE4
:104D300000E0551A2C464FF47A756543B5FBF3F045
:104D400000B9401C30BD000070B50546686818B158
:104D5000D5E90001FFF7D8FE2148EFF73FFA18B177
:104D600015F00DF91F4908601D48EFF7F7F90446E3
:104D700000BF1CB900BF00BF00BFFEE700BF0CB9F9
:104D8000002070BD4022294620460BF092FB286887
:104D9000A84200D124601448017814F83E0F61F352
:104DA0008200207014F83E0900F00100A0B12069D3
:104DB00050B12046216988470646E0693044E061E9
:104DC000606A3044606200BF606828B1206818B132
:104DD000D4E90002E1699047F0F716FF2046D0E7DA
:104DE00070450020000200200502002070B5064634
:104DF0000C4625460020A884872068852D20A8859C
:104E00008720E88440002885A88E20F00600A88628
:104E10004FF40040E885A88E20F008000830A886EE
:104E20000020288664206886A88E20F00100A886CD
:104E30004FF43470E88615F0A2F8A863288D00B20C
:104E4000A887022120460CF0ADF84FF440712046AF
:104E50000CF0C4FD0D21204610F09CFE70BD00003A
:104E60002DE9F04FABB08346584607F0CDF98246A6
:104E70005446584607F06FF92A9028AA29A95046A7
:104E8000FCF7E1FB16A82A990DF08CF8BDF9A000FB
:104E9000002831DD12A803F0A5FD12AA002150461A
:104EA0000FF02AFA002023906348179000201890F2
:104EB00029A81F90BDF9A000ADF8940012A81E907B
:104EC00016AA1A21504607F0A5F9A08DA18C084416
:104ED00080B2618DA28C114489B2CDE90010BDF879
:104EE000940083B229AA12A92A9803F05DFD16AA9C
:104EF0001B21504607F08EF94FF4003150460EF05A
:104F000044FD06464FF4003150460EF0E7FD0746DB
:104F10004FF4003150460EF0A4FE80464FF40031AD
:104F200050460EF055FC0546BE4201DD304600E01D
:104F30003846A84501DD414600E02946884205DDA6
:104F4000BE4201DD304606E0384604E0A84501DDFA
:104F5000404600E02846BDF8A010081A0FFA80F974
:104F6000B9F1000F3BDD12A803F03CFD12AA4FF48B
:104F7000003150460FF0C0F94FF4003023902E4816
:104F800017900120189029A81F90ADF8949012A8AE
:104F90001E9016AA1A21504607F03CF9BDF94A00A6
:104FA000BDF99410884203DDBDF89400ADF84A00C5
:104FB000208DA18C084480B2E18CA28C114489B26E
:104FC000CDE90010BDF8940083B229AA12A92A984D
:104FD00003F0EAFC16AA1B21504607F01BF910ABA0
:104FE000BDF9A02029A95046FCF712FE02A805F041
:104FF00071FB02AA4FF4403150460FF019FB4FF4F9
:10500000403023900C4817900220189010A8199057
:1050100002A81A9016AA1A21504607F0FBF810AA07
:1050200002A92A9805F03AFB16AA1B21504607F060
:10503000F1F82BB0BDE8F08F18D404082DE9F34F38
:105040008DB0F9480E990DF0D3F90C900C98012809
:1050500002D00FB0BDE8F08F0E9807F074F8064646
:105060000E9807F0D1F80B900E9807F0CDF8044693
:10507000022E7CD109F088F90A900A9800B9E8E775
:105080000A9809F0D6F909900998012800D0E0E7BC
:1050900008A90A9809F092F906AA07A90B98FCF743
:1050A000D2FABDF82000BDF81C10401A00B2ADF8CD
:1050B0002000BDF82200BDF81E10401A00B2ADF865
:1050C000220094F8340000F00100002849D14FF488
:1050D00000310B980EF070F90190BDF8181001988E
:1050E000081A00B206904FF480310B980FF0B2F816
:1050F00030B1BDF818100198081A00B2069015E0FA
:10510000BDF91810CA1701EB92729310019A9342DD
:1051100006DDBDF91800C21700EB9272921000E094
:10512000019ABDF818309A1A12B20692BDF9180009
:10513000012801DA01200690BDF920004043BDF9A5
:10514000221001FB0101BDF918004043814207DD37
:10515000A08E20F00100401CA08614F010FFA06378
:1051600000BF94F8340000F0010008B971E7B9E01D
:10517000BDF8200018B9BDF8220000B969E7A08D7C
:105180000FFA80FAA08D618D884204DAA08D00F5B7
:10519000B4700FFA80FABDF92010BDF9220000F0BA
:1051A000AEFC05B2A08C281A05B2608D281A05B293
:1051B000002D02DA05F5B47005B2608DAAEB00008F
:1051C0000FFA80FBA08F618D401A00B20590059800
:1051D000281A07B2002F01DD384600E07842B0F50A
:1051E0008C7F08DD94F83400C0F3C00008B10025BE
:1051F00010E05D460EE00BEBDB71B5EB610F05DAFD
:10520000A08E20F008000830A08603E0A08E20F0D9
:105210000800A0860598281A07B2A06B14F0A2FE19
:105220000490E18E049841434FF47A70B1FBF0F0A2
:105230000FFA80F94F4501DD4F4606E0C9F1000045
:10524000874202DAC9F1000007B20598384405B276
:10525000B4F93200B4F93010401A618DAAEB0101A3
:10526000C90091FBF0F003900398001D001103901A
:105270000398284405B2608D284405B2B4F92E0085
:105280000290B4F932000090B4F93030618D52468A
:1052900028460AF0A3FF0FFA80F80B9800F04AF9AD
:1052A000404513D014F06BFEA06341460B9800F00C
:1052B0007AFA0298804509D000221C210B9806F04A
:1052C000A9FF0C900C98012800D0C2E6B4F9300078
:1052D000404503D0B4F93200404502D114F04FFEEE
:1052E000A06325E1082E01D0032E19D1A08E20F055
:1052F0000100A0860B980DF0ABF98046404607F000
:1053000091FD054609F040F8814609F092F80746FC
:10531000042F04D11DB10021404607F026FE07E10D
:105320000D2E31D10E9806F06CFF0578B4F92E7071
:10533000132D01D0112D0AD10B9800F0FBF8401C61
:105340000FFA80F841460B9800F02DFA0DE0142D6D
:1053500001D0122D09D10B9800F0ECF8401E0FFA85
:1053600080F841460B9800F01EFAB4F92E00B842BE
:1053700009D000221C210B9806F04CFF0C900C98D1
:10538000012800D065E6D3E0112E4FD10E9806F02B
:1053900038FF074609AA0AA90B98FCF754F900251B
:1053A0000B98806818B10B988068B0F914500021F0
:1053B0000B980EF001F8804608EB0500BDF82410AC
:1053C000081A00B20990BDF82A00BDF8241008445C
:1053D00000B20090BDF82800084403B2BDF82A00CE
:1053E000401A02B2BDF82800401A01B207A800F026
:1053F00073FB47F6FF7207A83968EDF73CFC10B164
:105400000020387125E608EB450002B208EB4500A4
:1054100001B207A800F03EFB47F6FF7207A8396803
:10542000EDF729FC387183E018D40408132E7AD1E3
:1054300000210B980EF0A9FA0A9000210B980EF0AB
:105440004DFB099000210B980EF00BFC08900021F9
:105450000B980EF0BDF90790DDE90910884201DDD7
:105460000A9A00E0099ADDE90710884201DD0898F0
:1054700000E00798824207DDDDE90910884201DD7E
:105480000A9808E0099806E0DDE90710884201DD86
:10549000089800E0079806904FF440310B980EF002
:1054A00074FA80464FF440310B980EF017FB81469A
:1054B0004FF440310B980EF0D4FB82464FF440314C
:1054C0000B980EF085F90746C84501DD404600E01F
:1054D0004846BA4501DD514600E03946884205DDBF
:1054E000C84501DD404606E0484604E0BA4501DD16
:1054F000504600E03846801C0FFA80FB0E9806F0FC
:1055000080FE0546B5F900100698ABEB000081421D
:1055100003DDB5F9000003E005E00698ABEB000001
:1055200000B2288004E0152E02D10E98FFF798FCF7
:1055300000BF8EE5014600BF00BFB1F92E007047E5
:1055400070B505460E4614462146284600F094F8EC
:105550003146284600F0E1F870BD70B505460E46AC
:1055600014462146284600F005F83146284600F04A
:1055700042F870BD2DE9F04180460F4600BF00BFE4
:105580004646B7F5B47F02DDA7F5B47087B2B08D9B
:10559000718D401A04B2708D381A05B2002C02DAEF
:1055A00004F5B47004B2002D02DA05F5B47005B24A
:1055B000281B002801DD281B00E0601BB42803DD48
:1055C00040460FF0E4F910E0A54206DAB28D002360
:1055D00039464046FEF722FB07E0AC4205DAB18DC2
:1055E00000233A464046FEF719FBB78540461BF0BC
:1055F000E3FEBDE8F0812DE9F04180460F4600BF93
:1056000000BF4646B7F5B47F02DDA7F5B47087B298
:10561000B08D718D401A04B2B08DC01B05B2002C44
:1056200002DA04F5B47004B2002D02DA05F5B470A4
:1056300005B2281B002801DD281B00E0601BB428F0
:1056400003DD40460FF0A3F910E0A54206DA718DA4
:1056500000233A464046FEF7E1FA07E0AC4205DA9D
:10566000728D002339464046FEF7D8FA77854046CA
:105670001BF0A2FEBDE8F0812DE9F04180460F4607
:1056800000BF00BF4646B7F5B47F02DDA7F5B47092
:1056900087B2308DF18C401A04B2F08C381A05B202
:1056A000002C02DA04F5B47004B2002D02DA05F51C
:1056B000B47005B2281B002801DD281B00E0601B28
:1056C000B42803DD40460FF062F912E0A54207DA84
:1056D000328D4FF4003339464046FEF79FFA08E01A
:1056E000AC4206DA318D4FF400333A464046FEF7BD
:1056F00095FA4046FEF7F8FA37854046FEF7F4FA89
:10570000BDE8F08170B504460D4600BF00BF2646D7
:10571000B58420460FF03BF970BD2DE9F04180467D
:105720000F4600BF00BF4646B7F5B47F02DDA7F5C0
:10573000B47087B2308DF18C401A04B2308DC01B2A
:1057400005B2002C02DA04F5B47004B2002D02DABE
:1057500005F5B47005B2281B002801DD281B00E008
:10576000601BB42803DD40460FF011F912E0A5429A
:1057700007DAF18C4FF400333A464046FEF74EFA12
:1057800008E0AC4206DAF28C4FF40033394640466A
:10579000FEF744FA4046FEF7A7FAF7844046FEF7C4
:1057A000A3FABDE8F0812DE9F04107460D4600BFA0
:1057B00000BF3C46B4F92E00A84201D1BDE8F081FB
:1057C000B4F93200A84202DAB4F9320000E0284607
:1057D0000646B4F93000B04202DDB4F9300000E012
:1057E00030460646B4F92E00B04200D1E6E7E68521
:1057F00038461BF0E1FD00BFE0E70A8802804A88D6
:1058000042808A888280CA88C28070470A88028063
:105810004A8842808A888280CA88C28070470A8803
:1058200002804A8842808A888280CA88C280704703
:105830000A8802804A8842808A888280CA88C28018
:1058400070470A8802804A8842808A888280CA8893
:10585000C28070470A8802804A8842808A88828093
:10586000CA88C28070470A8802804A8842808A8833
:105870008280CA88C28070470A8802804A88428033
:105880008A888280CA88C28070470A8802804A88D3
:1058900042808A888280CA88C28070470A880280D3
:1058A0004A8842808A888280CA88C28070470A8873
:1058B00002804A8842808A888280CA88C280704773
:1058C0000146C8884A88801A401C00B270470146C9
:1058D000C8884A88801A401C00B270470146C888B0
:1058E0004A88801A401C00B270470146C8884A881E
:1058F000801A401C00B270470146C8884A88801A46
:10590000401C00B270470146C8884A88801A401C73
:1059100000B270470146C8884A88801A401C00B20D
:1059200070470146C8884A88801A401C00B27047F8
:105930000146C8884A88801A401C00B27047014658
:10594000C8884A88801A401C00B270470146C8883F
:105950004A88801A401C00B270470146C8884A88AD
:10596000801A401C00B270470146C8884A88801AD5
:10597000401C00B270470146C8884A88801A401C03
:1059800000B2704710B50146B1F90420B1F90030FA
:10599000D21A521CB1F90630B1F902401B1B5B1C34
:1059A00002FB03F010BD014688880A88801A401C5B
:1059B00000B27047014688880A88801A401C00B2ED
:1059C0007047014688880A88801A401C00B27047D8
:1059D000014688880A88801A401C00B27047014638
:1059E00088880A88801A401C00B27047014688885F
:1059F0000A88801A401C00B27047014688880A88CD
:105A0000801A401C00B27047014688880A88801AB4
:105A1000401C00B27047014688880A88801A401CE2
:105A200000B27047014688880A88801A401C00B27C
:105A30007047014688880A88801A401C00B2704767
:105A4000014688880A88801A401C00B270470146C7
:105A500088880A88801A401C00B2704701468888EE
:105A60000A88801A401C00B27047014688880A885C
:105A7000801A401C00B27047014688880A88801A44
:105A8000401C00B27047014688880A88801A401C72
:105A900000B2704703885B1A1BB2038083880B44F3
:105AA0001BB2838043889B1A1BB24380C388134474
:105AB0001BB2C380704703880B441BB203808388EA
:105AC0000B441BB28380438813441BB24380C388BA
:105AD00013441BB2C380704710B5029C0180428002
:105AE0008380C48010BD42880A44521E12B2C28014
:105AF000704702880A44521E12B282807047F0B585
:105B000006460D460024002E02DA601CC4B276421E
:105B10003746002D02DAA01CC4B26D42AC46674580
:105B200009D9CCEB0C1000EB4000B0FBF7F304F10B
:105B30001000C4B205E0C7EB071000EB4000B0FB5B
:105B4000FCF30022D9B2162910DD2C2901DC501CEF
:105B5000C2B2292901DC501CC2B2252901DC501C2B
:105B6000C2B2202912DC501CC2B20FE0022901DBB4
:105B7000501CC2B2062901DB501CC2B20A2901DB4B
:105B8000501CC2B20F2901DB501CC2B2134404F0F6
:105B9000100008B1C3F15A0304F0020038B104F058
:105BA000010008B1B43307E0C3F1B40304E004F02A
:105BB000010008B1C3F5B47398B2F0BD70B50446E6
:105BC0000D462646F56030680EF0E1FE70BD2DE909
:105BD000F0410646346827683D464FF0FF30E060EC
:105BE00005F13C00844202D1A068686205E005F13D
:105BF0004C00844201D1A068286320680EF0C7FEE3
:105C0000BDE8F08170B506460C4625460020A86226
:105C10006420E862002028636862A8860021298742
:105C2000E986698785F85C0005F13C01204600F0B3
:105C3000D8F805F14C01204600F0D3F808212046A1
:105C40000BF0CCFE102120460BF0C8FE00221146BE
:105C5000204600F046F970BD70B5044600BF00BF95
:105C6000214604480BF00BFE054628460BF07CFE4F
:105C7000284670BD34D4040870B506460C46254647
:105C8000002105F13C00FEF73FFF002105F14C002B
:105C9000FEF73AFF70BD00002DE9F34F83B03C489A
:105CA00004990CF0A5FB02900298012802D005B0DF
:105CB000BDE8F08F049806F046FA0546049806F011
:105CC000A3FA0646132D50D14FF4003130460BF0A5
:105CD0000CFD0190049806F094FA0446B4F9001003
:105CE0000198814202DDB4F9000000E001982080B3
:105CF000002130460DF056FE8046002130460DF062
:105D0000FAFE8146002130460DF0B8FF82460021A0
:105D100030460DF06AFD0746C84501DA404600E00E
:105D20004846BA4501DA514600E03946884205DA6C
:105D3000C84501DA404606E0484604E0BA4501DAC3
:105D4000504600E038468346BBF1000F0CDAB4F948
:105D50000000CBF10001884202DDB4F9000001E04F
:105D6000CBF1000000B220800FE0012D01D0082D02
:105D700006D1344604F1340130460EF042FE04E010
:105D8000152D02D10498F4F7F7F800BF8FE7000053
:105D900034D40408014600BF00BF0A4692F85C00F4
:105DA00000F003007047024600BF00BF114691F8A3
:105DB0005C0000F00300022801D0886A7047886DFB
:105DC000401C08B1486DF9E7086BF7E7024600BFD1
:105DD00000BF1146886C401C08B1486C7047486A87
:105DE000FCE7086000224A608A60521ECA60704761
:105DF00070B505460E4600BF00BF2C4684F85C60B7
:105E000094F85C0000F00300022801D0A06A20632F
:105E100028460EF0BCFD70BD2DE9F04107460D4649
:105E2000164600BF00BF3C46A06AA84204D1E06A03
:105E3000B04201D1BDE8F081E662A5623846FFF7C5
:105E4000A9FF022800D02563606AB04205DD6662C2
:105E500000223846616A00F044F8606AA84205DA18
:105E6000656200223846616A00F03BF838460EF061
:105E70008EFD00BFDEE7F8B506460D46174600BFAB
:105E800000BF344694F85C0000F00300022800D004
:105E9000F8BDD4E90A10A84201DD284600E0E06A16
:105EA000814201DDA06A05E0E06AA84201DD2846E2
:105EB00000E0E06A0546606AA84201DA606A00E034
:105EC00028460546206BA84200D1E1E704F14C03C7
:105ED00004F1300229463046009700F035F800BF43
:105EE000D6E7F8B506460D46174600BF00BF344654
:105EF000606AA84200D1F8BDD4E90A10A84201DDC9
:105F0000284600E0E06A814201DDA06A05E0E06A1F
:105F1000A84201DD284600E0E06A0546206BA84261
:105F200001DD206B00E028460546606AA84200D1EA
:105F3000E1E704F13C0304F12402294630460097CE
:105F400000F002F800BFD6E72DE9F04792B007460F
:105F50000D4616461C46DDF86890B9F1000F04D1D5
:105F6000356038460EF013FD33E0E068401C18B988
:105F700030686060A56002E0A0686060A560356080
:105F800000212046FEF7C0FD02A8FEF705FE00BF77
:105F9000029400BF1048039000BF00204FF48071AE
:105FA00009900A900B9100BF0C48059000BF4FF07C
:105FB000000A6522514638460DF0C8FE0190DDF812
:105FC000048000BFCDF8308000BF02A8FEF7BCFE01
:105FD00000BF12B0BDE8F087BD5B0108CF5B0108D0
:105FE0002DE9F04F04460D46C4F5806101FB01F038
:105FF000860A06FB01F04FEA902C04FB04F0870AA6
:1060000007FB04F04FEA90280CFB05F04FEA9029BB
:1060100006EB4600604350434FEA105A01EB410043
:10602000784358434FEA105B099808FB00F04FEAA9
:10603000902E09EB0A0058447044BDE8F08F70B50B
:1060400005460C46102120460BF0C8FC4FF4806139
:1060500020460AF0A7FF70BD70B5044600BF00BF20
:10606000214604480BF00BFC054628460BF07CFC4F
:10607000284670BD50D404082DE9F04107460C466F
:10608000164600BF00BF3D46288EA04201DCBDE899
:10609000F081E86A30F81400B043E96A21F814008E
:1060A00021463846FDF733FE06F4007010B138463D
:1060B0000FF0EAF900BFEAE72DE9F04105460E4688
:1060C00000BF00BF2F46002406E032462146284686
:1060D000FFF7D2FF601C84B2388EA042F5DCBDE829
:1060E000F081000070B506460C4625460020288643
:1060F00068864FF6FF70A8860020A862E862686292
:1061000085F836000249204600F022FC70BD0000F0
:106110006002002070B5044600BF00BF214604485D
:106120000BF0ADFB054628460BF01EFC284670BD63
:106130006CD4040870B506460C462546A86A0AF0D9
:106140002FF9E86A0AF02CF90020A862E86270BD15
:106150002DE9F34F83B0FB4804990CF049F9074649
:10616000012F02D005B0BDE8F08F049805F0EBFFD9
:106170000546049806F048F880464446132D18D189
:10618000049806F03EF806464046FCF7BDFB68B1B1
:10619000608E002806DD40460CF0D0F9618E90FB41
:1061A000F1F000E0002000B2308001E000203080FB
:1061B00000BF2A2D04D14046616A00F0C9FB29E3E3
:1061C000292D04D14046616A00F0C2FB22E3012D73
:1061D00060D1049806F015F88246A18E4046FDF77E
:1061E00096FD08F0D1F8064608F023F98146B9F18A
:1061F000010F02D0B9F1030F1ED102A9504608F0D9
:10620000DDF802A94046FBF70DF906464FF6FF7090
:10621000864210D0E16A31F81600F0F7C0F850B9A4
:10622000E16A31F81600F0F7B6F820B9A686A18E1B
:106230004046FDF76CFD00BFA08E4FF6FF7188420F
:1062400027D0A28EE16A31F81200F0F7A0F800BB67
:10625000A28EE16A31F81200F0F7A5F8C8B9A28E53
:10626000E16A31F81200F0F79AF890B9A28EE16A6B
:1062700031F81200F0F78FF858B9A08E019001AAFA
:106280001C21404605F0C6FF0746012F00D069E7F4
:1062900000BFBFE2022D59D1049805F0B2FF82463B
:1062A0004FF6FF7608F070F88346584608F0C1F8BC
:1062B0008146B9F1040F02D0B9F1020F00D151E7C4
:1062C00002A9584608F07AF802A94046FBF7AAF856
:1062D0000646A08EB04238D0A08E4FF6FF7188429D
:1062E00003D0A18E4046FDF712FDA686504608F069
:1062F000A3F94FF6FF70864227D0E16A31F8160005
:10630000F0F74DF808BBE16A31F81600F0F743F8F2
:10631000D8B931464046FDF7FAFCE16A31F816007B
:10632000F0F735F888B9A28EE16A31F81200F0F77B
:106330003AF850B9019601AA1C21404605F06AFFBF
:106340000746012F00D00DE700BF63E2082D69D199
:10635000A08E4FF6FF7188425FD0A28EE16A31F8BD
:106360001200F0F70CF880B3A28EE16A31F8120047
:10637000F0F715F848BBA28EE16A31F81200EFF78A
:10638000FAFF78B194F8360000F0010050B9A18E00
:10639000E06A30F8110020F08000A28EE16A21F856
:1063A000120009E0A18EE06A30F8110040F0800090
:1063B000A28EE16A21F8120094F8360000F0010084
:1063C00018B1A18E404614F01BFDA28EE16A31F88F
:1063D0001200EFF7DCFF30B9A28EE16A31F812004B
:1063E000EFF7E1FFC8B1A28EE16A31F81200EFF7D2
:1063F000D6FF90B9A28EE16A31F81200EFF7CBFF19
:1064000058B9A08E019001AA1C21404605F002FF58
:106410000746012F00D0A5E600BFA18E4046FDF73C
:1064200076FCF7E1062D28D1A08E4FF6FF71884249
:106430008BD0A28EE16A31F81200EFF7BCFF002882
:10644000EFD1A28EE16A31F81200EFF7A8FF002821
:10645000E7D1A28EE16A31F81200EFF79CFF002825
:10646000DFD1A08E019001AA1C21404605F0D2FE8A
:106470000746012F00D075E6CCE1032D07D1A18E90
:106480004046FDF744FC4FF6FF70A086C2E10E2D9A
:106490005ED1049805F0B5FE8246504607F0C9FF6C
:1064A0008346BAF1000F07D1002007F073FF824640
:1064B000504607F0BEFF834640460CF0C9F806463A
:1064C00006F0B0FC8146A08E4FF6FF7188423ED1A7
:1064D000BBF1020F05D0BBF1040F35D1B9F1000FAC
:1064E00032D0002694F8360000F00100B8B100E088
:1064F000761CE16A31F81600EFF74DFF0028F7D15E
:10650000E16A31F81600EFF74AFF0028F0D1E16A9E
:1065100031F81600EFF737FF0028E9D00FE000E070
:10652000761CE16A31F81600EFF735FF0028F7D145
:10653000E16A31F81600EFF732FF0028F0D1A686A5
:1065400005E000006CD404084FF6FF70A08661E1FE
:106550000F2D01D0102D0CD1A08E4FF6FF71884267
:1065600003D0A18E4046FDF7D2FB4FF6FF70A08608
:1065700050E10D2D79D1A18E4046FDF7C8FB04985E
:1065800005F03FFE90F80090B9F1130F2BD1A08ECB
:106590004FF6FF71884202D10020A08602E0A08E53
:1065A000401CA086A08E218E884201DB0020A086A0
:1065B00008E0A08E401CA086A08E218E884201DBC0
:1065C0000020A086A28EE16A31F81200EFF7E3FE08
:1065D0000028EED1A28EE16A31F81200EFF7DFFE5B
:1065E0000028E6D10CE1B9F1140F2ED1A08E4FF6A0
:1065F000FF71884201D10020A086A08E18B9208E9C
:10660000401EA08605E0A08E002802DDA08E401E60
:10661000A08609E0A08E002803DDA08E401EA08683
:1066200002E0208E401EA086A28EE16A31F81200A0
:10663000EFF7B1FE0028EDD1A28EE16A31F8120029
:10664000EFF7ADFE0028E5D1DAE0B9F1120F6AD11B
:10665000002140460DF03EF98346A08E4FF6FF71B3
:1066600088421DD10020A08609E0CEE0A08E401C0B
:10667000A086A08E218E884201DB0020A086A28EFB
:10668000E16A31F81200EFF786FE0028EED1A28E03
:10669000E16A31F81200EFF782FE0028E6D141E00E
:1066A000A28EA16A01EBC200FFF7DFF9A28EA16AF8
:1066B00031F8321001EB60000FFA80FAA68E28E064
:1066C000A06A00EBC600B0F90200A28EA16A01EB3D
:1066D000C201B1F90210884219DDA06A30F9360012
:1066E000504514DCA06A00EBC600B0F90400584421
:1066F00050450CDBE16A31F81600EFF750FE30B977
:10670000E16A31F81600EFF746FE00B904E0701CAC
:1067100086B2208EB042D3DC00BF208EB04200DDB6
:10672000A68600BF6CE0B9F1110F69D10021404687
:106730000DF0D0F88346A08E4FF6FF7188421CD131
:106740000020A08608E0A08E401CA086A08E218E8E
:10675000884201DB0020A086A28EE16A31F8120097
:10676000EFF719FE0028EED1A28EE16A31F812008F
:10677000EFF715FE0028E6D141E0A28EA16A01EBF9
:10678000C200FFF772F9A28EA16A31F8321001EB54
:1067900060000FFA80FAA08E06B229E0A06A00EB32
:1067A000C600B0F90200A28EA16A01EBC201B1F9E4
:1067B000021088421ADAA06A30F93600A0EB0B000A
:1067C000504513DCA06A00EBC600B0F90400504548
:1067D0000CDBE16A31F81600EFF7E1FD30B9E16A50
:1067E00031F81600EFF7D7FD00B903E0701E06B2CE
:1067F000002ED3DA00BF002E00DBA68600BF00BF4C
:10680000A18E4046FDF783FA04E0152D02D10498CD
:10681000F4F7B4FE00BFA5E42DE9F04180460E4632
:1068200000BF00BF4FF6FF70864202D10020BDE8D6
:10683000F0814446208EB04201DA0020F7E70025BF
:1068400000270CE0781C87B2681C85B2616A51F899
:10685000250008A1E9F73CFD08B9681C85B2B742DC
:10686000F0D1208EB84201D10020E0E7606A50F8F4
:106870002500DCE70A000000014600BF00BF0A4611
:10688000908E704710B5034600BF00BF1C46208E97
:10689000884201DC002010BDE06A30F81100104091
:1068A000904201D10120F6E70020F4E72DE9F04104
:1068B00007460D46164600BF00BF3C46208EA84244
:1068C00001DCBDE8F08194F8360000F0010030B141
:1068D00006F0800018B180213846FFF7EDFBE06A32
:1068E00030F815003043E16A21F815002946384692
:1068F000FDF70DFA06F4007010B138460EF0C4FD35
:1069000000BFDEE72DE9F04105460E4600BF00BF9F
:106910002F46002406E0324621462846FFF7C6FFF0
:10692000601C84B2388EA042F5DCBDE8F08170B501
:1069300004460E4600BF00BF2546298E4A00314658
:10694000E86A09F0B6FD2046696A00F001F870BDFA
:106950002DE9F34F91B0804600BF00BF129810B9E7
:1069600013B0BDE8F08F444640461299EEF784FF1D
:10697000129E6662002541F26A42294620460DF0C9
:10698000E5F908900898C0B21090002140460DF03B
:1069900016F80F90002140460DF07DF90E90002171
:1069A00040460DF010F90D90002140460CF092FF8A
:1069B000834640460BF0E1FD0C9040460BF0BEFDD7
:1069C0000B90628E521E0D990B9801FB120000B2C3
:1069D0000A90002009908146129E0027A1E0002025
:1069E000089000250CE009EB0502E16A31F812007D
:1069F000FAF716FE0899084480B20890681C85B220
:106A000056F8250050B156F825004CA1E9F760FC76
:106A100020B156F8250000780028E4D11DB9681C83
:106A200006EB80067CE00A987843618EB0FBF1F1BA
:106A30000E9801440D9807FB001000B20790791CD6
:106A40000A984843618EB0FBF1F10E9801440D980D
:106A500007FB0010401E00B20690691E0C980BFB4D
:106A6000110000B205900598002801DA0020059079
:106A70000020049082464DE0E16A31F81900FAF7EF
:106A8000CFFD0390DDE9041048430899B0FBF1F015
:106A90000AFB0B0000B20290DDE9031008440599DF
:106AA00048430899B0FBF1F00AFB0B00401E00B20E
:106AB0000190109801280ED102980199029101903D
:106AC000029A0C99891A09B202910C990198091A33
:106AD00009B2019100BF0F990298084400B20290D8
:106AE0000F990198084400B2019006980090A16A9D
:106AF00001EBC900DDE90131079AFEF7EDFFDDE9A1
:106B00000310084404900AF1010A09F101090998E7
:106B1000401C0990AA45AFD3681C06EB800600BF55
:106B20007F1C608EB8423FF65AAF40460EF0ACFC78
:106B300040460DF02CFF00BF12E700000A000000E5
:106B400070B504460D4600BF00BF264686F8365095
:106B50000021204614F054F970BD70B506460C466D
:106B600000BF00BF3546288EA04204DC4FF6FF7000
:106B7000844200D070BDA98E3046FDF7C8F8AC86BF
:106B800021463046FDF7C3F800BFF3E72DE9F04793
:106B900081460D462C4640F2E470208501212A20D2
:106BA00001552B20015540F2E470A0852E2001559F
:106BB0002F20015500202063A086A82104F58C70A9
:106BC00009F005FE0027002626E06EB1701CC117F3
:106BD00000EB5171C910A0EBC10129B931A104F139
:106BE000380040F8261015E0082E07DA2E4850F835
:106BF000261004F1380040F826100BE0782104F547
:106C00008C7000F8271000EB8701E03840F8261060
:106C1000781CC7B2701CC6B2382ED6DB23A1C4F8CC
:106C200014112846FFF776FA606204F13801606AB1
:106C3000FFF78EFE4FF48871606AFFF763FE002352
:106C40001A221B49606A0AF065F96420002804DAF8
:106C5000C0F57A7141F4005101E040F400510FFA9F
:106C600081F84146606A0FF05BFB012128460EF077
:106C7000BDFF0121606A0EF0CBFF94F92E20A18D9B
:106C8000284600F01FF894F92B3094F92A20218D22
:106C9000284600F0D9F84FF48041606A0AF082F982
:106CA000BDE8F0870A00000020010020000000007D
:106CB000C5CB0008014600BF00BF0A4602F12C0008
:106CC000704700002DE9F74F82B0064600BF00BFB5
:106CD00034460398A085049841B22E200155012125
:106CE0002F200155A08DADF804002E20005D8DF8F9
:106CF00006002F20005D8DF807002021606AFFF755
:106D0000DBF9002506E020222946606AFFF7CEFD68
:106D1000681CC5B2072DF6DB9DF90610BDF804000E
:106D2000FBF7E6F881469DF90610BDF80400012244
:106D3000FAF702FD07463D464FF001080EE004F564
:106D40008C7101EB850043463EA2042110F0A2FFA6
:106D5000681CC5B208F1010000F0FF0809EB07004C
:106D6000A842ECDC9DF90620511EBDF80400FBF79B
:106D7000BFF882460025AAEB0700401C00F0FF0880
:106D800013E004F58C7101EB850043462DA204212C
:106D900010F080FF2022E91D606AFFF787FD681C64
:106DA000C5B208F1010000F0FF08BD42E9DB07EBC6
:106DB0000900C5B24FF0010813E004F58C7101EB36
:106DC000850043461FA2042110F064FF2022E91D24
:106DD000606AFFF76BFD681CC5B208F1010000F0A6
:106DE000FF082A2DE9DB3046FBF7E0FD606AFFF77C
:106DF00043FD4FF6FF71884203D0F91D606AFFF72B
:106E0000ACFE30460DF0C3FD30460BF034FB83463C
:106E1000002511E0294630460BF00FFB0090616A17
:106E20000098814200D105E032461C21009805F00F
:106E3000F1F900BF681CC5B25D45EBD305B0BDE8F4
:106E4000F08F0000256400002DE9F04104460E4655
:106E50001746984600BF00BF25462E8579B22C46BE
:106E60002A2041554FFA88F12B2041552046FBF747
:106E70009DFDBDE8F08170B506460C462546102103
:106E800005F12400EDF762F9102105F13000EDF76E
:106E90005DF90020A5F86C00A5F8740000216E20B3
:106EA0004153762041536420A5F87000A5F878007E
:106EB0006421722041537A20415303207C3568803D
:106EC0000520A8800A20E88047F6FF702880287BEC
:106ED00020F00700401C2873287B20F0080028734E
:106EE0004FF48070288168817C3D70BD2DE9F041B0
:106EF00080460E46344613E004F12400EDF7FBF81B
:106F00000546287BC0F3800010B9686809F048FA8C
:106F1000294604F12400EDF76DF9284609F040FAFE
:106F2000A06A0028E8D104F12400EDF7CCF80CE0C9
:106F300004F13000EDF7DFF80746394604F1300080
:106F4000EDF758F9384609F02BFA606B0028EFD1BD
:106F500004F13000EDF7B7F8BDE8F0812DE9F84F06
:106F6000884641466F480BF043FA8146B9F1010F5C
:106F700001D0BDE8F88F404605F0E5F805464046EB
:106F800005F042F906463446012D2FD107F0FCF9F1
:106F900083466946584607F011FABDF80000B18AE9
:106FA000401A00B2ADF8000030460BF051FCBDF8BD
:106FB000001008440FFA80FA51463046FAF71CFDDB
:106FC0000746B4F87C00B8420FD0B9B23046FCF79F
:106FD00027FFB4F87C103046FCF722FFA4F87C7041
:106FE00000221C21304605F015F998E0082D09D142
:106FF000B4F87C103046FCF713FF47F6FF70A4F896
:107000007C008CE0292D03D130460EF06CFA86E02E
:10701000132D33D1B4F94020B4F94C00824202DD83
:10702000B4F9400001E0B4F94C00B4F95830B4F9B7
:107030006420934202DDB4F9582001E0B4F96420E1
:1070400090420BDDB4F94020B4F94C00824202DDDD
:10705000B4F940000DE0B4F94C000AE0B4F958204E
:10706000B4F96400824202DDB4F9580001E0B4F9D9
:1070700064000146404605F003F950E02C2D16D17E
:10708000404605F0BEF8074630460BF076FAB4F8F5
:1070900084104843001200B2388030460BF04EFA9C
:1070A000B4F886104843001200B2788037E0152DFE
:1070B00035D1404605F04FF8074639463046F2F7DD
:1070C00029FB39463046F0F70BFE04F12400EDF7BA
:1070D00085F8F8B994F8880000F00700012804D179
:1070E00039463046F6F76CFC14E094F8880000F05E
:1070F0000700022804D139463046F6F71BFB09E0A9
:1071000094F8880000F00700032803D13946304680
:10711000F6F7ECFE39463046F2F7ECF800BF00BF58
:1071200027E70000841C03082DE9F04F87B0814653
:107130000E4617461D4600BFB9F1000F03D100BF30
:1071400000BF00BFFEE700BF00BF1EB900BF00BF09
:1071500000BFFEE700BF00BF00BF4C46B4F882008E
:10716000B84207DC00BF00BF00202880688007B05D
:10717000BDE8F08F48460BF000FA34F8841F48430E
:1071800000120FFA80F848460BF0D8F9618848439E
:1071900000120FFA80FA2079843C00F007000128E1
:1071A00009D108FB07F0B4F88210491E90FBF1F0FA
:1071B00000B2288079E094F8880000F007000328E6
:1071C00018D1CDF80080336833F91700337BC3F34F
:1071D000C00C04F1780333F91C20337BC3F3C00CDB
:1071E00004F1740333F91C10002308F0F7FF00B218
:1071F00028805AE094F8880000F00700022854D153
:1072000004F12400ECF77DFF05904FF4A0214846DF
:107210000CF053FB82346188484300120490002133
:1072200048460CF04AFB61884843001203902188CD
:10723000491E039801FB1081208891FBF0F000B2F9
:10724000029005990298B0FBF1F000B2019008FBA2
:1072500007F034F8821990FBF1F000B2288000208A
:10726000009004F12400ECF76BFF00900EE0009812
:10727000B04200D10DE029880198084400B228806E
:1072800004F124000099ECF755FF009000980028C5
:10729000EDD100BF049A0199881A00EBD0712A88B9
:1072A00002EB610109B2298000BF002148460CF0C1
:1072B00038F98346002148460CF04DFB5844298894
:1072C000084400B2288048460BF0C2FA2988081A00
:1072D00000B2288000200690706830F91710307BCB
:1072E000C0F3001204F16C0030F91200081A00FB20
:1072F0000AF00690307BC0F3001104F1700030F901
:107300001110307BC0F3001204F16C0030F9120050
:10731000091A069890FBF1F006900698AAEB000077
:1073200000B26880002148460CF081FC584469880E
:10733000084400B2688048460BF084FB6988081A4C
:1073400000B2688000BF12E770B506460C462546BD
:1073500008A068620120A8620221204609F022FEEE
:107360000821204609F01EFE4FF48061204609F0F6
:1073700019FE70BD436865636B20626F7800000082
:1073800070B506460C46254695F8280000F0010029
:1073900020B9686A09F004F80020686270BD000036
:1073A0002DE9F14FBEB03E9804F02EFF044625466D
:1073B0003E9804F0D0FE3D90002120460CF087FD61
:1073C000074600BFB7F908000646A2464FF0000B7B
:1073D00041F23202594650460CF0B8FC0290029835
:1073E00000B28046002120460CF062FC40440FFAB7
:1073F00080F9002120460CF0EFFA404400B23C90A6
:10740000002120460CF073FA3B904FF400312046E7
:107410000CF0E2FA3A904FF4003120460CF085FB74
:1074200039904FF4003120460CF042FC38904FF474
:10743000003120460CF0F3F937904FF4003B40F652
:107440000A02594650460CF081FC0290029800B2A4
:10745000369000BF40F60B02594650460CF076FCC1
:107460000290029800B2359027A803F033F927AABA
:10747000594620460DF0DCF8A18A3C98084400B239
:10748000ADF89400BDF8940081193A9801443998F8
:107490000844401E00B2ADF89800E08A484400B2AB
:1074A000ADF89600BDF896008119389801443798D8
:1074B0000844401E00B2ADF89A0000BFBDF8940029
:1074C000ADF88C00BDF89600ADF88E00BDF89800C0
:1074D000ADF89000BDF89A00ADF8920000BFBDF87D
:1074E0008C103698081A00B2ADF88C00BDF89010D8
:1074F0003698084400B2ADF89000BDF88E1035986B
:10750000081A00B2ADF88E00BDF892103598084404
:1075100000B2ADF8920011A83D990AF043FD27A8EA
:107520001590374812900020139023A814905846C5
:107530001E9011AA1A21204604F06CFE23AA27A946
:107540003D9803F0ABF811AA1B21204604F062FE1F
:10755000002120460CF02AFD1090002120460CF05E
:10756000FEFC0F90002141F6FF721098CDE9012139
:107570000090696A3A460EA80F9B13F0F1F806A82E
:1075800002F09CF806AA002120460CF076FF00BF0E
:10759000BDF89A10BDF89620891A491C09B2881BBB
:1075A00000EBD071491009B20591BDF898103B98D5
:1075B000084400B2ADF80C00BDF80C00BDF838105E
:1075C000084400B2ADF81000E08A00EB090105980C
:1075D000084400B2ADF80E00BDF80E00BDF83A1038
:1075E000084400B2ADF812000020009003AA06A9DA
:1075F0006B6A3D9801F0AEFC3FB0BDE8F08F000033
:1076000088D404082DE9F04F8DB00F4639464C4818
:107610000AF0EEFE0C900C98012802D00DB0BDE8E7
:10762000F08F384604F08FFD0446384604F0ECFD38
:1076300005462C2C67D1384604F0E3FD0646AA46E1
:10764000002128460CF043FC804600BFB8F9080032
:107650008146002128460CF0A9FC834600212846DB
:107660000CF07DFC0B90002041F6FF71CDE900B1DC
:107670000290DAF8241042460AA80B9B13F070F827
:10768000002128460CF033F909904FF400312846C8
:107690000CF0A2F908904FF4003128460CF045FA9E
:1076A00007904FF4003128460CF002FB06904FF48F
:1076B000003128460CF0B3F80590089809EB00015A
:1076C0000798084400B2ADF81000069809EB0001D5
:1076D0000598084400B2ADF81200BDF81000BDF8DE
:1076E000281001440998084400B23080BDF9120006
:1076F000BDF92A10884202DDBDF9120001E0BDF992
:107700002A0070801AE0132C13D1384604F079FD5A
:1077100006464FF40031284609F0E7FF8046B6F9E7
:107720000000404502DDB6F9000000E04046308030
:1077300004E0152C02D13846FFF732FE00BF6DE79A
:1077400088D4040830B5044601F4C040B0F5005FA9
:1077500001D1012000E0002030B121F4C040B0F59B
:10776000FA6F01DC012000E0002080B121F4C0406C
:10777000B0F57A7F04DD21F4C040C0F57A7001E0F5
:1077800021F4C0405843642590FBF5F001B202F4A7
:10779000C040B0F5005F01D1012000E0002030B111
:1077A00022F4C040B0F5FA6F01DC012000E00020B7
:1077B00080B122F4C040B0F57A7F04DD22F4C040ED
:1077C000C0F57A7001E022F4C0405843642590FB74
:1077D000F5F002B2944201DA204600E010468842F9
:1077E00001DA084630BD944201DA2046FAE7104635
:1077F000F8E730B5044601F4C040B0F5005F01D1B0
:10780000012000E0002030B121F4C040B0F5FA6F53
:1078100001DC012000E0002080B121F4C040B0F57F
:107820007A7F04DD21F4C040C0F57A7001E021F4D4
:10783000C0405843642590FBF5F001B202F4C0400B
:10784000B0F5005F01D1012000E0002030B122F44A
:10785000C040B0F5FA6F01DC012000E0002080B1EB
:1078600022F4C040B0F57A7F04DD22F4C040C0F5B8
:107870007A7001E022F4C0405843642590FBF5F093
:1078800002B2944201DA204600E01046884201DA52
:10789000084630BD944201DA2046FAE71046F8E780
:1078A00008B500221146104600F07EF90090BDF8A0
:1078B0000010084608BD08B500221146104600F029
:1078C0008BF90090BDF80010084608BD1CB50020DB
:1078D00001460246D408BDF8003064F304038C0866
:1078E0000093BDF8003064F34A13C4080093BDF858
:1078F000003064F3CF230093BDF80040234601938A
:10790000BDF8041008461CBD08B5002211461046FB
:1079100000F0AAF90090BDF80010084608BD08B5AF
:1079200000221146104600F0CFF90090BDF800107B
:10793000084608BD01B583B003980190BDF8040066
:10794000C00AC0EBC00202EB0020C01DC0F347100C
:107950008DF80200BDF80400C0F3451000EB4002B2
:1079600002EB0020C01CC0F387108DF80100BDF8A9
:10797000040000F01F00C0EBC00202EB0020C01D9D
:10798000C0F347108DF80000FF208DF80300009829
:1079900002909DF808009DF80A20032303FB0200D3
:1079A0009DF80920042303FB0201C1F3C70004B0C2
:1079B00000BD13B582B00C46FFF7A6FF224601902A
:1079C000029900F021FA0090BDF80010084604B0BA
:1079D00010BD37B503461C4604F0030525B1BDF8BC
:1079E00004501D809B1C521EBDF8045005EB054140
:1079F000184610E00160001D0160001D0160001DBF
:107A00000160001D0160001D0160001D0160001D7E
:107A10000160001D103A102AECD8034604E0BDF8BE
:107A200004501D809B1C521E002AF8D13EBD0160EF
:107A3000704708B5014601F47800000A01F47C4261
:107A400040EA5210C1F3C40210430090BDF8002078
:107A5000104608BD2DE9F04F85B082468946144690
:107A6000CAEB0A204FF4B471B0FBF1F01FFA80FAB0
:107A7000C9EB0920642190FBF1F000F0FF09C4EB91
:107A8000042090FBF1F0C4B2B9F1000F0BD12246F3
:107A90002146204600F0E8F80090BDF800100846A6
:107AA00005B0BDE8F08F2B209AFBF0F0C0B2049037
:107AB0002B21049800FB11A000EB40004006000EB3
:107AC0000390C9F1FF0060434FEA2028039809FBA7
:107AD00000F0FF21A1EB20206043001202900398E8
:107AE000C0F1FF0000FB09F0A1EB202060434FEA4A
:107AF000202B0498052818D2DFE800F003070B0FAD
:107B0000130025465E46474613E0029D264647463B
:107B10000FE0454626465F460BE04546029E274657
:107B200007E05D464646274603E025464646029F57
:107B300000BF00BF3A463146284600F095F8019054
:107B4000BDF804100846ABE718B50346D408BDF8E5
:107B5000000064F304008C080090BDF8000064F39A
:107B60004A10DC080090BDF8000064F3CF200090BC
:107B7000BDF80040204618BD18B50346D408BDF82E
:107B8000000064F304008C080090BDF8000064F36A
:107B90004A10DC080090BDF8000064F3CF2000908C
:107BA000BDF80040204618BD18B50346D408BDF8FE
:107BB000000064F304008C080090BDF8000064F33A
:107BC0004A10DC080090BDF8000064F3CF2000905C
:107BD000BDF80040204618BD18B50346D408BDF8CE
:107BE000000064F304008C080090BDF8000064F30A
:107BF0004A10DC080090BDF8000064F3CF2000902C
:107C0000BDF80040204618BD18B50346D408BDF89D
:107C1000000064F304008C080090BDF8000064F3D9
:107C20004A10DC080090BDF8000064F3CF200090FB
:107C3000BDF80040204618BD18B50346D408BDF86D
:107C4000000064F304008C080090BDF8000064F3A9
:107C50004A10DC080090BDF8000064F3CF200090CB
:107C6000BDF80040204618BD18B50346D408BDF83D
:107C7000000064F304008C080090BDF8000064F379
:107C80004A10DC080090BDF8000064F3CF2000909B
:107C9000BDF80040204618BD18B50346D408BDF80D
:107CA000000064F304008C080090BDF8000064F349
:107CB0004A10DC080090BDF8000064F3CF2000906B
:107CC000BDF80040204618BD18B50346D408BDF8DD
:107CD000000064F304008C080090BDF8000064F319
:107CE0004A10DC080090BDF8000064F3CF2000903B
:107CF000BDF80040204618BD37B581B0101DC21038
:107D0000BDF8080040EA00400B4D00EA0501BDF84F
:107D1000040040EA004000EA0503581A504301EB12
:107D2000501000EA050444EA144080B20090BDF807
:107D30000050284604B030BD1FF8E00737B581B0C9
:107D4000101DC210BDF8080040EA00400B4D00EACB
:107D50000501BDF8040040EA004000EA0503581A96
:107D6000504301EB501000EA050444EA144080B28D
:107D70000090BDF80050284604B030BD1FF8E00761
:107D800037B581B0101DC210BDF8080040EA0040B0
:107D90000B4D00EA0501BDF8040040EA004000EA8E
:107DA0000503581A504301EB501000EA050444EA59
:107DB000144080B20090BDF80050284604B030BD99
:107DC0001FF8E00737B581B0101DC210BDF80800DC
:107DD00040EA00400B4D00EA0501BDF8040040EA0E
:107DE000004000EA0503581A504301EB501000EA26
:107DF000050444EA144080B20090BDF800502846C3
:107E000004B030BD1FF8E00737B581B0101DC210B7
:107E1000BDF8080040EA00400B4D00EA0501BDF83E
:107E2000040040EA004000EA0503581A504301EB01
:107E3000501000EA050444EA144080B20090BDF8F6
:107E40000050284604B030BD1FF8E00707B581B0E8
:107E500003461888BDF80810C90A01FB02008030EB
:107E600000EBC01101EBC030C00DBDF8001060F395
:107E7000CF2100915888BDF80810C1F3451101FBCE
:107E80000200803000EBC01101EBC030C00DBDF826
:107E9000001060F34A1100919888BDF8081001F0B5
:107EA0001F0101FB0200803000EBC01101EBC0306C
:107EB000C00DBDF8001060F30401009100BF00BFC9
:107EC000BDF80010084604B000BD07B581B00346F8
:107ED0001888BDF80810C90A01FB0200803000EBC9
:107EE000C01101EBC030C00DBDF8001060F3CF2110
:107EF00000915888BDF80810C1F3451101FB02003C
:107F0000803000EBC01101EBC030C00DBDF8001097
:107F100060F34A1100919888BDF8081001F01F0124
:107F200001FB0200803000EBC01101EBC030C00D3E
:107F3000BDF8001060F30401009100BF00BFBDF860
:107F40000010084604B000BD01B581B0BDF80400C2
:107F5000C00AC0EBC00101EB0020C01DC0F34710F8
:107F60008DF80200BDF80400C0F3451000EB40019D
:107F700001EB0020C01CC0F387108DF80100BDF894
:107F8000040000F01F00C0EBC00101EB0020C01D89
:107F9000C0F347108DF80000FF208DF80300009813
:107FA0000CBD08B5FF2211461046FFF715FE0090E4
:107FB000BDF80010084608BD1CB5FF20014602466A
:107FC000D408BDF8003064F304038C080093BDF8B6
:107FD000003064F34A13C4080093BDF8003064F322
:107FE000CF230093BDF8004023460193BDF8041051
:107FF00008461CBD08B5FF2211461046FFF764FE77
:108000000090BDF80010084608BD000070B5064697
:108010000C4625460020A8846421262041552720AF
:1080200041553035287B20F003002873287B20F051
:1080300004002873002028606860303D08480078FC
:108040002C2148554FF48031204608F0ABFF4FF407
:108050004071204609F0C2FC204614F0E1FA70BDE0
:10806000740100202DE9F34F89B0F9480A990AF00C
:10807000BFF98046B8F1010F02D00BB0BDE8F08F18
:108080000A9804F060F805460A9804F0BDF8064620
:108090003446132D42D14FF4403130460BF068FC8A
:1080A00081464FF4403130460BF00BFD82464FF4D1
:1080B000403130460BF0C8FD83464FF44031304626
:1080C0000BF079FB0890D14501DD494600E05146AF
:1080D0000898834501DD584600E00898814205DD97
:1080E000D14501DD484607E0504605E00898834544
:1080F00001DD584600E00898801C00B207900A98FD
:1081000004F07FF80746B7F900100798814202DDB6
:10811000B7F9000000E00798388008E2292D1BD14C
:108120000A9804F06EF8074630460CF036F8B98825
:108130003A88891A491C09B2884209D130460AF0A6
:1081400091FAF9887A88891A491C09B2884202D0C2
:10815000304614F065FAEAE12A2D03D1304614F0D6
:108160005FFAE4E10D2D71D10A9804F04AF807682E
:10817000132F01D0112F40D1606A089094F83C0071
:1081800000F0030020B101280ED0022824D117E00E
:10819000A08C401C4FF4B47190FBF1F201FB120073
:1081A00080B2ADF8200017E02620005D401C64215D
:1081B00090FBF1F201FB1200C0B28DF822000BE03F
:1081C0002720005D401C642190FBF1F201FB1200AE
:1081D000C0B28DF8230000BF00BF3046089900F000
:1081E000BAF948B100221C21304604F013F8804649
:1081F000B8F1010F00D040E747E0142F01D0122F53
:1082000043D1606A089094F83C0000F0030020B16C
:1082100001280ED0022827D119E0A08C002802DD09
:10822000A08C401E01E04FF4B47080B2ADF8200085
:108230001AE02620005D002803DD2620005D401E98
:1082400000E06420C0B28DF822000DE01EE027207F
:10825000005D002803DD2720005D401E00E0642053
:10826000C0B28DF8230000BF00BF3046089900F06F
:1082700072F948B100221C21304603F0CBFF804642
:10828000B8F1010F00D0F8E600BF50E1012D11D187
:1082900011F075FE606306F077F8074604F13801C7
:1082A00006F08CF83046EFF73DFC8046B8F1010F40
:1082B000EBD0E2E6022D7CD106F066F88246BAF1F8
:1082C000000F00D1D9E6504606F0B3F88346BBF163
:1082D000040F02D0BBF1020F18D130460BF05DFF46
:1082E000019000EBD070B18A01EB600000B2ADF8F4
:1082F000200030460AF0B6F9019000EBD070411032
:10830000F08A084400B2ADF8220003E008A9504604
:1083100006F054F8DAF80000007E0790BDF920005E
:10832000B4F93810401A002805DDBDF92000B4F971
:108330003810401A04E0B4F93800BDF92010401A92
:108340000799884214DCBDF92210B4F93A00081AE2
:10835000002805DDBDF92210B4F93A00081A04E03E
:10836000B4F93A00BDF92210401A0799884208DD95
:1083700011F005FE6063BDF820002087BDF82210D3
:108380006187BDF82000B18A401A00B2ADF8200024
:10839000BDF82210F08A081A00B2ADF8220030466B
:1083A0000BF0FBFE80B206900020059000213046C5
:1083B00000E098E00AF0F3FF8146069800EBD071E8
:1083C00049100FB2BDF82000C01B00B2ADF820006C
:1083D000BDF82200C01B00B2ADF8220001200490BD
:1083E000A7EB090007B2412F0ADD494609EBD1721C
:1083F000521010B2391A0FB2412F00DA412700BFD4
:10840000BDF920004043BDF9221001FB010107FB2B
:1084100007F0814201DA00200490606B11F0A2FDA8
:1084200003900498B0B9DAF80000818B0398814278
:1084300010D294F83C00C0F3800058B9304613F0D5
:108440003DFA05F0A1FF019006F062F915E6000083
:10845000A01C0308049800B90FE6BDF92210BDF96D
:108460002000FDF74CFB4FF4B47190FBF1F201FBDF
:10847000120000B20590606A029094F83C0000F08F
:10848000030020B1012807D002281BD10FE0059876
:1084900080B2ADF8080015E06421059848434FF418
:1084A000B47190FBF1F0C0B28DF80A000AE06421CB
:1084B000059848434FF4B47190FBF1F0C0B28DF8C9
:1084C0000B0000BF00BF3046029900F044F848B1ED
:1084D00000221C21304603F09DFE8046B8F1010FBA
:1084E00000D0CAE523E0112D0CD10A9803F089FED3
:1084F000074647F6FF7206F114003968EAF7BBFB3E
:10850000387114E0152D06D10A98F1F717F80A987A
:10851000F2F73FF80BE0122D09D10A9803F071FE33
:1085200007463878022801D00120387000BF00BF0C
:10853000A3E538B5044600BF00BF254627235A5D92
:108540002C462623595DA88CFFF784FA0090BDF8CD
:108550000010084638BD73B50546BDF80400B0F5F7
:10856000B47F0ADDBDF804004FF4B47190FBF1F262
:1085700001FB120080B2ADF804009DF806006428EB
:1085800002DD64208DF806009DF80700642802DDF6
:1085900064208DF8070000BF00BF2C46A08CBDF8FA
:1085A000041088420DD12620005D9DF806108842F7
:1085B00007D12720005D9DF80710884201D10020D7
:1085C0007CBD01986062284614F02AF828460CF019
:1085D000DEF90120F4E770B505460C460CB9002021
:1085E00013E0284600F022F960435030A02190FBB0
:1085F000F1F0012808DD284600F018F960435030FA
:10860000A02190FBF1F000E0012000B270BD2DE947
:10861000F04104460F4615461E461C21204608F030
:10862000D6F8276065602068A060E660BDE8F0814C
:108630001CB504464C21204608F0C9F84FF4A07040
:108640002080F02060804FF0FF30A080E08000208C
:1086500020816081206920F00800083020612069B5
:1086600020F0400020618221206961F3D010206158
:108670004FF47F40002100F47C4241EA5211C0F3E4
:10868000C40211430091BDF8002011460191BDF8CC
:108690000400A0860248E0632064382060641CBDAA
:1086A0000DB20108FEB505465648EBF757FD0446E6
:1086B00044B900BF1CB900BF00BF00BFFEE700BF48
:1086C0000020FEBDA86B98B9686C07F09BFD0646BC
:1086D00000BF1EB900BF00BF00BFFEE700BF0EB95C
:1086E0000020EEE731462846EA6B9047AE6300BFB4
:1086F0004FF4AC71204608F06AF8256042480768DC
:10870000046022461E21414811F098FC606000BFC1
:10871000606818B900BF00BF00BFFEE700BF606817
:1087200020B9204607F03CFE0020CAE7287CC0F3B1
:10873000400070B1B5F90000B5F902104843E9688E
:10874000C968884205D9286920F00200286100BF65
:1087500000BF00BFFF2211461046FFF76DFA0190DF
:10876000BDF8041008460290BDF808006085FF209F
:1087700084F8290011F0CCFB88B900200DF0A0FE90
:10878000029005200DF09CFE0190214800230090EE
:108790002046DDE9011211F05BFBA06002E011F060
:1087A0004DFBA060002009F0DFF92061002009F0F6
:1087B000DBF9E061002009F0D7F92062E0690CF0F4
:1087C000F3FF206A0CF0F0FF0221E06909F006F9DE
:1087D0000221206A09F002F90021E0690DF01DFB79
:1087E0000021206A0DF019FB20690CF0D0F8064832
:1087F0000760006808B904480460606811F03FFD34
:1088000020465EE74C450020F00100206D2E000858
:10881000FC5703080021C2681161C26851617047AA
:108820000148006870470000F001002000B50146D3
:1088300011B9FFF7F5FF014609B9822000BD0868AC
:108840000069C0F3C910F9E701460868C0687047BD
:1088500000B5014611B9FFF7E3FF014609B9002051
:1088600000BD0868007CC0F30110012802D0032875
:1088700005D100E000BF0868B0F90200F0E7086821
:10888000B0F90000ECE710B5044614B9FFF7C8FFD3
:1088900004461CB900BF00BF002010BD206AFCE7E1
:1088A00010B5044614B9FFF7BBFF04461CB900BF5E
:1088B00000BF002010BDE069FCE7000010B50446D1
:1088C0001CB90448EBF717FC10BD21460148EBF733
:1088D0002AFCF9E74C45002010B5044614B9FFF70F
:1088E0009FFF04461CB900BF00BF002010BD2069D7
:1088F000FCE710B5044614B9FFF792FF04461CB913
:1089000000BF00BF002010BD6069FCE710B5044641
:1089100014B9FFF785FF0446A06810BD00B50146F5
:1089200011B9FFF77DFF014609B9002000BD0868B5
:10893000007CC0F30110012802D0032805D100E01B
:1089400000BF0868B0F90000F0E70868B0F902005D
:10895000ECE770B50546284609F03AFE044604B92E
:1089600070BD2669206920B100222521304603F020
:1089700051FC206920B100222621284603F04AFC40
:108980002561206920B100222721284603F042FCFE
:10899000206920B100222821304603F03BFC284604
:1089A0000BF0F5FF00BFDBE72DE9FC4705460C4661
:1089B00090469946DDE90A67207B022801DCBDE884
:1089C000FC87608800B9FAE7BE4200D1F7E7CDE93D
:1089D00000674B46424621462846D5F810C0E0477E
:1089E00000BFECE73EB504461021204607F0EFFE3D
:1089F00001206080FF20207300BF00200146024656
:108A0000D508BDF8003065F304038D080093BDF868
:108A1000003065F34A13C5080093BDF8003065F3D4
:108A2000CF230093BDF800502B460193BDF80410EE
:108A300008460290BDF8080020803EBD2DE9FF4F9A
:108A400083B081468A461F46DDF84080139C059816
:108A500006B207F5B470804512D1A9EB060000B24A
:108A60002080AAEB060000B2608009EB060000B28D
:108A7000A0800AEB060000B2E08007B0BDE8F08FEE
:108A8000B7F5B47F02DDA7F5B47087B2B8F5B47F4F
:108A900003DDA8F5B4701FFA80F811990598401A03
:108AA00000B20290129929B1119800EBD0714910CF
:108AB000491C00E000210DB25A2097FBF0F0C0B233
:108AC00001905A2098FBF0F0C0B200900198042861
:108AD00001D1032001900098042801D103200090C7
:108AE000DDE9001088427CD147457ADC019858BB0B
:108AF00038B211F047FD029948430AEBE030401BC1
:108B000000B2608007F15A0000B211F03BFD7043E3
:108B100009EBE030284400B2A0800FFA88F011F091
:108B200031FD70430AEBE030284400B2E08008F1E8
:108B30005A0000B211F026FD0299484309EBE030DB
:108B4000401B00B2208096E1019801282BD138B259
:108B500011F018FD70430AEBE030284400B2E080C9
:108B600007F15A0000B211F00DFD0299484309EBDC
:108B7000E030284400B2A0800FFA88F011F002FD26
:108B8000029948430AEBE030401B00B2608008F1D4
:108B90005A0000B211F0F6FC704309EBE030401BC4
:108BA00000B2208067E1019802282DD107F15A0018
:108BB00000B211F0E7FC704309EBE030401B00B25B
:108BC000208038B211F0DEFC029948430AEBE03015
:108BD000284400B2E0800FFA88F011F0D3FC704313
:108BE00000E040E00AEBE030401B00B2608008F19A
:108BF0005A0000B211F0C6FC0299484309EBE0307C
:108C0000284400B2A08036E1019803289BD107F1E7
:108C10005A0000B211F0B6FC0299484309EBE0306B
:108C2000401B00B2208038B211F0ACFC70430AEB5C
:108C3000E030401B00B2608008F15A0000B211F031
:108C4000A1FC704309EBE030284400B2A0800FFA89
:108C500088F011F097FC029948430AEBE030284471
:108C600000B2E08007E10198B8BB0098012835D137
:108C700008F15A0000B211F085FC704309EBE030B6
:108C8000401B00B220800FFA88F011F07BFC834675
:108C900038B211F077FC834504DA0FFA88F011F04E
:108CA00071FC02E038B211F06DFC029948430AEB06
:108CB000E030401B00B2608007F15A0000B211F0B2
:108CC00061FC704309EBE030284400B2A0800AEB5D
:108CD0000600284400B2E080CDE0FFE701980128BB
:108CE0003AD10098022837D1A9EB0600401B00B208
:108CF00020800FFA88F011F045FC70430AEBE03059
:108D0000401B00B2608007F15A0000B211F03AFC3B
:108D1000834608F15A0000B211F034FC834505DDAA
:108D200007F15A0000B211F02DFC04E008F15A00DE
:108D300000B211F027FC0299484309EBE0302844C7
:108D400000B2A08038B211F01DFC70430AEBE03095
:108D5000284400B2E0808EE0019802283DD10098BE
:108D600003283AD107F15A0000B211F00BFC70430E
:108D700009EBE030401B00B22080AAEB0600401B4C
:108D800000B2608008F15A0000B211F0FBFB7043A2
:108D900009EBE030284400B2A0800FFA88F011F00F
:108DA000F1FB029900FB01FB38B211F0EBFB0299D9
:108DB0004843834506DD0FFA88F011F0E3FB029982
:108DC000484304E038B211F0DDFB029948430AEB56
:108DD000E030284400B2E0804DE0019803283AD109
:108DE0000098B8BB08F15A0000B211F0CBFB8346E3
:108DF00007F15A0000B211F0C5FB834505DA08F10E
:108E00005A0000B211F0BEFB04E007F15A0000B2B4
:108E100011F0B8FB0299484309EBE030401B00B267
:108E2000208038B211F0AEFB70430AEBE030401BFB
:108E300000B2608009EB0600284400B2A0800FFA5F
:108E400088F011F09FFB70430AEBE030284400B239
:108E5000E08010E0FFE7A9EB060000B22080AAEB5B
:108E6000060000B2608009EB060000B2A0800AEBA9
:108E7000060000B2E08000BFFFE500002DE9F041F0
:108E800005460E4617469846B8F1000F08D100BFB8
:108E900000BF14A23946284614F0F3FBBDE8F08168
:108EA000F07A022800DCF9E7A86940B143463A4667
:108EB00031462846D5F818C0E047044606E0434648
:108EC0003A4631462846EEF7F9FC04463CB900BF65
:108ED00000BF04A23946284614F0D3FBDEE700BFEA
:108EE000DCE700004E6F0A64617461002DE9F8430D
:108EF00004460D4616461F46DDF82080606908B915
:108F0000BDE8F883CDF800803B463246294620462E
:108F1000D4F814C0E04700BFF2E71CB5044618219E
:108F2000204607F054FC00BF002211461046FEF711
:108F300023FE0090BDF8001008460190BDF8040023
:108F40002081FF20E072401C6080012020751CBD44
:108F5000704700001FB5C0B04198807E022801DC38
:108F600044B010BD4198006810B900BF00BFF7E7DA
:108F70004098C06910B900BF00BFF1E7202238A8AF
:108F80004199E7F76EF9419800683790439810B11E
:108F90004398007800B9E3E74098806802460D9056
:108FA00034A84299E9F750FD3390339800B9D7E7D8
:108FB0004198007F32904198C07E319000BF9DF86B
:108FC000C80008B90120329000BF4198407F00F0EE
:108FD000020020B94298FCF702FD36901AE0419851
:108FE000407F41F6FF724199B1F91210CDE90012AC
:108FF00002904198B0F914000C90419800680B90D1
:1090000002460DA80C9B439911F0AAFBBDF9340050
:10901000369000BF00BF3798B0F9080030904198F3
:10902000B0F91210309808442F9000202E904298EA
:109030000088ADF8B40042984088ADF8B600002032
:109040002C902B904198B0F916002C904198B0F9D3
:1090500018002B90BDF8B6102B98084400B2ADF85C
:10906000B60000202A90401E2990469840B32B98C5
:1090700030BB4298B0F90200002821DA4698816896
:109080004298B0F90200081A002806DD4698816867
:109090004298B0F90200081A05E04298B0F90210AF
:1090A00046988068081A2F994900C1F58061884266
:1090B00003DD4FF0FF314698016046980068299023
:1090C000469860B12998002809DB29982A90BDF8B4
:1090D000B61046988088084400B2ADF8B6004198B2
:1090E000407F0021CDE900104198B0F914000D90A7
:1090F0002A99439808440C90369803B2DDE90C0293
:109100003799EBF795FB2A990844289040E0289876
:109110002A904198407F0021CDE900104198B0F994
:1091200014000D9043992A9808440C90369803B285
:10913000DDE90C023799EBF77BFB014628980844E0
:109140002890BDF8B6102F98084400B2ADF8B600CC
:109150004698C0B1BDF9B60010F5806F13DB469894
:10916000006800280FDA46992A980860BDF9B61001
:109170004298B0F90200091A469841604298B0F945
:109180000210469881602A994398405C00B9E7E64E
:10919000BDF9B6103098014440988068B0F90200DB
:1091A0008142B4DB9DF8C800022823D14198407F5A
:1091B00000904198B0F914000D902A992898401A0F
:1091C0000C90439808440B90DDE90C13379A11F08A
:1091D00039FB2E904298FCF702FC2E99401A0D9014
:1091E00000EBD070BDF8B41001EB600000B2ADF838
:1091F000B40022E09DF8C80003281ED14198407FAA
:1092000000904198B0F914000D902A992898401ABE
:109210000C90439808440B90DDE90C13379A11F039
:1092200011FB2E904298FCF7DAFB2E99401ABDF8FC
:10923000B410084400B2ADF8B400419840682790DB
:10924000419881682691DDE92610884206D9279841
:109250000D90269827900D98269000BF4198807F0A
:1092600000F0010020B94198807F00F00200E8B1D1
:1092700023A800F06FFA41988089ADF88C003798E8
:10928000807B18B1379890F90E0000E00120ADF80E
:109290008E004198807E8DF894004198807FC108AF
:1092A0009DF8950061F301008DF895000020229053
:1092B0002090FEF7F5FA1E900FA801F00BFA4198E6
:1092C000008AADF84000BDF9B4000E90EAE1BDF8A7
:1092D000B4102C98084400B2ADF8B40000202290DD
:1092E00021902A99439808440D90FCE000200C90AE
:1092F0004FF6FF71279888420CD02698884209D0F3
:1093000021992A98084401460990EA4A439812682C
:1093100090470C9021AB0AAA0BA90D98EBF76CFAB9
:109320004198407F00F0010000287BD0E2A0007847
:109330000B99884212D1229820B9219820900120BF
:109340002290D0E02298012802D10020229005E04E
:109350002298022802D100202290C4E022980128FD
:1093600067D10B98202863D1DDE92001081A07286E
:1093700059D108A8029020990D980844039006201E
:10938000049002980190039800900CE000980178F6
:10939000019801700198401C01900098401C0090B9
:1093A0000498401E049004980028EFD100BF8DF867
:1093B00026009DF821000490F9F7D0FA04469DF8A4
:1093C00020000490F9F7CAFA04EB001007909DF80A
:1093D00023000490F9F7C2FA04469DF82200049095
:1093E000F9F7BCFA04EB001006909DF825000490F4
:1093F000F9F7B4FA04469DF824000490F9F7AEFAA0
:1094000004EB001005900598C0B204900698C0B215
:1094100003900798C0B20290DDE90312FEF7C4FB87
:109420001F9003E005E0419880891F900220229060
:1094300059E0419880891E902298022801D11F98F6
:109440001E90DDE90A21379803F027F81D904FF6AA
:10945000FF71279888422ED0269888422BD02799D2
:109460000C98884227D326990C98884223D2BDF8BD
:10947000B400ADF82000BDF8B600ADF82200BDF88C
:10948000B4101D9801444198808A0844401E00B2DF
:10949000ADF82400BDF8B6102F980844401E00B265
:1094A000ADF8260008AA0FA9409801F0F7F84198F6
:1094B000C0891E9000BFBDF87800ADF8EC002DAA61
:1094C00038A90B9B409800F01FF91D98002809DD72
:1094D000BDF8B4104198828A1D981044084400B227
:1094E000ADF8B40000BF2A992898401A2199884203
:1094F0003FF6FCAE4198807F00F0020058B30E9812
:1095000000B2ADF8300041980068B0F90800099049
:1095100000EBD070BDF8B61001EB6001BDF98E0014
:109520000A9000EBD07001EB600000B2ADF83200A1
:10953000BDF8B400ADF82C00BDF83200ADF82E0037
:10954000BDF87800ADF88C000BAB0CAA23A94098AD
:1095500000F0E9F800BF4198807F00F0010038B3C7
:109560000E9800B2ADF83000BDF8B6104198006812
:1095700000890144419800684089091A379890F998
:109580000D00081A00B2ADF83200BDF8B400ADF815
:109590002C00BDF83200ADF82E00BDF87800ADF813
:1095A0008C000BAB0CAA23A9409800F0BCF800BFBC
:1095B00028982A904198407F0021CDE900104198D9
:1095C000B0F914000C9043992A9808440B903698EF
:1095D00003B2DDE90B023799EBF72AF90146289827
:1095E0000844289042980088ADF8B4009DF8C8005F
:1095F000022823D14198407F00904198B0F914008F
:109600000C902A992898401A0B90439808440A9085
:10961000DDE90B13379A11F015F92E904298FCF7FB
:10962000DEF92E99401A0C9000EBD070BDF8B41002
:1096300001EB600000B2ADF8B40022E09DF8C80074
:1096400003281ED14198407F00904198B0F9140042
:109650000C902A992898401A0B90439808440A9035
:10966000DDE90B13379A11F0EDF82E904298FCF7D4
:10967000B6F92E99401ABDF8B410084400B2ADF8FE
:10968000B400BDF8B6102F98084400B2ADF8B6008B
:10969000BDF9B61040988068B0F90600814200DD3F
:1096A0005EE400BF2A994398405C00287FF40FAE27
:1096B00000BF55E4580200202300000038B50446DE
:1096C0002021204607F083F8FF20A076FEF7E8F877
:1096D0000090BDF80000A0810A4820604FF6FF709E
:1096E0006060A060FEF7DCF80090BDF80000E0814B
:1096F00005200CF0E5FE0090BDF80000208200205F
:10970000E07638BDFC5703082DE9F04104460D46CC
:1097100016461F463B46324629462046D4F81CC012
:10972000E047BDE8F0812DE9F04105460C461646BC
:109730001F46608808B9BDE8F081207A022800DC65
:10974000F9E73B46324621462846D5F820C0E04797
:1097500000BFF0E73EB504460A21204607F037F87F
:1097600001206080FF20207200BF002001460246D9
:10977000D508BDF8003065F304038D080093BDF8EB
:10978000003065F34A13C5080093BDF8003065F357
:10979000CF230093BDF800502B460193BDF8041071
:1097A00008460290BDF8080020803EBD02460B46E8
:1097B000002106E00C4850F8310000B903E0481CD5
:1097C000C1B21029F6DB00BF102904DB00BF00BFC7
:1097D0004FF0FF307047044840F8312000EBC100E3
:1097E00043600846F6E70000BC4600202DE9F04F34
:1097F00087B081468A4616461D46109CB4F90A0079
:10980000301A0690B4F90800AAEB00000590B4F9EC
:109810000C00B4287EDAB4F90E00B428FADAA08974
:10982000002877D0E0890028FBD0B4F90C10B4F9F7
:109830000E0081426EDDB4F90A00B04203DD012062
:1098400007B0BDE8F08F606D069948438012049020
:10985000A16A0698401C41434FEAA128B4F90C00C4
:10986000B0F5877F0ADDB4F90C00B0F5B47F05DAF6
:10987000B8F1000F02DA4FF000081BE0B4F90C0059
:10988000002809DDB4F90C005A2805DCB8F1000FF6
:1098900002DA4FF000080DE0B4F90C005A2809DD97
:1098A000B4F90C00B0F5877F04DAB8F1000F01DDE0
:1098B0004FF00008B4F90E00B0F5877F0ADDB4F967
:1098C0000E00B0F5B47F05DAB8F1000F02DA4FF000
:1098D00000081BE0B4F90E00002809DDB4F90E0001
:1098E0005A2805DCB8F1000F02DA4FF000080DE04D
:1098F000B4F90E005A2809DDB4F90E00B0F5877FDF
:1099000004DAB8F1000F01DD4FF000080498A0EB75
:10991000080000E042E0401003904FF0010B0120EE
:109920000290039808EB000105980F1AAF4200DD82
:109930002F46002F10DD04F110003BB23246514695
:109940000090484600F076FA8346BBF1000F03D141
:109950003946484606F03BFFAF4200DD2F46002F58
:1099600000DA002704F13C00EA1B13B20AEB0702FD
:1099700011B2009009EB0700324600F05BFA02904A
:10998000029820B9E91B09EB070006F020FF0298B6
:10999000834501D1584653E7022051E7B4F90C0042
:1099A000B4287DDDB4F90E00B428FADDB4F90C104A
:1099B000B4F90E008142F4DDB4F90A00B04201DAD4
:1099C00001203DE7606D0699484380120490A16A2A
:1099D0000698401C41434FEAA128B4F90C00B0F5A9
:1099E000877F0ADDB4F90C00B0F5B47F05DAB8F171
:1099F000000F02DA4FF000081BE0B4F90C00002859
:109A000009DDB4F90C005A2805DCB8F1000F02DAC0
:109A10004FF000080DE0B4F90C005A2809DDB4F944
:109A20000C00B0F5877F04DAB8F1000F01DD4FF0CC
:109A30000008B4F90E00B0F5877F0ADDB4F90E0016
:109A4000B0F5B47F05DAB8F1000F02DA4FF0000884
:109A50001BE0B4F90E00002809DDB4F90E005A2805
:109A600005DCB8F1000F02DA4FF000080DE0B4F9A0
:109A70000E005A2809DDB4F90E00B0F5877F04DA2C
:109A8000B8F1000F01DD4FF000080498A0EB0800CA
:109A9000401003904FF0010B01200290039800E06A
:109AA0003BE008EB000105980F1AAF4200DD2F469E
:109AB000002F10DD04F13C003BB2324651460090CD
:109AC000484600F0B7F98346BBF1000F03D1394691
:109AD000484606F07CFEAF4200DD2F46002F00DA3C
:109AE000002704F11000EA1B13B20AEB070211B2BF
:109AF000009009EB0700324600F09CF902900298B2
:109B000020B9E91B09EB070006F061FE02988345C6
:109B100001D1584694E6022092E60127B846B4F9EE
:109B20000C00B42806D1B4F90A00B04200DD27E0E9
:109B3000032725E0A08938B9B4F90A00B04201DD55
:109B400003271DE001271BE0B4F90C00B42803DA59
:109B5000B4F90A00B04207DCB4F90C00B42805DD02
:109B6000B4F90A00B04201DC032709E004F1100057
:109B70002B46324651460090484600F05BF90746B6
:109B8000B4F90E00B42809D1B4F90A00B04202DDDC
:109B90004FF003082BE04FF0010828E0E08948B9B6
:109BA000B4F90A00B04202DD4FF001081FE04FF0A7
:109BB00003081CE0B4F90E00B42803DAB4F90A0073
:109BC000B04207DCB4F90E00B42806DDB4F90A008F
:109BD000B04202DC4FF0030809E004F13C002B46E0
:109BE000324651460090484600F024F9804617B1AD
:109BF000B8F1000F01D1002022E6032F04D1B8F103
:109C0000030F01D100201BE6012F04D1B8F1010F91
:109C100001D1012014E6022012E600002DE9F84FE0
:109C20000646894692461C460A9D002C01DA00240D
:109C300004E0B4F5B47F01DB40F26714002D01DAD3
:109C4000002504E0B5F5B47F01DB40F26715A542BD
:109C500005DAC4F5B4702844A6F8680007E0281BAC
:109C6000002801DD281B00E0601BA6F86800B48115
:109C7000F581A6F80890A6F80AA0264830600120D1
:109C8000307100BF002C02DBB4F5B47F03DD00BFF0
:109C900000BF00BFFEE700BF002C03DBB42C01DADD
:109CA000002707E0B42C04DBB4F5B47F01DA012708
:109CB00000E0012700BF002D02DBB4F5B47F03DD17
:109CC00000BF00BF00BFFEE700BF002D04DBB42DC6
:109CD00002DA4FF0010809E0B42D05DBB5F5B47FD9
:109CE00002DA4FF0000801E04FF001082346524627
:109CF000494606F11000009700F032F92B46524613
:109D0000494606F13C00CDF8008000F029F9BDE895
:109D1000F88F0000ED9701082DE9F84F07468846B7
:109D200091469A464FF0000B104C15E0256801262D
:109D30002068009053464A4641463846D5F800C050
:109D4000E047064616B90020BDE8F88F022E01D183
:109D50004FF0010B083400BF20680028E6D1BBF1AA
:109D6000000F01D00220EFE70120EDE7BC46002004
:109D700070B5044626463079022814D12546686914
:109D800080B168690069002807DA6969486806F0E7
:109D900007FB686906F004FB04E068694069401E3F
:109DA0006969486107E03079052804D12546A8682B
:109DB00006F0F6FA00BF70BD2DE9F04106463EB947
:109DC0001B48006810B10120BDE8F0810020FBE7CE
:109DD000002428E0164850F8347007B921E038799B
:109DE00002281BD1124850F83450A87C00F0010022
:109DF00048B1B5F9102005F108013046E8F7E0FE5A
:109E000058B90120E0E7B5F9102005F10801304606
:109E1000E8F75BFE08B90120D6E701E00120D3E7AF
:109E200000BF601CC4B2102CD4DB0020CCE70000C3
:109E3000BC4600202DE9F84F82460D4690461E464E
:109E40000A9CA08AA8EB00000FFA80F8608A281A02
:109E500005B2206A00286BD194F8280000F00100B8
:109E600010B3207C00F0030020B1207C00F0030040
:109E7000012802D10120BDE8F88F207C00F003000A
:109E8000022805D108F10100002801DA0120F2E7DB
:109E9000207C00F00300032804D1B8F1000F01DD9D
:109EA0000120E8E70020E6E7207C00F0030002281C
:109EB00004D0207C00F00300032801D10120DAE760
:109EC000207C00F00300012802D1002D00DDD2E744
:109ED000207C00F00300A0B9A819002801DA0120B5
:109EE000C9E76F42002F01DA0020C4E7002F06DB2C
:109EF000B74204DAF11B0AEB070006F068FC022007
:109F0000B9E7A819002801DA0020B4E76F42002F52
:109F100000DA0027B74201DB0020ACE7002F05DBA9
:109F2000B74203DA3946504606F051FC0220A2E758
:109F300094F8280000F0010040B13346424629461B
:109F400050460094FAF72CFB814607E03346424620
:109F5000294650460094FAF714FC814648468AE7A1
:109F60002DE9FC4781460D4616461C46DDF828A023
:109F7000B42C02DDA4F1B40004B204F15A0000B222
:109F800010F000FB05EB6017204610F0FBFA06EB23
:109F900060180FFA88F03BB232462946CDE9000A34
:109FA000484600F003F8BDE8FC8700002DE9F05FAB
:109FB00004460F4615469846DDE90A6B2C212046DB
:109FC00006F005FCB54206D1BBF1030F03D1681EB4
:109FD00005B2701E06B2B54206DD4046B8460746D9
:109FE00030462E46054600BF27816581A4F80C80C7
:109FF000E68184F810B06782A582A8EB07000028EC
:10A0000002DDA8EB070001E0A7EB0800711B0029A7
:10A0100001DD711B00E0A91B884201DD012000E089
:10A02000002094F8281060F3000184F82810002024
:10A03000E061A0614748206000202071A8EB07097B
:10A04000A6EB050A94F8280000F00100C0B1B9F1B0
:10A05000000F07D04FF4801191FBF9F000FB0AF1DB
:10A060008912E161BAF1000F07D04FF4801191FB22
:10A07000FAF000FB09F18912A161E169216218E09F
:10A08000BAF1000F07D04FF4801191FBFAF000FBFA
:10A0900009F18912A161B9F1000F07D04FF48011C5
:10A0A00091FBF9F000FB0AF18912E161A1692162DB
:10A0B00000BF207C00F0030030B994F8280020F0A5
:10A0C000020084F8280039E0207C00F00300012819
:10A0D00007D194F8280020F00200801C84F82800A2
:10A0E0002CE0207C00F00300022811D1206A002817
:10A0F00007DD94F8280020F00200801C84F8280076
:10A100001CE094F8280020F0020084F8280015E0F4
:10A11000207C00F00300032810D1206A002806DD0F
:10A1200094F8280020F0020084F8280006E094F853
:10A13000280020F00200801C84F82800206A80108B
:10A140006062206A002802DA606A40426062BDE80C
:10A15000F09F0000359E01082DE9F04F8DB080463C
:10A160008B4691461D461698807C00F001000C90AD
:10A170001698B0F910000B901699083109A8FBF752
:10A1800060FB0C9858B9BDF92600484503DCBDF9C1
:10A190002A0048450DDA00200DB0BDE8F08FBDF96A
:10A1A0002600484503DCBDF92A00484501DA0120B4
:10A1B000F2E7BDF924100B980844584507DC0BEB77
:10A1C0000501BDF928200B98101A81420BDDBDF95D
:10A1D00026100B980844484559DCBDF92A100B9805
:10A1E000081A484553DB0C9858BBBDF92400A0EB76
:10A1F0000B0001900198A84201DD0020CCE70198F6
:10A20000002803DB4046019906F0E1FABDF9280079
:10A21000A0EB0B0000F1010ABAF1000F01DC0020F5
:10A22000BAE7AA4505DAA5EB0A0108EB0A0006F031
:10A23000CEFA019818B9AA4501D10120ACE7022055
:10A24000AAE7BDF92400A0EB0B0ABAF1000F01DA6E
:10A250004FF0000AAA4517DCBDF92800A0EB0B005F
:10A26000A0EB0A00401C019001985044A84202DD76
:10A27000A5EB0A0001900198002804DB08EB0A0016
:10A28000019906F0A4FA00BF00BF022084E7BDF9DF
:10A290002400A0EB0B00089009A8FBF7A7FB079090
:10A2A00009A8FBF722FB0690BDF82400ABEB0000E9
:10A2B0000FFA80FBBDF82600A9EB00000FFA80F929
:10A2C0000B98814506DA0B98A0EB0900401E00B2FE
:10A2D000039006E00B990698401AA9EB000000B223
:10A2E0000390169904AB05AA48690399F7F742FE53
:10A2F0000290DDE9071001440B98081ABDF8101010
:10A30000084406B20B9908980844BDF81010401A8A
:10A31000401E07B20C98002863D1002425E0BDF947
:10A320001400001B401E029911F800A030190028EB
:10A330000BDB3019A84208DA301918F80010504623
:10A3400011F043F8311908F80100381B0BD4381B01
:10A35000A84208DA381B18F80010504611F035F8FA
:10A36000391B08F80100601C04B2BDF914008442D6
:10A37000D5DB3019A84201DA301900E02846002860
:10A3800001DA002005E03019A84201DA301900E0B6
:10A39000284606B2A91B08EB060006F018FABDF91C
:10A3A0001400381A401CA84204DABDF91400381A07
:10A3B000401C00E02846002801DA00200BE0BDF92F
:10A3C0001400381A401CA84204DABDF91400381AE7
:10A3D000401C00E0284607B23946404606F0F7F92F
:10A3E0005FE0002427E0BDF91400401E011B029825
:10A3F000405CC0F1FF000090301900280BDB3019E1
:10A40000A84208DA301918F80010009810F0DDFFA3
:10A41000311908F80100381B0BD4381BA84208DAA0
:10A42000381B18F80010009810F0CFFF391B08F8FF
:10A430000100601C04B2BDF914008442D3DB781C17
:10A44000A84200DA00E02846002801DA002004E0F3
:10A45000781CA84200DA00E028460FFA80FAA6EB42
:10A460000A00A5EB0A01884202DAA6EB0A0001E025
:10A47000A5EB0A00002801DA00200AE0A6EB0A009A
:10A48000A5EB0A01884202DAA6EB0A0001E0A5EB7F
:10A490000A0000B2019008EB0A00019906F097F952
:10A4A00000BF022078E600002DE9F84F07468846F5
:10A4B000154699464046FBF799FA83464046FBF716
:10A4C00014FA00900098834501DA584600E000989D
:10A4D0008246B5EB6A0F02DD4FEA6A0005B2002D35
:10A4E00000DA0025414607F10800FBF7AAF93D8292
:10A4F00087F8129051483860022038711DB9002049
:10A500007861BDE8F88F002440E0C4EBC4004C49FA
:10A5100001EB8000B0F91800A84236D1C4EBC400AA
:10A5200001EB80004069401CC4EBC401444A02EBCB
:10A5300081014861C4EBC400114601EB8000016950
:10A54000102D01DA012000E028110844B0F57A7FCF
:10A550000CDAC4EBC4003A4901EB80000169102D0C
:10A5600001DA012000E02811084401E04FF47A707C
:10A57000C4EBC401324A02EB81010861C4EBC400A0
:10A58000114601EB80007861BBE7641C042CBCD34E
:10A59000002600241BE0C4EBC400294901EB800025
:10A5A000406998B926B9C4EBC40001EB80060DE000
:10A5B000C4EBC400224901EB800000693169884284
:10A5C00004DAC4EBC4001E4901EB8006641C042CB1
:10A5D000E1D396B91C2005F015FE064600BF1EB952
:10A5E00000BF00BF00BFFEE700BF1C21304606F0E1
:10A5F000EEF84FF0FF30306119E07069401C706177
:10A60000002030613169102D01DA012000E02811AD
:10A610000844B0F57A7F07DA3169102D01DA01209C
:10A6200000E02811084401E04FF47A7030617E6147
:10A6300029467869ECF7A8FD00BF62E759A1010837
:10A640004C46002070B50546002600240DE0094860
:10A6500000EBC4004068A84205D1064850F83460B9
:10A66000204600F009F8601CC4B2102CEFDB304625
:10A6700070BD0000BC460020014600204A1C4AB1C3
:10A68000054A52F831000022034B43F8312003EB16
:10A69000C1035A6070470000BC46002070B50546F3
:10A6A0000E46144600BFE0886188401A401C00B284
:10A6B000012807DB00BFA0882188401A401C00B297
:10A6C000012800DA70BD224631462846EB689847DB
:10A6D00000BFF7E738B504463821204606F077F882
:10A6E000FDF75FFC0090BDF80000A080FDF759FC6D
:10A6F0000090BDF80000E080FDF7DDF80090A01D9F
:10A70000BDF800106181FF2121730221A173FDF7C3
:10A71000D2F80090BDF800000C346082FDF7CBF851
:10A720000090BDF8000020840848A060FF2004F8D5
:10A73000090CA073A077A07584F82A00E07D20F0B2
:10A740003E001E30E0750C3C38BD0000FC5703088D
:10A750002DE9F04FC9B081460D4614469846539FE7
:10A76000529E287B022802DC49B0BDE8F08F688841
:10A7700000B9F9E7BE4200D1F6E7B5F902A0C2453B
:10A7800001DD0FFA88FA3BA8FFF7A4FF687B00F011
:10A7900003008DF8EE00A86840B100208DF8EF00AE
:10A7A000A8683F90287B8DF8060105E0287B8DF88E
:10A7B000EF002888ADF8F0002088A0EB080000B278
:10A7C000ADF8E4006088A0EB080000B2ADF8E60048
:10A7D00020884044401E00B2ADF8E8006088404444
:10A7E000401E00B2ADF8EA0000BFBDF8E400ADF8CD
:10A7F000DC00BDF8E600ADF8DE00BDF8E800ADF81D
:10A80000E000BDF8EA00ADF8E20000BFBDF8DC00F2
:10A810006988084400B2ADF8DC00BDF8DE00698844
:10A82000084400B2ADF8DE00BDF8E0006988401AC7
:10A8300000B2ADF8E000BDF8E2006988401A00B24D
:10A84000ADF8E2004FF0FF3B00BFBDF8E000BDF8FF
:10A85000DC10401A401C00B2002815DD00BFBDF816
:10A86000E200BDF8DE10401A401C00B200280BDDEB
:10A87000012347F6FF7237A931A8FFF715FE002123
:10A8800031A8FEF793FF8346002347F6FF7239A9EC
:10A890002BA8FFF709FE00212BA8FEF787FF2A90BF
:10A8A00006F5B470B84203D007F5B470864218D1EB
:10A8B00047F6FF70ADF8EC0039AA3BA94846FFF710
:10A8C000EDFE2A98FFF7D8FE0BF1010010B15846B3
:10A8D000FFF7D2FE2BA8FFF74BFA31A8FFF748FA93
:10A8E00042E702E0A6F5B47086B2B6F5B47FF9DAB5
:10A8F00002E0A7F5B47087B2B7F5B47FF9DA38B2E1
:10A900000090B4F90220B4F9001033B20FA8FFF799
:10A9100085F900210FA8FEF749FF0E90B74204DD2C
:10A92000B81BC0F5B4700D9001E0F01B0D90D9F884
:10A9300008000C900D983C282EDDB8F10A0F2BDD95
:10A9400005940FFA88F0ADF81800ADF81A60ADF86C
:10A950001C705A2096FBF0F000F00300ADF81E00CA
:10A960005A2097FBF0F000F00300ADF82000ADF89E
:10A9700022A03BA8099039A80A90CDF82C9005A8F0
:10A98000F2F7DBF905A8F2F7FCFA05A8F2F722FCCA
:10A9900005A8F2F74DFD04E039AA3BA94846FFF7A8
:10A9A0007DFE0FA8FFF7E4F92BA8FFF7E1F931A826
:10A9B000FFF7DEF90E98FFF75FFE2A98FFF75CFEBF
:10A9C0000BF1010010B15846FFF756FE687BC0F34B
:10A9D000800000287ED00AF0FF0204AB0FFA88F155
:10A9E00030B2F7F717FCBDF810002188084400B218
:10A9F000ADF81000BDF814002188084400B2ADF88D
:10AA00001400BDF812006188084400B2ADF81200CD
:10AA1000BDF816006188084400B2ADF8160004AA1B
:10AA200002A80C99E8F710F8D0B1002347F6FF729E
:10AA300004A906A8FFF738FD002106A8FEF7B6FE18
:10AA4000019002A8C9F8080039AA3BA94846FFF7B7
:10AA500025FE0198FFF710FE06A8FFF789F900BF51
:10AA60000AF0FF0204AB0FFA88F138B2F7F7D2FB15
:10AA7000BDF810002188084400B2ADF81000BDF800
:10AA800014002188084400B2ADF81400BDF812008B
:10AA90006188084400B2ADF81200BDF81600618864
:10AAA000084400B2ADF8160004AA02A80C99E7F712
:10AAB000CBFFE0B1002347F6FF7204A906A8FFF719
:10AAC000F3FC002106A8FEF771FE019002A8C9F868
:10AAD000080000E00FE039AA3BA94846FFF7DEFD79
:10AAE0000198FFF7C9FD06A8FFF742F900BF0C98CF
:10AAF000C9F8080000BF00BF36E670B504460D4631
:10AB00001646324629462046EDF702F932462946D6
:10AB10002046EDF7F2FA70BD7CB504460D46287E5E
:10AB2000022800DC7CBDA26868462968E7F78CFF34
:10AB300000B9F7E7E06A10B12046E16A8847294684
:10AB40002046626B904700BFECE72DE9F04F89B0DB
:10AB500007460C46E06800B90026E06820B1207C7A
:10AB600010B909B0BDE8F08F207C012801D1002682
:10AB700000E0E6687868FAF740FF8346BA6807A8FD
:10AB80002168E7F761FF00B9EBE7E9F7EDFD8146E2
:10AB900038680690D9F80000C06988B9BDF91C0072
:10ABA0007968B1F90010401ABDF91E107A68B2F93F
:10ABB0000220891A0BFB0101069800EB4100069068
:10ABC000D4F804A0BAF1000F14D02068FAF715FFEA
:10ABD0008046BDF91C002168B1F90010411ABDF989
:10ABE0001E002268B2F90220821A08FB02100AEB4A
:10ABF000400A01E04FF000089EB16069FAF7FDFEDF
:10AC000005466069B0F90000BDF91C10411A606981
:10AC1000B0F90200BDF91E20821A05FB021006449D
:10AC200000E0002578684088404202B278680088D9
:10AC3000404201B207A8FAF73EFFD9F80000C06908
:10AC4000D0B1606860B9207ECDE9016500902089AF
:10AC500003465A4607A905900698F5F7EAFC46E030
:10AC6000207E53465A4607A9CDE90080CDE902650A
:10AC7000069810F00AFB3AE06068E8B9607E60B9B7
:10AC8000207ECDE901650090208903465A4607A938
:10AC900005900698F5F728FB29E0607E217ECDE936
:10ACA000016500910390208903465A4607A9059043
:10ACB0000698F5F767FA1AE0607E58B9207E534689
:10ACC0005A4607A9CDE90080CDE90265069810F043
:10ACD00035F90CE0607E217E53465A46CDE900816D
:10ACE000CDE90265049007A9069810F09DF800BF11
:10ACF00037E72DE9FF4FB1B00C461746DDF8F88075
:10AD0000319988680188ADF8BC104188ADF8BE1053
:10AD10008188ADF8C010C188ADF8C21000BF2FA85F
:10AD2000FFF74AF82E901C2127A805F050FDE07A85
:10AD30008DF8B400207B00F00F008DF8B5002E9840
:10AD400090B9208880B96088B0F5807F0CD1B8F1C7
:10AD5000040F09D1A07A38B927973498289027A9E9
:10AD60003198FFF7D9FE4EE2B8F1050F01D103206B
:10AD700000E0022081463846FAF746FE26904FF45E
:10AD80007F40002100F47C4241EA5211C0F3C4022A
:10AD900011431F91BDF87C201146249100252FA856
:10ADA000FAF7B1FD23902FA8FAF72EFE8346BDF8DF
:10ADB000BC00ADF88400BDF8C000ADF88800BDF857
:10ADC000BE00ADF88600BDF88600ADF88A0021A867
:10ADD0002790208818B96088B0F5807F01D00120C5
:10ADE00000E0002020902E9800287ED12098002896
:10ADF000FBD1B8F1050FF8D1A07A0028F5D1E9F719
:10AE0000B3FC1990FDF724FD1F902FA8FAF7BAFDA7
:10AE10001F99884201D91F9802E02FA8FAF7B2FDC6
:10AE20001E901E99480005F027FA1D901E9805F007
:10AE300023FA1C901C982A9021A82C9002208DF8AF
:10AE4000AC001D982890349EBDF9BE00B7F90210E1
:10AE5000401A2699484300FB0966BDF9BC00B7F9C2
:10AE60000010401A00FB096600201A903BE0B24631
:10AE700000201B9013E09AF802001C99485548B135
:10AE80009AF800109AF8012001EB02218AB21D996C
:10AE900021F815201B98401C1B90CA446D1C1B9860
:10AEA0005845E8DB269800FB096605EB0B011E9868
:10AEB000814206D8BDF88A00401C00B2ADF88A0075
:10AEC0000EE027A93198FFF727FEBDF88A00401C45
:10AED00000B2ADF88600BDF88600ADF88A00002506
:10AEE0001A98401C1A90239900E019E01A98884299
:10AEF000BDDBBDF98600BDF98A10884209D0BDF8D6
:10AF00008A00401E00B2ADF88A0027A93198FFF7E9
:10AF100003FE1C9805F02CFA1D9805F029FA71E142
:10AF2000E9F722FC0290FDF793FC1F902FA8FAF797
:10AF300029FD1F99884201D91F9802E02FA8FAF72E
:10AF400021FD1E901E99480005F096F91D901E984F
:10AF500005F092F906462A9621A82C9002208DF839
:10AF6000AC001D98289000201C904C2109A805F0E9
:10AF70002EFC209828B3208800B2ADF830006088FD
:10AF8000ADF8320034980990269800B2ADF8280048
:10AF90003846FAF7B8FCADF82A008DF83680A0885C
:10AFA000ADF82C00E088ADF82E002089ADF8340013
:10AFB000207D00F001008DF8370009A8E8F730FD8A
:10AFC00015E034981C90BDF9BE00B7F90210411A83
:10AFD000269841431C9801FB09001C90BDF9BC0058
:10AFE000B7F90010411A1C9801FB09001C900020C1
:10AFF00007900890A07AC0F1FF000690A07AB0B147
:10B0000022890292A07A07A9BDF80820D20A4243F9
:10B010000A80BDF80820C2F3451242434A80BDF8B9
:10B02000082002F01F0242438A8000BF00BFB8F12F
:10B03000040F05D1208818B96088B0F5807F01D051
:10B04000022000E001208DF8AC002E9818B13046A7
:10B050001E9905F0F3FBBDF98600B7F90210401AFE
:10B06000039000200490B1E0DDF870A00295BDF9D6
:10B070008400B7F90010401A0190002005904BE0C1
:10B080002098B8B1DDE90303184402B2059B01988A
:10B09000184401B209A8E8F738FA0090009810B9EE
:10B0A0000020705533E009A8807D7055BDF8380048
:10B0B00025901EE0B8F1050F05D19AF802007055F1
:10B0C00000B924E001E0FF2070559AF800009AF8DA
:10B0D000011000EB012080B22590B8F1060F08D1D5
:10B0E000BDF89400BDF89010884202D10020705540
:10B0F0000DE0A07A28B107A8069A2599FCF7E5FE8D
:10B100002590BDF894101D9820F8151000BF0598E3
:10B11000401C05906D1CCA4405985845B0DB2E981C
:10B12000E8B1BDF8BEC0049B63441AB2BDF98410F7
:10B13000029BF0185B46FEF7EFFD0090009840B9C7
:10B1400002997018594605F042FB02208DF8AC00B8
:10B1500004E00098022801D18DF8AC0000BF2699C8
:10B160001C9801FB09001C9005EB0B011E98814205
:10B1700006D2BDF88A00401C00B2ADF88A0022E079
:10B1800027A93198FFF7C8FCBDF88A00401C00B21F
:10B19000ADF88600BDF88600ADF88A000025B8F14C
:10B1A000040F05D1208818B96088B0F5807F01D0E0
:10B1B000022000E001208DF8AC002E9818B1304636
:10B1C0001E9905F03BFB0498401C049023990498B9
:10B1D0008842FFF649AFBDF98600BDF98A10884262
:10B1E00009D0BDF88A00401E00B2ADF88A0027A938
:10B1F0003198FFF791FC304605F0BAF81D9805F03C
:10B20000B7F800BF00BF35B0BDE8F08F70B5064697
:10B210000C4625463821284605F0D9FA0948286108
:10B220000948E8600948A8620948E8610948686176
:10B2300009482862094868620948E8620948686361
:10B2400070BD000051A70108F5B80108FBAA01086C
:10B2500069B20108F3AC010861B3010865B50108E2
:10B2600031B901084BAB01082DE9F04387B0054621
:10B270000E4690461C460023224603A9306801F082
:10B280007AF88146B9F1000F0ED1202C09D34FF680
:10B29000FF00844205D042F20C00844201D000BF7E
:10B2A00000BF07B0BDE8F083BDF8140010B1BDF8D1
:10B2B000120000B9F5E7B8F80000BDF81610084410
:10B2C00000B2ADF808003068008931684989401A39
:10B2D000B8F802100844BDF81410401ABDF8181050
:10B2E000401A00B2ADF80A00BDF90800BDF812100E
:10B2F0000844A968B1F90010884217DBBDF90800BD
:10B30000A968B1F90410884210DCBDF90A00BDF843
:10B3100014100844A968B1F90210884206DBBDF98F
:10B320000A00A968B1F90610884200DDB9E7214694
:10B33000039801F011F8074617B900BF00BFB0E746
:10B340000398007B00F0030008B100BF06E003ABE8
:10B3500002AA314628460097EFF7E0FA00BFA0E7BF
:10B360002DE9F04F93B080460E4614461D46708876
:10B3700010B913B0BDE8F08F307A022800DCF8E78E
:10B38000B4F90000B5F90010884206D1B4F9020002
:10B39000B5F90210884200D1EBE7B4F90010B5F915
:10B3A0000020914202DAB4F9001001E0B5F9001072
:10B3B000B6F9020000EBD072A1EB620109B2ADF860
:10B3C0004410B4F90010B5F90020914202DDB4F93F
:10B3D000001001E0B5F90010B6F9020000EBD072E0
:10B3E00001EB620109B2ADF84810B4F90210B5F9E9
:10B3F0000220914202DAB4F9021001E0B5F902101C
:10B40000B6F9020000EBD072A1EB620109B2ADF80F
:10B410004610B4F90210B5F90220914202DDB4F9E8
:10B42000021001E0B5F90210B6F9020000EBD0728B
:10B4300001EB620109B2ADF84A1011A911A8D8F8C0
:10B440000820E7F701FB8246BAF1000F00D190E730
:10B45000D8F808B011A8C8F80800B4F90200B5F986
:10B460000210884206D12B46224631464046EFF76D
:10B4700033FC12E0B4F90000B5F90010884206D19F
:10B480002B46224631464046EFF740FF05E02B466B
:10B49000224631464046EFF70BFD707AC0F3C000FC
:10B4A00020B9707AC0F38000002857D003A8FFF7B6
:10B4B00011F93088ADF8100047F6FF70ADF80C00B8
:10B4C000307A8DF80F00B6F902004710B07800F01E
:10B4D000010080F00109707AC0F38000E0B120889B
:10B4E000C01B00B2ADF804006088C01B00B2ADF80C
:10B4F000060020883844A0EB090000B2ADF808002F
:10B5000060883844A0EB090000B2ADF80A0001AA37
:10B5100003A94046FFF7C2F8707AC0F3C000E0B15B
:10B520002888C01B00B2ADF804006888C01B00B2B8
:10B53000ADF8060028883844A0EB090000B2ADF849
:10B54000080068883844A0EB090000B2ADF80A0092
:10B5500001AA03A94046FFF7A1F800BFC8F808B048
:10B5600000BF06E72DE9FF4F93B090461E46032E1D
:10B5700002DA17B0BDE8F08FB8F1000F00D1F8E79C
:10B58000B00004F079FE044604B9F2E700201290FE
:10B59000D8F80000206000251EE038F92510681C4E
:10B5A00038F9200081420AD108EB8500B0F9021079
:10B5B000681C08EB8000B0F9020081420AD01298A2
:10B5C00004EB800008EB8501096801601298401CBB
:10B5D00080B21290681C85B2701EA842DDDCB8F9FA
:10B5E000001038F92000814208D1B8F90210701E0D
:10B5F00008EB8000B0F9020081420BD0129804EBF6
:10B600008001701E08EB8000006808601298401CE2
:10B6100080B21290129E032E03DA204604F0A8FE98
:10B62000A7E7B34903C9CDE9100100253DE0BDF905
:10B63000400034F92510884202DABDF9400001E0EB
:10B6400034F92500ADF84000BDF9420004EB850156
:10B65000B1F90210884202DABDF9420003E004EBBE
:10B660008500B0F90200ADF84200BDF9440034F99C
:10B670002510884202DDBDF9440001E034F92500BF
:10B68000ADF84400BDF9460004EB8501B1F90210A4
:10B69000884202DDBDF9460003E004EB8500B0F905
:10B6A0000200ADF84600681C85B2B542BFDB1398B6
:10B6B00010A982680DA8E7F7C7F90F900F9818B97D
:10B6C000204604F055FE54E7139880680C900DA9AD
:10B6D00013988160B4F902000B9000200A900125B4
:10B6E0000FE004EB8500B0F902100B98814206DAF6
:10B6F00004EB8500B0F902000B9028B20A90681C98
:10B7000085B2B542EDDB2C2106FB01F004F0B4FD5F
:10B71000099009980890DDF828A0DDF828A0D34604
:10B7200000200790DDF828A0AAF10107002F00DA19
:10B7300037440A9800F10109701E484501DA4FF0BC
:10B74000000934F827100A9834F82000081A01B2CA
:10B75000069134F829100A9834F82000081A01B22A
:10B76000059104EB870041880A9804EB800040882B
:10B77000081A00B2049004EB890041880A9804EB8F
:10B7800080004088081A00B2039000200290DDE992
:10B79000040100FB01F2069903984843824201DA52
:10B7A0000120029000BF029860B9AAF10107002FA2
:10B7B00000DA37440BF10109701E48450EDA4FF0EC
:10B7C00000090BE00AF10107701EB84200DA0027F9
:10B7D000ABF10109B9F1000F00DAB14404EB8700C5
:10B7E000B0F9020004EB8A01B1F9021088422CDBA7
:10B7F00004EB8700B0F9020004EB8A01B1F90210F2
:10B8000088421ED034F9270034F92A10884218D013
:10B81000012104EB8700B0F90200CDE9000134F901
:10B82000273004EB8A00B0F9022034F92A10089876
:10B83000FEF7BCFBDDE90801FDF7B8FF08982C30E6
:10B8400008900798401C0790BA460798B04200D16C
:10B850003AE004EB8900B0F9020004EB8B01B1F986
:10B86000021088422CDB04EB8900B0F9020004EBE3
:10B870008B01B1F9021088421ED034F9290034F945
:10B880002B10884218D0002104EB8900B0F9020087
:10B89000CDE9000134F9293004EB8B00B0F9022026
:10B8A00034F92B100898FEF781FBDDE90801FDF75C
:10B8B0007DFF08982C3008900798401C0790CB46D5
:10B8C0000798B042FFF46FAF00BF10AADDE9130183
:10B8D000FEF7E4FE0998FEF7B5FE099804F048FD6E
:10B8E000204604F045FD13990C98886000BF40E69F
:10B8F000101C030870B504460D461646324629460C
:10B900002046F2F731FD324629462046ECF700FA90
:10B91000324629462046ECF7F0FB324629462046BF
:10B92000ECF707FD324629462046F1F7CBF870BD0B
:10B93000704770B5044600BF00BF0121204606F0E5
:10B940008EF825464FF6FF7068870121686A05F07A
:10B9500029FB00222021204600F05CFC70BD000085
:10B960002DE9F04180460C462546002045F8240F7D
:10B97000E86018A0A86000206860287E20F0100011
:10B9800010302876287E20F02000203028760020F5
:10B990006882A8824FF6FF70E88200202882287E05
:10B9A00020F00F00083028764FF48061204605F023
:10B9B000F9FA09A1204600F04CFB204606F0AAFE49
:10B9C000074600F047F9286055F824697462BDE81D
:10B9D000F0810000EF81B8004F7074696F6E203104
:10B9E0000A4F7074696F6E20320A4F7074696F6EFF
:10B9F0002033000070B5044600BF00BF2146044854
:10BA000005F03DFF0546284605F0AEFF284670BD0F
:10BA1000A4D4040870B506460D462C46606A20B1D1
:10BA2000606A06F0B1F80020606294F83C00C0F350
:10BA3000001020B9206B04F0B3FC0020206370BD1F
:10BA40002DE9F84F89464946584806F0D1FC804612
:10BA5000B8F1010F01D0BDE8F88F484600F073FB44
:10BA60000546484600F0D0FB07463C460E2D1BD14C
:10BA7000384606F0EDFD8346584601F0D3F90646F8
:10BA800002F082FC009002F0D4FC8246BAF1040F6E
:10BA900009D11EB1384600F033F904E0208FE0866A
:10BAA0003846FFF746FF7FE00F2D01D0102D03D160
:10BAB0003846FFF73EFF77E0082D07D13846EAF712
:10BAC00001FC8046B8F1010F6ED0C4E72A2D03D1E6
:10BAD000384609F008FD67E0292D03D1384609F002
:10BAE00002FD61E02C2D0DD1484600F08AFB064690
:10BAF0000021384608F0F7F98246504600F0E8FC8D
:10BB0000708051E00D2D4AD1484600F07AFB06784E
:10BB1000132E01D0122E13D1384600F08EF818B92A
:10BB2000384600F0EDF839E0E08E401CA18E8842E6
:10BB300034DAE08E401CE086384610F097F82DE0AD
:10BB4000142E01D0112E11D1384600F076F818B914
:10BB5000384600F0D5F821E0E08E00281EDDE08EAA
:10BB6000401EE086384610F081F817E01B2E05D104
:10BB7000208FE0863846FFF7DCFE0FE00A2E0DD15D
:10BB800002F016FC8246BA4507D03846EAF79AFB1F
:10BB90008046B8F1010F00D05DE700BF04E0152D2D
:10BBA00002D14846EFF7F6FE00BF54E7A4D40408DC
:10BBB000014600BF00BF0A46D08E70472DE9F05FF6
:10BBC00081460F46924600BF00BF4D464FF0000B26
:10BBD000286B20B1286BE4F774FB804603E000205B
:10BBE0003870BDE8F09F002406E0286B005D0A284D
:10BBF00001D10BF1010B641C444502D2288F58453A
:10BC0000F3D100260EE0BAF1000F06D0AAF1010030
:10BC1000B04202D800BF00BF0AE0286B005DB855F3
:10BC2000761C641C444503D2286B005D0A28EAD1C7
:10BC300000BF0020B85500BFD3E770B5044600BF71
:10BC400000BF25460121686A08F004FB80F001006E
:10BC500070BD000070B5044600BF00BF2146044817
:10BC600005F00DFE0546284605F07EFE284670BD0F
:10BC7000C0D404082DE9F05F83468846404600F0B2
:10BC800062FA0446182C08D041461C4806F0B0FB66
:10BC90000546012D01D0BDE8F09F404600F0B4FA02
:10BCA0000646D6F824904F46082C09D102F06CFBCA
:10BCB000824602F0AEFBF8B93046F8F7D9FE1BE039
:10BCC000012C03D13046F8F7AEFE15E0092C06D161
:10BCD0004FF6FF707887304608F059FE0CE0182CBC
:10BCE0000AD14046EFF7ECFB4146044806F080FBE2
:10BCF0000546012D00D0CEE700BFCCE7C0D4040834
:10BD00002DE9F04F87B0054600BF00BF2C4601214A
:10BD1000284605F084F9284606F0FCFC834659467F
:10BD2000606A09F0C1FF4FF0FF31606A08F0EEFF72
:10BD30000121606A05F052FE00221F21284600F012
:10BD400069FA2846F5F7FBFF0690216B069803F089
:10BD5000DCFF42F2D171606A0AF0E2FA06980AF05A
:10BD600031FB606A08F019FA8346284608F015FA94
:10BD7000834513DC94F83C0000F00F00042805D044
:10BD800094F83C0000F00F00082807D1284608F07E
:10BD900004FA83465946606A0AF0C2FA069806F029
:10BDA00061FC05900021606A07F0C8FB8146002114
:10BDB000606A07F08AFF484401B204910020D4F879
:10BDC00024B0029041F611025846029907F0BEFFD6
:10BDD00001900198484400B20390DDE90410014449
:10BDE000039808440FFA80F8464694F83C0000F0A7
:10BDF0000F0794F83C0000F00F00082824D1FCF74E
:10BE00000FFD8346FCF78AFDB5F91A1031448842CC
:10BE10003CDAFCF705FD8346FCF780FDB5F91A1006
:10BE2000411AB5F91600814204DA0427E88A401E57
:10BE300006B22BE0FCF7F4FC8346FCF76FFD698B40
:10BE4000401A401E06B221E094F83C0000F00F00BA
:10BE500004281BD1B5F91600801B17D5FCF7E0FCB0
:10BE60008346FCF75BFDB5F91A10411AB5F91600C7
:10BE7000814209DD0827FCF7D3FC8346FCF74EFD21
:10BE8000698B401A06B201E0B5F91660464500DD3F
:10BE900046463146606A09F0CAFE28460FF0E6FEC3
:10BEA000082F08D10020009000230D222946606A47
:10BEB00005F038F91FE0042F08D10020009000237E
:10BEC0000A222946606A05F02DF914E0012F08D1F5
:10BED00000200090002310222946606A05F022F914
:10BEE00009E0022F07D100200090002313222946E9
:10BEF000606A05F017F9606A0AF064FA94F83C0089
:10BF000000F00F00012805D094F83C0000F00F006D
:10BF100002281FD1606A08F06CF90290606A08F08C
:10BF20008BF98346FCF77CFC0190FCF7F7FC584545
:10BF30000FDCFCF775FC0090FCF7F0FCABEB0001AC
:10BF40000298401A401E00B20190606A01990AF0FE
:10BF500019FA00BF0021226B069805F061FC8246A9
:10BF60005046BAF1010F04D0022810D0032807D0A0
:10BF700000BF00231A460121069805F0C1F80DE024
:10BF800000231A460321069805F0BAF806E00023BC
:10BF90001A460921069805F0B3F800BF00BF07B0A4
:10BFA000BDE8F08F2DE9F04107460D4600BF00BF08
:10BFB00000BF1DB900BF00BF00BFFEE700BF3C4689
:10BFC0000020A086002606E0A85D0A2802D1A08EE7
:10BFD000401CA086761CA85D0028F5D1A08E401CD0
:10BFE000A0860020E08620872846E4F76AF900F161
:10BFF0000108206B48B194F83C00C0F3001020B950
:10C00000206B04F0CDF900202063404604F0FAF8DC
:10C01000206300BF206B18B900BF00BF00BFFEE760
:10C0200000BF206B08B9BDE8F0812946206BE4F71A
:10C030006AF994F83C0020F0100084F83C0038467F
:10C0400008F0A5FC606A10B1606A08F0A0FC00BFAF
:10C05000E9E72DE9F04107460D4600BF00BF00BFEC
:10C060001DB900BF00BF00BFFEE700BF3C46002077
:10C07000A086002606E0A85D0A2802D1A08E401CFA
:10C08000A086761CA85D0028F5D1A08E401CA08655
:10C090000020E086208794F83C00C0F3001030B9FF
:10C0A000206B20B1206B04F07BF90020206394F812
:10C0B0003C0020F01000103084F83C002563384626
:10C0C00008F065FC606A10B1606A08F060FCBDE8C9
:10C0D000F08170B506460D4600BF00BF3446E08EC5
:10C0E000A84200D170BDA08EA84201DD284601E023
:10C0F000A08E401EE086E08E2087304608F047FC88
:10C1000000BFEFE770B505460C464FF4806120464E
:10C1100005F064FC0421204605F060FC4FF400317A
:10C12000204604F03FFF0121204604F03BFF20465B
:10C1300002F03CFD70BD30B504460B46586A02461D
:10C140000025556230BD0146087A20F08000704716
:10C1500001464868704700B50246107A15280ED08F
:10C16000107A14280BD0107A162808D0107A1828C4
:10C1700005D0107A172802D0107A192803D110465A
:10C1800000F03FF800BD00BF00BF0020FAE700B597
:10C190000246107A01282CD0107A022829D0107A71
:10C1A000032826D0107A042823D0107A052820D01E
:10C1B000107A06281DD0107A07281AD0107A08287D
:10C1C00017D0107A092814D0107A0A2811D0107AC2
:10C1D0000B280ED0107A0C280BD0107A0D2808D01E
:10C1E000107A0E2805D0107A0F2802D0107A102865
:10C1F00003D1104600F005F800BD00BF00BF0020CD
:10C20000FAE7014608697047014608687047014629
:10C21000C8687047F0B587B004460D46164614B995
:10C22000012007B0F0BD00BF00BF009401948DF85D
:10C2300008500020039004969DF8180020F001009B
:10C240008DF818009DF8180020F004008DF81800F3
:10C250009DF8180020F002008DF8180007480068CB
:10C2600005900649C1F800D06846F3F782FE0746FC
:10C270000249059808603846D3E700009400002082
:10C2800010B503460C46187A13280DD11846FFF74F
:10C29000B8FF0246B2F90000A04202DDB2F9000088
:10C2A00000E02046108001E000BF00BF10BD10B5C7
:10C2B00000F006F800F08EFC00F05AF910BD000006
:10C2C00010B500210D4803F03FFD0D4908600CF04A
:10C2D000DDF80C4908800CF0D9F840F480500A4988
:10C2E00008800CF0D3F840F48050084908800CF026
:10C2F000CDF840F480500649088010BD6D0E01084D
:10C30000F0000020F4000020F6000020F8000020DB
:10C31000FA0000202DE9F04106460F46092F00D112
:10C320002027346939463046F5F72CFA054615B909
:10C330000020BDE8F081606800EBC508608A800BD2
:10C3400030B92068D8F80010C1F313010844F0E7B1
:10C3500000BF00BF0020ECE770B504460D4600BFEB
:10C360001CB900BF00BF00BFFEE700BF2946204642
:10C370006268904770BD2DE9F04706460D4690462D
:10C38000994600BF1EB900BF00BF00BFFEE700BF57
:10C3900000BF1DB900BF00BF00BFFEE700BF002007
:10C3A0002860344600270FE04B4642462946204687
:10C3B000D4F800C0E04707462FB1A87BC0F30010B7
:10C3C00008B92C6002E06469002CEDD100BF38464A
:10C3D000BDE8F0872DE9FF4F83B00C4691464FF042
:10C3E000000AB9F1090F03D14FF020094FF0010AFB
:10C3F0000398066949460398F5F7C4F907461FB93B
:10C40000002007B0BDE8F08F4FF0000BF06868B176
:10C4100006990398F5F7B6F90190019828B13946C5
:10C42000019A0398F5F73AFB834600BF706800EB6A
:10C43000C705308A00FB0BF00011029028684FEA14
:10C440001058BAF1000F01D04FEA48080298804412
:10C4500008F108004FEA1018A4F8048068792081D8
:10C460002879E08095F90600608195F90700A081A0
:10C47000708A400AA17B60F30301A173A07B20F0C6
:10C480001000A073BAF1000F05D0E0884FF6FF71DD
:10C4900001EA4000E0800120B3E72DE9FF410546B5
:10C4A0000E46174600BF1DB900BF00BF00BFFEE724
:10C4B00000BF3B46324669462846FFF75CFF04460C
:10C4C00024B1BDF8040004B0BDE8F0810020FAE713
:10C4D0000146B1F9080070470146B1F908007047FC
:10C4E0000146B1F9080070470146B1F908007047EC
:10C4F00070B50446606808B90B2070BD6068C068FC
:10C5000008B90920F9E7D4E90010C2689047054648
:10C510006068408858B1A06848B1A068C06818B188
:10C52000A168C86803F03CFFA06803F039FF002051
:10C5300020606060A0602846DFE710B50446302127
:10C54000204604F044F910BD70B505460748E7F7EA
:10C5500005FE044600BF1CB900BF00BF00BFFEE7D8
:10C5600000BF04B970BD256000BFFBE76445002033
:10C5700010B5F4F71DFF0F48FFF7DFFF30200D491E
:10C580000870002048800C4888600C48C8600C483F
:10C5900008610C4848610C4888610C48C8610C4827
:10C5A00088620C4808620C4848620846FFF7CCFFD6
:10C5B00010BD0000C4440020B31301089913010802
:10C5C000B9130108D1130108C3130108CB130108E3
:10C5D0009F130108A5130108AB13010870B50546A8
:10C5E0000948E7F788FD04460AE020680078A84279
:10C5F00001D1206870BD21460348E7F794FD044649
:10C60000002CF2D10020F5E76445002070B5054606
:10C610002846E3F756FE04460EE0285D2E2802D198
:10C62000601C284470BD285D2F2802D0285D5C283E
:10C6300001D103A0F6E7641E002CEED100A0F1E7C3
:10C6400000000000401C01783A2900D1401C7047CE
:10C650002DE9F04705460F46914627B900BF00BFB8
:10C660000B20BDE8F08797F800804046FFF7B6FF43
:10C6700004461CB900BF00BF0320F2E7606838B170
:10C6800020466168884718B900BF00BF0120E8E76D
:10C69000A06818B900BF00BF0920E2E73846FFF7DD
:10C6A000D1FF82464A4651462046A368984706462F
:10C6B0000EB1701C08B90C20D3E76C602E60608846
:10C6C00078B1102003F09EFDA86000BFA86818B9DB
:10C6D00000BF00BF00BFFEE700BF1021A86804F044
:10C6E00076F80020BDE72DE9FC4104460F46904650
:10C6F0001D460DB100202860606810B90B20BDE810
:10C70000FC816068006908B90920F8E70020019001
:10C710006068408838B101AB42463946204600F097
:10C7200011F8064609E001A80090D4E9001043463C
:10C730003A46D0F810C0E04706460DB1019828608F
:10C740003046DCE72DE9F04F87B004460F4615462A
:10C750009A4600200690A068D0F808B0A06800684B
:10C760000590A06840680490A068D0F80C806068CC
:10C77000B0F80290059858454AD80498834547D2A6
:10C780000598ABEB000080B203900398A9EB000082
:10C7900086B2B54207D8039808EB00012A4638460E
:10C7A00003F087FE33E0039808EB00013246384679
:10C7B00003F07FFE4D450AD9AB1BBA19CDF800A096
:10C7C000D4E90010D0F810C0E04706901FE0002028
:10C7D000029002A80090D4E900104B464246D0F8DF
:10C7E00010C0E0470690A0684068401CA16808603F
:10C7F000A068006802990844A1684860A81B80B23C
:10C800000190B8194146019AE3F72BFD00BF39E0CA
:10C810004D4509D9CDF800A0D4E900102B463A4681
:10C820000669B04706902DE0B8F1000F10D14846D8
:10C8300003F0E8FCA168C86000BFA068C06818B930
:10C8400000BF00BF00BFFEE700BFA068D0F80C80AB
:10C850000020039003A80090D4E900104B46424604
:10C860000669B0470690A068C0F800B0A0680068EC
:10C8700003990844A16848602A4641463846E3F7D0
:10C88000F0FC00BF069830B9CAF80050A068806874
:10C890002844A1688860069807B0BDE8F08FF8B515
:10C8A00004460D461746606808B90B20F8BD60685D
:10C8B000806908B90920F9E70026606840880028E7
:10C8C0004ED027B1012F1AD0022F48D132E0A068F4
:10C8D0008560A0688068A1680968884205D3A0685F
:10C8E0008068A1684968884208D9A3689A68D4E931
:10C8F00000100023D0F818C0E04706462FE0A068DB
:10C9000080682844A1688860A0688068A168096878
:10C91000884205D3A0688068A1684968884208D920
:10C92000A3689A68D4E900100023D0F818C0E04743
:10C93000064614E0D4E900103B462A46D0F818C059
:10C94000E047064656B9D4E900106A46C3699847DD
:10C95000064616B90098A168886000BF00BF07E0CE
:10C96000D4E900103B462A46D0F818C0E0470646F6
:10C9700030469BE72DE9F04F87B004460E46174638
:10C98000A07870434FEA202A574507DC208806909C
:10C99000BDF81810084607B0BDE8F08F207A401E99
:10C9A00004EB8000807870434FEA202B5F4509DB61
:10C9B000207A401E04EB800000880690BDF8181015
:10C9C0000846E8E70020039001252AE004EB8500F3
:10C9D0008078704300120190019887421FDC681E26
:10C9E00004EB800000880090FBF7AEFA059004EBA2
:10C9F000850000880090FBF7A7FA0490681E04EBFE
:10CA00008000807870434FEA202A04EB850080780C
:10CA100070434FEA202BABEB0A00039004E0681C44
:10CA2000C5B2207AA842D1DC00BFA7EB0A0007B24A
:10CA3000C7EB0721039891FBF0F000F0FF08C8F165
:10CA4000FF099DF8100000FB08F09DF8141001FB91
:10CA5000090000EBC01101EBC030800EBDF80810DA
:10CA600060F3040102919DF8110000FB08F09DF8AD
:10CA7000151001FB090000EBC01101EBC030400EA6
:10CA8000BDF8081060F34A1102919DF8120000FBF6
:10CA900008F09DF8161001FB090000EBC01101EB36
:10CAA000C030800EBDF8081060F3CF210291BDF8B0
:10CAB000081008466FE710B504466068C00F10B153
:10CAC000204603F06DFC10BD2DE9FE4305460E46E1
:10CAD0001746687A00F0070010B90020BDE8FE8311
:10CAE0002848007828B9002000F050F80120254996
:10CAF0000870687A00F00700022801D1304600E093
:10CB000038468046324641462846EAF704FE0290FF
:10CB10000020019001AA02A91B48F7F78BFC01280D
:10CB20000AD101984068401C0199496860F31D01D1
:10CB3000019841600198D1E73A4631462846E8F726
:10CB4000F5FE0190019818B900BF00BF0198C5E734
:10CB5000002410E00198B0F90E1022462846FFF795
:10CB600009FF00900198806800EB4400BDF80010B8
:10CB70000180601C04B20198B0F90E00A042E9DC0B
:10CB80000198ABE7CC000020EF06010810B5044681
:10CB90000D48006803F004FC204603F033FB0A490B
:10CBA00008600A49086000BF0748006818B900BF5C
:10CBB00000BF00BFFEE700BF21460348006803F046
:10CBC00006FE0348046010BD1C020020C8000020BF
:10CBD000C400002010B50021204803F0B5F820491A
:10CBE00008600BF053FC40F480501E4908800BF0A5
:10CBF0004DFC40F480501C4908800BF047FC40F489
:10CC000080501A4908800BF041FC40F480501849CC
:10CC100008800BF03BFC40F48050164908800BF074
:10CC200035FC40F48050144908800BF02FFC40F490
:10CC30008050124908800BF029FC40F480501049C4
:10CC400008800BF023FC40F480500E4908800BF064
:10CC50001DFC40F480500C49088010BDFF270108DE
:10CC6000D8000020DC000020E0000020DE000020D2
:10CC7000E2000020EC000020EA000020E600002096
:10CC8000E4000020E8000020EE0000202DE9F04143
:10CC900007460C460FB9BDE8F08100BF00BF38461B
:10CCA000E7F729FA06460AE03068A04202D100BF41
:10CCB00000BFF0E731463846E7F735FA0646002E62
:10CCC000F2D1204605F0C4FC8046B8F1000F0DD02B
:10CCD000A068806850B1A0688068C0680068A04201
:10CCE00004D1404600F0B7F800BF00BFA06810B9FB
:10CCF000204604F051FCA06887603846E7F74EFAFA
:10CD0000054600BF1DB900BF00BF00BFFEE700BF62
:10CD100005B9C0E72C603846E7F7EDF9A84202D123
:10CD2000384600F098F800BF00BF00BFB3E700002E
:10CD300010B50446024A03492046F4F765FA10BDCF
:10CD400027410008F74000082DE9F04106460EB9DA
:10CD5000BDE8F081304605F07BFC044604B9F7E7F6
:10CD6000207E00F0010000B1F2E70021204600F033
:10CD7000FCF82046E7F7BFF905463CE02868B042DA
:10CD800034D1E068B0B1E0680068B04212D020460B
:10CD9000F4F705FE8046E168424608680F21FFF778
:10CDA00039FA0746012F00D0D2E7E168086807F09A
:10CDB000EEFD00BFE560E068B8B1206910B1204623
:10CDC000216988472046F4F7EAFD8046E16842463B
:10CDD00008680E21FFF71EFA0746012F00D0B7E7BB
:10CDE000E168086807F0D3FD00BF06E02946204649
:10CDF000E7F799F90546002DC0D100BF00BFA7E7AE
:10CE000010B50446024A03492046F4F7FDF910BD67
:10CE100035410008414100080148006870470000A2
:10CE20009C000020014609B900207047087EC0F32D
:10CE30004000FAE7014609B900207047C86808B900
:10CE40000020FAE7C8680068F7E710B504462046F6
:10CE5000E7F757F910BD70B50446207EC0F3C00552
:10CE6000207E20F0080008302076207EC0F380006D
:10CE700018B92046FFF75CFF06E0207EC0F3800073
:10CE800010B12046FFF7BCFF207E65F3C30020767B
:10CE900070BD2DE9F0410546284605F0D9FB044652
:10CEA0000CB9BDE8F08100BF00BFE06808B3E068DE
:10CEB0000068A84221D1207E00F0010018B1207E38
:10CEC00020F0010020762046E7F715F9E168884256
:10CED00010D12046E7F734F9E16888420AD12046AC
:10CEE000F4F75DFD0746E1683A4608680F21FFF751
:10CEF00091F902E02046FFF7AEFFE06828B1E06854
:10CF00000068A84201D10020E0602046E7F7F3F86E
:10CF1000064614E03068A8420CD131462046E7F7B7
:10CF200069F9304603F03CFAA86810B10020A968FE
:10CF3000886006E031462046E7F7F5F80646002E01
:10CF4000E8D100BF00BF00BF00BFAAE773B5054628
:10CF50002846FFF76FFF04460CB901207CBD01AAEB
:10CF60000D212046FFF756F9F8E72DE9F047044672
:10CF70000D460CB9BDE8F0872E46207EC0F3400078
:10CF80003546A84200D1F5E7207E66F341002076C1
:10CF90002046FFF74FFF074697B12046F4F7FFFC06
:10CFA0008146E1684A4608680E21FFF733F980465A
:10CFB000B8F1010F00D0DDE7384607F0E8FC00BF0C
:10CFC00000BFD7E72DE9FF4303469C68187800F0BF
:10CFD0001F0005280DD11868C0F38A20504300EBCC
:10CFE000400001EB41068519A81C205C04B0BDE897
:10CFF000F083187800F01F000B281BD101F0070503
:10D00000C9101868C0F38A20C01DC01000FB0216AA
:10D01000A05DC5F107084FF0010C0CFA08FC00EA0E
:10D020000C00C5F1070C40FA0CF70FB10020DDE74A
:10D03000FF20DBE7187800F01F000C281CD12CA083
:10D04000006803908807450F89101868C0F38A208C
:10D05000C01C801000FB0216A05DC5F106084FF051
:10D06000030C0CFA08FC00EA0C00C5F1060C40FAAF
:10D070000CF703A8C05DB9E7187800F01F000D2871
:10D0800026D10FF27009D9E901C8D9F80000D9F802
:10D090000C90CDE901C8CDF80C900090C807450F61
:10D0A00049101868C0F38A20401C401000FB02168B
:10D0B000A05DC5F104084FF00F0C0CFA08FC00EA63
:10D0C0000C00C5F1040C40FA0CF71DF807008DE7C1
:10D0D000187800F01F000E2806D11868C0F38A20C7
:10D0E00000FB0215605D81E700BFFF207EE70000C6
:10D0F0000055AAFF00112233445566778899AABBD0
:10D10000CCDDEEFF2DE9FF4383B004460D46174604
:10D1100000BF0020014602464FEAD20CBDF80030A5
:10D120006CF304034FEA910C0093BDF800306CF3EC
:10D130004A134FEAD00C0093BDF800306CF3CF23B4
:10D140000093BDF800C063460193BDF80410084683
:10D150000290A668207800F01F00042809D02078EB
:10D1600000F01F00062804D0207800F01F000528DA
:10D1700015D1217801F01F0000F090F84FEAE00887
:10D180002068C0F38A20784300FB08F005FB0809FB
:10D1900006EB0901022202A803F0C7FA78E0207822
:10D1A00000F01F00072816D1083605F00700ED1023
:10D1B0002268C2F38A22D21DD21002FB0751725C90
:10D1C000C0F1070C012303FA0CF31A40C0F1070366
:10D1D0001A4102925CE0207800F01F00082816D166
:10D1E0001036AA07500FAD102268C2F38A22D21C53
:10D1F000921002FB0751725CC0F1060C032303FA84
:10D200000CF31A40C0F106031A41029240E0207864
:10D2100000F01F00092816D14036EA07500F6D10A4
:10D220002268C2F38A22521C521002FB0751725C20
:10D23000C0F1040C0F2303FA0CF31A40C0F10403ED
:10D240001A41029224E0207800F01F000A2809D138
:10D2500006F580662168C1F38A2101FB0750315C25
:10D26000029115E0207800F01F000B280ED02078E6
:10D2700000F01F000C2809D0207800F01F000D28B6
:10D2800004D0207800F01F000E2801D106980290EB
:10D29000BDF80810084607B0BDE8F083014600203D
:10D2A0000F291DD2DFE801F008091C1C0B0E0C1021
:10D2B0001316191114171A0000BF002012E000BF46
:10D2C00010200FE018200DE000BF01200AE000BF91
:10D2D000022007E000BF042004E000BF082001E0B6
:10D2E000002000BF00BF7047014600208A1E0D2AA3
:10D2F00013D2DFE802F00812120712090A0B0C0D14
:10D300000E0F100000BF00BF00BF00BF00BF00BF76
:10D3100000BF00BF00BF012001E0002000BF00BF30
:10D32000704701460020032902D0062902D100BF20
:10D33000012001E0002000BF00BF704770B5064625
:10D340000C462546002045F8240F287D20F00300D8
:10D35000C01C2875287D20F07C002875204606F02A
:10D360001CFF2881204605F07DF968810020A881F6
:10D370004FF480706882287D20F08000803028750E
:10D380000020A880243D002169856886A98685F84B
:10D3900039000221204604F021FB4FF48031204661
:10D3A00003F000FE70BD000070B5044600BF00BF72
:10D3B0002146044804F063FA0546284604F0D4FAEE
:10D3C000284670BDDCD4040870B506460D466C6A6C
:10D3D000A4B1287C012802D12046FFF789F8E06833
:10D3E00010B1E06802F0DCFF206910B1206902F0A2
:10D3F000D7FF204602F0D4FF0020686270BD000015
:10D400002DE9FF4781460D461446284600F05AFF95
:10D410000746E7B9287800F01F01042901DB0E292F
:10D4200003DD002004B0BDE8F0872868820A206888
:10D4300062F3942020602868420D206862F35F50F8
:10D4400020602878226860F30402226049E0012FFE
:10D4500030D12846FFF7DAF8804623A1E2F738FFFB
:10D4600008B10020DEE70222294601A8FFF7F0F804
:10D47000064696B96B460422214601A8FFF733F908
:10D48000064601A8FFF734F816B90098042803D01F
:10D4900000BF00BF0020C5E700BF207800F01F00DC
:10D4A000042804DB207800F01F000E2801DD002096
:10D4B000B8E716E0022F10D10121206861F3942013
:10D4C00020602068C0F3140000F500102060206880
:10D4D00020F01F000B30206003E000BF00BF0020E1
:10D4E000A0E701209EE7000062696E002DE9FF4F72
:10D4F0008DB004460D4691466BA000680C906BA061
:10D5000000680B906AA30FCB07AE0FC62089069068
:10D51000002610E0BDF81800C1B206EB46021A98CA
:10D520008154BDF81800020A06EB4600401C1A9907
:10D530000A54701C06B210988642EBDB002005905E
:10D54000217D01F01F00FFF7A9FE8246012101FAAB
:10D550000AF0401E80B2049000274FF0000800201F
:10D560000390207D00F01F000B2806D00C2816D059
:10D570000D2827D00E2841D137E06069C0F38A20FA
:10D58000C01DC71007FB09F000EBE500804405F063
:10D590000700C0F1070003900CA805902EE0606919
:10D5A000C0F38A20C01C871007FB09F000EBA50020
:10D5B000804405F003000621A1EB400003900BA876
:10D5C00005901BE06069C0F38A20401C471007FBF0
:10D5D00009F000EB6500804405F001000421A1EB97
:10D5E0008000039007A8059008E06069C0F38A27CF
:10D5F00007FB095080440020039000BF00BF606A11
:10D600000290384602F038FE8346BBF1000F03D18A
:10D61000002011B0BDE8F08F00200190207C20B9DF
:10D6200060688168414401910DE0002208F1040125
:10D630000298FFF734F900233A4659460298FFF75B
:10D6400052F8CDF804B0002625E001990978039A34
:10D650001141049A01EA0200217D01F01F010E2907
:10D6600001D1024601E005990A5C06EB4601891CDE
:10D670001A9B5A540399A1EB0A0149B203910399E9
:10D68000002906DACAF1080149B203910199491C3F
:10D690000191701C06B210988642D6DB584602F003
:10D6A00067FE0120B5E7000000FF00000055AAFF5B
:10D6B00000112233445566778899AABBCCDDEEFF72
:10D6C0002DE9FF4F85B004460E469146217D01F0BD
:10D6D0001F00FFF7E3FD04900121049801FA00F018
:10D6E000401E80B203900027002002900025207D7C
:10D6F00000F01F00072806D0082815D0092825D0DB
:10D700000A2840D134E06069C0F38A20C01DC710E8
:10D7100007FB09F000EBE6000544083506F00700BA
:10D72000C0F1070002902EE06069C0F38A20C01C9F
:10D73000871007FB09F000EBA6000544103506F042
:10D7400003000621A1EB400002901CE06069C0F3D9
:10D750008A20401C471007FB09F000EB66000544D7
:10D76000403506F001000421A1EB800002900AE0A0
:10D770006069C0F38A2707FB0960054405F58065E9
:10D780000020029000BF00BFD4F824B0384602F059
:10D7900073FD8246BAF1000F03D1002009B0BDE845
:10D7A000F08F00200190207C20B9606881682944B6
:10D7B00001910CE00022291D5846FFF770F8002364
:10D7C0003A4651465846FEF78EFFCDF804A04FF07A
:10D7D000000837E001990978029A1141039A01EA99
:10D7E0000200DBF80C1001EB400109880091BDF844
:10D7F0000010CAB208EB48031299CA54BDF80010D1
:10D800000B0A08EB4801491C129A5354DBF810101C
:10D810000B5C08EB4801891C129A5354049A029934
:10D82000891A49B202910299002907DA0499C1F1D3
:10D83000080149B202910199491C019108F10100C6
:10D840000FFA80F808988045C4DB504602F090FD3E
:10D850000120A3E72DE9FC5F04460E4617469846D3
:10D86000606A0190217D01F01F00FFF717FD8246DD
:10D870006069C0F38A2007FB006000FB0AF04FEAF2
:10D88000E00B0BF1040B002259460198FFF707F853
:10D890008146B9F1000F04D000BF00BF0020BDE8F1
:10D8A000FC9F4FEAEA0000FB08F5002000906B4661
:10D8B0002A460C990198FEF716FF8146B9F1000F30
:10D8C00002D10098854203D000BF00BF0020E6E7E8
:10D8D0000120E4E72DE9FE4F82460C46207C01281A
:10D8E00043D16068FEF792FE804680A1E2F7F0FC2B
:10D8F00010B10020BDE8FE8F022268466168FEF785
:10D90000A7FE06461EB100BF00BF0020F2E7606A16
:10D91000C0B9142002F076FC606200BF606A18B9DA
:10D9200000BF00BF00BFFEE700BF606A30B900BFA4
:10D9300000BF6846FEF7DCFD0020DBE71421606ACB
:10D9400002F045FF676A38466A460C210346944652
:10D9500007E09CF8008083F800805B1C0CF1010C50
:10D96000491E0029F5D100BF06E0207C20B960687F
:10D97000806808B90020BDE7207D00F01F05042D58
:10D9800003D0052D01D0062D08D1207C20B9606878
:10D990008068A0610120ADE70120ABE7072D05D02D
:10D9A000082D03D0092D01D00A2D70D12846FFF78C
:10D9B00075FC8346012000FA0BF8606AA8B91420B0
:10D9C00002F020FC606200BF606A18B900BF00BFAF
:10D9D00000BFFEE700BF606A18B900BF00BF0020AB
:10D9E00088E71421606A02F0F2FE666A4FEA480096
:10D9F00002F008FCF06000BFF06818B900BF00BF7B
:10DA000000BFFEE700BF404602F0FCFB306100BFF4
:10DA1000306918B900BF00BF00BFFEE700BFF06863
:10DA200008B1306938B900BF00BF21465046FFF742
:10DA3000CBFC00205EE7207C012823D100220421BA
:10DA40003046FEF72CFF002719E00023042202A92C
:10DA50003046FEF748FE9DF808209DF809109DF815
:10DA60000A00FAF7D1F80190F06800EB4700BDF822
:10DA7000041001809DF80B003169C8557F1C474593
:10DA8000E3D31FE06068D0F80890002717E01BE0A0
:10DA900019F8272009EB8703597809EB8703987851
:10DAA000FAF7B2F80290F06800EB4700BDF80810F2
:10DAB000018009EB8700C0783169C8557F1C474554
:10DAC000E6D300BF012015E70B2D05D00C2D03D0A8
:10DAD0000D2D01D00E2D01D101200BE7214650461E
:10DAE000FFF772FC00BF00BF002003E762696E0011
:10DAF0002DE9F84F82460C4616461F46DDE90A8599
:10DB00004FF00009207D00F01F00042809D0207D7F
:10DB100000F01F00052804D0207D00F01F0006281B
:10DB20000BD1207C012847D143463A463146204656
:10DB30000095FFF78FFE81463EE0207D00F01F003C
:10DB40000B280ED0207D00F01F000C2809D0207D6E
:10DB500000F01F000D2804D0207D00F01F000E28CB
:10DB600008D143463A46314620460095FFF7BEFCB1
:10DB7000814621E0207D00F01F0007280ED0207D87
:10DB800000F01F00082809D0207D00F01F000928A0
:10DB900004D0207D00F01F000A2808D143463A46F1
:10DBA000314620460095FFF78BFD814604E000BF1B
:10DBB00000BF0020BDE8F88F4846FBE710B50446DB
:10DBC000206870B12068C06818B120682146C2681A
:10DBD0009047207C012804D1606802F0E1FB00201E
:10DBE000606010BD10B50A48E6F7B8FA044600BFF9
:10DBF0001CB900BF00BF00BFFEE700BF0CB900208A
:10DC000010BD1421204602F0E2FD2046F8E7000096
:10DC1000884500202DE9F04105460E460421304696
:10DC200002F0D5FD15B90020BDE8F081284600F0CE
:10DC300049FB07462FB92946886808B90020F3E751
:10DC400000BF4FF000080D48E6F755FA044610E013
:10DC5000206848B1324629462046236898478046C6
:10DC6000B8F1010F00D106E021460448E6F75BFA5F
:10DC70000446002CECD100BF4046D5E78845002083
:10DC80002DE9FF4704460E4699462821204602F01A
:10DC90009EFD1EB9002004B0BDE8F087304600F0BC
:10DCA00011FB07462FB93146886808B90020F2E712
:10DCB00000BFBDF8080020812774C4F80C90207CB8
:10DCC00001281BD13046E2F7FCFA82460AF1010036
:10DCD00002F098FA606000BF606818B900BF00BF2A
:10DCE00000BFFEE700BF606818B900BF00BF00209A
:10DCF000D1E731466068E2F706FB00E066604FF06E
:10DD000000081D48E6F7F7F905462AE0286808B13B
:10DD1000686800B920E004F11402314628462B68F7
:10DD200098478046B8F1010F00D015E025602146E4
:10DD300028466A6890478046B8F1010F01D14046F5
:10DD4000A9E7042104F1140002F041FD0020206243
:10DD5000A0616062E06100BF29460748E6F7E3F989
:10DD60000546002DD2D1207C012802D1606802F046
:10DD700017FB40468FE70000884500202DE9FC474F
:10DD800004460D4616461F46DDF828804FF0000970
:10DD90002068806848B1CDE90078206833462A467B
:10DDA0002146D0F808C0E04781464846BDE8FC87D8
:10DDB000C160704701607047416070478160704783
:10DDC00070B506460D462C4694F8380000F0030066
:10DDD000012805D094F8380000F0030002280BD188
:10DDE000606A02F0DDFA0020606294F8380020F0EA
:10DDF0000300C01C84F8380070BD00002DE9F34F0B
:10DE000085B00698FEF79FF90646152E0CD0182E01
:10DE10000AD0A248069904F0EBFA0546012D02D07B
:10DE200007B0BDE8F08F00BF0698FEF7EDF9804619
:10DE300044462A2E0ED194F8380000F00300022840
:10DE400004D14046616A00F058F925E1404607F0E8
:10DE50001BFB21E1132E7AD10698FEF7D2F9054675
:10DE60000021404606F031F98146E08E00FB09F0C2
:10DE700000120FFA80F90021404606F0E5F88246CC
:10DE8000208E50440FFA80FABAF1000F02D1B9F592
:10DE9000807F5BD0404606F080F98346404604F020
:10DEA000E1FB029004F132001FFA89F15346CDE9FB
:10DEB0000010594603A8029AE5F770F9B5F9007009
:10DEC000B5F90000BDF90C10791A884202DDB5F9E8
:10DED000000002E0BDF90C00381A00B22880B5F944
:10DEE0000000BDF90E10791A884202DDB5F9000074
:10DEF00002E0BDF90E00381A00B22880B5F9000022
:10DF0000BDF910103944A1EB0B01884202DDB5F9CF
:10DF1000000004E0BDF910003844A0EB0B0000B293
:10DF20002880B5F90010BDF91200C2190298101A24
:10DF3000814203DDB5F9000005E008E0BDF91200FB
:10DF4000C1190298081A00B2288000BFA4E0112E5F
:10DF500075D10698FEF755F905460021404606F0B2
:10DF6000B4F80746E08E7843001207B2002140461D
:10DF700006F06AF88146208E48440FFA80F9404640
:10DF800006F00BF9B4F92C10884259D1404604F040
:10DF900069FBB4F92E10884252D1B7F5807F14D1B5
:10DFA000B9F1000F11D1B4F92CB00BEBDB704010BC
:10DFB000B4F93210884208D1B4F92EA00AEBDA7015
:10DFC0004110B4F9340081423AD0404606F0E5F8F9
:10DFD0008246404604F046FB834604F13200B9B263
:10DFE0004B465A46CDE90010514603A8E5F7D6F84E
:10DFF000BDF80C00B8F81410084400B2ADF80C00DD
:10E00000BDF80E10B8F81600084400B2ADF80E00C6
:10E01000BDF81000B8F81410084400B2ADF81000B4
:10E02000BDF81210B8F81600084400B2ADF812009E
:10E03000002203A82968E4F71EFE28710BE00BE01C
:10E0400003A9404604F021FA002203A82968E4F756
:10E0500012FE287100BF1FE02C2E14D10698FEF787
:10E06000D0F8054694F8390000F00300012805D1E6
:10E07000404600F015F80490286003E0A08D288049
:10E08000E08D688008E0152E03D0182E01D0122EE6
:10E0900002D10698EBF7A6FC00BFC1E6DCD4040869
:10E0A000F0B585B0044625460021204606F00DF85F
:10E0B0000646E88E704306120021204605F0C4FF94
:10E0C0000746288E074405F13200B1B2CDE90010B1
:10E0D000B5F92E20B5F92C103BB202A8E5F75EF891
:10E0E00002A8F7F7C9FCADF8100002A8F7F73CFC4E
:10E0F000ADF81200049805B0F0BD2DE9F04F85B0E1
:10E100000546884600BF00BF284606F040FC404652
:10E1100000F0D8F806462C46032E1CD100BF00BFE5
:10E1200094F8380000F00300022805D094F8380075
:10E1300000F00300012802D1606A02F031F90020EA
:10E14000606294F8380020F00300C01C84F83800A6
:10E1500005B0BDE8F08F04A94046FFF75BFD8EB91E
:10E1600094F8380000F00300012805D094F8380036
:10E1700000F00300022802D1606A02F011F9C4F82D
:10E18000248034E0012E01D0022E30D1606A404557
:10E190002DD04FF0000994F8380000F0030001285A
:10E1A00005D094F8380000F00300022801D1D4F81B
:10E1B00024904046E2F785F800F1010A504602F04B
:10E1C00021F8074600BF1FB900BF00BF00BFFEE730
:10E1D00000BF07B9BCE741463846E2F794F86762EA
:10E1E000B9F1000F02D0484602F0DAF800BF022E63
:10E1F00038D1002741F259423946284605F0A6FD9C
:10E2000002900298814600BF41F25A4239462846A0
:10E2100005F09CFD0290029800B2824600BF41F2D8
:10E220005B423946284605F091FD0290029800B203
:10E230008346002041F6FF7153464A46CDE900B1BE
:10E240000290414603A80CF08BFABDF80C1004981C
:10E2500061F394200490BDF80E10049861F35F50B0
:10E26000049000BF2C34207B66F3010020730498D7
:10E27000C0F38A2020800498400D6080217B0498A0
:10E2800060F3860121730499C1F38A2000EBD071F9
:10E290004910E1802C3C0499480D00EBD0714910E5
:10E2A000A186284607F01FF9208E18B9E08EB0F538
:10E2B000807F02D0284607F0E7F8284606F067FB83
:10E2C00000BF45E70146032001B970470A461378AD
:10E2D000202B04DB13787F2B01DC012005E0137871
:10E2E000802B01DB022000E00020032801D100BFC9
:10E2F00000BF00BFE9E710B504462021204602F028
:10E3000066FA00202070282020760A2060764FF4DC
:10E31000FA70A0836420E0833220E0760320A076A8
:10E3200010BD000070B50546286910B9FAF778FAF3
:10E330002861286918B900BF00BF002070BD1048CF
:10E34000E5F70CFF044644B900BF1CB900BF00BF8D
:10E3500000BFFEE700BF0020F0E75821204602F092
:10E3600036FA2560607920F00200801C6071224638
:10E370001E2104480BF062FE216848612046DDE75B
:10E380005845002069E40108014800687047000012
:10E39000A000002010B504461CB90448E5F7ABFE08
:10E3A00010BD21460148E5F7BEFEF9E758450020BB
:10E3B0000148006870470000A400002018B900223E
:10E3C0000A804A80704702681278012A08D00268E1
:10E3D0001278032A04D04FF0FF320A804A8003E00B
:10E3E00002890A8042894A8000BFEBE7014609B9E9
:10E3F0000020704708680078012805D00868007878
:10E40000032801D00020F4E791F8400000F00F004D
:10E41000EFE7014609B90020704708680078012835
:10E4200005D008680078032801D00020F4E7C86A06
:10E43000F2E7014609B90020704708680078FBE759
:10E4400000220A804A8000B9704702681278012AC7
:10E4500003D002681278032A03D1828A0A80C28A12
:10E460004A8000BFF0E700007FB504464149E068FC
:10E470000860084600680068006900B97FBD3D4833
:10E480000068F5F7F9F93B4800684079C0F380006F
:10E4900000B1F3E700BF694636480068E5F7B2FB14
:10E4A0009DF80F5033480068F5F7E6F9002032492F
:10E4B00008609DF80E002F49096808712D48006812
:10E4C0000079012808D10BF05AFD2A49096809682A
:10E4D0000969C1F8540110E0264800680068007816
:10E4E00004280AD1BDF80C0038B10BF048FD2149D1
:10E4F000096809680969C1F854011E480068006884
:10E500000078012805D169461A480068F4F77CFFB5
:10E5100022E01848006800680078022805D16946A2
:10E5200014480068F4F726FE16E0124800680068F8
:10E530000078042805D169460E480068F4F758FBB6
:10E540000AE00C48006800680078032804D1694696
:10E5500008480068F4F778FA06480068F5F78CF97F
:10E56000002D98D10020034908600349086000BFCE
:10E5700084E70000A0000020A400002070B504463D
:10E580000D4634B3607920F00200801C6071284889
:10E590000068A04202D10020264908602068007867
:10E5A000012803D020680078022840D115B1206BE3
:10E5B000A84201D10021216315B1606AA84201D1AE
:10E5C0000021616215B1A06AA84230D10021A16288
:10E5D0002DE00020FFF7DEFE064622E0707920F0F5
:10E5E0000200801C707130680078012803D0306808
:10E5F0000078022811D115B1306BA84201D1002159
:10E60000316315B1706AA84201D10021716215B160
:10E61000B06AA84201D10021B1623046FFF7BAFECC
:10E620000646002EDAD100200249086000BF70BD06
:10E63000A0000020A400002010B50446607920F05E
:10E64000010161710BF09BFCA0640BF098FC60640D
:10E6500010BD70B502460C460AB9002070BD032CEF
:10E6600004D00C2C05D1B2F9221004E0B2F920102C
:10E6700001E00020F2E700BF1068457E002308E0BB
:10E68000581803B2C5F164004843642690FBF6F0C5
:10E6900001B20029F4D11846E0E72DE9F04704461D
:10E6A000884600260121204605F0D4FD10B1002047
:10E6B000BDE8F0874146204605F0EBFD0746002205
:10E6C000414604F11400E4F7D6FA28B94FF40021CA
:10E6D000204605F0BFFDB0B1204603F0CCFE8146D8
:10E6E000A9F101050CE0A068006850F825A041469A
:10E6F0005046FFF7D2FF06460EB13046D8E76D1EF2
:10E70000002DF0DA00BF0FB12046D1E70020CFE79F
:10E7100000B97047417921F008010831417100BF0B
:10E72000F7E70000F8B52548007810B100BF00BF3A
:10E73000F8BD00BF00BF01F047FEE6F72BF8E4F795
:10E740001DFDE4F767F9E4F721FDFAF701FCE5F7B1
:10E7500085FE4FF4AC711A48E5F7F8FC58211948CA
:10E76000E5F7F4FCE6F706F8E5F71CFA16A52C46E3
:10E770002078C32804D16078812801D1A07808B11D
:10E7800000BF00BF114800906E463078112801D1BB
:10E79000012000E00020074627B100BF00BF00BFF6
:10E7A00000BFFEE700BF00BFFDF781FD0120034968
:10E7B000087000BF00BF00BFBAE70000AC00002037
:10E7C0004C45002058450020C381000044332211ED
:10E7D00070B506460C460421204603F0FFF8254696
:10E7E0000020A86385F83C0085F83D0000231A4608
:10E7F0000521204602F084FC00231C220649204605
:10E8000002F088FB00221146204607F048FC204613
:10E8100000F07CF970BD00001DE801082DE9F0470B
:10E8200082465046FDF7F0FC074600BF00BF3C465D
:10E830003846F8F721F806464FF6FF718E4201D1AF
:10E84000BDE8F0873846F8F717F880464146384665
:10E85000F7F7E2FF054605B9F2E77FA12846E1F7A1
:10E8600037FD68B9002084F83C007C4801683846D0
:10E87000F8F76EF87A4801683846F8F758F8DFE795
:10E8800078A12846E1F724FD68B9012084F83C000E
:10E89000724841683846F8F75BF871484168384675
:10E8A000F8F745F8CCE770A12846E1F711FD68B903
:10E8B000022084F83C00694881683846F8F748F837
:10E8C000674881683846F8F732F8B9E767A1284603
:10E8D000E1F7FEFC20B166A12846E1F7F9FCB0B9EA
:10E8E000002220213846FDF795FC8046B8F1010F43
:10E8F00000D0A5E7A06B48B100222021A06BFDF756
:10E9000089FC8046B8F1010F00D099E798E759A13A
:10E910002846E1F7DDFCB0B900221F213846FDF79B
:10E9200079FC8046B8F1010F00D089E7A06B48B1AF
:10E9300000221F21A06BFDF76DFC8046B8F1010F8E
:10E9400000D07DE77CE700BFA06B00B978E74AA163
:10E950002846E1F7BDFC20B149A12846E1F7B8FC03
:10E9600098B90A21A06B0AF003FDA06B0BF09EF88A
:10E9700000286ED000221F21A06BFDF74BFC8046C3
:10E98000B8F1010F00D05BE763E03EA12846E1F754
:10E990009FFC18B9A06B0AF018FF5AE03AA128466C
:10E9A000E1F796FC18B9A06B0AF01EFF51E037A101
:10E9B0002846E1F78DFC18B9A06B0AF05BFF48E030
:10E9C00033A12846E1F784FC80BBA06B0BF062F812
:10E9D0001FFA80F8A06B0BF072F8814699F80000DE
:10E9E0002D280FD10121A06B0BF086F8A06B0AF047
:10E9F00041FF2B21A06B0AF0BBFC4146A06B0BF042
:10EA00007BF821E099F800002B2810D10121A06BA0
:10EA10000BF072F8A06B0AF02DFF2D21A06B0AF00D
:10EA2000A7FC4146A06B0BF067F80DE00DE000215C
:10EA3000A06B0BF061F82D21A06B0AF099FC08F196
:10EA40000101A06B0BF058F803E02946A06B0AF017
:10EA500041FD00BFF4E60000616263007C0100201C
:10EA6000A00100204142430031230000EF808D00CF
:10EA7000EF849C00EF808C00456E7465720000008E
:10EA8000EFA2A200EF819300EF819400EF959A002E
:10EA90002B2F2D002DE9F0410446264696F83D0027
:10EAA00000F0010040B196F83C00174A52F82010DF
:10EAB0002046F7F73CFF24E02746398E480001F056
:10EAC000A1FB0546388E420096F83C000E4B53F8E9
:10EAD0002010284601F0EDFC002007E035F810106A
:10EAE00021F4007125F81010411C88B2398E814242
:10EAF000F4DC29462046F7F71AFF284601F050FCBF
:10EB000000BFBDE8F0810000A001002070B5044600
:10EB1000254695F83C00054A52F820102046F7F7A4
:10EB200017FF2046FFF7B6FF70BD00007C010020F4
:10EB300070B506460C46254600202C3545F8080CD5
:10EB4000287F20F008002877287F20F01000287701
:10EB50004FF0FF302860287F20F007002877002042
:10EB600028832C3D002146204153481E2863A96379
:10EB70006963000CE86328640020A86295F84800E7
:10EB800020F0400085F848000221204602F026FFD0
:10EB90000021204600F0D0FF02A1204601F00EF82F
:10EBA00070BD0000546578740000000070B5044624
:10EBB00000BF00BF2146044802F061FE054628461A
:10EBC00002F0D2FE284670BDF8D4040870B506469F
:10EBD0000C462546204600F00BF895F84800C0F397
:10EBE000C00010B9686A01F0DBFB0020686270BDEC
:10EBF00070B505462C4694F84800C0F3801020B14B
:10EC0000A06A10B1A06A01F0CBFB94F8480020F094
:10EC1000400084F848000020A06270BD2DE9F04F4C
:10EC200087B0894649464F4803F0E2FB8246BAF175
:10EC3000010F02D007B0BDE8F08F4846FDF783FA18
:10EC400005464846FDF7E0FA06462A2D06D130462D
:10EC500000F006FF304600F02DFC81E0132D11D1AD
:10EC60000021304605F04BF980464046FDF734FC64
:10EC700004462746E01704EB907081104846FDF7E4
:10EC8000FFFA6DE0292D06D1304600F0E9FE30464E
:10EC900000F010FC64E02C2D5DD137460021304699
:10ECA00005F02DF905900021304605F065F9049036
:10ECB0000021304605F094F903904FF0000897F8D2
:10ECC0004800C0F3001008B148F0010897F8480068
:10ECD000C0F3401008B148F00208304603F04DFC84
:10ECE00083460021304605F031FA42F2D171884264
:10ECF00006D1708CC0F3802010B941F6FF7B03E091
:10ED0000304603F03AFC83460398CDE901B8009001
:10ED1000796A06A8DDE904320BF022FD4846FDF7CA
:10ED200070FA0446B4F90000BDF91810884202DDFB
:10ED3000B4F9000001E0BDF918002080B4F9020028
:10ED4000BDF91A10884202DDB4F9020001E0BDF9F4
:10ED50001A00608004E0152D02D14846ECF797FFB9
:10ED600000BF67E7F8D4040801460A4692F8480055
:10ED7000C0F3801008B1906A704702F12800FBE7E9
:10ED80002DE9F04F93B006468B4600BF00BF00BF91
:10ED9000BBF1000F03D100BF00BF00BFFEE700BF03
:10EDA00037460020039041F612023046039904F0E2
:10EDB000CDFF02900298BBF80010081A00B2ADF81F
:10EDC00048000020039041F610023046039904F0F9
:10EDD000BDFF02900298BBF80210081A00B2ADF80D
:10EDE0004A0010A9304603F073FB304600F000FAE9
:10EDF00081460025002410A8F6F745FE0F9000215B
:10EE0000304605F07CF80E900021304605F0E8F819
:10EE10000D900021304605F0AFF80C900E98FDF7EC
:10EE20005BFB0B9000200A9080463E4697F8480016
:10EE3000C0F3001008B148F0010897F84800C0F38B
:10EE4000401008B148F002080021304605F07EF974
:10EE500042F2D171884205D1708CC0F3802008B98C
:10EE600048F00408002130467A6A02F0D9FC079085
:10EE700028E00020CDE9000809EB0500DDE90E13CC
:10EE80000C9AE5F7D5FC0444BDF94A20DDE90A01F6
:10EE9000084482420EDC039403A94846504A126893
:10EEA0009047029002980A2803D019F8040000B98C
:10EEB000641C0BE00D990B9801440A98084400B2B9
:10EEC0000A90254619F805000028D2D100BF09EBA9
:10EED000050008904FF0000A0798022819D1611B1D
:10EEE000CDF800800C9B0E9A08980BF0ABFC0390B9
:10EEF00010A8F6F7C8FD019000EBD0704110039800
:10EF0000029000EBD070A1EB600050440FFA80FA41
:10EF100014E00798032811D1611BCDF800800C9BE9
:10EF20000E9A08980BF08EFC039010A8F6F7ABFD34
:10EF30000399401A50440FFA80FA00BF002006904F
:10EF4000059005980490D4B334E005AB02AA03A958
:10EF50000898E5F751FC08F0010038B1059A0898C7
:10EF6000815C06A8E5F72AFD00B123E0DDE9022176
:10EF70000E98FDF792FA00B20190BDF94810019881
:10EF80005044814208DB05982844A04204D00498EC
:10EF9000284419F8000010B9049805900EE0019873
:10EFA00050440FFA80FA0C9850440FFA80FA0598F2
:10EFB000049000BF05982844A042C6D300BF094A68
:10EFC0000599089812689047099029464846054ACD
:10EFD0001268904701460998084413B0BDE8F08FC5
:10EFE00050020020580200202DE9F74F8EB016463F
:10EFF00000BF00BF00BF1EB900BF00BF00BFFEE7DB
:10F0000000BF0E980D900E9800F0F2F804462246CC
:10F0100000210E9802F004FC8346207800BB0020FB
:10F020007080BBF1010F06D0BBF1020F0BD0BBF11A
:10F03000030F11D102E0002030800DE00E9803F0A4
:10F040009CFA308008E00E9803F097FA029000EBEB
:10F05000D0704010308000BF00BF11B0BDE8F08F0D
:10F060000BA90E9803F034FA4FF0000900270BA803
:10F07000F6F709FD0A9000210E9804F040FF099070
:10F0800000210E9804F0ACFF089000210E9804F0C7
:10F0900073FF07900998FDF71FFA0690002005906E
:10F0A00080460D9890F84800C0F3001008B148F071
:10F0B00001080D9890F84800C0F3401008B148F0DE
:10F0C000020800210E9805F041F842F2D171884201
:10F0D00006D10E98408CC0F3802008B948F004088F
:10F0E0002046424A0F9912689047054617E00020D3
:10F0F000CDE9000804EB0900DDE90913079AE5F7FB
:10F1000097FB0744BD4201D3E05D00B90AE00899CE
:10F11000069801440598084400B20590B946E05DA0
:10F120000028E4D100BF8DB1681E205C0A2803D0FE
:10F13000681E205C0D2809D1605D38B908990698D1
:10F1400001440598084400B20590A94604EB090063
:10F150000490A5EB09000390CDF80080079B099A65
:10F16000DDE903100BF06EFB82460F98484503D093
:10F17000079850440FFA80FABBF1020F1AD1A7EB9F
:10F180000901CDF80080079B099A04980BF05AFBFF
:10F1900002900BA8F6F777FC009000EBD0704110BE
:10F1A0000298019000EBD070A1EB600050440FFA80
:10F1B00080FA15E0BBF1030F12D1A7EB0901CDF8DE
:10F1C0000080079B099A04980BF03CFB02900BA867
:10F1D000F6F759FC0299401A50440FFA80FA00BF22
:10F1E000A6F800A00598708000BF36E75402002002
:10F1F000014600BF00BF0A46506A7047014600BF83
:10F2000000BF0A46106C7047014600BF00BF0A46A7
:10F21000D06B70472DE9F04705460F46164600BFF4
:10F2200000BF00BF1EB900BF00BF00BFFEE700BFA8
:10F230002C4694F84800C0F3C00008B1BDE8F08740
:10F24000284605F0A4FB606AE1F73BF880463046AB
:10F25000E1F737F8814609EB080A0AF10101606A13
:10F2600001F0F2F8606200BF606A18B900BF00BF29
:10F2700000BFFEE700BF606A00B9DFE74FF6FF702E
:10F28000874204D10749606A0968884707463246C1
:10F290003946606AE5F762FB0021284600F08EFCE3
:10F2A00000BFCBE75C0200202DE9F04F93B083460E
:10F2B000894600BF00BF00BFB9F1000F03D100BFF6
:10F2C00000BF00BFFEE700BF11A9584603F000F9D8
:10F2D0005846FFF78DFF0646CDF840B000240027C2
:10F2E00011A8F6F7D0FB0F900021584604F007FE56
:10F2F0000E900021584604F073FE0D9000215846F0
:10F3000004F03AFE82460E98FDF7E6F80C90DDF820
:10F3100040B000215846DBF8242002F081FA0B901F
:10F3200000200A900025DDF840B09BF84800C0F3AB
:10F33000001008B145F00105109890F84800C0F39E
:10F34000401008B145F002050021584604F0FEFEC9
:10F3500042F2D171884206D1BBF82200C0F380206E
:10F3600008B945F0040519E00020CDE90005301981
:10F370005246DDE90E13E5F75BFA0744B9F90220BE
:10F380000C990A980844824200DC0AE0DDE90C018D
:10F3900001440A98084400B20A903C46305D0028B7
:10F3A000E2D100BF4FF00008002009900B9802281E
:10F3B00018D1391B3019534600950E9A0BF042FABA
:10F3C000029011A8F6F75FFB009000EBD07041109F
:10F3D0000298019000EBD070A1EB600040440FFA5E
:10F3E00080F813E00B98032810D1391B30195346CD
:10F3F00000950E9A0BF026FA029011A8F6F743FB3F
:10F400000299401A40440FFA80F800BF002008908B
:10F410000794079806900020059004906FB327E0AA
:10F4200007AB04AA05A93046E5F7E6F905F00100A7
:10F4300030B10798315C08A8E5F7C0FA00B117E0D1
:10F44000CDF82480DDE904210E98FDF726F840442C
:10F450000FFA80F8B9F90000404502DA06980790E3
:10F460000AE008EB0A000FFA80F80798069000BF40
:10F47000781E07998842D3D200BFDDE904210E9897
:10F48000FDF70BF85044401C0390B9F9001009989F
:10F49000A0EB0A0081420ADBB9F900200399099820
:10F4A0000844824203DC012013B0BDE8F08F002045
:10F4B000FAE700002DE9F04F99B006463446606A3D
:10F4C00010B919B0BDE8F08F4FF0FF30206317A9D5
:10F4D000304602F0FDFF17A8F6F7D5FA1690002186
:10F4E000304604F00CFD15900021304604F078FD04
:10F4F00080460021304604F03FFD8146002794F805
:10F500004800C0F3001008B147F0010794F8480024
:10F51000C0F3401008B147F002070021304604F064
:10F5200015FE42F2D171884205D1708CC0F3802063
:10F5300008B947F004071698CDE9008002974B46BA
:10F54000616A14A8159A0BF00BF9304605F0CBFF51
:10F5500094F8480000F0070002287CD100213046D2
:10F5600003F003FF80B21390139850B9304603F0B4
:10F570002FF80546F9F75AF9032190FBF1F080B214
:10F58000139003A8F5F708FB314603A8F5F7C6FB6F
:10F590004FF6FF7103A8F5F799FB4FF496700F90A3
:10F5A00000BF0F98119000BF0020029017A8F6F737
:10F5B0006AFABDF95010884253DA17A8F6F763FAD1
:10F5C000BDF95010A0EB010B5A46002103A8F5F736
:10F5D00099FBFE4903A8F5F76BFBFC4903A8F5F777
:10F5E00067FBFA493046F5F7BBFA05464FF0000ACB
:10F5F0000020019035B1D5F82CA095F83E00C0F35D
:10F60000400001900D98504515DDCDF838A09DF8CB
:10F610004A0020F001008DF84A00019858B19DF889
:10F620004A1021F00201891C8DF84A100A980C99A1
:10F630000A910C9000BF0C9A0A991398F5F772FB87
:10F640008346594603A8F5F749FB03A80D99F5F73A
:10F6500037FB03A800E06FE0F5F776FB012002908E
:10F6600006E0DA493046F5F74FFA0020A4F84400E6
:10F6700017A8F6F780F9BDF95210884254DA0298BB
:10F68000002851D117A8F6F776F9BDF95210A0EB72
:10F69000010B1598FCF720FFABEB000002460021A0
:10F6A000009003A8F5F72EFBC94903A8F5F700FB66
:10F6B000C7493046F5F754FA05464FF0000A0020D6
:10F6C000019035B1D5F82CA095F83E00C0F340006C
:10F6D00001900D98504515DDCDF838A09DF84A00F1
:10F6E00020F001008DF84A00019858B19DF84A10A9
:10F6F00021F00201891C8DF84A100A980C990A9190
:10F700000C9000BF0C9A0A991398F5F70BFB8346EF
:10F71000594603A8F5F7E2FA03A80D99F5F7D0FAD0
:10F7200003A8F5F711FB06E0A9493046F5F7ECF917
:10F730000021462001538AE194F8480000F00700B8
:10F7400003287DD10021304603F00FFE85B24DB96C
:10F75000304602F03DFF8246F9F768F8032190FB3E
:10F76000F1F085B204A8F5F717FA314604A8F5F7C9
:10F77000D5FA4FF6FF7104A8F5F7A8FA0020039018
:10F7800017A8F6F780F9BDF9501088423CDA20221C
:10F7900011461598FCF781FE00EB4000BDF95010B2
:10F7A0004942081A02460021029004A8F5F7AAFA75
:10F7B000864904A8F5F77CFA28460D9A0B99F5F7C7
:10F7C000B1FA0146029004A8F5F788FA7F4930465D
:10F7D000F5F7C6F98246BAF1000F02D0DAF82C002C
:10F7E00000E0002083460E98584507DDCDF83CB078
:10F7F0009DF84E0020F001008DF84E0004A8F5F7AA
:10F80000A3FA0120039006E070493046F5F77CF931
:10F810000020A4F8440017A8F6F7ADF8BDF952107F
:10F8200088423BDA0398C0BB1598FCF755FEBDF93A
:10F8300052104942081A02460021029004A800E032
:10F8400034E0F5F75FFA624904A8F5F731FA284683
:10F850000D9A0B99F5F766FA0146029004A8F5F7A0
:10F860003DFA5B493046F5F77BF98246BAF1000F65
:10F8700002D0DAF82C0000E0002083460E985845AC
:10F8800007DDCDF83CB09DF84E0020F001008DF86A
:10F890004E0004A8F5F758FA07E0FFE74C49304658
:10F8A000F5F732F9002146200153D0E094F84800E2
:10F8B00000F00700012875D117A8F6F75CF8BDF92C
:10F8C0005210884203DB4FF0FF30E062BFE0159832
:10F8D000FCF702FEBDF95210884203DB4FF0FF3007
:10F8E000E062B4E03B49606A09688847032803D8AE
:10F8F0004FF0FF30E062AAE017A8F6F7C4F883469D
:10F900002E2211461598FCF7C8FD484400EB400034
:10F91000ABEB000000B2ADF84C0017A8F6F72BF8DF
:10F92000ADF84E001598FCF7D7FD4044BDF94E10D8
:10F9300091FBF0F200FB121012901598FCF7CCFD31
:10F940001299884210DCBDF84E101298081A00B2C5
:10F95000ADF84E001598FCF7BFFDBDF84E100844F9
:10F9600000B2ADF84E000DE0BDF84E101298081A26
:10F9700000B2ADF84E00BDF84E00A0EB080000B29A
:10F98000ADF84E0013A93046FFF7FAF91190606AFE
:10F99000E0F797FC1090606A0F4A1199126890473F
:10F9A0000F9008E052E00FA90C4A606A1268904775
:10F9B0001198401E11900F98C01C10998842F2D8DF
:10F9C000DDF83CA000200E90002521E0E5D20208E1
:10F9D000FBD202085C0200205402002050020020EA
:10F9E000616A0F9A88181C49096888470E9908446B
:10F9F000C0B20E900FA9194A606A126890470E981B
:10FA0000032803DCDDE90F10814200D902E06D1C00
:10FA1000032DE5D900BF606A00EB0A0130460E9A5B
:10FA200000F056F888B1002505E02E200AEB05020B
:10FA3000616A88546D1C032DF7D300210AF103007D
:10FA4000626A11541198C01CE06200E000BF3046A9
:10FA500004F09DFF00BF34E5400200204C0200206E
:10FA60002DE9F0478046444694F8480000F007002E
:10FA7000012801D0BDE8F087E06A401C00B9F9E731
:10FA8000E06AA0F103094946104A606A126890478B
:10FA9000064600254046FFF767F9074605E0785D12
:10FAA0007219616A8854681CC5B27119606A405C39
:10FAB0000028F4D1785D7219616A88544046FFF7D6
:10FAC00097F84FF0FF30E06200BFD3E75402002008
:10FAD0002DE9F04106460F46154634463046FFF7FD
:10FAE00087F8042D1AD9681C00F08CFBA062A06A6C
:10FAF00020B900BF00BF0020BDE8F0812A4639468A
:10FB0000A06A00F0D6FC0020A16A485594F848008D
:10FB100020F04000403084F848000BE094F84800A2
:10FB200020F0400084F848002A46394604F12800B5
:10FB300000F0BFFC0120DFE770B506460D4600BFB0
:10FB400000BF34461B493046F4F7DEFF1A49304601
:10FB5000F4F7DAFF0020A4F8440000214620015306
:10FB6000022D03D0032D01D0042D07D194F84800B5
:10FB700020F02000203084F8480005E094F8480088
:10FB800020F0200084F8480094F8480000F00700B6
:10FB9000012805D1E06A401C10B13046FFF760FF34
:10FBA00094F8480065F3020084F848003046FFF7F7
:10FBB00081FC70BDE5D20208FBD202082DE9F041BC
:10FBC00006460D4600BF00BF3446304604F0DFFE57
:10FBD00005B9656A606AA84219D194F84800C0F373
:10FBE000C000A0B9606AE0F76CFB471C3946606A48
:10FBF00000F02AFC606200BF606A18B900BF00BF55
:10FC000000BFFEE700BF606A58BBBDE8F081606AD4
:10FC100048B194F84800C0F3C00020B9606A00F011
:10FC2000BFFB002060622846E0F74BFB471C3846CC
:10FC300000F0E8FA606200BF606A18B900BF00BF58
:10FC400000BFFEE700BF606A00B9DEE72946606AD0
:10FC5000E0F759FB94F8480020F0080084F84800C9
:10FC600000BF3046FFF726FC00BFCEE70FB438B523
:10FC7000054600BF00BF00BF059818B900BF00BF10
:10FC800000BFFEE700BF284604F081FE2C46059821
:10FC900028B92846FFF70EFC38BC5DF814FB606AF3
:10FCA00048B194F84800C0F3C00020B9606A00F081
:10FCB00077FB0020606206A8009000990598E4F7A1
:10FCC000A1FE60620020009094F8480020F0080037
:10FCD00084F848002846FFF7EDFB00BFDCE770B56D
:10FCE00004460D4600BF00BF26463564204604F09A
:10FCF0004EFE70BD70B504460D4600BF00BF2646DF
:10FD0000F563204604F043FE70BD70B505460E460F
:10FD100000BF00BF2C4694F84800C0F3C00030B9C3
:10FD2000606A20B1606A00F03BFB002060623EB177
:10FD300094F8480020F00800083084F84800666213
:10FD40002846FFF7B7FB70BD70B504460D46144852
:10FD50000068401C1249086008460068C10011484C
:10FD6000006800F071FB0F49086000BF084600689A
:10FD700018B900BF00BF00BFFEE700BF0848006819
:10FD8000401E0849096841F8304005480068401E97
:10FD90000449096801EBC00045600148006870BD76
:10FDA000B40000200C020020F8B506460C4625469B
:10FDB00020460AF0B7F80090BDF80000A884FF20A4
:10FDC00085F82600F8BD00002DE9F04FA3B082466B
:10FDD00088464046FCF7B7F90746152F0BD0162F7B
:10FDE00009D04146804802F003FB0646012E02D0AE
:10FDF00023B0BDE8F08F4046FCF706FA0446152F05
:10FE00007ED1254615A8FAF765FC15AA00212046E3
:10FE100004F00EFCBDF85A000090F7F78BFD834606
:10FE2000F7F754FD029035F8240F5A4600900299D6
:10FE3000F7F7C8FF0190BDF80400ADF85A00BDF80F
:10FE40005E000090F7F776FD8346F7F73FFD0290DE
:10FE500028885A4600900299F7F7B4FF019015A838
:10FE6000BDF80410ADF85E102098F7F763FD8346E7
:10FE7000F7F72CFD029028885A4600900299F7F770
:10FE8000A1FF0190BDF80400ADF88000BDF872003C
:10FE90000090F7F74FFD8346F7F718FD029028888A
:10FEA0005A4600900299F7F78DFF0190BDF80400C3
:10FEB000ADF872001E98F7F73DFD8346F7F706FD93
:10FEC000029028885A4600900299F7F77BFF01902C
:10FED000BDF80400ADF87800F7F7F8FC0290AA78B6
:10FEE000BDF85A0000900299F7F76CFF0190BDF839
:10FEF0000400ADF85A00F7F7E9FC0290AA7800E098
:10FF00006FE0BDF85E0000900299F7F75BFF01908B
:10FF100015A8BDF80410ADF85E10F7F7D7FC0290F5
:10FF2000AA78BDF8720000900299F7F74BFF019094
:10FF3000BDF80400ADF87200F7F7C8FC0290AA788B
:10FF400001462098F7F73EFF0190BDF80400ADF898
:10FF50008000F7F7BBFC0290AA7801461E98F7F7DD
:10FF600031FF0190BDF80400ADF87800A878503852
:10FF7000BDF982104843AF2190FBF1F000B2ADF81B
:10FF80008200A878243D5038BDF988104843AF213D
:10FF900090FBF1F000B2ADF888004046FCF7DBF8CA
:10FFA0008146494603A801F0FDFF04F114000690C4
:10FFB0000D4804900020059015A80790002010908F
:10FFC00003AA1A212046FCF725F904F1140215A909
:10FFD0004846FAF763FB03AA1B212046FCF71AF9EF
:10FFE00000BF00BF04E700005020030870B50646BC
:10FFF0000C46254600202885686285F82A000221E3
:020000040802F0
:10000000204601F0EBFC70BD2DE9F34F89B072483A
:100010000A9902F0EDF908900898012802D00BB077
:10002000BDE8F08F0A98FCF78EF880460A98FCF736
:10003000EBF80646B8F1130F0ED10021304603F05D
:1000400011FB04460A98FCF7DCF80546B5F90000F8
:10005000A04200DA2C80BDE0B8F12C0F3ED134462E
:100060000A98FCF7CEF883464FF00009CA46208D67
:10007000002832DD00251BE0606A30F92500484584
:1000800003DD606A30F9250000E048468146606A79
:1000900000EB8500B0F90200504505DD606A00EB19
:1000A0008500B0F9020000E050468246681C85B227
:1000B000208DA842E0DC0021304603F0D3FA074649
:1000C00009EB07000FFA80F90AEB07000FFA80FA34
:1000D000ABF80090ABF802A000BF7BE0B8F1150FC1
:1000E00078D134460A98FCF736F88346208D08B15B
:1000F000606A00B993E706A9304602F05DFA30461F
:1001000002F0AAFCBDF81810081A0FFA80F9304660
:1001100002F0ACFCBDF81A10081A07B2304602F023
:10012000A1FA824601A8F9F715FB01AA0021304681
:1001300004F00AFA002548E0606A30F825004844D7
:1001400000B2ADF81400681C616A31F82000484420
:1001500000B2ADF8100094F82A0000F0010088B950
:10016000606A00EB85004088384400B2ADF81600A4
:10017000681C616A01EB80004088384400B2ADF829
:10018000120014E0606A00EB85004088AAEB0000D2
:10019000384400B2ADF81600681C616A01EB8000BB
:1001A0004088AAEB0000384400B2ADF8120004AB5E
:1001B00005AA01A95846F9F7B6FA9DF80D0020F0F6
:1001C00004008DF80D00681C85B2208D401EA842E9
:1001D000B2DC00BF00BF22E714D50408F0B5044626
:1001E000059D944201DB2846F0BD8C4201DC184697
:1001F000FAE7571AEE1A601A704390FBF7F01844AA
:10020000F2E7000030B587B0044614B9094807B0DA
:1002100030BD2146084800680AF0E9F805463DB9B6
:1002200000BF00BF684600F0DDF800BF00BF00BFA0
:100230002846ECE7240200202002002010B500240C
:1002400015E00C4850F8340078B10A4951F83400F0
:1002500000F0A6F80020074941F8340001EBC40182
:100260008871044901EBC4018880601CC4B2102C61
:10027000E7DB10BDCC4500202DE9F041054615B95E
:100280000020BDE8F0814FF0FF3600212CE0374818
:1002900000EBC100807900F0010018BB334800EB8F
:1002A000C1008088A8421DD3304800EBC10080887F
:1002B000A84208D101202D4A02EBC10290712B48BF
:1002C00050F83100DDE7002E01DA4EB20AE027488F
:1002D00000EBC1008088254A02EBC602928890425A
:1002E00000DA4EB2481CC1B21029D0DB002E08DB68
:1002F00001201E4901EBC60188711C4850F83600E8
:10030000BFE7002428E0194800EBC400807900F022
:100310000100F8B9154951F83400294600F094F865
:10032000074600BF1FB900BF00BF00BFFEE700BF08
:100330000FB90020A5E701200C4901EBC401887129
:100340000A4901EBC4018D80084840F8347050F828
:10035000340096E7601CC4B2102CD4DB00BF00BF91
:1003600000BF00BF00BF00BFFEE70000CC4500207B
:10037000014600200CE0094A52F830208A4205D19B
:100380000022064B03EBC0039A717047421CD0B2A7
:100390001028F0DB00BF00BF00BFF6E7CC4500200F
:1003A00010B504460648844200D110BD04B9FCE7EC
:1003B00021460448006809F0ECFF00BFF5E70000A3
:1003C000240200202002002010B54FF40041034811
:1003D00009F0C8FF0249086010BD00003C4700203A
:1003E0002002002070B504461C220021204600F0A7
:1003F000B4F91348006809F0F4FF05462246114994
:100400000AF07CF84FF4004020606421A068484363
:100410002168B0FBF1F0C0F164002076A06858B10B
:100420006421E0684843A168B0FBF1F06076607E2B
:10043000C0F16400607601E00020607670BD0000CD
:10044000200200208D04020870B505460C4624B930
:100450002846FFF7A5FF0B4870BD0A48854203D127
:100460002046FFF7CFFEF7E72246294606480068F8
:1004700009F0D5FF06461EB900BF00BF0020EBE71C
:100480003046E9E7240200202002002030B504466F
:1004900018461AB105696D1C056109E045686D1CB7
:1004A000456085680D448560C5688D4200D2C16095
:1004B00030BD2DE9F0410F46154601463A4601F0A0
:1004C000030602F0030CB4457DD0C2E092F8008030
:1004D00081F80080491C521C92F8008081F800804D
:1004E000491C521C92F8008081F80080491C521C63
:1004F00092F8008081F80080491C521C92F800801C
:1005000081F80080491C521C92F8008081F800801C
:10051000491C521C92F8008081F80080491C521C32
:1005200092F8008081F80080491C521C92F80080EB
:1005300081F80080491C521C92F8008081F80080EC
:10054000491C521C92F8008081F80080491C521C02
:1005500092F8008081F80080491C521C92F80080BB
:1005600081F80080491C521C92F8008081F80080BC
:10057000491C521C92F8008081F80080491C521CD2
:1005800092F8008081F80080491C521C92F800808B
:1005900081F80080491C521C92F8008081F800808C
:1005A000491C521C92F8008081F80080491C521CA2
:1005B00092F8008081F80080491C521C92F800805B
:1005C00081F8008000E053E0491C521C92F8008042
:1005D00081F80080491C521C92F8008081F800804C
:1005E000491C521C92F8008081F80080491C521C62
:1005F00092F8008081F80080491C521C92F800801B
:1006000081F80080491C521C92F8008081F800801B
:10061000491C521C92F8008081F80080491C521C31
:1006200092F8008081F80080491C521C92F80080EA
:1006300081F80080491C521C92F8008081F80080EB
:10064000491C521C92F8008081F80080491C521C01
:10065000203D202D3FF63AAF06E092F8008081F869
:100660000080491C521C6D1E002DF6D1BDE8F081A2
:100670006EB1C6F1040607E092F8008081F80080B0
:10068000491C521C761E6D1E0EB1002DF4D10B4676
:10069000144630E0D4F80080C3F800801B1D241DF0
:1006A000D4F80080C3F800801B1D241DD4F80080FE
:1006B000C3F800801B1D241DD4F80080C3F80080FF
:1006C0001B1D241DD4F80080C3F800801B1D241DB1
:1006D000D4F80080C3F800801B1D241DD4F80080CE
:1006E000C3F800801B1D241DD4F80080C3F80080CF
:1006F0001B1D241D203D202DCCD806E0D4F8008001
:10070000C3F800801B1D241D2D1F042DF6D819468B
:10071000224606E092F8008081F80080491C521CB5
:100720006D1E002DF6D100BFA0E730B504460B4684
:1007300004E01D782570641C5B1C521E002AF8D151
:1007400030BD30B504460B4604E01D782570641CAE
:100750005B1C521E002AF8D130BDF0B506460B4690
:10076000344604F003054DB1C5F1040503E02370E0
:10077000641C521E6D1E0DB1002AF8D103EB032735
:1007800007EB034707EB0361204610E00160001D03
:100790000160001D0160001D0160001D0160001D61
:1007A0000160001D0160001D0160001D203A202A2B
:1007B000ECD802E00160001D121F042AFAD804469A
:1007C00002E02370641C521E002AFAD1F0BD30B53D
:1007D0000446224602F0030353B1C3F1040304E0CC
:1007E00000251570521C491E5B1E0BB10029F7D164
:1007F000104611E000250560001D0560001D056024
:10080000001D0560001D0560001D0560001D0560E0
:10081000001D0560001D20392029EBD803E00025CC
:100820000560001D091F0429F9D8024603E00025D0
:100830001570521C491E0029F9D130BD30B504464F
:10084000224602F0030353B1C3F1040304E0FF2581
:100850001570521C491E5B1E0BB10029F7D11046C2
:1008600012E04FF0FF350560001D0560001D0560BA
:10087000001D0560001D0560001D0560001D056070
:10088000001D0560001D20392029EAD804E04FF042
:10089000FF350560001D091F0429F8D8024603E052
:1008A000FF251570521C491E0029F9D130BD0246A2
:1008B00000BF00BF906C884201D101207047506B8F
:1008C000884205D192F86100012801DC0120F5E79A
:1008D0000020F3E72DE9F04780464046FBF733FC64
:1008E0008146B9F1070F40D14046FBF78DFC064623
:1008F0004046FBF78CFC0446606BB04204D0A06C11
:10090000B04201D0BDE8F08794F8600084F861003F
:1009100031462046FFF7CBFF00B1F3E704F154075F
:100920003846E3F7E8FB824651463846E3F7FBFBDF
:100930000546CDB151463846E3F75CFC5046FFF71B
:100940002FFD14F8600F401E207029463846E3F74B
:1009500051FC2078401E04F860092046296800F008
:100960006CF92846FFF71CFD00BF00BFCAE770B551
:10097000044600BF00BF25462C4605F1540630460C
:10098000E3F7A1FB002085F8600070BD2DE9F05F62
:1009900083460C4650480168204605F061F9002165
:1009A000204605F023F925466035A87820F006009A
:1009B000A870A87820F00800A8700020287068703F
:1009C000A87820F00100A870603D042105F15400D2
:1009D000E3F7BCFB204601F0C7F868620121686AB2
:1009E00000F0E0FA0020E8636864A864E864286422
:1009F00021463A4800F043FF0646304600F0B4FF77
:100A000042F26401304605F012F90121304605F04A
:100A1000FFF80121304605F0E9F84FF480413046F7
:100A200000F0C0FA0221304600F0D8FFAE62314635
:100A30002B4800F024FF0746384600F095FF42F2AD
:100A4000D17242F26401384605F001FA00213846BD
:100A500005F0CCF802231A460021384605F0A6F826
:100A60000221384600F0BAFF4FF48041384600F0CA
:100A700099FA2F63286BF5F7EFFA80462B46072289
:100A80001849404600F046FA4FF48041404600F0D5
:100A900089FA0021404605F0A9F8C5F83480686B52
:100AA000FCF782FC824610A15046FDF726FB286B1E
:100AB000FEF77CF881460121484600F073FAC5F83C
:100AC00038900020E86228652B461C220749204602
:100AD00000F020FABDE8F09FF00000206821030834
:100AE00084210308D5080208EF8193004D0D020808
:100AF00070B505460C460021204605F077F8022324
:100B00001A460021204605F051F80221204600F047
:100B100065FF70BD2DE9F04107460C46264606F1FB
:100B200054052846E3F7CFFABDE8F081014600BF3F
:100B300000BF0A46D06A7047014600BF00BF0A46A0
:100B4000106C704770B506460C46204601F0DAFD81
:100B500005462046696A05F0A7F80121204605F000
:100B600045F802231A460021204605F01FF84FF4ED
:100B70008041204600F016FA70BD70B506460C465E
:100B80002546686A20B1686AFFF70AFC002068629F
:100B900070BD70B5054600BF00BF2C46206B08B184
:100BA000E06A00B970BD94F86200C0F3410020B162
:100BB00001280BD002281BD111E00021206B04F08A
:100BC000A5F80121E06A05F023F811E00021206B6F
:100BD00004F09CF80021E06A05F01AF808E0012111
:100BE000206B04F093F80121E06A05F011F800BFD2
:100BF00000BF206B04F0A5FAE06A04F0A2FA206BB3
:100C000005F0E0FB206B01F099FC20B90121206B7D
:100C100000F0C8F903E00121206B00F0DFFE00BF07
:100C2000C0E770B505460C460121204604F0DEFF02
:100C30000221204600F0D2FE70BD2DE9F0410646AB
:100C40000D4600BF00BF3446E06A18B1616AE06A31
:100C500005F02AF88DB104F154073846E3F77EFA1F
:100C60008046C8F8005094F86000401C84F860008A
:100C70002846A16A05F018F802E03046FFF777FE33
:100C8000E562206D50B1206C20B10121206D00F093
:100C9000C6F903E00121206D00F0E1FE206C80B375
:100CA00094F8620000F00100A8B194F86200C0F36B
:100CB000C00040B10121A06C00F090FE0221A06CA8
:100CC00000F070F907E00121A06C00F06BF902213F
:100CD000A06C00F083FE94F86000022808DB01217C
:100CE000606B00F07BFE0221606B00F05BF923E09B
:100CF0000121606B00F056F90221606B00F06EFE7E
:100D00001AE0FFE794F86000022804DA94F8620021
:100D1000C0F3C00040B10121606B00F05FFE022112
:100D2000606B00F03FF907E00121606B00F03AF9D9
:100D30000221606B00F052FE00221C212046FBF7CE
:100D400069FA3046FFF725FFBDE8F0812DE9F04153
:100D500080464046FBF75BFA07463C463846FFF7BD
:100D6000E5FE064686B1A06B70B1706A40B1716A4B
:100D7000A06BFEF723FF0121A06B00F02FFE03E024
:100D80000121A06B00F00EF93846FFF7D5FE0546AD
:100D900085B1E06C70B1686A40B1696AE06CFEF7D9
:100DA0000DFF0121E06C00F019FE03E00121E06C71
:100DB00000F0F8F8BDE8F08170B506460C4625460F
:100DC000242105F12400E3F7C1F91C2105F13000CD
:100DD000E3F7BCF970BD70B506460C4600BF00BF16
:100DE000254605F13000E3F76EF905F12400E3F73D
:100DF0006AF970BD2DE9F04F97B00D462946444879
:100E000001F0F6FA16901698012802D017B0BDE846
:100E1000F08F2846FBF797F906462846FBF7F4F9CA
:100E20000446152E71D12846FBF795F9159013A9A4
:100E3000204601F04DFB13AA20461599E6F7B2FEB5
:100E400013AA20461599EEF745F913AA20461599DD
:100E5000EBF720FD13A8F4F7F3FD824600EBDA7000
:100E60004710BDF84C00384400B2ADF84800BDF85A
:100E70004E00384400B2ADF84A0004A8F9F72AFC45
:100E800004AA4FF40031204603F0D2FB4FF4003A9D
:100E900041F201025146204602F058FF01900198AC
:100EA00000B2834600EBDB704FEA600800BF41F2FE
:100EB00004025146204602F049FF0190019800B219
:100EC000834600EBDB704FEA6009BDF84800A0EBF9
:100ED000080000B2ADF80800BDF84A00A0EB090018
:100EE00000B2ADF80A00BDF84800404400B2ADF8C9
:100EF0000C00BDF84A00484400B2ADF80E0002AA4A
:100F000004A91598F9F7CAFB00BF00BF7EE70000EF
:100F1000BC2103082DE9F04104460D4616461F4644
:100F200000BF00BF204600F037FBA068807E401C59
:100F3000A1688876A268927E02EB42029100A268C4
:100F4000D068FFF781FAA168C86000BFA068C068D8
:100F500018B900BF00BF00BFFEE700BFA068C168AE
:100F6000807E401E00EB400041F82050A068C2681F
:100F7000807E401E00EB400002EB80000672A068FD
:100F8000C168807E401E00EB400001EB800047609E
:100F9000A068C168807E401E00EB400001EB80002D
:100FA000BDE8F0812DE9FF4105460C4600BF00BFBA
:100FB000284603F069FD064604F0010010B12846FA
:100FC00003F0E5FCE8692043E86104F0010010B19A
:100FD000284603F0DCFC284603F056FDB04202D15F
:100FE00004F0C07040B1284601F08CFB074603F0C6
:100FF00091FD284603F08EFD04F0100068B16A46AA
:1010000002A9284601F03CFD02A9284603F0F9FC9C
:101010006946284603F0F5FC00BFBDE8FF8170B5C6
:1010200004460E4600BF00BF208C40EA0605208C17
:10103000A84203D02946204604F018FF70BD2DE9D0
:10104000F04104468846174600234FF6FF723946A2
:1010500020460FF073FD002511E0E06800EBC500AD
:101060004068C0F3406000B108E0E06800EBC500F4
:101070004068C0F3006000B100E005E06D1C608CCA
:10108000C0F3C500A842E8D800BF608CC008401C6F
:10109000618C60F3C8016184628CC2F3C502D10027
:1010A000E068FFF7D1F9E060608CC0F3C500461E30
:1010B00009E0E06800EBC6010246701E02EBC002C8
:1010C00005CA05C1761EAE42F3D8E16801EBC50042
:1010D0000821FFF77CFBE06840F83580E06800EB12
:1010E000C500406867F31700E16801EBC50148607F
:1010F0004FF6FF723946204604F00EFABDE8F08143
:101100002DE9F04106460F4614461D460022394699
:10111000304604F0ABFF2A462146304604F045FE37
:10112000BDE8F0812DE9FF4F87B00E4690469A4604
:1011300000BF00BF079805F045F91EB9079801F0F8
:10114000E1FA064600BF00BF4FF0000900200690FC
:10115000079801F0D7FA07460021384602F0C7F990
:1011600005900021384602F0DCFB01460598084452
:1011700000B204900021384602F03FFD0146059878
:10118000084400B203900021304602F0B0F902900A
:101190000021304602F0C5FB01460298084404B223
:1011A0000021304602F029FD01460298084405B2AC
:1011B000B8F1000F0AD10021304602F00AF90128E7
:1011C00002D14FF0030801E04FF00108B8F1160F0B
:1011D00032D2DFE808F03132354A5866869FB40BC8
:1011E000D4DDFEFDFCFBFAF9F8F7F6F5304601F028
:1011F000C4F9009000EBD0704FEA600B079802F042
:10120000CCFF019000EBD070ABEB600020440FFAF4
:1012100080F9304601F092F9009000EBD0704FEA6F
:10122000600B079801F01EFA019000EBD070ABEB59
:101230006000284400B2069070E1A14606956DE179
:10124000304601F09AF9009000EBD0704FEA600B45
:10125000079802F0A2FF019000EBD070ABEB6000AA
:1012600020440FFA80F9069558E1304601F085F9DF
:101270008346079802F091FFABEB000020440FFA81
:1012800080F906954AE1A146304601F057F98346B8
:10129000079801F0E7F9ABEB0000284400B2069094
:1012A0003CE1304601F069F9009000EBD0704FEA64
:1012B000600B079802F071FF019000EBD070ABEB70
:1012C000600020440FFA80F9304601F037F9834678
:1012D000079801F0C7F9ABEB0000284400B2069074
:1012E0001CE1304601F049F98346079802F055FFAA
:1012F000ABEB000020440FFA80F9304601F01EF9F4
:101300008346079801F0AEF9ABEB0000284400B229
:10131000069003E1A146304601F010F9009000EB81
:10132000D0704FEA600B079801F09CF9019000EB38
:10133000D070ABEB6000284400B20690EEE030467F
:1013400001F01BF98346079802F027FFABEB000082
:1013500020440FFA80F9304601F0F0F8009000EBDD
:10136000D0704FEA600B079801F07CF9019000EB18
:10137000D070ABEB6000284400B20690CEE04FF096
:101380000009079801F06EF9404200B20690C5E0EE
:10139000304602F002FF009000EBD0704FEA600B85
:1013A000079802F0FAFE019000EBD070ABEB600002
:1013B0000FFA80F9079801F055F9404200B209E0B0
:1013C0009CE084E07CE069E04FE045E034E01CE034
:1013D00014E001E00690A1E0304602F0DEFE834614
:1013E000079802F0DAFEABEB00000FFA80F90798DD
:1013F00001F038F9404200B206908FE04FF000094A
:10140000304601F02FF9069088E0304602F0C5FE24
:10141000009000EBD0704FEA600B079802F0BDFE21
:10142000019000EBD070ABEB60000FFA80F9304612
:1014300001F018F9069071E0304602F0AEFE8346E6
:10144000079802F0AAFEABEB00000FFA80F93046D5
:1014500001F008F9069061E0079802F09EFE404214
:101460000FFA80F90020069058E0079802F095FEE8
:1014700040420FFA80F9304601F0F4F8009000EB9A
:10148000D0704FEA600B079801F0ECF8019000EB88
:10149000D070ABEB600000B206903FE0079802F01E
:1014A0007CFE40420FFA80F9304601F0DBF88346BB
:1014B000079801F0D7F8ABEB000000B206902DE0E2
:1014C000304602F06AFE81460020069026E0304653
:1014D00002F063FE8146304601F0C4F8009000EB54
:1014E000D0704FEA600B079801F0BCF8019000EB58
:1014F000D070ABEB600000B206900FE0304602F017
:101500004CFE8146304601F0ADF88346079801F065
:10151000A9F8ABEB000000B2069000BF00BF0021AD
:10152000384601F056FF01280DD1384601F008FA7F
:10153000B18A5144BA8A891A01440498081A484465
:101540000FFA80F90CE0384601F082F9B18A514473
:10155000BA8A891A01440498081A48440FFA80F993
:10156000384601F06FFAF28A14990A44F98A511A3E
:1015700001440398091A0698084400B20690002214
:101580000121079804F072FD4946DDE9062004F0C8
:101590000CFC0BB0BDE8F08F10B5044600BF00BFD7
:1015A000A06808BB11480068401C104908601C2056
:1015B000FEF728FEA06000BFA06818B900BF00BFFA
:1015C00000BFFEE700BFA06800B910BD1C21A068E5
:1015D000FFF7FDF80F20A1684876A068007E20F094
:1015E0000300C01CA168087600BFEEE7B000002031
:1015F0002DE9FC4780460F460121404602F02AFEB5
:1016000010B10020BDE8FC87404601F083F8044695
:10161000204600F0DDFF81464846F7F75DF9A0421D
:1016200010D04846F7F765F9A0420BD04846F7F7C7
:1016300037F9A04206D04846F7F725F9A04201D075
:101640000020DFE74FF40021404602F003FE48BBD4
:101650004046E2F72AFE064608F114016846F4F710
:10166000D5F8BDF80000801B00B2ADF80000BDF851
:101670000200801B00B2ADF80200BDF80400304447
:1016800000B2ADF80400BDF80600304400B2ADF879
:1016900006006A4639463846E1F7D6F908B900200F
:1016A000B0E700BF404601F02DF8054619E00121E2
:1016B000284602F0CFFD08B10020A3E74FF4002137
:1016C000284602F0C7FD40B905F1140239463846F4
:1016D000E1F7BAF908B9002094E7284601F012F8BA
:1016E0000546002DE3D101208CE72DE9FE4F05468C
:1016F0000E464FF000083146284602F0C3FB044670
:10170000002C46D03146284602F0A2FB00900098FB
:1017100002283DDD204604EBD0714910491C0CB273
:101720003146284602F0A1FB204404B23146284647
:1017300002F074FB81463146284602F07CFB82466B
:10174000B9F1000F01DD484601E0C9F10000BAF12E
:10175000000F01DD514601E0CAF10001884207DDBA
:10176000B9F1000F01DD484609E0C9F1000006E0CB
:10177000BAF1000F01DD504601E0CAF1000020443B
:1017800004B2A04501DD404600E02046804600BF8F
:1017900000BF3146284601F0CDFF0746C7B13146AC
:1017A000284601F0ADFF8246BAF1020F0FDD314647
:1017B000284601F0B2FF814609EB0700404501DAF7
:1017C000404601E009EB07000FFA80F800BF00BFB8
:1017D00000BF40F60A023146284602F0B7FA0090F0
:1017E00000980FFA80FB00BF00BF40F60B023146A5
:1017F000284602F0ABFA0090009800B202900298DE
:10180000834501DD584600E00298019001980028C8
:1018100003DD019840440FFA80F84046BDE8FE8F92
:10182000FEB504460D46164600BF41F25D4229460C
:10183000204602F08BFA00900098C0B2029000BFE0
:1018400041F26A422946204602F080FA0090009850
:10185000C0B2019000BF9DF8080008B901200290B5
:1018600000BF9DF80800FEBD02460AB9002070477F
:101870001068884201D10120F9E70020F7E72DE93F
:10188000F04107460C463846F0F7F6F880464046E9
:10189000FEF7B8FC054615B90020BDE8F0814146C9
:1018A0002846FEF794FF2F606C60002C30D1F6F7CD
:1018B000B7FF06461EB900BF00BF0020EDE7F06885
:1018C00040B90420FEF79EFCF060F068056001203E
:1018D00070620DE0706A401C7062726A9100F0687C
:1018E000FEF7B2FDF060706A401EF16841F82050CA
:1018F0000020A8820021E982F6F7AAFF401E01B26B
:1019000029830020F7F70AF8401E01B2698329E015
:1019100000BF00BFA06810B92046FFF73DFEA068D9
:10192000006858B90420FEF76DFCA1680860A06843
:10193000006805600120A168486013E0A068406865
:10194000401CA1684860A26852689100A2681068B3
:10195000FEF77AFDA1680860A068D0E90010401E7B
:1019600041F82050284698E770B50446204603F019
:10197000D1F8002000F020FB204608F047FA20466E
:1019800000F07DF8012000F017FB4FF6FF724FF4D6
:101990007021204603F0C0FD204603F0A4FDFBF7B4
:1019A0003BFA06463EB1204603F059F818B12146ED
:1019B0003046FBF76BF9204600F0A4FE054665B102
:1019C000224622212846FAF725FC224623212846D2
:1019D000FAF720FC204602F0DAFF70BD2DE9FF4146
:1019E00005460C4600BF00BF284603F04DF80646EA
:1019F00004F0100068B16A4602A9284601F040F8D8
:101A000002A9284602F0FDFF6946284602F0F9FFC8
:101A100000BFE869A043E86104F0010078B12846FE
:101A200002F0B5FF284603F02FF840B1284600F039
:101A300069FE074603F06EF8284603F06BF8284667
:101A400003F022F8B04202D104F0C07028B1284659
:101A500000F058FE074603F05DF8BDE8FF8170B561
:101A600004460E4600BF00BF208C20EA0605208CED
:101A7000A84203D02946204604F0F8F970BD70B59D
:101A8000044625682068006828B120680068206046
:101A90002046FFF7F4FF25602068406818B12068F1
:101AA00021464268904770BD2DE9F84381460C46B7
:101AB00065686DB3284600F0CBFE0746284600F067
:101AC000C1FF8046002641F610023146284602F04A
:101AD0003DF900900098E98A0844A0EB080001B2A3
:101AE000E182E08A401E01B2618300BF41F612022A
:101AF0003146284602F02AF900900098A98A084445
:101B0000C01B00B2A082A08A401E01B2218300BF88
:101B10000220E061E06940F48050E0611DB1E069BD
:101B200040F40050E0611DB1E06940F44070E061B4
:101B3000E06940F00400E061E06940F01000E0611D
:101B4000E06940F02000E061E06940F04000E061C1
:101B5000E06940F40060E0611DB1E06940F40040DC
:101B6000E061BDE8F883000070B5044600BF00BF27
:101B700021460448FFF783FE05462846FFF7F4FE9A
:101B8000284670BDAC1A03082DE9F041064600BF97
:101B900000BF00BF00BF304602F0F9FE304600F043
:101BA000B1FD044614B1204603F0D2FF0025002702
:101BB00054B9304600F00CFD05460DB9BDE8F08182
:101BC0002869B04200D10127304609F0CEFE84B129
:101BD0000021204603F0EAF8204603F0B9FF002276
:101BE00022212046FAF716FB002224212046FAF78C
:101BF00011FB1FB100BF00BF0020286100BF00BF64
:101C000000BFDBE770B506460C462046E1F79EFABA
:101C1000002000F0D1F900BF184A0021204603F04F
:101C200024FD00BF012000F0C7F900212046F2F793
:101C30006BFF204600F00CFD054615B12046FBF772
:101C400028F9A068C0B1A068006830B1A168086830
:101C5000FEF7A6FB0020A1680860A068C06830B14C
:101C6000A168C868FEF79CFB0020A168C860A06856
:101C7000FEF796FB0020A06070BD0000FFFF0F0084
:101C80002DE9F04FA3B082465046FAF75CFA0646BB
:101C90005046FAF7B9FA0446122E6AD15046FAF7BE
:101CA000B0FA05462878022802D123B0BDE8F08FAB
:101CB0000021204601F069FC10B102202870F4E7F1
:101CC0000021204602F09EF883460021204602F0C3
:101CD000E2F907460021204602F0C3F9804604F1EC
:101CE000140121A8F3F789FDBDF88400C01B00B2E0
:101CF000ADF88400BDF88800384400B2ADF8880023
:101D0000BDF88600A0EB080000B2ADF88600BDF873
:101D10008A00404400B2ADF88A005A4621A968689A
:101D2000E0F7D3FE10B901202870BEE7002120465D
:101D300001F0B6FBFD2802DA01202870B5E74FF06C
:101D4000000968224946204602F000F820902098B9
:101D5000C0B210B101202870A7E70021204601F091
:101D6000A8FCFD2802DA012028709EE700202870D8
:101D700014E1152E7ED15046FAF7EDF9834615A8E9
:101D8000F8F7A8FC0021204601F0A2FB30B19DF835
:101D9000770020F00100401C8DF8770015AA002183
:101DA000204602F045FC0021204602F074F9054669
:101DB0000021204602F055F9074604F1140113A84A
:101DC000F3F71BFDBDF84C00401B00B2ADF84C0012
:101DD000BDF85000284400B2ADF85000BDF84E00E8
:101DE000C01B00B2ADF84E00BDF85200384400B23E
:101DF000ADF85200594601A800F0D4F868480290A6
:101E00000020039015A8059013A8049000200E90C0
:101E100001AA1A212046FAF7FDF90021204601F017
:101E2000B4FB20B1BDF8540008B1012000E000204F
:101E30008146DDF86480B9F1000F01D000201990CF
:101E400013AA15A95846F8F729FCB9F1000F26D0B6
:101E50001820FEF711FA0090BDF95420002304F178
:101E600014010098F8F720FB04F590710098F7F73B
:101E70009DFC00E019E0B8F1000F0FD000208DF8B4
:101E800057008DF876008DF87E008DF88A00CDF829
:101E9000648013AA15A95846F8F700FC00BF01AAF0
:101EA0001B212046FAF7B6F978E0182E76D1504675
:101EB000FAF751F9804641462046EBF7E3FB002153
:101EC000204601F062FB60B104F59070F8F7BAFBB0
:101ED00005462DB12846F7F74BFF2846FEF748FA8E
:101EE00000BF0021204601F0F3FA002855D015A8C4
:101EF000F8F7F0FB00208DF857008DF86E008DF894
:101F00007E008DF88A0015AA0021204602F090FB81
:101F10000021204602F0BFF805460021204602F0CD
:101F2000A0F8074604F1140113A8F3F766FCBDF806
:101F30004C00401B00B2ADF84C00BDF850002844E6
:101F400000B2ADF85000BDF84E00C01B00B2ADF8B5
:101F50004E00BDF85200384400B2ADF85200414680
:101F600001A800F01FF80E4802900120039015A868
:101F7000059013A8049000200E9001AA1A21204673
:101F8000FAF748F913AA15A94046F8F787FB01AA02
:101F90001B212046FAF73EF900BF00BF00BF84E6D0
:101FA000AC1A030870B504460D4648212046FEF7DA
:101FB0000EFC256070BD00000149087070470000EC
:101FC000B90000202DE9FF5F88464046FAF7BBF8CC
:101FD00004464046FAF7BCF80546012C04D12021FE
:101FE0002846FFF71CF801E2082C2BD120212846B7
:101FF000FFF735FD4046FAF704F907463846FCF787
:1020000008FAF0B90821284602F024F9C8B1284698
:1020100001F08CF900F0010020B901212846FEF7FB
:10202000FEFF03E001212846FFF719FD00221C21D5
:102030002846FAF7EFF80646012E01D0BDE8FF9FCB
:1020400000BFD3E1032C04D120212846FFF707FD70
:10205000CCE12A2C10D1284600F00DFA07460026C4
:1020600007E0A868006850F82690484602F052FD44
:10207000761CBE42F5D3B9E10D2C7CD1082128464F
:1020800002F0E8F808B34046FAF7BBF80678132EDA
:1020900001D0112E04D101212846FEF7C0FF07E030
:1020A000142E01D0122E03D101212846FFF7D7FCB0
:1020B0000A2E09D000221C212846FAF7ABF8074661
:1020C000012F00D0BAE700BF90E14FF4016128462C
:1020D00002F0C0F8002886D0284602F0ABFC0028A9
:1020E000AFD10390284600F0B3FB0746284600F026
:1020F00027FC81464046FAF784F80678122E14D160
:10210000284600F0B3FC8346284600F0ABFA82462E
:10211000C0170AEB90700BEBA00000B202900146D2
:102120002846039A03F0F8FC85E0112E14D12846C6
:1021300000F09CFC8346284600F094FA8246C017C3
:102140000AEB9070ABEBA00000B20290014628466B
:10215000039A03F0E1FC6EE0132E36D1284600F01E
:1021600049FB00F0030020B1002F19DCB9F1000F8A
:1021700016DC284600E05FE000F078FC8346284645
:1021800000F070FA8246C0170AEB90700BEBA000CB
:1021900000B2029001462846039A03F0BDFC4AE0D3
:1021A000284600F059FC8346284601F0F6FF824697
:1021B000C0170AEB90700BEBA00000B20290014632
:1021C0002846039A03F08CFC35E0142E33D12846C0
:1021D00000F010FB00F0030020B1002F17DCB9F174
:1021E000000F14DC284600F041FC8346284600F02E
:1021F00039FA8246C0170AEB9070ABEBA00000B230
:10220000029001462846039A03F086FC13E0284614
:1022100000F022FC8346284601F0BFFF8246C0172B
:102220000AEB9070ABEBA00000B20290014628468A
:10223000039A03F055FCD9E00E2C3AD14FF480619B
:10224000284602F007F818B10121284603F02BFCBC
:102250004FF0000A284600F0FBF98346FAF7E2FD4A
:1022600082460226FCF790F88146B9F1000F03D1AF
:102270004046F9F78CFF81464846FCF7DAF80746F6
:10228000022F01D0042F01D146F00406BAF1000F4D
:1022900006D046F0080631462846FEF7C0FE07E0A5
:1022A00031462846FEF7BBFE08212846FFF7D7FB3C
:1022B0009CE0092C04D140212846FEF7B0FE95E0B1
:1022C0000A2C16D140212846FFF7C9FB284601F009
:1022D00003F802280CD16A4602A9284600F0D0FB78
:1022E00002A9284602F08DFB6946284602F089FBC8
:1022F0007CE00F2C04D10E212846FFF7B0FB75E0DF
:10230000292C23D10021284601F015F8814600210F
:10231000284601F08DF98246BAF1000F02D1B9F1D9
:10232000000F02D0284602F0F5FB284600F0A3F883
:102330000746002607E0A868006850F826B058460F
:1023400002F0E8FB761CBE42F5D34FE0222C2FD1E1
:10235000002641F201023146284601F0F7FC0390C5
:10236000039800B2074600BF41F2040231462846F6
:1023700001F0ECFC0390039800B28146002128464E
:1023800000F0D9FF82460021284601F051F983462A
:10239000BBF1000F08D1BAF1000F05D142F2D170A4
:1023A000874201D0814502D1284602F0B3FB1DE0EF
:1023B000132C12D14046F9F724FF06460021284687
:1023C000FFF793F90746B6F90000B84202DDB6F907
:1023D000000000E03846308008E0152C03D0182CAF
:1023E00001D0122C02D14046FFF74AFC00BF25E67F
:1023F0002DE9F04106460D4616B96868046800E00C
:10240000346800E0246814B120690028FAD014B9B7
:102410000120BDE8F081206908B90120F9E700201A
:10242000E86029462046226990470127287E00F06F
:10243000010000B100273846EBE7024600BF00BFAD
:10244000906808B900207047002908DA9068406851
:102450000144002901DA0020F5E70B4600E00B46B5
:1024600090684068984201D80020ECE790680068C6
:1024700050F82100E7E7014600BF00BF886808B9AF
:102480000020704788684068FBE770B505460C4639
:1024900005F114012046F3F7B9F9A868B8B120880E
:1024A000A968898A401A00B22080A088A968898A10
:1024B000084400B2A0806088A968898A401A00B2E6
:1024C0006080E088A968898A084400B2E08070BD15
:1024D00070B506460C4600BF00BF0021304601F033
:1024E00006F805462146304600F066F8684202B21A
:1024F000684201B22046F3F7CDFA0021304601F0E0
:1025000010FA2188084400B220800021304601F0F2
:10251000B1FAA188081A00B2A0800021304601F06B
:102520006CFB6188084400B260800021304601F0F5
:102530001BF9E188081A00B2E08070BD2DE9F04176
:10254000074600BF00BF0021384601F056FB044695
:102550000021384601F008F905460021384600F010
:10256000C6FF0646384600F07DF8001B401B0221DE
:1025700001FB160000B2BDE8F0812DE9F0410746ED
:1025800000BF00BF0021384601F0CBF9044600210E
:10259000384601F06FFA05460021384600F0A7FFE3
:1025A0000646384601F0F9FD001B401B022101FBE5
:1025B000160000B2BDE8F08170B505460C4600BFBC
:1025C00000BF05F114012046F3F720F970BD0000AB
:1025D00070B5064600BF00BF706808B9354603E015
:1025E000304600F097F805460E48E1F784FD0446B2
:1025F00011E0002107E0E06850F82100A84201D175
:10260000204670BD491C606A8842F4D821460548BE
:10261000E1F789FD0446002CEBD100BF00BF00208C
:10262000EFE700004C450020024600BF00BF906865
:1026300008B9002070479068807E884201D8002049
:10264000F8E79068C06801EB410300EB8300F1E715
:10265000014600BF00BF886810B188688068704775
:102660000020FCE710B5044600BF00BF04F11400D1
:10267000F3F72DF910BD70B5064600BF00BF304618
:1026800000F040F805460DB9002070BD002400BFE1
:1026900008E021462846FFF7D0FEB04201D120468F
:1026A000F3E7641C2846FFF7E6FEA042F1D84FF09E
:1026B000FF30EAE72DE9F04104460F4690461E46FA
:1026C000002518E0E06800EBC5004068C0F300603A
:1026D00080B1E06800EBC500406820F07F40B04268
:1026E00008D1E16851F835004246394605F09CFDB5
:1026F000BDE8F0816D1C608CC0F3C500A842E1D834
:102700000020F5E7014609B90020704700BF00BF6F
:102710004868FAE710B5044600BF00BF224600BF74
:1027200013461846FFF7EEFF0246002AF8D1184676
:1027300010BD00002DE9F84F074600BF00BF2B4C2D
:102740003846FFF798FE8046002514E0B868006818
:1027500050F825B02649584601F087FD00B109E040
:10276000BBF91A00A04201DA204601E0BBF91A00C9
:10277000044600BF6D1C4545E8D30021384601F0F2
:1027800049FA00900021384600F0FBFF8146002105
:10279000384600F0B9FE06461448844205D0788BCE
:1027A000A0EB0900801B201A04B2384600F09EFD01
:1027B00082463846FFF756FF0099401AA0EB090001
:1027C000022101FB1600AAEB00000FFA80FA38463E
:1027D00000F04CF9AAEB00000FFA80FA544502DD34
:1027E0002046BDE8F88F5046FBE7000001E0FFFF00
:1027F000010004000146886820B18868407E00F02E
:102800000F0070470F20FCE770B506460D460E49D5
:102810003046F2F7A5F9044614B1606A404202E07E
:10282000304600F019F900B2288008493046F2F726
:1028300097F9044614B1606A404202E0304600F065
:1028400015F900B2688070BDC9D00208E5D0020851
:102850002DE9FC5F044600BF00BF0021204600F0C8
:10286000C5FD012809D0A06810B90020BDE8FC9F73
:10287000A068008A404200B2F8E70021204601F03B
:1028800006F901900021204601F058F80746002182
:10289000204600F039FE80464FF0000941F6FF75F2
:1028A0002046FFF7E8FD8246002617E0A068006892
:1028B00050F8260000902049009801F0D6FC00B1A5
:1028C0000BE00098B0F91400A84201DD284602E0B0
:1028D0000098B0F91400054600BF761C5645E5D3B4
:1028E00041F6FF70854208D0A946A08A384440448A
:1028F000A0EB09000FFA80F901E0DFF840902046D4
:1029000000F004FD8346204601F047FC0199401A7F
:10291000C01B022101FB1800ABEB00000FFA80FB8B
:10292000204600F099F858440FFA80FBD94501DDA4
:1029300048469BE7584699E70100040001E0FFFF85
:102940002DE9F84F044600BF00BF0021204600F0EB
:102950004DFD012808D1A06810B90020BDE8F88F0E
:10296000A068B0F91000F9E72A4D2046FFF783FD73
:102970008046002614E0A068006850F826B026497A
:10298000584601F072FC00B109E0BBF91800A842FA
:1029900001DA284601E0BBF91800054600BF761CA5
:1029A0004645E8D30021204601F071F88146002118
:1029B000204600F0C3FF00900021204600F0A4FD57
:1029C00007461448854205D0208BA0EB0900C01BA8
:1029D000281A05B2204600F099FC8246204601F0F4
:1029E000DCFBA0EB09010098081A022101FB17008B
:1029F000AAEB00000FFA80FA204600F02DF8AAEBAF
:102A000000000FFA80FA554501DD2846A6E750463A
:102A1000A4E7000001E0FFFF010004000146886810
:102A200020B18868007EC0F3810070470020FCE779
:102A30000146886820B18868007EC0F301107047A5
:102A40000020FCE70146886808B9002070478868C4
:102A5000408A404200B2F9E70146886808B9002080
:102A600070478868008A404200B2F9E701468868EA
:102A700008B9002070478868408A404200B2F9E7F0
:102A80002DE9F04F95B005460C4616464FF0FF3045
:102A900003460022114600902046F3F71DF84FF040
:102AA000FF3003460022114600903046F3F714F839
:102AB0001021284601F0CEFB10B915B0BDE8F08F0B
:102AC000284600F009FC8046B8F1000F00D1F4E779
:102AD0000020FBF75FFC1490B8F1020F11D109E060
:102AE0001498FBF796FCA84200D106E01498FBF777
:102AF00051FC149014980028F2D100BF149800B92A
:102B0000DBE72846FFF79EFF13902846FFF712FEEB
:102B100012902846FFF79CFE11902846FFF710FF01
:102B200010902846FFF766FE0F9000200E900F9839
:102B300000F00C00A8B1B8F1010F10D0B8F1030FEC
:102B400005D1139800280ADC1298002807DCB8F198
:102B5000020F06D11498FBF749FC0C2801D1012083
:102B60000E9000200D900F9800F00300A8B1B8F16E
:102B7000010F10D0B8F1030F05D1119800280ADC1D
:102B80001098002807DCB8F1020F06D11498FBF763
:102B90002DFC032801D101200D900D9810B90E983D
:102BA00000B98AE74FF48031284600F01FFC012865
:102BB00000D100E000200C904FF48031284601F055
:102BC00029F883464FF48031284600F0DAFD0B9057
:102BD0004FF48031284600F0B1FE07464FF48031B3
:102BE000284600F054FF81464FF48030039041F2B4
:102BF00001022846039901F0A9F80290029800B258
:102C00000A902846FFF72EFD0990284601F0C5FAE4
:102C100008900E9808B10A9800E0002082460D98AE
:102C200008B10A9800E0002007904FF4803003902C
:102C300021222846039901F089F802900298C0B237
:102C400002280DDA4FF48030039031222846039990
:102C500001F07CF802900298C0B2022800DA2CE75A
:102C60001399099801441298084400B205900E98EF
:102C700000287DD005980028FBD0E88A7080688BFA
:102C8000F0800C9850B1A88A384400B23080318866
:102C90000A980844401E00B2B0800AE0288BA0EBDE
:102CA000090000B2B080B1880A98081A401C00B22E
:102CB00030800998A0EB0B010B98091A0798081AA5
:102CC00009994843059990FBF1F000B20390002068
:102CD000F5F7ACFD00EB8000502101EB4000A02196
:102CE00090FBF1F001280BDD0020F5F79FFD00EBD4
:102CF0008000502101EB4000A02190FBF1F000E0AA
:102D000001200399884201DA039819E00020F5F7C1
:102D10008DFD00EB8000502101EB4000A02190FBD5
:102D2000F1F001280BDD0020F5F780FD00EB8000BD
:102D3000502101EB4000A02190FBF1F000E00120C8
:102D400000B203900998A0EB0B010B98091A0798A1
:102D5000091A0398081A00B2069009990598401AB2
:102D600000B20290029800280EDCE88A584400E085
:102D7000BFE000B27080698B0B98091A0798081A97
:102D8000401E00B2F080B3E01299069848430299C1
:102D900090FBF1F000B2019001990698401A00B240
:102DA0000190E98A01980844584400B27080718803
:102DB00003980844401E00B2F080B6F90210B5F93D
:102DC00016005844814242DAE88A584400B27080C2
:102DD0000020F5F72BFD00EB8000502101EB4000B7
:102DE000A02190FBF1F001280BDD0020F5F71EFD7E
:102DF00000EB8000502101EB4000A02190FBF1F09E
:102E000000E00120B6F902100844B6F90610884225
:102E10001DDD0020F5F70AFD00EB8000502101EBDD
:102E20004000A02190FBF1F001280BDD0020F5F718
:102E3000FDFC00EB8000502101EB4000A02190FB45
:102E4000F1F000E001207188084400B2F080B6F98A
:102E50000610B5F91A200798121A0B98101A814219
:102E600045DD698B0798091A0B98081A00B2F080A3
:102E70000020F5F7DBFC00EB8000502101EB400067
:102E8000A02190FBF1F001280BDD0020F5F7CEFC2E
:102E900000EB8000502101EB4000A02190FBF1F0FD
:102EA00000E00120B6F90610081AB6F902108842AF
:102EB0001DDA0020F5F7BAFC00EB8000502101EB91
:102EC0004000A02190FBF1F001280BDD0020F5F778
:102ED000ADFC00EB8000502101EB4000A02190FBF5
:102EE000F1F000E00120F188081A00B2708000BF04
:102EF00000BF1199089801441098084400B204904A
:102F00000D98002879D004980028FBD0698B0B9885
:102F1000081A00B2E080E1880A98081A401C00B242
:102F20006080A88A2080288BA0800898C01BA0EB16
:102F30000900A0EB0A0008994843049990FBF1F0BE
:102F400000B203900020F5F771FC00EB80005021E7
:102F500001EB4000A02190FBF1F001280BDD0020E7
:102F6000F5F764FC00EB8000502101EB4000A0214C
:102F700090FBF1F000E001200399884201DA039808
:102F800019E00020F5F752FC00EB8000502101EB26
:102F90004000A02190FBF1F001280BDD0020F5F7A7
:102FA00045FC00EB8000502101EB4000A02190FB8C
:102FB000F1F000E0012000B203900898C01BA0EBE4
:102FC0000900A0EB0A010398081A00B206900899BC
:102FD0000498401A00B20290029800281BDC0C985A
:102FE00060B1A88A38445044401E00B22080288B2B
:102FF000A0EB090000B2A0806BE16BE1A88A384425
:1030000000B22080288BA0EB0900A0EB0A00401E34
:1030100000B2A0805DE1109906984843029990FBA8
:10302000F1F000B2019001990698401A00B20190A7
:103030000C9800287ED0A98A01980844384450444E
:1030400000B22080218803980844401E00B2A0806E
:10305000B4F90000B5F9141039445144884243DAF8
:10306000A88A3844504400B220800020F5F7DEFBE7
:1030700000EB8000502101EB4000A02190FBF1F01B
:1030800001280BDD0020F5F7D1FB00EB800050217B
:1030900001EB4000A02190FBF1F000E00120B4F929
:1030A00000100844B4F9041088421DDD0020F5F733
:1030B000BDFB00EB8000502101EB4000A02190FB04
:1030C000F1F001280BDD0020F5F7B0FB00EB8000EC
:1030D000502101EB4000A02190FBF1F000E0012025
:1030E0002188084400B2A080B4F90410B5F9180092
:1030F000A0EB0900814244DD288BA0EB090000B25F
:10310000A0800020F5F792FB00EB8000502101EB3E
:103110004000A02190FBF1F001280CDD0020F5F724
:1031200085FB00EB8000502101EB4000A02190FBCB
:10313000F1F001E026E00120B4F90410081AB4F916
:10314000001088421DDA0020F5F770FB00EB8000CC
:10315000502101EB4000A02190FBF1F001280BDD94
:103160000020F5F763FB00EB8000502101EB4000ED
:10317000A02190FBF1F000E00120A188081A00B224
:103180002080A5E0A98A01980844384400B2208034
:10319000218803980844401E00B2A080B4F90000C2
:1031A000B5F914103944884242DAA88A384400B28A
:1031B00020800020F5F73AFB00EB8000502101EB66
:1031C0004000A02190FBF1F001280BDD0020F5F775
:1031D0002DFB00EB8000502101EB4000A02190FB73
:1031E000F1F000E00120B4F900100844B4F9041033
:1031F00088421DDD0020F5F719FB00EB800050210F
:1032000001EB4000A02190FBF1F001280BDD002034
:10321000F5F70CFB00EB8000502101EB4000A021F2
:1032200090FBF1F000E001202188084400B2A0806A
:10323000B4F90410B5F91800A0EB0A00A0EB0900DE
:10324000814245DD288BA0EB0A00A0EB090000B20B
:10325000A0800020F5F7EAFA00EB8000502101EB96
:103260004000A02190FBF1F001280BDD0020F5F7D4
:10327000DDFA00EB8000502101EB4000A02190FB23
:10328000F1F000E00120B4F90410081AB4F90010BC
:1032900088421DDA0020F5F7C9FA00EB80005021C2
:1032A00001EB4000A02190FBF1F001280BDD002094
:1032B000F5F7BCFA00EB8000502101EB4000A021A3
:1032C00090FBF1F000E00120A188081A00B22080F4
:1032D00000BF00BF00BF13E40146886820B18868C2
:1032E000007E00F0030070470320FCE738B5044679
:1032F0000548006800906A462C212046F8F78AFFAE
:10330000BDF9020038BD0000CC1A030838B50446E8
:103310000548006800906A462C212046F8F77AFF9D
:10332000BDF9000038BD0000C81A0308014600BFFF
:1033300000BF088C704738B504460D4641F20902BB
:103340002946204600F002FD00900098C0B238BD2A
:1033500038B504460D4641F209022946204600F0E0
:10336000F5FC00900098C0B238BD38B504460D4653
:1033700066222946204600F0E9FC0090009838BDFE
:1033800038B504460D4651222946204600F0DEFCA1
:103390000090009808B1012038BD0020FCE738B546
:1033A00004460D464FF405622946204600F0CEFC47
:1033B0000090009800B238BD38B504460D464FF471
:1033C00005622946204600F0C1FC0090009800B23A
:1033D00038BD38B504460D4641F26A4229462046BA
:1033E00000F0B4FC00900098C0B238BD38B5044677
:1033F0000D4641F26A422946204600F0A7FC0090A3
:103400000098C0B238BD38B504460D4641F26A4254
:103410002946204600F09AFC00900098C0B238BDC2
:1034200038B504460D4641F26A422946204600F06E
:103430008DFC00900098C0B238BD38B504460D46EA
:1034400041F26A422946204600F080FC0090009834
:10345000C0B238BD38B504460D4641F26A4229462D
:10346000204600F073FC00900098C0B238BD38B51B
:1034700004460D4641F26A422946204600F066FCA9
:1034800000900098C0B238BD38B504460D4644F2ED
:1034900020022946204600F059FC0090009838BDD3
:1034A00038B504460D4621222946204600F04EFC40
:1034B00000900098C0B238BD38B504460D46682269
:1034C0002946204600F042FC00900098C0B238BD6A
:1034D00038B504460D4634222946204600F036FC15
:1034E0000090009808B1012038BD0020FCE738B5F5
:1034F00004460D4641F232022946204600F026FCE1
:103500000090009800B238BD38B504460D4641F22F
:1035100032022946204600F019FC0090009800B2C3
:1035200038BD38B504460D4641F2320229462046E0
:1035300000F00CFC0090009800B238BD38B504468D
:103540000D4641F232022946204600F0FFFB009072
:10355000009800B238BD38B504460D4641F232023B
:103560002946204600F0F2FB0090009800B238BDDA
:1035700038B504460D4641F232022946204600F095
:10358000E5FB0090009800B238BD38B504460D4602
:1035900061222946204600F0D9FB0090009808B12E
:1035A000012038BD0020FCE738B504460D4605482B
:1035B00002882946204600F0C9FB00900098C0B25E
:1035C00038BD0000FC00002038B504460D4641F22D
:1035D00004022946204600F0B9FB0090009800B292
:1035E00038BD38B504460D4641F20402294620464E
:1035F00000F0ACFB0090009800B238BD38B504462E
:103600000D4641F204022946204600F09FFB00903F
:10361000009800B238BD38B504460D4641F20402A8
:103620002946204600F092FB0090009800B238BD79
:1036300038B504460D4641F269022946204600F09D
:1036400085FB0090009880B238BD38B504460D4621
:1036500041F269022946204600F078FB009000986C
:1036600080B238BD38B504460D4640F649022946B9
:10367000204600F06BFB0090009800B238BD38B5D2
:1036800004460D4641F206022946204600F05EFB44
:103690000090009800B238BD38B504460D4641F29E
:1036A00005022946204600F051FB0090009800B228
:1036B00038BD38B504460D4640F2624229462046E0
:1036C00000F044FB00900098C0B238BD38B5044605
:1036D0000D4640F262422946204600F037FB00903A
:1036E0000098C0B238BD38B504460D4640F262427B
:1036F0002946204600F02AFB00900098C0B238BD51
:1037000038B504460D4640F63C022946204600F0F6
:103710001DFB00900098C0B238BD38B504460D4678
:1037200040F63D022946204600F010FB009000982C
:1037300000B238BD38B504460D4640F63A02294677
:10374000204600F003FB0090009800B238BD38B569
:1037500004460D4641F611022946204600F0F6FACD
:103760000090009800B238BD38B504460D4641F6C9
:1037700011022946204600F0E9FA0090009800B2B4
:1037800038BD38B504460D4641F61102294620469B
:1037900000F0DCFA0090009800B238BD38B504465D
:1037A0000D4641F611022946204600F0CFFA00905E
:1037B000009800B238BD38B504460D4641F61102F6
:1037C0002946204600F0C2FA0090009800B238BDA9
:1037D00038B504460D4641F611022946204600F050
:1037E000B5FA0090009800B238BD38B504460D46D1
:1037F00041F611022946204600F0A8FA00900098F0
:1038000000B238BD38B504460D4641F611022946CE
:10381000204600F09BFA0090009800B238BD38B501
:1038200004460D4641F611022946204600F08EFA64
:103830000090009800B238BD38B504460D4641F6F8
:1038400011022946204600F081FA0090009800B24B
:1038500038BD38B504460D4641F6110229462046CA
:1038600000F074FA0090009800B238BD38B50446F4
:103870000D4641F611022946204600F067FA0090F5
:10388000009800B238BD38B504460D4641F6150221
:103890002946204600F05AFA0090009800B238BD40
:1038A00038B504460D4641F615022946204600F07B
:1038B0004DFA0090009800B238BD38B504460D4668
:1038C00041F615022946204600F040FA0090009883
:1038D00000B238BD38B504460D4641F615022946FA
:1038E000204600F033FA0090009800B238BD38B599
:1038F00004460D4641F615022946204600F026FAF8
:103900000090009800B238BD38B504460D4641F627
:1039100012022946204600F019FA0090009800B2E1
:1039200038BD38B504460D4641F6120229462046F8
:1039300000F00CFA0090009800B238BD38B504468B
:103940000D4641F612022946204600F0FFF900908C
:10395000009800B238BD38B504460D4641F6120253
:103960002946204600F0F2F90090009800B238BDD8
:1039700038B504460D4641F612022946204600F0AD
:10398000E5F90090009800B238BD38B504460D4600
:1039900041F612022946204600F0D8F9009000981E
:1039A00000B238BD38B504460D4641F6120229462C
:1039B000204600F0CBF90090009800B238BD38B531
:1039C00004460D4641F612022946204600F0BEF993
:1039D0000090009800B238BD38B504460D4641F657
:1039E00012022946204600F0B1F90090009800B27A
:1039F00038BD38B504460D4641F612022946204628
:103A000000F0A4F90090009800B238BD38B5044623
:103A10000D4641F612022946204600F097F9009023
:103A2000009800B238BD38B504460D4641F6120282
:103A30002946204600F08AF90090009800B238BD6F
:103A400038B504460D4641F612022946204600F0DC
:103A50007DF90090009800B238BD38B504460D4697
:103A600041F613022946204600F070F900900098B4
:103A700000B238BD38B504460D4641F6130229465A
:103A8000204600F063F90090009800B238BD38B5C8
:103A900004460D4641F613022946204600F056F929
:103AA0000090009800B238BD38B504460D4641F686
:103AB00013022946204600F049F90090009800B210
:103AC00038BD38B504460D4641F613022946204656
:103AD00000F03CF90090009800B238BD38B50446BB
:103AE0000D4641F613022946204600F02FF90090BA
:103AF000009800B238BD38B504460D4641F61302B1
:103B00002946204600F022F90090009800B238BD06
:103B100038B504460D4641F613022946204600F00A
:103B200015F90090009800B238BD38B504460D462E
:103B300041F613022946204600F008F9009000984B
:103B400000B238BD38B504460D4641F61302294689
:103B5000204600F0FBF80090009800B238BD38B560
:103B600004460D4641F613022946204600F0EEF8C1
:103B70000090009800B238BD38B504460D4641F6B5
:103B800013022946204600F0E1F80090009800B2A8
:103B900038BD38B504460D4641F614022946204684
:103BA00000F0D4F80090009800B238BD38B5044653
:103BB0000D4641F614022946204600F0C7F8009051
:103BC000009800B238BD38B504460D4641F61402DF
:103BD0002946204600F0BAF80090009800B238BD9F
:103BE00038B504460D4641F610022946204600F03D
:103BF000ADF80090009800B238BD38B504460D46C7
:103C000041F610022946204600F0A0F800900098E6
:103C100000B238BD38B504460D4641F610022946BB
:103C2000204600F093F80090009800B238BD38B5F7
:103C300004460D4641F610022946204600F086F85B
:103C40000090009800B238BD38B504460D4641F6E4
:103C500010022946204600F079F80090009800B242
:103C600038BD38B504460D4641F6100229462046B7
:103C700000F06CF80090009800B238BD38B50446EA
:103C80000D4641F610022946204600F05FF80090EC
:103C9000009800B238BD38B504460D4641F6100212
:103CA0002946204600F052F80090009800B238BD36
:103CB00038B504460D4641F610022946204600F06C
:103CC00045F80090009800B238BD38B504460D465E
:103CD00041F610022946204600F038F8009000987E
:103CE00000B238BD38B504460D4641F610022946EB
:103CF000204600F02BF80090009800B238BD38B58F
:103D000004460D4641F610022946204600F01EF8F2
:103D10000090009800B238BD38B504460D4641F613
:103D200010022946204600F011F80090009800B2D9
:103D300038BD38B504460D4641F6100229462046E6
:103D400000F004F80090009800B238BD2DE9F84367
:103D500005460E461446C4F38029C4F38038B8F1F2
:103D6000000F01D024F48044002714E06B46224663
:103D700031462846EEF7A9F9074607B10DE0B9F13B
:103D8000000F00D109E00EB1002604E02846FEF73E
:103D9000B9FC054600BF002DE8D100BF0FBB0EBB2C
:103DA00041F20100844202D0C01C84421AD128682A
:103DB0000AE041F201018C4202D1818A19B105E089
:103DC000C18A01B102E000680028F2D100BF41F2CF
:103DD00001018C4202D1B0F9141001E0B0F91610C3
:103DE000009103E0204604F0AFFA0090B8F1000F14
:103DF00005D031462846009AE1F7FCFF0090009874
:103E0000BDE8F88338B504460D46602229462046B1
:103E1000FFF79CFF0090009800B238BD38B504460B
:103E20000D4640F6410229462046FFF78FFF0090DD
:103E3000009800B238BD38B504460D4640F642023F
:103E400029462046FFF782FF0090009800B238BD57
:103E500038B504460D4640F6450229462046FFF790
:103E600075FF00900098C0B238BD38B504460D46C5
:103E700040F6430229462046FFF768FF009000986D
:103E800000B238BD38B504460D464FF404622946E9
:103E90002046FFF75BFF0090009800B238BD38B5B0
:103EA00004460D4644F2574229462046FFF74EFF8E
:103EB0000090009838BD38B504460D4641F259428D
:103EC00029462046FFF742FF0090009838BD38B5DC
:103ED00004460D4641F2594229462046FFF736FF77
:103EE0000090009838BD38B504460D4641F259425D
:103EF00029462046FFF72AFF0090009838BD38B5C4
:103F000004460D4641F2594229462046FFF71EFF5E
:103F10000090009838BD38B504460D4641F259422C
:103F200029462046FFF712FF0090009838BD38B5AB
:103F300004460D4641F2594229462046FFF706FF46
:103F40000090009838BD38B504460D4641F25942FC
:103F500029462046FFF7FAFE0090009838BD38B594
:103F600004460D4641F25A4229462046FFF7EEFE2E
:103F70000090009800B238BD38B504460D4641F2B5
:103F80005A4229462046FFF7E1FE0090009800B211
:103F900038BD38B504460D4641F25A4229462046FE
:103FA000FFF7D4FE0090009800B238BD38B5044643
:103FB0000D4641F25B4229462046FFF7C7FE0090BE
:103FC000009800B238BD38B504460D4641F25B4258
:103FD00029462046FFF7BAFE0090009800B238BD8F
:103FE00038B504460D4641F25B4229462046FFF7AC
:103FF000ADFE0090009800B238BD38B504460D46BD
:1040000041F25B4229462046FFF7A0FE009000984F
:1040100000B238BD38B504460D4641F25B42294630
:104020002046FFF793FE0090009800B238BD38B5E7
:1040300004460D4641F25B4229462046FFF786FEC4
:104040000090009800B238BD38B504460D4643F6DE
:104050000F0229462046FFF779FE0090009800B233
:1040600038BD38B504460D4640F60B0229462046B9
:10407000FFF76CFE0090009800B238BD38B50446DA
:104080000D4640F60B0229462046FFF75FFE0090E2
:10409000009800B238BD38B504460D4640F60A0215
:1040A00029462046FFF752FE0090009800B238BD26
:1040B00038B504460D4640F60A0229462046FFF769
:1040C00045FE0090009800B238BD38B504460D4654
:1040D00043F60E0229462046FFF738FE009000986E
:1040E00000B238BD38B504460D4641F201022946FA
:1040F0002046FFF72BFE0090009800B238BD38B57F
:1041000004460D4641F2010229462046FFF71EFEF5
:104110000090009800B238BD38B504460D4641F213
:10412000010229462046FFF711FE0090009800B2D8
:1041300038BD38B504460D4641F2010229462046F5
:10414000FFF704FE0090009800B238BD38B5044671
:104150000D4641F2010229462046FFF7F7FD009087
:10416000009800B238BD38B504460D4641F207024A
:1041700029462046FFF7EAFD0090009800B238BDBE
:1041800038B504460D4641F2080229462046FFF79D
:10419000DDFD0090009800B238BD10B5044600BFA8
:1041A00000BF04F11400F1F705FC10BD70B5064620
:1041B00000BF00BF3046FEF7A5FA0546ADB1B08A94
:1041C000A98A401A04B22846FEF746FC204404B2ED
:1041D00000212846FFF7A5FB201A04B2002128463B
:1041E000FFF785F9201A04B201E0B6F91440204621
:1041F00070BD70B5064600BF00BF3046FEF782FABC
:104200000546ADB1F18AE88A081A04B22846FEF7DD
:104210002DFC204404B200212846FFF7EEFC201AB2
:1042200004B200212846FFF762F9201A04B201E027
:10423000B6F91640204670BD70B5044600BF00BFF9
:104240002046FFF7D6FF05462046FEF70BFA284426
:1042500000B270BD024600BF00BFD069084088426E
:1042600001D1012070470020FCE7024600BF00BFDB
:10427000D069084008B1012070470020FCE70246E1
:1042800000BF00BF108C084008B10120704700201B
:10429000FCE77FB506460D4602213046FFF7DAFF00
:1042A00010B9002004B070BD80213046FFF7E7FF51
:1042B00008B10020F6E702A93046FEF7E6F8002232
:1042C000294602A8DEF7D7FC04460CB90020E9E72E
:1042D0004FF480313046FFF7BDFF58B10095012003
:1042E0008DF804006A4611213046F7F793FF9DF8D8
:1042F0000400D7E72046D5E72DE9FC4705460E46E2
:10430000144600BF4FF4056231462846FFF71EFDF4
:104310000190019800B26080608808B9BDE8FC8710
:1043200000BF532231462846FFF710FD0190019847
:10433000C0B22073207B022800DCEFE7314628461C
:10434000FFF7C4F90746FD2F03DA207B78430012FC
:104350002073207B022800DCE0E700BF44F2520219
:1043600031462846FFF7F2FC009000980190BDF816
:104370000400208000BF542231462846FFF7E6FCA7
:1043800001900198A060A846B14651224946404696
:10439000FFF7DCFC0190019808B1012000E000204B
:1043A000617B60F38201617331462846FFF784F830
:1043B000617B60F30101617300BFAFE72DE9FC4150
:1043C00005460E46144600BF462231462846FFF7F2
:1043D000BDFC01900198C0B2E072E07A022801DCD5
:1043E000BDE8FC8131462846FFF770F90746FD2FEE
:1043F00003DAE07A78430012E072E07A022800DC07
:10440000EEE7002020804FF48070608000BF298B91
:10441000AA8A891A491C09B2084601EBD0714910D1
:10442000A18000BF698BEA8A891A491C09B2084633
:1044300001EBD0714910E18000BF48223146284687
:10444000FFF784FC01900198C0B2A072A07A002806
:104450000CDD00BF44F2470231462846FFF776FCE8
:10446000009000980190BDF8040020813146284654
:10447000FFF722F8207300BFB2E7F8B505460E46F5
:10448000144600BF4FF48B6231462846FFF75EFCAE
:1044900000900098C0B2A076A07E022800DCF8BD93
:1044A00031462846FFF712F90746FD2F03DAA07EB2
:1044B00078430012A076A07E022800DCEFE73146A8
:1044C0002846FFF7ECFC0090BDF80000A08100BF7B
:1044D00041F25A4231462846FFF738FC00900098D6
:1044E00000B2A08200BF41F25B4231462846FFF78E
:1044F0002DFC0090009800B2608200BF40F25C4248
:1045000031462846FFF722FC00900098A17F60F317
:104510000201A17731462846FEF7CEFFA17F60F366
:10452000C501A17731462846FFF7C5FC206000BFD2
:1045300041F25D4231462846FFF708FC00900098A2
:10454000C0B2207700BFAAE72DE9FC4705460E461A
:10455000144600BF40F6490231462846FFF7F6FBF5
:104560000190019800B26080608808B9BDE8FC87BE
:1045700000BF4E2231462846FFF7E8FB0190019824
:10458000C0B22072207A022800DCEFE731462846CC
:10459000FFF79CF80746FD2F03DA207A78430012D4
:1045A0002072207A022800DCE0E700BF44F24D02CE
:1045B00031462846FFF7CAFB009000980190BDF8ED
:1045C0000400208000BF4A2231462846FFF7BEFB88
:1045D0000190019800B2A080A08848B100BF4B2292
:1045E00031462846FFF7B2FB0190019800B2E08007
:1045F000A846B1464C2249464046FFF7A7FB01902A
:10460000019808B1012000E00020617A60F3820186
:104610006172607A810861F3C30060723146284696
:10462000FEF74AFF617A60F30101617200BF9DE706
:104630002DE9FC4706460D46144600BF6022294678
:104640003046FFF783FB0190019800B2208025B12E
:1046500029463046FFF73AF800E0FF208046294619
:104660003046FFF733F80746022F02DDB8F1020F9C
:1046700009DC0020E07084F8220084F8360084F819
:104680002A00BDE8FC8729463046FEF715FFA070DA
:10469000E078002870D000BF212229463046FFF77D
:1046A00055FB01900198C0B2E070E078022863DD0C
:1046B00029463046FEF7E8FE0190BDF80400A080D0
:1046C00000BF262229463046FFF740FB01900198A3
:1046D0008146B9F1000F0AD099F8090000F00700EF
:1046E00028B10A224946A01DFBF7E3FE43E000BFC4
:1046F000232229463046FFF729FB01900198E17BF0
:1047000060F30201E173E07B00F0070038B3294653
:104710003046FEF7B9FE0190BDF80400E08000BF0E
:1047200044F2220229463046FFF710FB0090009821
:104730000190A01DBDF80410618100BF242229460C
:104740003046FFF703FB01900198207200BF25223D
:1047500029463046FFF7FAFA01900198207300BF0E
:10476000272229463046FFF7F1FA01900198E17BB4
:1047700060F3C501E17300BF00BF41F23202294678
:104780003046FFF7E3FA0190019800B22084208CB4
:1047900060B394F8220048B300BF31222946304666
:1047A000FFF7D4FA01900198C0B284F8220094F87F
:1047B000220002281ADD00BF332229463046FFF7C7
:1047C000C5FA0190019894F8231060F3450184F82C
:1047D000231000BF44F2300229463046FFF7B6FAF4
:1047E000009000980190BDF80400E083294630460F
:1047F000FEF7A0FFE084E08CF0B194F82A00D8B175
:1048000029463046FEF77CFF84F82A0094F82A00F7
:10481000022811DD29463046FEF77FFF208500BFC4
:1048200044F23B0229463046FFF790FA0090009888
:104830000190BDF80400A084A07E002851D000BFE4
:1048400040F6280229463046FFF780FA0190019889
:1048500020612069002844D000BF29222946304623
:10486000FFF774FA01900198C0B2A076A07E0228EA
:1048700037DD2069F9F726FD02280DD1294630469B
:10488000FFF719FB606129463046FFF708FB0190EE
:10489000BDF80400208324E000BF44F22A02294628
:1048A0003046FFF753FA009000980190BDF80400DD
:1048B000208300BF2B2229463046FFF747FA01909C
:1048C0000198C0B2E076B146AA462C22514648462D
:1048D000FFF73CFA0190019808B1012000E00020A8
:1048E000207794F8360080B329463046FFF7CAFA9D
:1048F000E085E08D48B394F83600022825DD29468E
:104900003046FFF7A5FA84F8360094F836000228FE
:104910001BDD29463046FFF781FA208629463046BE
:10492000FFF789FA608629463046FFF79EFAA0868F
:1049300000BF44F2440229463046FFF707FA0090D0
:1049400000980190BDF80400A085B8F1FD0F02DACF
:1049500008FB07F00712FD2F17DA173414F8140CB0
:104960007843001204F8140CE07878430012E070E9
:10497000E07A78430012E072E07F78430012E0773B
:10498000E07C78430012E074173C00BF79E67CB508
:10499000054600BF00BF03E02846FDF7B3FE05460D
:1049A0002846FDF7AFFE30B14FF400212846FFF74F
:1049B00051FC0028F0D12846DFF777FC044605F1CA
:1049C00014016846F0F722FFBDF80000001B00B29A
:1049D000ADF80000BDF80200001B00B2ADF8020007
:1049E000BDF80400204400B2ADF80400BDF8060094
:1049F000204400B2ADF806006946284600F001F8F0
:104A00007CBD2DE9FC4105460E4600BF00BF314686
:104A10006846F0F7FBFE69462846FCF7E9FD0446C8
:104A200034B12846FDF7D4FD07466946DFF7CFFAD3
:104A3000BDE8FC810246116800E0096821B1087EEA
:104A400000F003000028F8D009B900207047087E64
:104A500000F00300012800D1F8E70020F6E7024645
:104A6000116800E0096821B1087EC0F381000028C8
:104A7000F8D009B900207047087EC0F381000128F2
:104A800000D1F8E70020F6E770B506460B4930463E
:104A9000FFF7EBFB08B1002070BD3046FDF732FE9A
:104AA00004460CB90020F7E700212046FEF7CDFDB3
:104AB00005460DB10120EFE70020EDE701000600FB
:104AC0007CB5054600BF00BF2846DFF7EEFB044675
:104AD00005F114016846F0F799FEBDF80000001BCF
:104AE00000B2ADF80000BDF80200001B00B2ADF846
:104AF0000200BDF80400204400B2ADF80400BDF887
:104B00000600204400B2ADF8060069462846FCF7CE
:104B10006FFD7CBD70B50446608C20F00100401C28
:104B200060842046FDF7F6FD0546688C20F0020003
:104B3000801C68842846FDF74BFD0646706810B15E
:104B4000706805F0A5FB70BD2DE9F04780460D4665
:104B5000164699464046FDF78EFC8246002726E021
:104B6000D8F80800006850F82740B9F1000F06D0C7
:104B70004FF480212046FFF76DFB00B116E0A08ABC
:104B8000284400B2A082E08A304401B2E182208B46
:104B9000284401B22183608B304401B26183002339
:104BA000324629462046FFF7CFFF00BF7F1C5745FE
:104BB000D6D3BDE8F0872DE9F04F85B004460E4608
:104BC00017466568002D34D000212846FEF7A9FE5F
:104BD000824600212846FFF710F883464FF48021D3
:104BE0002046FFF737FB40B1A88A5044304406B254
:104BF000E88A5844384407B20FE02846FDF72CFFF6
:104C0000A98A5144081A304406B22846FDF72EFFFF
:104C1000E98A5944081A384407B200212846FEF7A9
:104C200066FC814606EB090006B207EB090007B2F5
:104C300000BFA08A301A00B2ADF81000E08A381A1E
:104C400000B2ADF81200BDF8100028B9BDF812008E
:104C500010B905B0BDE8F08F2046FFF798FE02A915
:104C60002046FDF7A9FC4FF000087DB169462846B3
:104C7000FDF72EFC0022694602A8DDF726FF8046DC
:104C8000B8F1000F02D1284600F062FFA08ABDF8FB
:104C90001010084400B2A082E08ABDF81210084447
:104CA00001B2E182208BBDF81010084401B22183CB
:104CB000608BBDF81210084401B26183BDF9122067
:104CC000BDF9101000232046FFF73EFF25B1224614
:104CD00022212846F7F79EFA2046FFF758FE9DB19D
:104CE0000022694604F11400DDF7EFFE8146B8F1B9
:104CF000000F05D1B8F1000F05D1B9F1000F02D0B6
:104D0000284600F025FF00BF00BFA2E72DE9F041D3
:104D100080460C4600BF00BF002C06DA4046FDF777
:104D2000F1FC0246FDF7A7FB04444046FDF7A3FC57
:104D300007464046FDF7E6FC0646002C01DABDE8D2
:104D4000F0813046FDF797FBA04200DCF7E7BC425C
:104D500000D1F4E73D46BC420DDA09E0B0680168D5
:104D6000681E51F82000B168096841F825006D1EE1
:104D7000A542F3DC0CE009E0B0680168681C51F85A
:104D80002000B168096841F825006D1CA542F3DBDD
:104D9000B068006840F82480002222213046F7F7EE
:104DA00039FA3046FFF7F3FD00BFC8E72DE9F041BF
:104DB00007460E463846FDF73BFEC8B93846FDF7B4
:104DC00041FE05463846FDF7B5FC0446002C0EDAD8
:104DD000002D0CDD6042854201DA284600E0604289
:104DE00004B2334622460021384600F009FD00BFD8
:104DF0003846FDF713FE88BB3846FDF729FD04460B
:104E00003846FDF79DFD054600213846FEF7EEFACF
:104E1000012811D0002D20DA002C1EDD68428442CA
:104E200001DA204600E0684205B2334600222946F6
:104E3000384600F0E5FC10E0002C0EDA002D0CDD09
:104E40006042854201DA284600E0604205B23346FE
:104E500000222146384600F0D3FC00BFBDE8F081B7
:104E60002DE9F14F86B00698FFF70EFE10B107B09E
:104E7000BDE8F08F0698FDF745FC059000210698E7
:104E8000FFF771F9054600210698FFF779F9044606
:104E9000059828B9224629460698FFF78CFEE6E7D2
:104EA0000598FDF76AFB80460598FDF747FB064627
:104EB00005F4C040B0F5005F01D1012000E0002002
:104EC00030B125F4C040B0F5FA6F01DC012000E0FC
:104ED000002088B125F4C040B0F57A7F04DD25F4C8
:104EE000C040C0F57A7001E025F4C04000FB08F036
:104EF000642190FBF1F005B204F4C040B0F5005F0E
:104F000001D1012000E0002030B124F4C040B0F510
:104F1000FA6F01DC012000E0002080B124F4C040E1
:104F2000B0F57A7F04DD24F4C040C0F57A7001E06A
:104F300024F4C0407043642190FBF1F004B2069861
:104F400002900020039043F20C02DDE90201FEF71B
:104F5000FDFE019001980FFA80FA00BF06980290BA
:104F60000020039043F20D02DDE90201FEF7EEFEA0
:104F7000019001980FFA80FB00BF0698FFF70DF92A
:104F800081460698FDF76EFB07460AF4C040B0F56F
:104F9000005F01D1012000E0002030B12AF4C040C0
:104FA000B0F5FA6F01DC012000E0002090B12AF496
:104FB000C040B0F57A7F04DD2AF4C040C0F57A70B5
:104FC00001E02AF4C04000FB09F0642190FBF1F0FD
:104FD0000FFA80FA0BF4C040B0F5005F01D1012058
:104FE00000E0002030B12BF4C040B0F5FA6F01DCD6
:104FF000012000E0002088B12BF4C040B0F57A7F9A
:1050000004DD2BF4C040C0F57A7001E02BF4C04001
:105010007843642190FBF1F00FFA80FB05EB0A0066
:1050200005B204EB0B0004B200210698FEF790F9DC
:105030000490049850B900210598FEF7CAF9012898
:1050400002D10320049001E001200490049801287B
:1050500005D1224629460698FFF7ADFD6FE004987A
:10506000801E082864D2DFE800F0041021253415E2
:105070003C4C414608EBD1725210484609EBD073C4
:10508000A2EB63022A4415B253E0A8EB09002844BE
:1050900005B24EE0314606EBD1725210384607EBAE
:1050A000D073A2EB6302224414B242E0F01B20440E
:1050B00004B23EE0414608EBD1725210484609EB7B
:1050C000D073A2EB63022A4415B2F01B204404B251
:1050D0002FE0A8EB0900284405B2F01B204404B2DD
:1050E00027E0A8EB0900284405B2314606EBD1724F
:1050F0005210384607EBD073A2EB6302224414B27D
:1051000017E0414608EBD1725210484609EBD073C4
:10511000A2EB63022A4415B2314606EBD17252105B
:10512000384607EBD073A2EB6302224414B200E0CE
:1051300000BF00BF224629460698FFF73CFD00BF8E
:1051400095E62DE9F04F8DB0044600BF00BF608C9E
:10515000C0F3802038B1608CC0F3402018B100202B
:105160000DB0BDE8F08F2046FDF7CCFA07460FB929
:105170000020F5E72046FDF76BFB0C9000200B901C
:105180000A90608CC0F3802020B12046FFF705F81C
:10519000054680E000212046FEF7A4FF054642F2C6
:1051A000D1718D4201D1012000E000200B9005F467
:1051B000C040B0F5005F01D1012000E0002030B117
:1051C00025F4C040B0F5FA6F01DC012000E00020BA
:1051D0000A903846FDF7D1F981460B9820B1204658
:1051E000E1F7F2FA054634E00A98F8B1788CC0F39A
:1051F0008020E0B900213846FEF774FF42F2D171F9
:10520000884214D100212046FEF771F90190002157
:105210002046FEF786FB0199084405B2002120468E
:10522000FEF728FC01990844284405B211E025F452
:10523000C040B0F57A7F04DD25F4C040C0F57A7037
:1052400001E025F4C04000FB09F0642190FBF1F07F
:1052500005B20020019041F2020220460199FEF7BA
:1052600075FD009000980FFA80FA00BF00200190B1
:1052700041F2030220460199FEF768FD0090009874
:105280000FFA80FB00BF4B465A4651462846F2F7BC
:10529000B0FA054600BF2046FDF7D4FB0990002078
:1052A00008900790608CC0F3402020B12046FDF7A5
:1052B000D9F9064680E000212046FEF785F906462A
:1052C00042F2D1718E4201D1012000E0002008900D
:1052D00006F4C040B0F5005F01D1012000E00020DD
:1052E00030B126F4C040B0F5FA6F01DC012000E0D7
:1052F000002007903846FDF721F98146089820B133
:105300002046E1F7C5F9064634E00798F8B1788CF5
:10531000C0F34020E0B900213846FEF755F942F2CB
:10532000D171884214D100212046FEF7E0F80190A7
:1053300000212046FEF761FC0199084406B20021D5
:105340002046FEF711FA01990844304406B211E0F4
:1053500026F4C040B0F57A7F04DD26F4C040C0F5E5
:105360007A7001E026F4C04000FB09F0642190FB54
:10537000F1F006B20020019041F2050220460199A9
:10538000FEF7E4FC009000980FFA80FA00BF0020BE
:10539000019041F2060220460199FEF7D7FC0090E9
:1053A00000980FFA80FB00BF4B465A4651463046E4
:1053B000F2F7C8F9064600BF0B9808B9089828B15B
:1053C00000232046099A0C9900F05BFB2046FEF76B
:1053D000E4FEA84206D12046FDF744F9B04201D1CF
:1053E0000020BDE62046FFF7D2FA05A92046FDF7CA
:1053F000E3F803A93846FDF76BF8002203A905A8D6
:10540000DDF763FB8046B8F1000F02D1384600F0AB
:105410009FFBE08A3044401E01B261830021204698
:10542000FDF7D7FF012805D1208B401B401C00B29F
:10543000A08204E0A08A2844401E01B2218305AA6C
:1054400029212046F6F7E6FE224622213846F6F7C5
:10545000E1FE2046FFF79BFA00212046FFF7A6FC5D
:10546000002203A904F11400DDF72FFB0290B8F12C
:10547000000F04D1B8F1000F04D1029810B13846E2
:1054800000F066FB01206BE638B5044600BF00BFA4
:105490002046DEF70AFF0546002000906A461321E9
:1054A0002046F6F7B7FEBDF90000A84202D020461C
:1054B000FFF76DFAA06820B1BDF90000A168C882AD
:1054C00009E0BDF8000030B12046FCF765F8BDF9F1
:1054D0000000A168C882BDF90000A84202D02046A1
:1054E000FFF755FA38BD70B5044600212046FEF797
:1054F000F9FD054600212046FEF766F8064642F211
:10550000D170854203D0864201D0002070BD204674
:10551000FFF700FB0120F9E72DE9F84306460F46A7
:10552000144600BF00BF3848007808B9BDE8F883CA
:105530003046FFF72CFA384600F03DFF054604F4EC
:10554000805040B3B5F5702F1DD0E5B14FF0000885
:1055500041F2040241463046FEF7F8FB0090009805
:1055600000B242F2D17188420DD000BF41F2010277
:1055700041463046FEF7EAFB0090009800B242F246
:10558000D171884207D100222A213046F6F742FE27
:105590003046FFF7BFFAB5F5702F00D08DB94FF642
:1055A000FF70844202D004F4005050B13046FDF741
:1055B000A9F88046B8F1000F02D04046FFF7AAFADA
:1055C00000BF4FF6FF70844202D004F4006010B1B7
:1055D0003046FFF759FF3046FFF7D9F94FF6FF7015
:1055E000844208D004F4806058B104F4006010B91B
:1055F00004F4805028B1B5F5803F02D0304607F062
:105600007AF900BF92E70000B90000202DE9F041CF
:1056100005460F46164600BF00BF002410E0E868AC
:1056200000EBC4004068C0F3006040B1E86800EBE4
:10563000C400406820F07F40B04200D105E0641C07
:10564000688CC0F3C500A042E9D800BF688CC0F3E5
:10565000C500A04202D10020BDE8F081E96851F800
:105660003400394602F01CFFF6E72DE9FE4F0446F0
:105670000E469146484600F0A2FE8246484600F09B
:105680009AFE80464FF6FF7002901EB1F07908B97D
:10569000002002900025AB4674E0E16801EBC501F3
:1056A000496821F07F4000F08AFE0190E16801EB3B
:1056B000C501496821F07F4000F07DFE00904FF663
:1056C000FF70824502D0019850450BD1B8F5702F7C
:1056D00002D00098404505D136B1E06850F8350059
:1056E000B04201D06D1C4DE0E06800EBC5004068A1
:1056F000C0F3406030B100234FF6FF7241462046B0
:105700000BF01CFAE06800EBC5004068C0F30060D5
:1057100030B9E06800EBC5004068C0F3406068B194
:10572000E16851F8350002F040FFE16851F83500BA
:10573000FAF736FE0020E16841F835002F4609E00F
:10574000E06800EBC7010246781C02EBC00205CA04
:1057500005C17F1C608CC0F3C500401EB842EFD865
:10576000608CC008401E618C60F3C8016184628C4B
:10577000C2F3C502D100E068FAF766FEE0604FF0C0
:10578000010B00BF608CC0F3C500A84285D8BBF1F7
:10579000000F06D0029820B141462046029AFFF73A
:1057A000BBFEBDE8FE8F000010B50446024A002192
:1057B0002046FFF75AFF10BDFFFF0F0070B50646E9
:1057C0000E48007800B970BD0020F3F777F8044662
:1057D00010E0002506E0E06850F82510304607F09C
:1057E000AAF96D1C606AA842F5D82046F3F766F85E
:1057F000044600BF002CECD100BFE4E7B900002054
:105800002DE9F04F91B005460C4616469A461CB954
:1058100016B911B0BDE8F08FBAF1010F7ED128465C
:10582000FCF7D6FE10906846EFF7B6F900BF00957A
:1058300000BF4E48039000BF002C38D01098F3F7FB
:1058400007F840F35D0B224600215846EFF76AFA4D
:105850000746C82F00D2C827B7F5C87F01D94FF433
:10586000C87739466846EFF735FA2846FDF7F4F869
:105870008046C8F100000219C8F100016846EFF740
:1058800035FA3B496846EFF70DFA3A496846EFF7B3
:1058900013FA6A4609212846F6F7BCFC8146B9F19D
:1058A000010F00D0B5E76846EFF74EFA00BF002EB3
:1058B00039D01098F3F732F840F35D0B32460021EF
:1058C0005846EFF72FFA0746C82F00D2C827B7F57A
:1058D000C87F01D94FF4C87739466846EFF7FAF91F
:1058E0002846FDF7C3F88046C8F100008219C8F1C8
:1058F00000016846EFF7FAF91F496846EFF7D2F959
:105900001C496846EFF7D8F96A4609212846F6F798
:1059100081FC8146B9F1010F01D07AE704E06846C5
:10592000EFF712FA00BF1EE013492846EFF7ECF834
:1059300007460F492846EFF7E7F8804632462146EA
:10594000284607F023FB17B9B8F1000F0AD0002250
:105950000A212846F6F75EFC8146B9F1010F00D016
:1059600057E700BF00BF00BF53E70000FBCB0208B2
:10597000C9D00208134C0108E5D002082DE9FF5FE9
:105980000E46174616B90FB9BDE8FF9F009800F004
:1059900019FD0098FDF760F840420FFA80F808EB17
:1059A000060004B200210098FDF720FD01281BD05D
:1059B000002C00DD0024002C2EDA0098FCF748FFB4
:1059C00083460098FCF7BCFF58440FFA80FABAF1FE
:1059D000000F01DA4FF0000ACAF10000844202DA37
:1059E000CAF1000004B217E0002C00DA0024002CF9
:1059F00012DD0098FCF72CFF83460098FCF7A0FF0F
:105A000058440FFA80FABAF1000F01DA4FF0000A99
:105A1000544500DD544600BF0098FDF727F840428A
:105A20000FFA80F909EB070005B2002D00DD002513
:105A3000002D16DA0098FDF705F883460098FCF76C
:105A400079FE58440FFA80FABAF1000F01DA4FF0EC
:105A5000000ACAF10000854202DACAF1000005B26C
:105A600000BFA4EB080006B2A5EB090007B206B917
:105A70002FB13A463146039B0098FFF7C1FE00BFA5
:105A800082E72DE9F04106460F4614461D462A4698
:105A90003946304600F024F82A462146304600F0C8
:105AA0003BF8BDE8F081F8B504460E46204600F00C
:105AB00089FC0020009027463846FCF723FE054667
:105AC0000BE033466A46394604F1140007F0A8F8A3
:105AD0002F462846FCF716FE0546002DF1D1F8BDED
:105AE0002DE9F04106460C4615460A493046EFF7C7
:105AF0000BF83046FCF7B0FF0746604238440FFA17
:105B000080F82B46002241463046FFF737FFBDE8BC
:105B1000F0810000C9D002082DE9F04106460C468C
:105B200015460A493046EEF7EFFF3046FCF79EFF78
:105B30000746604238440FFA80F82B46424600215F
:105B40003046FFF71BFFBDE8F0810000E5D00208FA
:105B50001FB504466A4602A92046FCF791FF02A839
:105B6000EFF710FF20B96846EFF70CFF00B91FBD33
:105B700002A8EFF707FF18B102A92046FEF741FF80
:105B80006846EFF7FFFE18B169462046FEF739FF79
:105B900000BFECE770B504460D4600BF00BF2046CD
:105BA000FBF7FAFCA068858270BD00002DE9F0418A
:105BB00006460F4614461D4600223946304600F080
:105BC000D5FA00222146304600F0A0FA00222946EC
:105BD000304600F0DBFA0448008881B200223046EB
:105BE00000F0F1FABDE8F081F000002070B5044645
:105BF0000D4600222946204600F098FA0348008806
:105C000081B20022204600F0DEFA70BDF0000020D4
:105C100070B504460D4600222946204600F096FA4B
:105C20002046FCF76FFD0646FEF774FF70BDF8B521
:105C300006460D4600BF00BF00236A4641F204013C
:105C40003046FCF737FD0446012C02D10098A842EB
:105C500000D124B900222946304600F0A7FAF8BD49
:105C600070B505460C4600BF00BFA1B20022284611
:105C700000F0A9FA2846FEF74DFF70BD2DE9FF415F
:105C800006460C461D4629463046ECF76BF807469B
:105C900021463846029A02F02EFE22462946304618
:105CA000FFF73AFCBDE8FF812DE9F04106460D46BD
:105CB00000BF00BF00BF00BF706818B900BF00BFC1
:105CC000BDE8F08115B900BF00BFF9E73046FEF727
:105CD0005EFE2846FBF760FC74683046FCF7CBFCA0
:105CE000074609E0A0680168781C51F82000A16807
:105CF000096841F827007F1C2046FCF7BCFB801E8A
:105D0000B842EFDAA0684068401EA1684860A06809
:105D1000406848B1A26852689100A2681068FAF71A
:105D200093FBA168086006E0A1680868FAF738FBF1
:105D30000020A1680860A8684068401CA968486005
:105D4000AA6852689100AA681068FAF77DFBA968F2
:105D500008602846FCF78FFB401EA968096841F8D7
:105D60002060756000212046FFF720F82046FFF7ED
:105D7000EFFE324622212046F6F74CFA002224217B
:105D80002046F6F747FA324622212846F6F742FA2D
:105D9000002223212846F6F73DFA3046FEF7BAFEE8
:105DA0003046FEF7F4FD00BF8AE770B505460E46A3
:105DB000144600BF00BF3146284600F0CAFA21460B
:105DC000284600F0DFFA70BD70B505460C4628463F
:105DD000FBF7E2FBA868407E00F00F00A04201D074
:105DE000A9684C7670BD70B504460D462046FBF799
:105DF000D3FBA068007E65F38300A168087670BDC0
:105E000070B504460D462046FBF7C6FBA068007E31
:105E100065F30510A168087670BD70B504460D469F
:105E200000BF00BF2046FBF7B7FBA068007E00F074
:105E30000300A84200D170BDA068007E65F3010098
:105E4000A16808762046FEF7A2FD00BFF3E770B513
:105E500005460E46144600BF00BF3146284600F0F6
:105E60005FFA21462846FFF7E2FE70BD2DE9F04FAC
:105E700089B007468946388C484502D109B0BDE84B
:105E8000F08F00BF00BF388C0890A7F820904A46DA
:105E900038460899DEF7EAFA8246BAF1000F00D1D7
:105EA000ECE74FF42070FAF7E7F905464FF420715C
:105EB0002846FAF78CFC0024002697E0F86800EBEF
:105EC000C6000790F96801EBC601496821F07F40E0
:105ED00000F075FA0690F96801EBC601496821F0F7
:105EE0007F4000F068FA0590069820EA090000B1AA
:105EF0007BE007984068C0F3406000B175E0079907
:105F000004AA0868672102F099F900B96DE0DDF88C
:105F100010804FF0000B60E00020039026E0039813
:105F200000EB800005EB800040680290029800F0D2
:105F300046FA0190029800F03EFA0090D8F800006E
:105F400030F81B10039800EB800005EB80000089FF
:105F5000814208D105990098884204D10699019898
:105F6000884200DB05E00398401C03900398A042A0
:105F7000D5D300BF0398A0422DD1B8F80C0004EB94
:105F8000840125F82100B8F8100004EB840105EB2A
:105F90008101488004EB840105EB8101D8F80800F9
:105FA000C860D8F8000030F81B0004EB840105EB52
:105FB0008101088104EB840105EB8101D8F804001C
:105FC00008610798406820F07F4004EB840105EBEE
:105FD00081014860641C0BF1010BD8F8000030F817
:105FE0001B0008B1202C97D300BF761C788CC0F31F
:105FF000C500B04202D9202CFFF460AF002613E0A8
:1060000006EB860105EB8101486800F0D4F9804673
:1060100006EB860005EB80004B4600904146384673
:10602000089ADEF74BF9761CA642E9D32846FAF720
:106030009FF9BAF1010F03D13846FEF7A8FC13E02F
:10604000BAF1030F07D14FF6FF724FF470213846B3
:10605000FFF762FA08E0BAF1020F05D13846FEF701
:1060600096FC3846FFF710FA00BF07E7F8B506467A
:106070000C46154600942B4641F209013046009A21
:10608000FFF7FCFDF8BDF8B506460C461546009432
:106090002B4665213046009AFFF7F0FDF8BDF8B5B4
:1060A00006460C46154600942B4641F26A4130469E
:1060B000009AFFF7E3FDF8BD37B582B005461446F8
:1060C000BDF80C00ADF80400234620212846019AB3
:1060D000FFF7D4FD05B030BDF8B506460C461546B1
:1060E00000942B4640F628013046009AFFF7C6FD83
:1060F000F8BDF8B506460C46154600942B462121FE
:106100003046009AFFF7BAFDF8BD0000F8B5064624
:106110000C46154600942B46034801883046009AE9
:10612000FFF7ACFDF8BD0000F8000020F8B506460A
:106130000C46154600942B46034801883046009AC9
:10614000FFF79CFDF8BD0000F4000020F8B50646FE
:106150000C46154600942B46034801883046009AA9
:10616000FFF78CFDF8BD0000FC000020F8B50646E6
:106170000C46154600942B46034801883046009A89
:10618000FFF77CFDF8BD0000F6000020F8B50646DC
:106190000C46154600942B46034801883046009A69
:1061A000FFF76CFDF8BD0000FA000020F8B50646C8
:1061B0000C46154600942B4641F204013046009AE5
:1061C000FFF75CFDF8BDF8B506460C461546009491
:1061D0002B4641F269013046009AFFF74FFDF8BDAA
:1061E000F8B506460C46154600942B4641F20201CE
:1061F0003046009AFFF742FDF8BDF8B506460C465A
:10620000154600942B4640F262413046009AFFF753
:1062100035FDF8BDF8B506460C46154600942B46EC
:1062200041F611013046009AFFF728FDF8BDF8B598
:1062300006460C46154600942B4641F612013046A0
:10624000009AFFF71BFDF8BDF8B506460C4615464B
:1062500000942B4641F613013046009AFFF70EFDDD
:10626000F8BDF8B506460C46154600942B4641F697
:1062700010013046009AFFF701FDF8BDF8B506465B
:106280000C46154600942B4641F25D413046009A7B
:10629000FFF7F4FCF8BD37B582B005461446BDF8EB
:1062A0000C00ADF80400234640F257412846019AFD
:1062B000FFF7E4FC05B030BDF8B506460C461546C0
:1062C00000942B4641F259413046009AFFF7D6FC24
:1062D000F8BDF8B506460C46154600942B4641F22B
:1062E00001013046009AFFF7C9FCF8BDF8B5064633
:1062F0000C46154600942B4641F207013046009AA1
:10630000FFF7BCFCF8BDF8B506460C4615460094F0
:106310002B4641F208013046009AFFF7AFFCF8BD6A
:10632000F8B506460D4600BF00BF00236A4641F29D
:1063300001013046FCF7BEF90446012C02D1009859
:10634000A84200D124B9002229463046FFF7C1FFF8
:10635000F8BDF8B506460D4600BF00BF00236A46EB
:1063600041F207013046FCF7A5F90446012C02D1A1
:106370000098A84200D124B9002229463046FFF7F0
:10638000B5FFF8BDF8B506460D4600BF00BF0023B7
:106390006A4641F208013046FCF78CF90446012CAC
:1063A00002D10098A84200D124B9002229463046E3
:1063B000FFF7A9FFF8BD014601F47F0070470146D1
:1063C00088B2704770B505461148007810B100BF1B
:1063D00000BF70BD01200E4908702846FCF79AF9ED
:1063E00004460AE000BF00BF608C20F00200608419
:1063F0002046EEF78FF800BF00BF94F82200C0F3EC
:1064000040000028EED10249087000BFE1E700001B
:10641000B80000203EB505460C46132D08DB00BF32
:1064200000BFF1F771FA0290BDF8081008463EBDB2
:106430000CB1042C08DD00BF00BFF1F765FA019034
:10644000BDF804100846F2E7601EC4B2054800EB30
:10645000C50000EB440000880090BDF8001008461D
:10646000E5E70000C8D204083EB505460C46132DEA
:1064700008DB00BF00BFF1F747FA0290BDF8081033
:1064800008463EBD0CB1052C08DD00BF00BFF1F78A
:106490003BFA0190BDF804100846F2E7601EC4B252
:1064A00005EB8500054901EB400000EB4400008846
:1064B0000090BDF800100846E3E700000AD2040887
:1064C0001CB50446132C08DB00BF00BFF1F71CFA13
:1064D0000190BDF8041008461CBD044800EB4400C0
:1064E00000880090BDF800100846F5E7E4D10408E4
:1064F0000146002904DAC1F57A7040F4005001E049
:1065000041F4005000B270472DE9F0470246B2F95D
:106510000490B2F900A0A9EB0A0000EBD0794FEA91
:1065200069090FFA89F31088184405B25088184495
:1065300006B20888401B07B24888801B04B203FBE0
:1065400003FC07FB07F004FB0408E04502D8012028
:10655000BDE8F0870020FBE710B5E1F7DFFA4FF464
:10656000C86300220A490B48F2F751F80A48F2F7CB
:106570005FF84FF4A07008490880F0204880074871
:1065800048610448C8600846F2F78CF810BD000066
:10659000C0360020A436002040430020F77A0008CF
:1065A00010B50AF031F90748F7F7A5FE01200549B3
:1065B0000870054848600846F7F7B4FE03490860CC
:1065C00010BD00008C430020110803088800002043
:1065D000F0B503460C460120002113E002F001054E
:1065E0003DB10546A5FB037C01FB03C600FB04612E
:1065F000384652101E46A6FB067C04FB06CC04FB64
:1066000003C43B46002AE9D1F0BD00002DE9F04F5C
:1066100087B00546734800680068846B714800685D
:106620000068C068806820606E4800680068007C70
:10663000C0F3400038B96B4800680068007C00F087
:106640000100002849D067480068F2F767F9401E4A
:106650000FFA80FA63480068F2F7FAF8401E0FFA62
:1066600080FB5B460022114601A8CDF800A0EFF7A1
:1066700033FA01A860605B4800680068007CC0F3E2
:10668000400090B1574800680068C068806920F0F9
:106690000200801C534909680968C968886101A81B
:1066A000A060204600F0A0F814E04E4800680068A2
:1066B000C06880694B4909680968C968896960F3DD
:1066C0004101484800680068C0688161A5602046B3
:1066D00000F08AF807B0BDE8F08F2846EFF771F9AF
:1066E00006902846EFF7FAF805903E480068F2F762
:1066F00015F9B5F90610884205DC3A480068F2F74A
:106700000DF9401E01E0B5F9060006B23548DDE995
:1067100005210068EBF7AAFB80464FF00009B5F9A8
:10672000027033E02888ADF80C00A888ADF810009E
:10673000ADF80E7007EB0800401E00B2ADF8120075
:1067400003A86060A060274800680068C06880688F
:106750002060BDF91200B04201DDADF81260BDF954
:1067600012904E450CD11F4800680068C0688069CF
:1067700020F00200801C1B4909680968C96888610B
:10678000204600F031F807EB080007B207EB0800DD
:10679000401EB042C6DD4E4522D02888ADF80C0020
:1067A000A888ADF81000ADF80E70ADF8126003A81F
:1067B0006060A0600B4800680068C0688068206066
:1067C000084800680068C068806920F00200801CEA
:1067D000044909680968C9688861204600F004F81E
:1067E00000BF77E7C00000202DE9F0418EB00446DD
:1067F00066480068F2F728F80646306890B170687D
:1068000080B90CE0614800680068806A38B15F4A6E
:10681000126810685D4A12681268916A8847306988
:106820000028EFD10027002558480068F2F754F8F7
:1068300080464146606800F023F9074653480068E7
:10684000406930B1514A12685169606800F018F926
:106850000546002F66D1002D64D1A06AE8B16846D4
:10686000F3F738FF49480068C06A04904748006859
:1068700090F829008DF81A0044480068408DADF862
:1068800004004248006890F829008DF8030069462A
:106890002046A36A6268984744E03C480068C06AA2
:1068A00060B33A490968C86A0DA9F7F7B3F9804699
:1068B000B8F1010F1FD101210D98C1EB505000908C
:1068C0000D98C0F38A20431E002211460BA8EFF753
:1068D00003F905A8F2F721FB2C48006890F829007D
:1068E0008DF81F00294800680BAA05A9C36A204635
:1068F000F2F7C4FA01E000BF00BF13E06846F3F707
:10690000E9FE22480068408DADF804001F48006889
:1069100090F829008DF80300694620466268F3F775
:10692000BDFE00BF19480068406938B115B9174865
:10693000006845692946204600F0C0F917B9134898
:10694000006807693946204600F0B8F90F4800682A
:10695000F1F7A6FF80464146204600F0AFF90B480C
:106960000068F1F790FF80464146204600F0A6F906
:10697000064800680068007CC0F3400018B903486E
:106980000068E2F7B5F90EB0BDE8F081C000002064
:1069900070B500203849086038480068B0F85001E8
:1069A00000B970BD002535480068B0F85001441E9C
:1069B00008E03248006800F59870005D08B9254687
:1069C00002E0641E002CF4DA00BF2C480068006866
:1069D000C068806920F00100284909680968C96811
:1069E0008861264800680068C068806920F002005D
:1069F000224909680968C9688861002434E01F4891
:106A0000006800F59870005D68BBAC420CD11B4873
:106A100000680068C068806920F00100401C1749C8
:106A200009680968C9688861144800680068C06816
:106A3000806920F00200114909680968C968886105
:106A40000E490968303101EBC400FFF7DFFD0B4947
:106A50000968303101EBC400EEF794FF064909687C
:106A6000084405490860641C04480068B0F85001F7
:106A7000A042C4DC00BF94E7BC000020C00000209E
:106A80002DE9FC4780460C460026002204F1140143
:106A90004046DCF71AF880B301212046FDF7DAFB07
:106AA00058BB00208DF80000CDF804806A46122102
:106AB0002046F5F7AFFB9DF80000022802D1002028
:106AC000BDE8FC872046FBF7D6FC074600250BE017
:106AD000A068006850F8259049464046FFF7D0FF6F
:106AE000064606B102E06D1CBD42F1D300BF1EB9DF
:106AF0009DF8000000B9264600BF3046E0E70000E0
:106B00002DE9FC4100255AE03148006800F59870F5
:106B1000405D00B152E0002449E02D48006800F5D6
:106B20009870005D08B9A54200D13FE0284A12687C
:106B3000303202EBC401264A1268303202EBC50043
:106B4000DCF721F800B931E021480068303000EB73
:106B5000C4021F480068303000EBC5016846DCF70E
:106B600053F96846EEF70EFF0646194909683031B9
:106B700001EBC500EEF706FF0746154909683031FD
:106B800001EBC400EEF7FEFE384486420DD21049F8
:106B90000968303101EBC5006946EEF740FE01217E
:106BA0000B48006800F59870015500BF641C084848
:106BB0000068B0F85001A042AFD800BF6D1C044877
:106BC0000068B0F85001A8429ED8BDE8FC810000E2
:106BD000C00000202DE9F04F87B004460D4601218A
:106BE0002846FDF737FB10B107B0BDE8F08FA66867
:106BF00003A92846FBF7E0FC2846DDF756FB834651
:106C00005A46594603A8EEF745FF03AA314605A8A0
:106C1000DBF71AFF00B9E7E705A8A06022461421B8
:106C20002846F5F7F7FA224615212846F5F7F2FA35
:106C3000224616212846F5F7EDFA4FF001084FF4E9
:106C400000212846FDF706FB20B1306801907068EE
:106C5000029008E005F11402314601A8DBF7F4FECA
:106C600008B94FF00008B8F1000F13D001A8A060D8
:106C70002846FBF700FC8146002708E0A86800686A
:106C800050F827A051462046FFF7A4FF7F1C4F4530
:106C9000F4D300BF05A8A060224617212846F5F7C7
:106CA000B9FA224618212846F5F7B4FA22461921E6
:106CB0002846F5F7AFFAA66000BF95E72DE9F05F2B
:106CC00007460C4624B923480068F1F705FE044640
:106CD0000CB9BDE8F09F21463846FFF77BFFA04680
:106CE0002046FBF70FFD05462FE04FF0000A28462F
:106CF000FBF7C1FB8346002610E0A868006850F847
:106D00002690BAF1000F04D1C14506D14FF0010A17
:106D100003E049463846FFF75DFF761C5E45ECD33D
:106D20003A4617212846F5F775FA3A4618212846BB
:106D3000F5F770FA3A4619212846F5F76BFAA84696
:106D40002846FBF7DFFC054600BF002DCDD100BF74
:106D5000BFE70000C00000202DE9F04107460C46C7
:106D6000254695F82A0020F0010085F82A00002029
:106D7000A884E884288510212046FAF72FFE4FF4D6
:106D800000712046FAF72AFE00BF00BF21460848DE
:106D9000FAF775FD06463046FAF7E6FD002205A132
:106DA000204600F057F900BF00BFBDE8F0810000A9
:106DB0004CD504084F7074696F6E20310A4F70749F
:106DC000696F6E20320A4F7074696F6E20330A4FFC
:106DD0007074696F6E20340A4F7074696F6E20355D
:106DE000000000002DE9F84F884641467248FBF745
:106DF000FFFA8146B9F1010F01D0BDE8F88F404696
:106E0000F5F7A1F905464046F5F7FEF907463C4679
:106E10002C2D08D14046F5F7F4F906463846EBF735
:106E200068FB3080C5E02A2D11D13846EAF793FF80
:106E3000064626B100222A213046F5F7EBF93846FE
:106E4000FEF751FB0021384605F028FCB1E0292D62
:106E500004D10021384605F021FCAAE0012D0BD118
:106E6000A06A20F40030A0623846EAF774FF0646B4
:106E70005249EDF749FE9CE0022D20D1F7F784FA44
:106E8000824669465046F7F7DBFABDF80200A8B122
:106E90003846EAF760FF83465846FDF7AAF9BDF881
:106EA0000210084406B231465846FFF76BFAA06A52
:106EB00020F4003000F50030A06200BF79E0082D1A
:106EC00001D0032D03D1384605F036FD71E00E2DBB
:106ED00022D13846FBF7BCFB83465846F5F7A2FFA4
:106EE0000646F7F751FA0090F7F7A3FA8246BAF18F
:106EF000040F0ED156B9E08C218D88420BD0208D25
:106F0000E0840121384605F0C9FB04E0E08C2085CF
:106F100001E0E08C20854CE00F2D0AD1E08C218D22
:106F2000884246D0208DE0840121384605F0B6FB2A
:106F30003FE00D2D2CD14046F5F763F90678132E6E
:106F400001D0122E10D1E08C401CA18C88421EDA98
:106F5000B4F828A0E08C401C81B20122384600F031
:106F6000F6F8A4F828A012E0142E01D0112E0ED1AC
:106F7000E08C00280BDDB4F828A0E08C401E81B224
:106F80000122384600F0E3F8A4F828A000BF10E082
:106F9000132D07D13846EAF7DEFE06463046FEF7E7
:106FA00073FA06E0152D01D0182D02D14046E4F702
:106FB000BEFF00BF21E7000030D5040831D302082E
:106FC0002DE9F05F0F463846F5F7BDF80446152C5D
:106FD00008D039461E48FBF70BFA0546012D01D0B3
:106FE000BDE8F09F3846F5F70FF98246132C1DD106
:106FF0003846F5F706F906465046FBF783FB83460D
:107000005846EBF776FA80465046FDF7C6F88146BB
:10701000B6F90000A8EB0901884202DDB6F90000CC
:1070200001E0A8EB090000B230800EE0292C07D166
:107030005046FBF767FB0646002105F02FFB04E0F6
:10704000152C02D13846E3F7EDFB00BFC8E700007E
:107050004CD504082DE9F84F05460E46934600BF6F
:1070600000BF00BF1EB900BF00BF00BFFEE700BFEA
:107070002C462846EAF76FFE00900020E084208529
:10708000A084804608E016F808000A2802D1A08CE7
:10709000401CA08408F1010816F808000028F2D16D
:1070A000A08C401CA084BBF1000F0AD194F82A00E8
:1070B00020F0010084F82A0031460098F8F77EFDA0
:1070C0003EE094F82A0020F00100401C84F82A00D9
:1070D0003046D9F7F6F800F10109C9EBC900F9F714
:1070E000CBF807464FF0000A0FE009FB0A70314663
:1070F000D9F709F90A210AF1010009FB00F0401E45
:1071000039540AF1010000F0FF0ABAF1070FECDB75
:107110000021C9EBC900401E395439460098F8F7E0
:107120004DFD3846F9F724F9A08C00EB4000E084CF
:10713000A08CC0EBC000A0842846ECF7D3FB00BFB6
:10714000E08C20850098FEF79FF9BDE8F88F2DE9C7
:10715000F04105460E46174600BF00BF2C4694F886
:107160002A0000F0010070B13146E28C072392FB47
:10717000F3F290B210B1C0EBC002891AC0EBC002AA
:107180000A4496B200BFA08CB04201DD304601E057
:10719000A08C401EE084E08C20853946284605F00E
:1071A0007DFABDE8F08110B5F1F73AFB0446F1F73E
:1071B00093FB10BD2DE9F04FA1B005460E461746D2
:1071C0009846DDF8A8A02846FBF702FA0446FFF728
:1071D000EAFF8146A069F0B1A06948451BD0A069CB
:1071E000F1F7B7FB0021A069EDF78EFC00221146F4
:1071F000A069FEF7DAFD002240F26241A069FEF7C5
:1072000005FA94F8280000F0010010B14846FAF79A
:10721000BBFCD4F81890A561606948B194F82800C7
:1072200000F0010020B16069FAF7AEFC0020606157
:1072300084F828A000212846EDF766FCFFF7B3FF8D
:1072400083460021EDF760FC002211462846FEF738
:10725000ACFDFFF7A8FF834600221146FEF7A5FD0F
:10726000002240F262412846FEF7D0F9FFF79BFF6B
:107270008346002240F26241FEF7C8F911A8EDF7FB
:107280008BFC294611A8EDF745FD7948139000BF06
:107290007848149000BF394611A8EDF719FD414612
:1072A00011A8EDF7F7FC01A8EDF776FC01A821691C
:1072B000EDF730FD394601A8EDF70AFD414601A87A
:1072C000EDF7E8FC0A2E0FD2DFE806F0050F1D2CC3
:1072D0003A4965819DB9684911A8EDF7E1FC0022A2
:1072E000114611A8EDF7FEFCB3E0634911A8EDF7D4
:1072F000D7FC2046F1F7ACFA83460022594611A884
:10730000EDF7F0FCA5E05C4911A8EDF7C9FC2046BB
:10731000F1F79EFAC0F1000B0022594611A8EDF7D3
:10732000E1FC96E0554911A8EDF7BAFC2046F1F7CB
:10733000F5FA83460022594611A8EDF7D3FC88E000
:107340004E4911A8EDF7ACFC2046F1F7E7FAC0F181
:10735000000B0022594611A8EDF7C4FC79E046491C
:1073600011A8EDF79DFC2046F1F772FA8346002242
:10737000594611A8EDF7B6FC3F4901A8EDF790FC7E
:107380002046F1F765FAC0F1000B5A46002101A82A
:10739000EDF7A8FC5DE0384911A8EDF781FC204627
:1073A000F1F756FAC0F1000B0022594611A8EDF78B
:1073B00099FC314901A8EDF773FC2046F1F748FA32
:1073C00083465A46002101A8EDF78CFC41E02B4989
:1073D00011A8EDF765FC2046F1F7A0FA83460022DC
:1073E000594611A8EDF77EFC244901A8EDF758FC99
:1073F0002046F1F793FAC0F1000B5A46002101A88C
:10740000EDF770FC25E01D4911A8EDF749FC204679
:10741000F1F784FAC0F1000B0022594611A8EDF7EC
:1074200061FC164901A8EDF73BFC2046F1F776FA1E
:1074300083465A46002101A8EDF754FC09E01049A3
:1074400011A8EDF72DFCFF22002111A8EDF74AFC51
:1074500000BF00BF002225214846F4F7DBFE11A83B
:10746000EDF772FC01A8EDF76FFC21B0BDE8F08FDD
:10747000D9CB020891CB020811D3020821D302080C
:10748000BFBA02082DE9F04107460C462546002008
:1074900045F8700F287920F001002871287920F034
:1074A00002002871703D4FF440712046FAF796FAB9
:1074B00010212046FAF792FA0020F1F7B7F950218F
:1074C00001EBC000A02190FBF1F0012809DD0020B4
:1074D000F1F7ACF9502101EBC000A02190FBF1F0D5
:1074E00000E0012006B231462046FEF753FBBDE81E
:1074F000F08100002DE9F34F8BB0FE480C99FAF7AC
:1075000077FF0A900A98012802D00DB0BDE8F08FED
:107510000C98F4F718FE05460C98F4F775FE06462D
:107520003446304600F08DFB8046112D31D10C9849
:10753000F4F767FE0746B06818B1B068B0F91400F8
:1075400000E00020814604F1680108A8EEF7A6F9E2
:107550004A46494608A8EEF79DFA002208A839686D
:10756000DBF789FB3871387990B9B8F1020F0FD188
:1075700004F1600108A8EEF791F94A46494608A8C7
:10758000EEF788FA002208A83968DBF774FB387137
:107590004FE3012D78D13046FDF7F9F994F87400E6
:1075A00020F00100401C84F87400B8F1000F02D0F4
:1075B000B8F1010F03D104F12400206757E1B8F1BD
:1075C000020FFBD1F6F7E0FE834609A9F6F7F6FEB7
:1075D0003046FCF7E2FD83463046FBF743F883452F
:1075E00001DB012000E00020089000213046FBF77D
:1075F00031FF07460898002876D0012F05D0BDF945
:107600002410B4F96C00814207DC012F09D1BDF9C7
:107610002400B4F96810884203DA04F124002067DA
:1076200024E1012F05D0BDF92400B4F9601088428F
:1076300007DB012F09D1BDF92410B4F964008142A0
:1076400003DD04F13000206710E1B4F96430B4F9CF
:1076500060C0A3EB0C0202EBD2730CEB6303BDF929
:1076600024C0A3EB0C03002B0FDDB4F96430B4F994
:1076700060C0A3EB0C0101EBD1730CEB6303BDF90C
:1076800024C0A3EB0C030EE0F2E0B4F96430B4F9CB
:1076900060C0A3EB0C0000EBD0730CEB6303BDF9EF
:1076A00024C0ACEB03030FFA83F9B4F96C30B4F9DE
:1076B00068C0A3EB0C0202EBD2730CEB6303BDF9C1
:1076C00024C0A3EB0C03002B0FDDB4F96C30B4F92C
:1076D00068C0A3EB0C0101EBD1730CEB6303BDF9A4
:1076E00024C0A3EB0C030EE026E0B4F96C30B4F92F
:1076F00068C0A3EB0C0000EBD0730CEB6303BDF987
:1077000024C0ACEB03030FFA83FACA4509DA04F18B
:107710002400206794F8740020F0020084F87400BC
:10772000A4E004F13000206794F8740020F0020017
:10773000801C84F8740099E0BDF92610B4F96A0041
:10774000814203DA04F1240020678FE0BDF926109E
:10775000B4F96600814203DD04F13000206785E062
:10776000B4F966C0B4F96230ACEB030202EBD27339
:107770004FEA630CB4F962306344BDF926C0A3EB51
:107780000C03002B11DDB4F966C0B4F96230ACEB28
:10779000030101EBD1734FEA630CB4F96230634427
:1077A000BDF926C0A3EB0C0310E0B4F966C0B4F930
:1077B0006230ACEB030000EBD0734FEA630CB4F91A
:1077C00062306344BDF926C0ACEB03030FFA83F9C2
:1077D000B4F96EC0B4F96A30ACEB030202EBD273B9
:1077E0004FEA630CB4F96A306344BDF926C0A3EBD9
:1077F0000C03002B11DDB4F96EC0B4F96A30ACEBA8
:10780000030101EBD1734FEA630CB4F96A306344AE
:10781000BDF926C0A3EB0C0310E0B4F96EC0B4F9B7
:107820006A30ACEB030000EBD0734FEA630CB4F9A1
:107830006A306344BDF926C0ACEB03030FFA83FA48
:10784000CA4509DA04F12400206794F8740020F096
:10785000020084F8740009E004F13000206794F815
:10786000740020F00200801C84F8740000BFE0E186
:10787000022D78D1206F002875D0F6F785FD09908C
:107880000998F6F7D6FD012800D03EE608A9099828
:10789000F6F794FD00213046FBF7DCFD07903046FB
:1078A000FCF77BFC82463046FAF7DCFE834600217B
:1078B0003046FCF79EF8069000213046FCF742F96E
:1078C000059000213046FCF70DFA04900021304667
:1078D000FBF7B2FF8146D4E90A10401A0390002753
:1078E000E06A0290A06A0190DA4521DB0699AAEBD2
:1078F000010201E068D504080599511A08B20799F8
:10790000012907D1B6F918200599511ABDF920208F
:107910008F1A06E0BDF92020B6F9143006991944F3
:10792000571A0399794391FBF0F7A16A0F4412E0CB
:10793000ABEB09020499511A08B2BDF92220B6F93D
:107940001A104944571A7942039A514391FBF0F7B0
:10795000A16A0F4400BF04F13000216F814203D1BE
:10796000606A029002E01EE0206B0190019887425D
:1079700001DA019F03E00298874200DD029F206F39
:107980000068B8420ED0206F07603046FCF7FFFF5A
:1079900000221C213046F4F73DFC0A900A98012889
:1079A00000D0B2E545E1082D01D0032D3ED194F879
:1079B000740020F0010084F8740000202067304635
:1079C000FCF7E5FF3046FAF743FE82465046F5F7EE
:1079D00029FA0746F6F7D8FC8346F6F72AFD8146D2
:1079E000B9F1040F21D107B3304600F02AF902287B
:1079F00017D194F87400C0F3400038B994F87400BB
:107A000020F00200801C84F874000EE094F87400EA
:107A100020F0020084F8740000215046F5F7A5FA22
:107A200003E000215046F5F7A0FA02E10E2D10D137
:107A3000F6F7AAFC8146F6F7FCFC0746042F01D0B6
:107A4000022F05D194F8740020F0020084F874002D
:107A5000EFE0292D03D13046FDF716FDE9E0132DA7
:107A60007ED14FF440313046FBF7C3FF09904FF40D
:107A700040313046FCF766F808904FF4403130460C
:107A8000FCF730F982464FF440313046FBF7D4FE24
:107A900007904FF4403B43F60E0259463046FCF740
:107AA00055F90390039800B2069059463046FCF70A
:107AB000FFFA059059463046FCF7E0FA049030464C
:107AC000FCF76BFB0222059902FB010B3046FAF72B
:107AD000C9FD0222049902FB0100834507DA304602
:107AE000FCF75BFB0222059902FB010006E0304631
:107AF000FAF7B8FD0222049902FB0100401007B218
:107B000006987843001207B2DDE90810884201DDCB
:107B1000099900E008990798504501DD079800E0B1
:107B20005046814207DDDDE90810884201DD0998F1
:107B300007E0089805E00798504501DD079800E048
:107B40005046384407B2B81C07B24FF440313046B3
:107B5000F9F7CBFD384407B20C98F4F752FB00E07C
:107B60000BE08146B9F90000B84202DDB9F9000026
:107B700000E03846A9F800005BE00D2D54D10C98C8
:107B8000F4F73FFB0778132F01D0112F23D194F87E
:107B90007400C0F3400050B9304600F061F800F1C5
:107BA000010901224946304600F06AF809E03046F2
:107BB00000F041F800F1010901224946304600F089
:107BC00055F800221C213046F4F724FB0A900A984D
:107BD000012828D099E4142F01D0122F23D194F832
:107BE0007400C0F3400050B9304600F039F8A0F1FD
:107BF000010901224946304600F042F809E03046CA
:107C000000F019F8A0F1010901224946304600F0C0
:107C10002DF800221C213046F4F7FCFA0A900A984D
:107C2000012800D071E404E0152D02D10C98E2F790
:107C3000E1FC00BF69E410B504462046EEF7B3F856
:107C400010BD70B505462846EEF7A4F80446012C91
:107C500000D170BD022C01D10220FAE70020F8E724
:107C600010B504462046EEF7B1F810BD70B50446D5
:107C70000D461646324629462046EEF7FCF870BD02
:107C800070B504460D461646324629462046EEF7A4
:107C900028F970BD0FB47CB504460D4609A80190C3
:107CA000019800902A4621460548089BDDF794FA82
:107CB00006460020019030467CBC5DF814FB0000B5
:107CC000F74C000870B506460C4600BF00BF2546BD
:107CD000002045F8600F288A20F0F0002882288ACA
:107CE00020F00F00401D28820120E86010486860E5
:107CF0004042A860288A20F480702882288A20F4D4
:107D0000C06000F580602882603D0121204601F0BE
:107D100079FF0121204601F0E4FE82212046FEF792
:107D2000FFFA204600F08EF900BF00BF70BD0000D2
:107D30009F86010070B5054600BF00BF2C46E16E6E
:107D4000206E401AA16E88420EDBE16E206E401A52
:107D500005D5206E002802DD206E40422066E16ECF
:107D6000206E401A20660DE0B4F87000C0F30020C9
:107D700030B1A16E206E884202D1606E206601E0B3
:107D8000A06E2066284600F05DF970BD2DE9F34F26
:107D900083B00120029077480499FAF729FB0290FA
:107DA0000298012802D005B0BDE8F08F0498F4F7DE
:107DB000CAF906460498F4F727FA07463C46082E07
:107DC0007ED1F6F7E1FA01900198F6F732FB04282C
:107DD00040D13846FAF73CFC0546F5F723F8002871
:107DE00011D094F8700000F00F0001280BDDB4F8FA
:107DF0007000C0F34120022814D1E06E012803DD99
:107E0000384600F0E6F87AE094F8700000F00F00D1
:107E1000821E0A200021FEF7DBFBE066384600F0F8
:107E2000EBF86CE094F8700000F00F00421E0A209E
:107E30000021FEF7CDFBE26ED317101A8B4103DA57
:107E4000384600F0D9F85AE00A20E066384600F0DB
:107E5000C0F854E0384601F032FE82465046D8F76A
:107E600030FA8346206C1AF800002E2803D13846D9
:107E700001F0ABFC11E0206C584505D1ABF10101DC
:107E8000384601F039FE08E0206C30B9A06E0028B9
:107E900003DA0121384601F02FFE94F8700000F05B
:107EA0000F00401E00904020005B85B294F87010D7
:107EB000C1F30311206C884208D994F8700000E0E7
:107EC0001EE0C0F3031008B1681E85B20098A0EB55
:107ED0000508A06E002801DA08F101080120E0661B
:107EE0004FF0000908E0E06E00EB80004000E06623
:107EF00009F101001FFA80F9C145F4D300BF36E053
:107F00000D2E34D1F6F740FA8146F6F792FA804604
:107F10000498F4F776F90568132D0AD1B8F1040F27
:107F200003D1384600F028F820E0384600F051F838
:107F30001CE0142D0AD1B8F1040F03D13846FFF725
:107F4000F9FE13E0384600F057F80FE0112D03D189
:107F5000384600F011F809E0122D03D13846FFF73A
:107F6000E9FE03E02946384601F002FA00BF00BFEF
:107F700019E700002C22030870B5054600BF00BFBA
:107F80002C46E16E206E0844616E88420FDCE16E83
:107F9000206E0844002805DD206E002802DA206EDD
:107FA00040422066E16E206E084420660DE0B4F881
:107FB0007000C0F3002030B1D4E91801884202D12A
:107FC000A06E206601E0606E2066284600F03AF858
:107FD00070BD70B5064600BF00BF34460A21E06E92
:107FE00090FBF1F5002D01DDE56601E00120E06682
:107FF000304600F027F870BD2DE9F041054600BF7E
:1080000000BF2C46D4E91910002802DAA06E4042C5
:1080100000E0A06E814201DD606E06E0A06E0028E7
:1080200002DAA06E404200E0A06E0746E06E00EB70
:1080300080004600BE4200DCE666284600F002F8FA
:10804000BDE8F0812DE9F04F8BB081464D461221FD
:1080500006A8F8F7BCFB06AE4FF0000BA86E002890
:1080600008DA286E002801DB2B2000E02D2030707C
:10807000761C03E00BF1010000F0FF0B286E0028D6
:1080800001DD286E01E0286E404203463EA20E212B
:1080900002A8FFF7FFFD02A8D8F713F995F87010B2
:1080A00001F00F01A1EB0008B8F1000F15DD02A8E7
:1080B000D8F707F984B206E002A8005D04EB0801D6
:1080C00002AA5054641E002CF6DA002403E030208B
:1080D00002A90855641C4445F9DB95F87000C0F30B
:1080E000031020B995F8700000F00F0003E095F838
:1080F0007000C0F303100190002404E002A8005DAA
:108100003070761C641C0198844203DA02A8005D7A
:108110000028F3D195F87000C0F3031090B12E2021
:108120003070761C04E002A8005D3070761C641C80
:1081300095F8700000F00F00A04203DD02A8005D7A
:108140000028F0D106A9484601F0AEFDD5F86CA094
:1081500095F8700000F00F0704E00A209AFBF0FA8F
:10816000781EC7B2BAF10A0FF7DA0198874201DD2B
:10817000781CC7B2A7EB0B00C7B23946484601F0DE
:10818000BBFC0BB0BDE8F08F2564000030B591B0AA
:1081900005460C4602212046F9F720FC01A8ECF721
:1081A000FBFC00BF019400BF1A4901A8ECF77EFD5B
:1081B00001A84FF6FF71818700BF174908680B902F
:1081C00000BF1648006800F5B4721448016801A8A1
:1081D000ECF794FD01A8ECF7B7FD1148079000BF3C
:1081E0004FF4B472002101A8ECF788FD0D4901A8F5
:1081F000ECF75CFD01A8ECF7A7FD4FF4B472002189
:108200002046EDF7AAF94FF487712046EDF77AFA88
:1082100011B030BD6D5E0008C4010020C80100200F
:10822000D14B01087D5E000870B504460D46164628
:1082300032462946204600F03CF870BDF0B50346B2
:108240009888C00B68B11C6807E02088884203D179
:10825000606810600120F0BD083420880028F4D147
:10826000F9E7D87908B90020F5E7D879012815DDB4
:10827000D8791F6807EB80052E4600240AE036F8FF
:108280001400884205D11F6857F8240010600120AF
:10829000E1E7641CD879A042F1D808E09888C0F3DF
:1082A0000E00884203D1186810600120D3E7002037
:1082B000D1E7F0B503469888C00B68B11C6807E0A9
:1082C0002088884203D1606810600120F0BD083426
:1082D00020880028F4D1F9E7D87908B90020F5E71B
:1082E000D879012815DDD8791F6807EB80052E465F
:1082F00000240AE036F81400884205D11F6857F8B8
:10830000240010600120E1E7641CD879A042F1D874
:1083100008E09888C0F30E00884203D11868106006
:108320000120D3E70020D1E710B5044608212046FC
:10833000F8F74DFA10BD014600BF00BFC87908B973
:10834000012070470020FCE73EB504464E2C75D056
:108350001EDC332C73D00EDC292C78D006DC202CCC
:1083600045D0222C53D0252C6CD177E0302C4FD027
:10837000312C67D168E0462C68D004DC3B2C49D016
:10838000442C79D145E0472C48D04D2C74D143E0A2
:1083900040F63C01601A8C425AD010DC40F2574142
:1083A000A4EB01008C4238D004DC522C33D0532C87
:1083B00062D150E0012848D00B285DD143E040F263
:1083C000CA72811A904253D006DC092841D0A0F22B
:1083D000C770002850D14AE0A1F2534088B3A0F5FD
:1083E0000C50B53870BB4FF48070029048E000BF6D
:1083F000FF2211461046EFF74FFC0090BDF8001029
:1084000008460190BDF80400ADF8080038E000BF50
:1084100000BF00BF00BF00BF00BF00BF00BF002201
:1084200011461046EFF738FC0090BDF800100846E2
:108430000190BDF80400ADF8080021E00AE010E06A
:1084400005E011E018E000BF00BF00BF00BF00BFA3
:1084500000BF00BF00BFFF20029011E0FF2002908C
:108460000EE00F2002900BE00748029008E000BFEA
:1084700041F6FF70029003E000200290029000BFDE
:1084800000BF02983EBD0000FC5703080348008867
:10849000401C0249088008460088704728020020D6
:1084A0002DE9FE4F0446884600BF00BFA088C00BE0
:1084B00020B100BF00BF0020BDE8FE8FE07908B901
:1084C0000020F9E7E07901280ED1A088C0F30E0062
:1084D000404507D1A0886FF30E00A0800020E07116
:1084E0000120E9E70020E7E7E079216801EB800659
:1084F0000296029E002553E036F8150040454ED105
:10850000D4F80090E079022812D10120E0710DB971
:10851000708800E03088A18860F30E01A1801DB949
:10852000D9F80400206035E0D9F80000206031E07F
:10853000E079401E00EB4000400001900198F7F701
:1085400061FE8246BAF1000F01D10020B4E7C4F801
:1085500000A0E079401EE071E0790AEB8000029013
:1085600002980090D34600273D460FE036F81700EA
:1085700040450AD059F827104BF8251036F8172037
:1085800028466D1C009921F810207F1CE079B84224
:10859000ECD200BF4846F7F703FF01208CE76D1CC3
:1085A000E079A842A8D8002086E710B5044600BFAD
:1085B00000BFA088C00B10B100BF00BF10BDE079A4
:1085C000012802DD2068F7F7EBFE08212046F8F7C6
:1085D000FEF800BFF2E738B505460C460094652169
:1085E0002846009A00F087F938BD13B582B00446DA
:1085F000BDF80C00ADF8040052212046019A00F0AD
:108600007AF91FBD38B505460C460094512128461D
:10861000009A00F070F938BD38B505460C46009454
:108620004FF405612846009A00F065F938BD13B58E
:1086300082B00446BDF80C00ADF8040020212046AD
:10864000019A00F058F91FBD13B582B00446BDF879
:108650000C00ADF8040022212046019A00F04BF9ED
:108660001FBD38B505460C46009440F62801284643
:10867000009A00F040F938BD38B505460C46009424
:1086800021212846009A00F036F938BD13B582B092
:108690000446BDF80C00ADF8040030212046019AD4
:1086A00000F029F91FBD38B505460C46009431216C
:1086B0002846009A00F01FF938BD38B505460C462B
:1086C000009434212846009A00F015F938BD38B5D9
:1086D00005460C46009433212846009A00F00BF919
:1086E00038BD38B505460C46009441F232012846A3
:1086F000009A00F000F938BD38B505460C460094E4
:1087000061212846009A00F0F6F838BD38B50546D4
:108710000C46009463212846009A00F0ECF838BD1E
:1087200038B505460C46009464212846009A00F0AE
:10873000E2F838BD38B505460C46009441F2040114
:108740002846009A00F0D7F838BD13B582B0044629
:10875000BDF80C00ADF804004D212046019A00F050
:10876000CAF81FBD38B505460C46009440F64901CD
:108770002846009A00F0BFF838BD38B505460C46CB
:10878000009441F206012846009A00F0B4F838BD82
:1087900038B505460C46009441F203012846009A7C
:1087A00000F0A9F838BD13B582B00446BDF80C003E
:1087B000ADF804003B212046019A00F09CF81FBD53
:1087C00038B505460C46009440F63C012846009A10
:1087D00000F091F838BD38B505460C46009440F6D7
:1087E0003D012846009A00F086F838BD38B50546A8
:1087F0000C46009440F63A012846009A00F07BF8B7
:1088000038BD70B504460D462946204600F03BF8B9
:108810002946204600F042F82946204600F054F848
:108820002946204600F001F870BD38B505460C46D3
:10883000009441F611012846009A00F05CF838BD1A
:1088400038B505460C46009441F615012846009AB5
:1088500000F051F838BD70B504460D462946204653
:1088600000F027F829462046FFF7EAFF70BD70B5F3
:1088700004460D462946204600F005F829462046C4
:1088800000F00CF870BD38B505460C46009441F672
:1088900012012846009A00F02EF838BD38B505467A
:1088A0000C46009441F613012846009A00F023F884
:1088B00038BD38B505460C46009441F614012846EB
:1088C000009A00F018F838BD38B505460C460094FB
:1088D00041F610012846009A00F00DF838BD70B539
:1088E00004460D4629462046FFF7EEFF294620465E
:1088F000FFF79BFF70BD2DE9F74F82B004460F468E
:1089000000BF00BFA088C00B20B100BF00BF05B0F2
:10891000BDE8F08FE079012843DDE079216801EBC3
:108920008008C246E079451E09E03AF81500B842D1
:1089300004D12068049A40F82520E8E76D1E002D38
:10894000F3DAE079401C00EB400040000190206821
:108950000199F7F779FD064606B9D8E72660E07970
:1089600006EB8008C246E079451E05E03AF815108E
:10897000A81C2AF810106D1E002DF7DAE079401CB3
:10898000E071E07906EB8008C246B346E079401E0C
:108990002AF81070E079401E5E4604994BF82010CA
:1089A00037E0E07901282CD1A088C0F30E00B8424E
:1089B00002D104982060AAE7E079401C00EB400057
:1089C0004FEA400B5846F7F71DFC054605B99EE7F0
:1089D000206801902560E079401CE071E07905EBAA
:1089E0008008C2462E46A088C0F30E00D046AAF8E2
:1089F0000000AAF802703546019830600498706053
:108A000007E00120E071A08867F30E00A0800498C1
:108A100020603846DBF7B6FE8146A179012202FAD2
:108A200009F21143A17100BF71E738B505460C4644
:108A3000009460212846009AFFF75DFF38BD13B50A
:108A400082B00446BDF80C00ADF804004421204675
:108A5000019AFFF750FF1FBD38B505460C4600943C
:108A600040F642012846009AFFF745FF38BD38B569
:108A700005460C46009440F645012846009AFFF74B
:108A80003AFF38BD38B505460C46009440F6430120
:108A90002846009AFFF72FFF38BD38B505460C462B
:108AA00000944FF404612846009AFFF724FF38BD74
:108AB00070B504460D462946204600F054F8294674
:108AC0002046FFF737FE70BD38B505460C460094CA
:108AD00041F25D412846009AFFF70DFF38BD13B5FE
:108AE00082B00446BDF80C00ADF8040040F25741D6
:108AF0002046019AFFF7FFFE1FBD38B505460C461C
:108B0000009441F259412846009AFFF7F4FE38BD1F
:108B100038B505460C46009441F25B412846009A60
:108B2000FFF7E9FE38BD38B505460C46009440F61F
:108B30000B012846009AFFF7DEFE38BD38B5054622
:108B40000C46009440F60A012846009AFFF7D3FE2F
:108B500038BD38B505460C46009467212846009A72
:108B6000FFF7C9FE38BD38B505460C46009441F202
:108B700001012846009AFFF7BEFE38BD2DE9F047F7
:108B800004460D4616461F46DDE908891421204695
:108B9000F7F71DFE25600EB9054800E03046A060DD
:108BA000E760C4F81080C4F80490BDE8F0870000C6
:108BB000574C010870B504460D462646756230468E
:108BC000FBF7E5FE70BD70B5044625684FF0FF3039
:108BD00068622846FBF7DBFE70BD70B506460C46A2
:108BE00025464FF0FF30686210212046F8F7F6FE68
:108BF00008212046F8F7D6F94FF480612046F8F7AF
:108C0000D1F970BD70B506460C46254600212846B0
:108C1000EBF77AFF70BD00002DE9FC5F0F46394687
:108C20003D48F9F7E5FB01900198012801D0BDE826
:108C3000FC9F3846F3F787FA05463846F3F7E4FA1F
:108C40000090132D58D14FF440310098FAF7DEFE12
:108C500080464FF440310098FAF781FF81464FF487
:108C600040310098FBF74BF882464FF440310098B2
:108C7000FAF7EFFD8346C84501DD404600E048466F
:108C8000D34501DD594600E05146884205DDC8451F
:108C900001DD404606E0484604E0D34501DD584684
:108CA00000E050460646B01C06B24FF44031009832
:108CB000F8F71BFD304406B23846F3F7A2FA044633
:108CC000B4F90000B04202DDB4F9000000E0304623
:108CD00020804FF400310098F8F707FDB4F9001038
:108CE000884202DAB4F9000004E04FF40031009841
:108CF000F8F7FBFC20800DE01C2D06D1009800F059
:108D00000DF80098FBF743FE04E0152D02D138461C
:108D1000E3F7FBF900BF8AE784D504082DE9F047A3
:108D200090B0804600BF00BF44460025652229461A
:108D30002046FBF70BF80F900F9F00BF002F47D086
:108D40004046FAF7F3FA00F0010A606A401C80B965
:108D5000BAF1000F01D0002001E04FF48070054609
:108D6000BAF1000F02D04FF4807000E000200646F8
:108D700008E0656ABAF1000F02D04FF4807000E09D
:108D800000200646A81B002801DDA81B00E0701B80
:108D900078434FEA102900212046EBF7B5FE6846DC
:108DA000EBF7FAFE00BF009400BF0B48019000BF34
:108DB00000BF07950895099600BF0848039000BFBB
:108DC00000BFCDF8289000BF6846EBF7BDFF00BF9D
:108DD00010B0BDE8F0870000B58B0208C78B020811
:108DE00070B506460C4625460120A884E884A98C67
:108DF0004800F7F707FA2863E98C4800F7F702FA0A
:108E0000E8628220296B0880E96A0880EA8CAB8CD2
:108E10005A439100A86AF7F717FBA8620020A96AD5
:108E2000086070BD2DE9F04107460E463446002526
:108E30000EE0A06A50F8250040B1A16A51F8250063
:108E4000F7F7AEFA0020A16A41F82500681C85B248
:108E5000A08CE18C4843A842EBDCA06A10B1A06A68
:108E6000F7F79EFAE06A10B1E06AF7F799FA206B1B
:108E700010B1206BF7F794FABDE8F0812DE9F34FBC
:108E800083B083480499F9F7B3FA8146B9F1010F29
:108E900002D005B0BDE8F08F0498F3F754F9064608
:108EA0000498F3F7B1F9824654462A2E04D10021E2
:108EB000504603F0ABFCE9E02C2E27D10498F3F7E1
:108EC000A0F980464FF0000B002506E0206B30F83B
:108ED000150058440FFA80FB6D1CA08CA842F5D8F1
:108EE0000027002505E0E06A30F81500384407B295
:108EF0006D1CE08CA842F6D8ABF1010000B2A8F8D6
:108F00000000781E00B2A8F80200BFE0012E01D0D8
:108F1000022E1BD102AA01A95046E9F741F80546E5
:108F2000012D12D1A08EBDF80810884204D1E08E28
:108F3000BDF80410884208D0BDF80800A086BDF82E
:108F40000400E0865046FBF722FD9FE0082E2BD15F
:108F50005046FBF71CFDF5F717FA80464046F5F73B
:108F600058FA0746A08E4FF6FF7188420DD0E08E6A
:108F700088420AD04FB900221C215046F3F74AF923
:108F80008146B9F1010F00D083E7F5F7FDF983467B
:108F9000F5F74FFA0546012D01D0032D03D14FF609
:108FA000FF70A086E08671E00E2E03D15046FBF7DD
:108FB000EEFC6BE00D2E64D10498F3F722F9D0F8A3
:108FC0000080A78EE58E4FF6FF70874201D0854264
:108FD00006D10020A086E0865046FBF7D8FC58E773
:108FE000A08CB84200DC0027E08CA84200DC002501
:108FF000B8F1140F01D17F1E0FE0B8F1130F01D1AA
:109000007F1C0AE0B8F1110F01D16D1E05E0B8F127
:10901000120F01D16D1C00E03BE7A08CB84209DCC7
:10902000E08C401EA84202DD00276D1C0AE0A08CE7
:10903000471E07E0002F05DA1DB1A08C471E6D1EEC
:1090400000E00027E08CA84202DCE08C451E02E034
:10905000002D00DA0025A08EB84202D1E08EA84291
:109060000ED0A786E5865046FBF791FC00221C2116
:109070005046F3F7CFF88146B9F1010F00D008E769
:1090800004E0152E02D10498E3F722F900BF00E7AF
:10909000A0D504082DE9F04781460D462C465148DD
:1090A000007884F82C0094F82C00012810D00228B5
:1090B00013D0042802D0082814D104E00121284646
:1090C000FCF794FD0EE009212846FCF78FFD09E02E
:1090D00000212846FCF78AFD04E008212846FCF719
:1090E00085FD00BF00BF42F2640211462846FCF72E
:1090F000AEFE2846EDF70EF807462846F8F734FD91
:10910000804601213846EDF71BFD0420F7F77AF879
:10911000606235A0616A08603846616AEDF718FC44
:1091200000231C2231493846F7F7F4FE4FF4804102
:109130003846F7F737FF00231A462D494046F7F720
:10914000E9FE00214046FCF768FE94F82C00012857
:1091500019D0022818D0042802D0082826D100E00F
:1091600000BF2448B0F9002042F264013846FCF701
:109170006EFE42F264014046FDF7D2F801214046FE
:10918000FCF746FD12E000BF42F264021948B0F954
:1091900000103846FCF75BFE42F264014046FCF7E3
:1091A00046FD01214046FCF733FD00BF00BFF3F749
:1091B00033FE06461EB139463046F3F767FD0021FF
:1091C0004046FCF713FD03214046FCF70CFE8021CE
:1091D0004046F7F7E7FE4FF480614046F8F7FEFBA4
:1091E000BDE8F087CC010020000000004B630008C0
:1091F00027770008CE0100202DE9F04107460E46F2
:10920000344694F82C0000F00C0070B1002509E001
:10921000616A51F82500F7F7C3F80020616A41F848
:1092200025006D1C208DA842F2D894F82C0000F087
:10923000030080B100250BE06A00616A51F822004A
:10924000F7F7AEF800206A00616A41F822006D1C51
:10925000208DA842F0D8606AF7F7A2F8002060627B
:10926000BDE8F0812DE9F04781460C4621460E48C5
:10927000F9F7BEF80646012E01D0BDE8F08720467A
:10928000F2F761FF05462046F2F7BEFF0746292D9B
:1092900008D1384600F011F8804600224146384691
:1092A00000F018F800BFE8E76422030810B5044690
:1092B00001212046F9F7C1F810BD014600BF00BFEB
:1092C0000A46508D704710B5044600212046F9F734
:1092D000B4F810BD2DE9FC5F80460C46934600BFF4
:1092E00000BF4646308DA04201D8308D441E404616
:1092F000FDF768F84046FFF7D9FF05460DB9BDE810
:10930000FC9F4FF0000A41F6150251462846FAF735
:109310001DFD0090009807B200BF2846F9F72DF90F
:10932000814600214046FAF788F8012808D007EB6B
:109330000900604301B25A462846FCF7D1FB0BE016
:10934000C4F1000A07EB090000FB0AF001B25A461B
:109350002846FCF7C5FB00BF4046FFF7B4FF01906D
:10936000A1B280220198EDF7A1FA748500BFC6E78B
:109370002DE9F34792B0074600BF00BF3C46139863
:1093800010900020119010AD29463846EAF720FCD5
:109390000646012E02D014B0BDE8F08794F85C00B8
:1093A000C0F3C00040B113980A2802D013980D28CA
:1093B00002D100BF00BFEEE7002113A8414A1268A6
:1093C0009047814649463846DDF70CFC10B900BF8E
:1093D00000BFE0E794F85C00C0F3800010B13846AD
:1093E00002F066FFA06A50B1606AF5F701FF80469F
:1093F00098F8000010B93846FBF7C9FA00BF2A46B2
:10940000216C606AF5F706FF384600F025F994F8FC
:109410005C00C0F38000002844D0E06AD6F751FF1A
:1094200082462846D6F74DFF504400F101084146D8
:10943000E06AF7F709F8E06200BFE06A18B900BF18
:1094400000BF00BFFEE700BFE06A00B9A3E72A46FD
:10945000216CE06ADBF782FA208F18B9384602F0F7
:1094600027FF1FE06846EBF797FB21466846EBF7BE
:1094700057FC15496846EBF71DFC218F6846EBF752
:109480002FFC012200216846EBF740FC0F4968469B
:10949000EBF714FC0E496846EBF716FC6846EBF751
:1094A00053FC00BF384600F0F5FA00F101084146D0
:1094B000384600F021FB00221C213846F2F7AAFEB4
:1094C00000BF68E74C02002069C30208834C010812
:1094D0006BC302082DE9F04391B006460D4600BF6C
:1094E00000BF00BF1DB900BF00BF00BFFEE700BF47
:1094F000344694F85C00C0F3800010B1304602F0AE
:10950000D7FE304600F0C0FA18B9304600F0C8FA6D
:10951000C8B1002010900FE010A92846484A1268F0
:1095200090478046404647490968884781464946F2
:109530003046FFF71DFF00BF1098285C0028EBD1D4
:1095400011B0BDE8F08329463046EAF741FB0746F3
:10955000012F00D0F4E7A06A50B1606AF5F748FE29
:10956000804698F8000010B93046FBF710FA00BFAB
:109570002A46216C606AF5F74DFE304600F06CF823
:1095800094F85C00C0F38000002844D0E06AD6F76D
:1095900098FE81462846D6F794FE484400F101081B
:1095A0004146E06AF6F750FFE06200BFE06A18B992
:1095B00000BF00BF00BFFEE700BFE06A00B9BFE721
:1095C0002A46216CE06ADBF7C9F9208F18B93046CA
:1095D00002F06EFE1FE001A8EBF7DEFA214601A8BB
:1095E000EBF79EFB184901A8EBF764FB218F01A85C
:1095F000EBF776FB0122002101A8EBF787FB13496B
:1096000001A8EBF75BFB124901A8EBF75DFB01A892
:10961000EBF79AFB00BF304600F03CFA8146284643
:109620000C490968884709EB00084146304600F0BC
:1096300063FA00221C213046F2F7ECFD00BF7FE701
:109640004C0200204402002069C30208834C010838
:109650006BC302085C02002070B5054600BF00BF66
:109660002C46606AF5F7D0FD4FF6FF71884206D1AF
:10967000606AF5F7C3FD4FF6FF71884209D04FF6D7
:10968000FF71606AF6F736FB4FF6FF71606AF6F716
:1096900026FB70BD2DE9F04107460C46254695F89E
:1096A0005C0020F0040085F85C000020E86240F2D5
:1096B000DC5028870020286368635020405D20F03C
:1096C0000100401C50214855012129645020405D73
:1096D00020F00200801C502148550020A88795F8F2
:1096E0005C0020F0080085F85C0095F85C0020F034
:1096F000020085F85C0000206862A8622046F5F749
:1097000055FA68626420FCF7F3FE06463146686A43
:10971000FCF706FE0BA1686AF6F750FA00231A461A
:109720000949686AF7F7F6FB4FF480612046F7F7BE
:1097300039FC0021204600F0DFF9204603F0CAFF83
:10974000BDE8F08100000000D74401082DE9F84F82
:10975000054600BF00BF2C46284600F09BF9804616
:109760006A464146606AF5F73FFC00212846FAF751
:109770005EFC064600212846FAF7E5FB814648468E
:10978000F2F7B2FE0746BDF80210B819401C0844B3
:1097900000B2ADF80200A08FADF80000606AF8F7E3
:1097A00061FFBDF9021088420DDD6946606AF5F778
:1097B000E7FA8246B4F93C805146284600F09CF90D
:1097C000A4F83C8000BFBDE8F88F70B5054600BF27
:1097D00000BF284600F05EF9044624B1641E21460D
:1097E000284600F089F970BD70B5054600BF00BF7E
:1097F000284600F04FF90446641C2146284600F034
:109800007BF970BD2DE9F84F044600BF00BF254627
:10981000204600F03FF983462C466A465946686A5E
:10982000F5F7E2FB00212046FAF701FC064600218D
:109830002046FAF788FB81464846F2F755FE074670
:10984000BDF80210B819401E081A00B2ADF80200A7
:10985000A88FADF800006946686AF5F791FA82466C
:10986000B5F93C805146204600F046F9A5F83C8009
:10987000BDE8F88F2DE9F843054600BF00BF2C4630
:10988000276C0FB9BDE8F8832AA0006800906946EC
:109890002846EAF79DF90646012E00D0F2E7606AF5
:1098A000F5F7A6FC8146206C411E01224846DAF7F6
:1098B0007DFF4946606AF6F781F92846FFF7CCFE3E
:1098C000A06A50B1606AF5F793FC804698F80000F2
:1098D00010B92846FBF75BF800BF94F85C00C0F3B2
:1098E0008000D0B1226C511E0122E06ADAF75EFFDF
:1098F000E06AD6F7E6FC00F101084146E06AF6F7B7
:10990000A3FDE06200BFE06A18B900BF00BF00BF5E
:10991000FEE700BFE06A00B9B4E7206C411E2846AC
:1099200000F0EAF800221C212846F2F773FC00BF81
:10993000A8E700007F00000070B5054600BF00BF2B
:10994000284600F0A7F80446611C284600F0D4F829
:10995000284600F09FF8A04202D02846FFF78AFF71
:1099600070BD70B506460D462C46E06A20B1E06A2F
:10997000F6F716FD0020E062A06A20B1A06AF6F7B3
:109980000FFD0020A06270BD2DE9F04781460E4614
:1099900031463C48F8F72CFD0746012F01D0BDE8C1
:1099A000F0873046F2F7CFFB05463046F2F72CFC45
:1099B00080460E2D03D1404603F08CFE60E00D2D55
:1099C00047D13046F2F71DFC0468132C03D1404602
:1099D000FFF70AFF3CE0142C03D14046FFF7F5FEE9
:1099E00036E0112C03D14046FFF70CFF30E0122C7B
:1099F00003D14046FFF7AAFE2AE0082C03D14046D7
:109A0000FFF738FF24E07F2C03D14046FFF794FF97
:109A10001EE0022C04D10021404600F06DF817E052
:109A2000032C05D147F6FF71404600F065F80FE0C2
:109A30000A2C09D1404600F039F828B100221F2134
:109A40004046F2F7E7FB03E021464046FFF790FC73
:109A500016E0012D05D0022D03D0032D01D0082DD5
:109A600003D1304607F0CBF80AE0152D03D130467C
:109A7000E3F70CF904E0182D02D13046DFF792FB32
:109A800000BF8CE7BCD50408014600BF00BF0A46F2
:109A9000106B7047014600BF00BF0A46106C70474C
:109AA000014600BF00BF0A46506B7047014600BF29
:109AB00000BF0A4692F85C00C0F3C000704770B562
:109AC000054600BF00BF2C4694F85C00C0F3800040
:109AD00020B9606AF5F78CFB064600E0E66A30467E
:109AE00070BD10B500BF00BF024650239B5C61F300
:109AF00041035024A35410BD2DE9FC5F80460C4661
:109B000000BF00BF4546286CA04201D1BDE8FC9FC4
:109B1000686AF5F76DFB3A49009009688847064680
:109B2000002C00DA3444B44203DC47F6FF70844270
:109B300000D134462C644046FCF744FC00214046EA
:109B4000FAF701FA834601AA2146686AF5F74CFA4A
:109B50005846F2F7C9FC07464046F8F773FFBDF9CF
:109B60000610884205DDBDF9061001224046FBF7CC
:109B7000D3FF4046F8F7E2FC81464046F8F762FF23
:109B8000BDF906103944081A484509DDBDF806003C
:109B9000A0EB0900384401B201224046FBF7BCFFAC
:109BA0004046F8F755FEBDF90410884205DDBDF9C1
:109BB000041001224046FBF793FF4046F8F7DDFC16
:109BC00082464046F8F744FEBDF904103944081AAD
:109BD000504509DDBDF80400A0EB0A00384401B28D
:109BE00001224046FBF77CFFBDF80400A8874046F1
:109BF00003F070FD404602F0D1FB00BF86E7000095
:109C00005C0200202DE9F04105460E4600BF00BF72
:109C10002C4694F85C00C0F3C000B04201D1BDE80E
:109C2000F08106B394F85C0020F00800083084F856
:109C30005C0042F2D171606AFCF772FB6420FCF7B1
:109C400057FC074600223946606AFCF7C9FA42F21F
:109C5000D1712846FBF7EBFF00231A461946284628
:109C6000FBF70FFF1EE094F85C0020F0080084F87A
:109C70005C006420FCF73CFC07463946606AFCF750
:109C80004FFB00221146606AFCF7AAFA002241F25B
:109C900004012846FBF7BAFC00231A461946284659
:109CA000FBF7EFFE00BFBAE72DE9F04190B00646A2
:109CB0000D4600BF00BF00BF1DB900BF00BF00BF01
:109CC000FEE700BF34463046FFF7C6FC3046FFF7DC
:109CD000DBFE18B93046FFF7E3FE40B345A1606AEA
:109CE000F5F76CFF47F6FF713046FFF705FF94F874
:109CF0005C00C0F3800010B10020E16A0870002011
:109D00000F900FE00FA928463B4A1268904707467C
:109D100038463A4909688847804641463046FFF749
:109D200027FB00BF0F98285C0028EBD108E02946EC
:109D3000606AF5F743FF47F6FF713046FFF7DCFE38
:109D4000A06A48B1606AF5F753FA0746387810B947
:109D50003046FAF71CFE00BF94F85C00C0F38000A8
:109D600000283FD02846D6F7ACFA471C3946E06AAF
:109D7000F6F76AFBE06200BFE06A18B900BF00BFF7
:109D800000BFFEE700BFE06A10B910B0BDE8F08187
:109D90002946E06AD6F7B7FA208F18B9304602F0A4
:109DA00087FA1FE06846EAF7F7FE21466846EAF7B9
:109DB000B7FF13496846EAF77DFF218F6846EAF747
:109DC0008FFF012200216846EAF7A0FF0D4968468F
:109DD000EAF774FF0C496846EAF776FF6846EAF747
:109DE000B3FF00BF00221C213046F2F713FA00BF78
:109DF000CBE70000000000004C02002044020020DD
:109E000069C30208834C01086BC3020870B504469D
:109E1000204600F099F8054605B970BD00BF064A16
:109E200000212046FBF721FC00BF21462846DCF735
:109E30000DF800BFF1E70000FFFF0F0000B500F0D4
:109E400067F808B9002000BD0048FCE7F444002092
:109E50002DE9FF4104461E460A9D00F059F860B9FD
:109E60000020254908704FF41270F6F7CBF923490A
:109E700008600846006822490860EEF7D1FC0746F2
:109E8000EEF7E6FCB0F5A07F03DC03201D49087067
:109E90000EE0EEF7C5FC0746EEF7DAFCB0F5347FCE
:109EA00003DA02201749087002E001201549087002
:109EB0001548C460BDF804100182BDF80810418245
:109EC00045618561C56111480F4908600846066211
:109ED00003F044FC2CB12046EEF718FD0A498842F5
:109EE00002D10020FBF76AFC0120034908700648F4
:109EF00004B0BDE8F08100000E0100201402002033
:109F00000001002004010020F44400201DF5020897
:109F10000348006808B1012070470020FCE70000FA
:109F20001402002038B50546284600F00DF8044616
:109F300014B1208A009003E01120FCF7C1FA0090D0
:109F4000BDF80010084638BD70B504461CB1204667
:109F5000F8F73EFB01E0EEF763FC05462846EEF716
:109F6000D5FC70BD70B5044600F009F80546A54261
:109F700001D32C1B01E064422C44204670BD10B577
:109F800007F0D6FB10BD000070B505460C4642F246
:109F9000640211462046FBF75AFF00231A4608497F
:109FA0002046F6F7B7FF80212046F6F7FBFF032196
:109FB0002046FBF718FF03212046FBF721FF70BD69
:109FC000090703082DE9F04781460C462046F8F7BB
:109FD00099FB804642F2640211462046FBF737FFA8
:109FE0002046FCF7EFF94046F8F7A8FA104909882F
:109FF000484306B24046F8F7C0FA0E49098848437C
:10A0000007B2324639462046FBF7CFFE25460A48BE
:10A01000007885F824000748006838B904480068CB
:10A0200020B9054801784046FBF7CEFEBDE8F08731
:10A03000D8010020D4010020D00100202DE9F041FA
:10A0400005460E46174600240F48DAF787F80446FF
:10A0500000BF1CB900BF00BF00BFFEE700BF14B9BE
:10A060000020BDE8F0812660A5604FF0FF30206140
:10A0700000206061FFF783FF6060E7600120034913
:10A0800008702046EDE70000404500202F02002028
:10A0900010B5044621460548DAF7ACF8012004491A
:10A0A00008702046F6F77CF910BD000040450020FE
:10A0B0002E02002001490870704700002C02002089
:10A0C00070B50446207D00F0010008B1002070BD8D
:10A0D0000025204600F0DFF888B9266920690028AD
:10A0E00002DD2069401E2061FFF749FF6060A06823
:10A0F00018B116B12046A1688847012500BF054860
:10A10000007820B9206910B92046FFF7C1FF284622
:10A11000DDE700002E0200200148007870470000B3
:10A120002D0200202DE9F0414948007810B10120AE
:10A13000BDE8F0810120464908704648007818B90A
:10A14000002008700120F3E7FFF719FF074667B901
:10A1500041480068401C404908600846006864287F
:10A1600003D90020086000BF00BF00BF00203B49AA
:10A1700008703B4908703B48D9F7BDFF3A49086071
:10A1800013E0394801683748D9F7CDFF044636480F
:10A190000068FFF795FF30B13148007810B92F48BB
:10A1A000007800B105E0304804602F4800680028BE
:10A1B000E7D100BF2C4800680028D7D1461E2948A7
:10A1C000D9F799FF044610E0207D00F0010038B96E
:10A1D000204600F060F88046B04500D2464600BFF9
:10A1E00021462048D9F79FFF0446002CECD1384681
:10A1F000FFF7B8FE1D49096808441C4908601C485F
:10A200000068FFF7AFFE0546B5F5FA7F1AD3174889
:10A21000006864214843B0FBF5F016490870084611
:10A220000078642801DD002003E012480078C0F1C6
:10A2300064001049087000200C490860FFF79FFE79
:10A240000B490860002002490870304670E70000A2
:10A25000300200202C0200203C0200202E020020B0
:10A260002F0200204045002010020020380200206C
:10A27000340200202D02002001214161704710B5F9
:10A280000446FFF77CFE2168401A401E606010BD46
:10A2900000214161704770B504466068FFF762FEB7
:10A2A00005462068A84201D8002070BD2068401BE8
:10A2B000FBE72DE9F04707460C46164600F0ADF8DF
:10A2C0008046A6EB08000421DBF7A7FA0546E11754
:10A2D00004EB91718910A4EB810121B100BF00BF93
:10A2E0000020BDE8F0870C2D02D3B5F5004F03D94F
:10A2F00000BF00BF0020F4E76FF00301204601F02B
:10A30000DBFB814629464846DBF730FF4846DBF752
:10A310001EFF4846DBF725FF49463846DBF7FCFDC4
:10A320004846DBF71FFE824600215046DBF71EFF42
:10A330005046DBF721FF5046DBF70EFF2046D0E703
:10A3400010B50446E11704EB91718910A4EB81016B
:10A3500019B100BF00BF002010BD2046DDF73BFA59
:10A360002046F9E72DE9F04104460D462046FFF767
:10A37000E7FF064600F0BEF82F1A00F0BBF800EB2E
:10A3800004083A4641463046FFF793FF3046BDE8A1
:10A39000F0812DE9F04105460C4604B32F462046D6
:10A3A000DBF7B6FD064600BF3046DBF7C7FD18B148
:10A3B00000BF00BF00BFFEE700BF3046DBF705FE71
:10A3C00031463846DBF742FE064631463846DBF773
:10A3D00016FE064631463846DBF79EFD00BFBDE857
:10A3E000F08100B5014600F085F8084400BD2DE974
:10A3F000F04104460D46264604212846DBF7F5F9D0
:10A40000074639463046DBF7B6FD80463A464146B8
:10A410003046DBF75FFEBDE8F081082070472DE98C
:10A42000FE4F80460C461546C2464FF000092CB13F
:10A4300025B921464046FFF7ACFF58E02CB9294624
:10A440004046FFF7D4FF814651E02046DBF760FD30
:10A4500002900298DBF722FE01900298DBF791FE52
:10A4600006460198DBF78DFE3044001D0090042164
:10A470002846DBF7BAF9074600BF0298DBF75EFD16
:10A4800018B100BF00BF00BFFEE700BFB7421ED932
:10A490000198DBF753FD10B10098874217D9294680
:10A4A0004046FFF7A4FF8146B9F1000F1ED0AE422F
:10A4B00001D2304600E0284683465A4621464846A7
:10A4C000F5F7F7FF21464046FFF763FF0EE0B7427E
:10A4D00006D950460299DBF792FD0298DBF782FD20
:10A4E0003A4650460299DBF7C5FEA14600BF4846F2
:10A4F000BDE8FE8F4FF49760704700002DE9F05FD4
:10A5000007460D4616460DB1284600E01448804621
:10A510006FF00301384601F0CFFA044617E02046F9
:10A52000DBF70CFD08B9012000E000208146204641
:10A53000DBF727FE82462046DBF772FE8346334672
:10A540004A465146C0472046DBF7A8FD044624B1E1
:10A550002046DBF7F8FC0028E1D0BDE8F09F0000C2
:10A56000F17A000810B5044604F15A0000B200F078
:10A5700009F810BD10B5044604F15A0000B200F00D
:10A5800001F810BD014600204FF4B47291FBF2F3C4
:10A5900002FB1311002902DA01F5B47211B25A2933
:10A5A00003DA134A32F9110020E05A2908DBB429F2
:10A5B00006DAC1F1B40211B20D4A32F9110015E008
:10A5C000B4290BDBB1F5877F08DAA1F1B40211B22F
:10A5D000074A32F81120524210B207E0C1F5B472B6
:10A5E00011B2034A32F81120524210B270470000F3
:10A5F00060D304082DE9FF4F85B08346139CBBF15F
:10A60000000F02D09BF8000018B9002009B0BDE887
:10A61000F08F069808B90020F8E7129800F00200C1
:10A6200010B141F6FF7008904FF000080020049030
:10A6300003900025814600268246471E019004A90A
:10A640005846444A1268904705460498039065E0CE
:10A6500003A958463F4A1268904781460AF1010A09
:10A66000129800F0010050B129461498DAF7A6F9C3
:10A6700028B1DDF81080039804904D464EE04A461C
:10A6800029460698F1F709FF00B20290029830447B
:10A6900006B20298002802DD0798304406B2781C02
:10A6A00040B90798311A0898814203DD4746AAF15C
:10A6B000010001900A2D1DD00D2D1BD0284600222F
:10A6C000B0F59C4F05D349F6A573984201D80123F4
:10A6D0000FE0002107E020A35B5C834201D101224F
:10A6E00005E04B1CD9B21CA35B5C002BF3D100BF6F
:10A6F00013464BB1B8F1000F03D1781C08B904B16F
:10A700002660AAF1010A0DE014B1781C00B9266098
:10A71000DDF81080039804904D4600BF1BF8080038
:10A72000002895D100BF781C58B9BAF1000F04D0A9
:10A730000D2D04D1B9F10A0F01D1DDF8108040468A
:10A7400064E7159808B1384660E70CB10020206036
:10A7500000205BE74C020020202C2E3B3A2D5F00AE
:10A760002DE9FF4F83B004460E469046DDF848B011
:10A77000DDF8409000202080608016B907B0BDE869
:10A78000F08FB8F1000F00D1F8E70BF0020010B124
:10A7900041F6FF7011900025AA4600BFB8F80800E6
:10A7A00087B231E00020CDE9000B70194146119BC2
:10A7B000069ADAF73DF88244B4F902003844484476
:10A7C000B0F5004F02D300BF00BFD7E76088384420
:10A7D00000B260806088484400B26080AAEB050146
:10A7E0007019CDF800B04246069B00F02BF802909D
:10A7F000B4F900100298814201DA029801E0B4F93C
:10A8000000002080554600BF705D0028CAD16DB1A0
:10A81000681E305C0A2803D0681E305C0D2805D104
:10A82000608807EB0901084400B26080608810B9B5
:10A8300038B2608004E06088A0EB090000B260805C
:10A8400000BF9BE72DE9FF4705460E461746984691
:10A85000DDF830A01DB9002004B0BDE8F0870FB9C5
:10A860000020F9E7287808B90020F5E700200390D8
:10A870000024029046B31FE003AB6A4601A92846B4
:10A88000D9F7BAFF0AF0010028B102A80199DAF756
:10A8900095F800B110E03846DDE90021F1F7FDFD43
:10A8A0000FFA80F9B9F1000F05DD04EB090004B2DD
:10A8B00004EB080004B200BF0398B042DCD3002CC4
:10A8C00002DDA4EB080004B22046C5E708B5014646
:10A8D000802901D2084608BDB1F5006F11D2C1F33D
:10A8E000841040F0C0008DF8000001F03F0040F0FF
:10A8F00080008DF8010000208DF802008DF8030023
:10A9000033E0B1F5803F15D2C1F3033040F0E000F1
:10A910008DF80000C1F3851040F080008DF8010033
:10A9200001F03F0040F080008DF8020000208DF81B
:10A9300003001AE0B1F5881F17D2C1F3824040F03E
:10A94000F0008DF80000C1F3053040F080008DF874
:10A950000100C1F3851040F080008DF8020001F085
:10A960003F0040F080008DF803006A461068B2E7AF
:10A9700031B582B0029800F08000E8B1042202A94B
:10A9800001A8F5F7DEFE9DF8040000069DF805100D
:10A9900000EB01409DF8061000EB01209DF8071028
:10A9A0004418002504E0E0B200B9240A681CC5B2CE
:10A9B000042DF8DB029400BF02983EBD2DE9F04162
:10A9C00005460E46002400270CE0281909490968AD
:10A9D00088478046B8F1000F01D0404600E00120D2
:10A9E00004447F1CB74202D2285D0028EDD12046E6
:10A9F000BDE8F08140020020F8B506460C46002074
:10AA00000090002505E069463046044A12689047E8
:10AA10006D1C0098A042F6D32846F8BD4C020020D9
:10AA200038B5044600250020009005E06946204620
:10AA3000044A126890476D1C0098205C0028F5D1EC
:10AA4000284638BD4C02002008B5024600230020ED
:10AA5000009001B969460868105C00F0800028B9D0
:10AA60000868135C0868401C08608FE00868105C88
:10AA700000F0E000C02817D10868105CC006430D44
:10AA80000868401C08600868105C00F0C00080285E
:10AA900001D0002008BD0868105C00F03F000344AE
:10AAA0000868401C086071E00868105C00F0F00065
:10AAB000E02828D10868105C0007030C0868401CD7
:10AAC00008600868105C00F0C000802801D00020F9
:10AAD000E0E70868105C00F03F0003EB80130868B3
:10AAE000401C08600868105C00F0C000802801D09D
:10AAF0000020CFE70868105C00F03F0003440868BE
:10AB0000401C086042E00868105C00F0F800F02883
:10AB100039D10868105C4007C30A0868401C086007
:10AB20000868105C00F0C000802801D00020B1E768
:10AB30000868105C00F03F0003EB00330868401C1D
:10AB400008600868105C00F0C000802801D0002078
:10AB5000A0E70868105C00F03F0003EB8013086872
:10AB6000401C08600868105C00F0C000802801D01C
:10AB700000208FE70868105C00F03F00034408687D
:10AB8000401C086002E00868401C0860184681E725
:10AB90002DE9F84306460C4600272068401E206039
:10ABA00000BF042F02DB0020BDE8F883216888196C
:10ABB0000D490968884705463DB9206818B12068E5
:10ABC000401E206001E00020EEE7781CC7B2002D97
:10ABD000E7D02068009069463046044A12689047E2
:10ABE00080464046E0E70000400200204C02002082
:10ABF0000146087800F0800008B901207047087805
:10AC000000F0E000C02801D10220F7E7087800F04A
:10AC1000F000E02801D10320F0E7087800F0F80008
:10AC2000F02801D10420E9E70020E7E77FB582B0F2
:10AC300004460D461646059833462A46214600909E
:10AC40000248DAF7C9FA06B070BD0000F74C0008F8
:10AC50002DE9F04782460C462046F7F753FD05469E
:10AC60002846F7F7FFFC80462846F9F796FA814612
:10AC7000424649462046FBF7EAF801212046FAF70A
:10AC8000B5FF2046F6F770FF06461048B0F90020E1
:10AC900042F264013046FBF7DAF800213046FAF759
:10ACA000A5FF02231A4600213046FAF77FFF20460F
:10ACB000F6F75AFF074601213846FAF7A9FF42F294
:10ACC00064013846FBF72CFBBDE8F087DC0100206F
:10ACD0001CB54FF44070D6F70BFDD6F7BDFF1DA095
:10ACE000D7F7CAFDD7F71AF9D7F778FA0446D7F796
:10ACF000E7FA0546E01704EB9050821229461CA0A3
:10AD0000D7F7BAFDD6F74AFF2548012100238A026A
:10AD1000CDE9001023A1264806F03EFC254802217B
:10AD200000230A02CDE9001023A1264806F034FCD6
:10AD30002548012100230A02CDE9001023A126485D
:10AD400006F02AFC06F034FA24A0D7F795FD00BFE0
:10AD5000FEE70000E7AA97E58FA3E5889DE5A78BAE
:10AD6000E58C96E5AE8CE6AF952E2E0A000000002D
:10AD70002020E29480E2948020466C617368204930
:10AD800044203D20307825582C20E589A9E4BD9940
:10AD9000E7A9BAE997B43A202564204B420A00009B
:10ADA000800300204C56474C5F5461736B000000D9
:10ADB000711500087C030020426F6F745F5461734B
:10ADC0006B00000049060008900300205374617274
:10ADD0007455705461736B00491B00085B46415405
:10ADE000414C5D20E8B083E5BAA6E599A8E590AFAF
:10ADF000E58AA8E5A4B1E8B4A5EFBC810D0A00007E
:10AE000070B504460D46802229462046EBF73AFDF0
:10AE1000064680212046EBF74FF926B180222946CD
:10AE20002046EBF743FD70BD2DE9FF4F87B0054687
:10AE300092461F46DDF850B0DDF858800898EAF7D2
:10AE4000DCFD06900898EAF757FD05901898012850
:10AE500004D0022805D0032809D105E0DFF8D090FE
:10AE60000AE0DFF8D09007E0DFF8CC9004E000BF04
:10AE700000BF0BB0BDE8F08F00BFB8F1000F21D1CB
:10AE800000261BE0002411E005EB4400008803903D
:10AE900007EB440000880290159A0399C847049074
:10AEA00005EB4400BDF810100180641C0698844234
:10AEB000EADB05EB4A0507EB4B07761C0598864253
:10AEC000E0DB33E000262EE0002422E018F8040046
:10AED00000B91DE018F80400FD2801DB159804E016
:10AEE00018F80400159948430012049005EB44003B
:10AEF0000088029007EB440000880190049A0299B0
:10AF0000C847039005EB4400BDF80C10018000BF5A
:10AF1000641C06988442D9DB05EB4A0507EB4B0716
:10AF200017988044761C05988642CDDB00BFA0E7C9
:10AF30004975000875760008EB7500082DE9FF4F8C
:10AF400085B005461F46DDF850900698EAF755FD96
:10AF500083460698EAF7D0FC0490B9F1000F3DD182
:10AF60001398FD2814DB4FF000080DE04FEA4B0268
:10AF700039462846F5F79DFA079805EB40051298E3
:10AF800007EB400708F1010804988045EEDB79E102
:10AF90004FF000081EE0002412E005EB440000889A
:10AFA000029007EB440000880190139A0299ECF795
:10AFB000C5FE039005EB4400BDF80C100180641C35
:10AFC0005C45EADB079805EB4005129807EB400764
:10AFD00008F1010804988045DDDB53E11398FD2852
:10AFE0007DDDABF1040003904FF000080EE14E460A
:10AFF00000241FE03078D8B13078FF2806D105EB67
:10B00000440007EB44010988018011E0327805EB28
:10B0100044000088019007EB4400008800900199EB
:10B02000ECF78CFE029005EB4400BDF8081001809F
:10B03000761C641C5C4503DA06F003000028D9D1B5
:10B04000B246B1E0DAF8000000281ED0DAF80000BD
:10B05000401CD8B905EB440007EB44010988018086
:10B06000601C05EB400107EB400000880880A01C35
:10B0700005EB400107EB400000880880E01C05EB71
:10B08000400107EB4000008808808AE0564630788F
:10B09000D8B13078FF2806D105EB440007EB440116
:10B0A0000988018011E0327805EB440000880190A6
:10B0B00007EB4400008800900199ECF73FFE0290F6
:10B0C00005EB4400BDF808100180761C307808B309
:10B0D0003078FF2809D1601C05EB400100E09AE0C0
:10B0E00007EB40000088088014E03278601C05EB14
:10B0F000400000880190601C07EB40000088009031
:10B100000199ECF71BFE0290601C05EB4000BDF8B6
:10B1100008100180761C3078F8B13078FF2807D10C
:10B12000A01C05EB400107EB40000088088014E0FC
:10B130003278A01C05EB400000880190A01C07EBB2
:10B140004000008800900199ECF7F8FD0290A01CE7
:10B1500005EB4000BDF808100180761C3078F8B18E
:10B160003078FF2807D1E01C05EB400107EB4000D9
:10B170000088088014E03278E01C05EB400000886D
:10B180000190E01C07EB4000008800900199ECF76B
:10B19000D5FD0290E01C05EB4000BDF808100180D1
:10B1A000761C0AF1040A241D03988442FFF64AAF74
:10B1B00056461FE03078D8B13078FF2806D105EB2D
:10B1C000440007EB44010988018011E0327805EB67
:10B1D00044000088019007EB44000088009001992A
:10B1E000ECF7ACFD029005EB4400BDF808100180BF
:10B1F000761C641C5C45DDDB079805EB4005129866
:10B2000007EB40071598814408F101080498804530
:10B21000FFF6EDAE36E04FF0000830E0002422E00B
:10B2200019F80400F0B119F80400FD2801DB1398A7
:10B2300004E019F80400139948430012064605EB90
:10B2400044000088029007EB4400008832460190D9
:10B250000299ECF773FD039005EB4400BDF80C1068
:10B26000018000BF641C5C45DADB079805EB4005F4
:10B27000129807EB40071598814408F101080498DB
:10B280008045CBDB09B0BDE8F08F2DE9FF4F85B0DD
:10B2900082460E461F46DDF848B0DDF85080D9F7EB
:10B2A00063FA81463046EAF7A8FB04903046EAF795
:10B2B00023FB0390B8F1000F23D100251DE00024EB
:10B2C00015E01398029007EB44000088ADF80400E5
:10B2D0007088284400B20090318821440BB2D9F81C
:10B2E0000000D0F81CC05146079AE047641C04983F
:10B2F0008442E6DB07EB4B076D1C03988542DEDBDF
:10B300002BE0002526E000241CE018F80400C0B162
:10B3100018F8040013994843000A029007EB440010
:10B320000088ADF804007088284400B2009031888D
:10B3300021440BB2D9F80000D0F81CC05146079A3E
:10B34000E047641C04988442DFDB1598804407EBD7
:10B350004B076D1C03988542D5DB09B0BDE8F08F23
:10B360002DE9F04104460F469046802C06D2002578
:10B370002046E11704EB91718E1009E0204605F09C
:10B3800038FA0546681F24FA00F080F02006AD1F49
:10B390003D60C8F80060BDE8F0812DE9F041044649
:10B3A0000D461646802C09D3204605F022FA401F90
:10B3B000012101FA00F0471E3C4400BF32462946F5
:10B3C0002046FFF7CDFFBDE8F0810246FD2901DBF5
:10B3D00010467047022901DC0020FAE702FB01F069
:10B3E00000EBC01303EBC030C0F3C750F1E700001F
:10B3F0002DE9F84305462846F0F706FF04462046A7
:10B40000F7F780F980464046F7F77CF981464846D1
:10B41000EBF750FC06463068009000214046F7F7F5
:10B420000CF8A04214D19DF80200012809D10C208B
:10B430008DF80200BDF80000401E80B2ADF800009B
:10B440001AE09DF80200401E40B28DF8020013E0A1
:10B450009DF802000C2809D101208DF80200BDF8EA
:10B460000000401C80B2ADF8000005E09DF802002D
:10B47000401C40B28DF802009DF90220BDF800107A
:10B480004846EBF71FFC01214046F6F7D6FF07467A
:10B490009DF90200401E054951F82030BDF80020FA
:10B4A00003A13846F4F7E2FBBDE8F8833C01002035
:10B4B00025642025730000002DE9F843044620464A
:10B4C000F0F7A2FE07462046F0F7A1FE8046384678
:10B4D000F0F76EFB05464046EBF7ECFB064630689E
:10B4E0000090681C40B28DF802009DF90220BDF862
:10B4F00000104046EBF7E6FBBDE8F8832DE9F04786
:10B5000082460D4600212846F9F700FC0021284616
:10B51000FAF76CFB0023022219462846FAF746FB8D
:10B520002846EAF799FD814600222FA14846FAF7FE
:10B53000D3FD6420002804DAC0F57A7141F400518B
:10B5400001E040F400510CB221464846FAF76FFB87
:10B550004846FAF737FF4846F7F784F8064631467B
:10B560004846FAF7DDFE0023072220494846F5F752
:10B57000D1FC04214846F6F731FA2846F3F716FBCA
:10B58000074603213846F4F7D7FA0022022138464D
:10B59000FAF774FE01213846FAF73AFB2846EAF733
:10B5A0005BFD8046002212A14046FAF795FD324627
:10B5B00031464046FAF74BFC002307220B49404630
:10B5C000F5F7A8FC04214046F6F708FA00231C22F0
:10B5D00008492846F5F79EFC00221C212846F0F772
:10B5E00019FEBDE8F0870000EF819300F1B3020877
:10B5F000EF819400151303082DE9F04180460C46B5
:10B600002046F7F77FF8054600212046F9F77EFB34
:10B6100000212046FAF7EAFA2046F0F7EBF9064651
:10B62000174801683046F0F7BDFC2B461C2215492F
:10B630003046F5F76FFC01213046FAF7E9FA20466B
:10B64000F0F7D8F90746104801683846F0F7AAFC29
:10B650002B461C220D493846F5F75CFC0121384683
:10B66000FAF7D6FA00231C2209492046F5F752FCC6
:10B6700000221C212046F0F7CDFDBDE8F08100003E
:10B6800070010020651A03086C010020B9B402089B
:10B690006513030810B50A4A0A490020D6F77AFD57
:10B6A000002808DB064802680648016806A0D7F7AC
:10B6B000E3F8012010BD14A0D7F7DEF80020F9E769
:10B6C000B8030020B40300205B466F6E745D20E574
:10B6D000AD97E5BA93E5B7B2E5AD98E59CA8E4BAB5
:10B6E0008E205732355136342C20616464723D30DF
:10B6F0007825582C2073697A653D257520E5AD972E
:10B70000E88A820D0A0000005B466F6E745D20E5DA
:10B71000AD97E5BA93E69CAAE783A7E5BD95EFBC94
:10B720008CE99C80E9A696E6ACA1E58699E585A51D
:10B730000D0A000010B54FF4A9620C490020D6F79D
:10B7400035FC0446002C0CDB094A0A490020D6F7D8
:10B7500021FD074802680748016807A0D7F78CF861
:10B7600003E0214613A0D7F787F810BD5804050859
:10B77000B8030020B40300205B466F6E745D20E5C3
:10B78000AD97E5BA93E5B7B2E58699E585A520576B
:10B7900032355136342C20616464723D307825583E
:10B7A0002C2073697A653D257520E5AD97E88A827E
:10B7B0000D0A00005B466F6E745D20E5AD97E5BA3B
:10B7C00093E58699E585A5E5A4B1E8B4A5212072A5
:10B7D00065743D25640D0A0070B5C0B01848006856
:10B7E00020B918A0D7F748F840B070BD4FF4A9654C
:10B7F00000241DE0281BB0F5807F02D94FF4807033
:10B8000000E0281B06460E490968081932466946B9
:10B81000D6F72AFD1548011932466846D4F766FD69
:10B8200020B1214612A0D7F727F8DDE704F5807490
:10B83000AC42DFD3294617A0D7F71EF800BFD3E7E5
:10B84000B40300205B466F6E745D20E5AD97E5BAEA
:10B8500093E69CAAE58699E585A5EFBC8CE8B7B38D
:10B86000E8BF87E6A0A1E9AA8C0D0A0058040508E4
:10B870005B466F6E745D20E6A0A1E9AA8CE5A4B1D9
:10B88000E8B4A52040206F66667365743D25752178
:10B890000D0A00005B466F6E745D20E6A0A1E9AA68
:10B8A0008CE9809AE8BF872028E585B1202575209E
:10B8B000E5AD97E88A82290D0A00000070B50446BC
:10B8C000254615F83C0F00F00300401C032190FBB7
:10B8D000F1F201FB1200297860F3010105F83C192F
:10B8E000204600F09DFE2046F9F751F870BD00009B
:10B8F00070B504460C48006808B9002070BD14B942
:10B900000A480068FAE70CB90020F7E72046E5F797
:10B910008FFE0546601906490968884201D3002058
:10B92000ECE76019EAE70000C40000201C020020D8
:10B93000C800002037B5034601B93EBD08461D6862
:10B940002D1D2844024602AC2568156000BFF4E7AF
:10B9500037B5034601B93EBD08461D682844024676
:10B9600002AC2568156000BFF5E72DE9F05F0446DD
:10B97000002221212046F0F74DFC8246BAF1000F4B
:10B9800001D1BDE8F09F00212046F6F756FD804624
:10B9900007E04046FFF7E9FF00212046F6F74DFD9E
:10B9A0008046B8F1000FF4D12046F6F751FE8146EB
:10B9B0000020F2F7EFFC07461DE0786AA04202D0B3
:10B9C000B86AA04203D121463846F2F7D7FD386B5A
:10B9D000A04201D100213963386D484507D1F2F703
:10B9E000E7FCA04203D121463846F2F7C7FD3846AE
:10B9F000F2F7D0FC0746002FDFD12046D8F742FCF3
:10BA0000606840BB2046F6F7E3FD0546002606E0E9
:10BA1000E86850F82600A04200D103E0761C686A6E
:10BA2000B042F5D800BFB3465E4606E0701CE96838
:10BA300051F8200041F82600761C686A401EB0428A
:10BA4000F4D8686A401E68626A6A9100E868F4F790
:10BA5000FBFCE8602BE02046F6F70DFE0646354677
:10BA60000BE0606880680168681C51F8200061681C
:10BA70008968096841F825006D1C60688068406825
:10BA8000401EA842EDD8606880684068401E61682A
:10BA9000896848606268926852689100626892683A
:10BAA0001068F4F7D1FC61688968086000BF20461F
:10BAB000F4F776FC00BF64E702465018704770B593
:10BAC00005460C46E1B200222846FAF796FB70BD07
:10BAD00000BF18B900BF00BF00BFFEE700BF0021D4
:10BAE00041600161C1608160016041617047F0B5F2
:10BAF000DDE90554012B0BDC032805D0042802D016
:10BB0000052803D100BF00BF022000E000BF00BF36
:10BB1000062842D2DFE800F0410F03332017002649
:10BB200026808E1A06EBD677B5F800C00CEB6707B7
:10BB30003FB22F8034E0002626802E888F1A3E44A4
:10BB400036B22E802CE08E1A37B25E1E36B297FBCC
:10BB5000F6F636B2268023E08E1A36B296FBF3F65E
:10BB600027883E4436B22680B4F9006006EBD677CB
:10BB7000B5F800C00CEB67073FB22F8010E08E1ABB
:10BB800037B25E1C36B297FBF6F636B226802E88A8
:10BB900027883E4436B22E8002E00026268000BF71
:10BBA00000BFF0BD2DE9FF4F81B005460C4616469B
:10BBB000049870B12088A0EB660000B22080208835
:10BBC0003044401E00B2A080E88A6080688BE0802C
:10BBD0000DE06088A0EB660000B2608060883044B1
:10BBE000401E00B2E080A88A2080288BA0804FF4FD
:10BBF00040312846F7F7FDFE81464FF44031284694
:10BC0000F7F7A0FF82464FF440312846F8F76AF86C
:10BC100083464FF440312846F7F70EFE00904FF46C
:10BC200040312846F8F744FA80464FF44031284620
:10BC3000F8F724FA0746208809EB0801401A00B2F9
:10BC40002080A0880AEB0801084400B2A080618827
:10BC50000BEB0700081A00B26080E2880099C8194F
:10BC6000104400B2E08005B0BDE8F08F2DE9F84F38
:10BC700005462C462846E6F762F806460EB9BDE8AA
:10BC8000F88F3046F6F7EEFC83462846F6F756FC6A
:10BC9000834500DCF3E700213046F8F724F90090F3
:10BCA0000098F0F715FC074600213046F8F78BF9AD
:10BCB000804607EB08000FFA80F9E08E00FB09F0E0
:10BCC0000FFA80FA00225146606AF9F725FF606A90
:10BCD000F8F75DFE00BFD2E72DE9F04105460E46BC
:10BCE0001C4807681C480068001D05F080F850B922
:10BCF0001948006890F82C100120884017490968FD
:10BD0000814316480160681C38B936B11248016891
:10BD1000091D134805F0A9F81AE07C190E480068BF
:10BD20004460BC4207D20C480168091D0D480068F8
:10BD300005F081F80CE008480168091D0A48006810
:10BD400005F079F809480068844201D20748046088
:10BD5000BDE8F0813C0000202800002040000020C9
:10BD600090060020300000202C0000205800002009
:10BD700010B5044605F086F823480068401C2249A7
:10BD800008602248006840B92048046008460068FE
:10BD900001280DD100F036F90AE01D48006838B9D5
:10BDA0001A480068C06AE16A884201D817480460EE
:10BDB00018480068401C1749086094F82C100120AE
:10BDC000884015490968084313490860E16A01EB96
:10BDD0008101124A02EB8100211D05F046F805F0B1
:10BDE0008DF80B48006868B108480068C06AE16ACD
:10BDF000884207D24FF0805009490860BFF34F8F47
:10BE0000BFF36F8F10BD0000380000202800002015
:10BE1000440000205400002040000020C003002007
:10BE200004ED00E070B523E005F016FA1348006851
:10BE300008B9012000E00020054605F081FDBDB9EC
:10BE400005F020F80D48C068C468201D04F0CFFF3D
:10BE50000B480068401E0A4908600A480068401EF6
:10BE60000849086005F04AF8204600F00DF800BFC8
:10BE7000044800680028D7D170BD00007C0600206F
:10BE8000380000203400002010B50446206B05F077
:10BE900065F8204605F062F810BD000030B54FF49B
:10BEA0004053174800F007042CB1C01D20F00700D4
:10BEB000134C041B1B1B0246124C22600024114D24
:10BEC0006C60D018083820F007000F4C2060002468
:10BED0000D4D2D686C600C4D2D682C601146441A78
:10BEE0004C60094C24680C60084D4C682C60084D6F
:10BEF0004C682C604FF00044064D2C6030BD0000B3
:10BF0000A4060020640000206C00002074000020C3
:10BF1000700000207800002000BFFFF783FF064874
:10BF200000680128F9D94FF0805004490860BFF338
:10BF30004F8FBFF36F8FF0E7C003002004ED00E0E8
:10BF40002DE9FF5F81460E469246DDE90E7B109C8F
:10BF5000AAF10100216B01EB800828F0070808F026
:10BF6000070008B9012000E0002028B940F22B3278
:10BF70001AA120A0D6F780FC002507E0715D04F12E
:10BF800034004155705D00B902E06D1C102DF5D3F1
:10BF900000BF002143200155202F00D31F27E76257
:10BFA000201D04F045FF04F1180004F041FF246156
:10BFB000C7F12000A06164620020606484F848003A
:10BFC00049464046039A00F0D7F92060BBF1000FC4
:10BFD00001D0CBF80040BDE8FF9F000046726565C8
:10BFE00052544F535C7372635C7461736B732E6352
:10BFF000000000004572726F723A25732C25640DA3
:10C000000A00000010B5002407E004EB84010F4A89
:10C0100002EB810004F0FFFE641C202CF5D30C48D9
:10C0200004F0F9FE0B4804F0F6FE0B4804F0F3FEB2
:10C030000A4804F0F0FE0A4804F0EDFE04480949FD
:10C04000086004480849086010BD0000C0030020D3
:10C050004006002054060020680600207C060020D0
:10C06000900600202C0000203000002010B5014672
:10C07000164800E0006803688B42FBD30246436821
:10C0800013448B4204D143684C6823444360014607
:10C090000A464B6813440468A34211D10C4C036850
:10C0A0002468A34208D04B680468646823444B604A
:10C0B00003681B680B6005E0054B1B680B6001E023
:10C0C00003680B60884200D0016010BD640000204E
:10C0D0006C0000200A490968096809B9012100E0DB
:10C0E000002121B14FF0FF31064A116006E00449FA
:10C0F0000968C968C868034A416811607047000050
:10C100002C000020580000200B480068401C08B993
:10C11000012000E0002020B9F42208A10EA0D6F7EB
:10C12000ABFB00BF502080F31188BFF34F8FBFF3EC
:10C130006F8F00BF00BFFEE77C0000204672656580
:10C1400052544F535C706F727461626C655C706FB7
:10C1500072742E63000000004572726F723A25738C
:10C160002C25640D0A0000002DE9F04104464FF033
:10C17000000805F071F83E48006808B9FFF78EFE28
:10C180003C480068204000285FD1A4B1083404F086
:10C19000070080B104F00700C0F10800044404F077
:10C1A000070008B9012000E0002020B9BF2232A119
:10C1B00038A0D6F761FB002C47D03A48006884428B
:10C1C00043D8394E3046056801E02E462D68686830
:10C1D000A04202D228680028F7D12548006885428D
:10C1E00033D0306800F10808286830606868001BA8
:10C1F000102813D92F1907F0070008B9012000E013
:10C20000002020B9EC221CA122A0D6F735FB6868DB
:10C21000001B78606C603846FFF728FF214968688A
:10C220000968081A1F490860084600681F4909681C
:10C23000884203D21B4800681C4908600D496868A1
:10C240000968084368600020286005F079FB08F061
:10C25000070008B9012000E0002028B94FF49672C9
:10C2600005A10CA0D6F708FB4046BDE8F081000010
:10C270006C000020780000204672656552544F53D0
:10C280005C706F727461626C655C686561705F346C
:10C290002E6300004572726F723A25732C25640D6F
:10C2A0000A000000700000206400002074000020DC
:10C2B0002DE9F04F87B08046C14699F85C00C0F385
:10C2C0008000002847D0D9F82400F2F791FF0690AB
:10C2D00022490698096888478246BAF1000F02D1C0
:10C2E00007B0BDE8F08F00214046F7F72CFE05901F
:10C2F000002342F2220201A90598F0F73CF8834698
:10C30000BBF1000F01D016A700E016A73846D3F7FF
:10C31000D8FF04460AFB04F1481CF3F7ADFF0546BD
:10C32000002606E006FB045022463946F4F7C1F821
:10C33000761C5645F6DB002106FB04F029542946FD
:10C34000D9F82400F3F73AFC2846F4F711F84046F0
:10C3500000F024F800BF00BFC2E700005C0200202C
:10C36000E280A2002A000000704770B504462568EC
:10C370002846FFF79DFF70BD001F4FF080730360DC
:10C38000001F21F001030360001F034B03601438FA
:10C39000026020387047000009C102082DE9F04F03
:10C3A0008FB00646344600213046F7F7CCFD0E909C
:10C3B00000213046F7F73BFE0D903046FDF76AFB53
:10C3C0000C90606AF2F714FF81464846914A0C9936
:10C3D00012689047074609EB070000218E4A126851
:10C3E000904705460E98F0F77FF80B901DB10A2D87
:10C3F00001D00D2D07D1002220210E98F0F74DF825
:10C400000FFA80FA06E0002229460E98F0F745F868
:10C410000FFA80FA0AAA606A0C99F2F7E5FD606AE1
:10C42000F2F7E6FE0190606A0021019AF5F7F8F94B
:10C430008346BDF92800616AB1F91410084400EB85
:10C440000A01606AB0F91800814235DD94F85C0099
:10C45000C0F3C00040BBBBF1030F2DD00020ADF8EE
:10C460002800BDF82A200D990B980844104400B20A
:10C47000ADF82A0065B109EB0700684909688847EB
:10C48000074409EB07000021634A126890470546FC
:10C490001DB10A2D01D00D2D07D1002220210E98AB
:10C4A000EFF7FBFF0FFA80FA06E0002229460E980C
:10C4B000EFF7F3FF0FFA80FAE7644FF4E02130461C
:10C4C000F7F756F880464FF4E0213046F7F731FC95
:10C4D000404400B209904FF4E020019041F611026F
:10C4E00030460199F7F732FC00900098404400B2C2
:10C4F00008904FF4E0213046F7F7A2FA404400B22A
:10C5000007904FF4E020019041F613023046019964
:10C51000F7F71CFC00900098404400B20690BDF86C
:10C5200028100798081A00B2ADF81000BDF82A10BC
:10C530000998081A00B2ADF81200BDF82810069844
:10C5400008445044401E00B2ADF81400BDF82A1053
:10C55000089801440B980844401E00B2ADF816003C
:10C5600004F1440102A8E9F7A2F9BDF80800616AE4
:10C57000898A084400B2ADF80800BDF80A10606A64
:10C58000C08A084400B2ADF80A00BDF80C00616A28
:10C59000898A084400B2ADF80C00BDF80E10606A3C
:10C5A000C08A084400B2ADF80E0002A93046F8F780
:10C5B00028FA04A904F14400E9F779F904F14401E7
:10C5C00002A8E9F774F9BDF80800616A898A08448D
:10C5D00000B2ADF80800BDF80A10606AC08A0844CD
:10C5E00000B2ADF80A00BDF80C00616A898A0844FF
:10C5F00000B2ADF80C00BDF80E10606AC08A0844A5
:10C6000000B2ADF80E0002A93046F8F7FAF90FB003
:10C61000BDE8F08F540200204C02002040020020B0
:10C620002DE9F04704462046E7F7EFFB2546204674
:10C63000F7F7B3FD064600212046F6F7B0FE814627
:10C64000A6EB090000EBD07149100FB22046E4F7C9
:10C65000C4FE80460FFA88F0FDF794FF7843C013BC
:10C6600000B228850FFA88F0FDF77CFF7843C013ED
:10C6700001B26985304606EBD0712A8D02EB61016B
:10C6800009B2298506EBD0714A10698D11440AB2AE
:10C690006A852046E7F7B9FBBDE8F0872DE9F34F3F
:10C6A00097B007463846E5F756FB054615B919B069
:10C6B000BDE8F08F2846F2F79BFD824652460021E6
:10C6C0002846F5F7ADF816901698012828D00228CC
:10C6D00002D0032829D113E03846F5F74EFF8246F1
:10C6E0002846F7F75AFDAAEB0000109000EBD07037
:10C6F000401000B201460F902846F9F72AFE14E0D8
:10C700003846F5F73AFF82462846F7F746FDAAEB8A
:10C71000000000B2014610902846F9F71AFE04E026
:10C7200000212846F9F715FE00BF00BFBB460021D7
:10C730003846F7F7F0FB159000213846F7F75DFC17
:10C7400014901598EFF7CCFE80463846F5F7F6FEC4
:10C7500081464FF0000A652251463846F7F7F6FA4F
:10C760001090109884B2189800B114B93846E7F7C1
:10C77000B9F8BBF826001390149808EB0001139841
:10C78000414308B21290494609EBD172521040461B
:10C7900008EBD073A2EB630212B21192DDE9112013
:10C7A000101A06B2189800B144B915492846E8F79E
:10C7B000ABF931462846F9F7E5FD1FE001A8E8F797
:10C7C000EBF900BF019500BF0D48029000BF28465D
:10C7D000F7F70FFD8246CDF820A0CDF824A00A96E9
:10C7E00000BF00BF0B9400BF0648049000BF06487E
:10C7F000079000BF01A8E8F7A7FA00BF00BF56E7FF
:10C8000031D302080BCC0208134C01082DE9F04F7C
:10C810008BB006460F4635464FF4A0213046F7F759
:10C8200002F981464FF4A0213046F7F7A5F9824678
:10C830004FF4A0213046F7F76FFA83464FF4A0215A
:10C840003046F7F713F80A904FF4A0213046F7F777
:10C85000A0FB09904FF4A0213046F7F7DBFB0890CE
:10C860004FF4A0213046F7F762FB07904FF4A02168
:10C870003046F6F711FF06904FF4A0213046F6F748
:10C88000FEFE80463C462DE00A98CDE902ABCDF88D
:10C89000049004900898A1B200903046099B079A32
:10C8A000E5F71AFDE96A21F81400E86A30F9140086
:10C8B000404503DAE86A30F9140000E04046069982
:10C8C000884201DA069809E0E86A30F91400404528
:10C8D00003DAE86A30F9140000E04046E96A21F81A
:10C8E0001400641CE88CA042CED83046F8F7FBFD5B
:10C8F0000BB0BDE8F08F2DE9F04105462846F5F76D
:10C90000BAFD0646002412E0A868006850F82470BA
:10C910003846F8F73CF800222A213846EFF77AFC2F
:10C920003846F8F734F83846FFF7E5FF641CB442A0
:10C93000EAD3BDE8F08100002DE9F04F87B005464D
:10C940002846E5F708FA06461EB9012007B0BDE8FB
:10C95000F08FF1F719FD06902C460698F1F769FD66
:10C960000746042F01D0022F10D1E08C2085042F20
:10C970000CD12846F5F76CFE80464046F0F752FA97
:10C9800018B100214046F0F7F0FA00BF0698F1F721
:10C9900050FD012804D00698F1F74BFD03287DD106
:10C9A0004FF0FF38A06AC0F34040002838D18046DD
:10C9B00003A90698F1F702FDBDF80E10F08A081AD7
:10C9C00000B2ADF80E00BDF80C00B18A401A00B2FA
:10C9D000ADF80C0003A93046F2F7D2F98146304693
:10C9E000F2F706FC8346002002900190824600BFC9
:10C9F00013E002A95846324A126890470090009806
:10CA00000A2806D10198484503D008F101000FFA21
:10CA100080F8029801900AF1010ACA45E9D339E089
:10CA200000212846F7F777FA039000212846F7F708
:10CA3000E4FA82460398EFF753FD83460BEB0A00B6
:10CA400000B20290B5F91A20B5F91610501A00EB91
:10CA5000D0714A10E98A114409B201910C2106985B
:10CA6000F1F7F7FDF18A084400B20090DDE900100B
:10CA7000411A029891FBF0F9B9F1000F01DA4FF079
:10CA80000009A08C484502DCA08CA0F101090FFA36
:10CA900089F800BFB8F1000F07DB00E006E01FFADD
:10CAA00088F101222846FAF752FB00BFE08C05907E
:10CAB00005AA1C212846EFF7ADFB0490049845E732
:10CAC0004C020020F0B50C46E568A16800BF1DB916
:10CAD00000BF00BF00BFFEE700BF00BF19B900BF25
:10CAE00000BF00BFFEE700BFCD60A96000F13806BF
:10CAF00006EBC21656F82360A6421BD100F1380699
:10CB000006EBC21646F82310814213D100F1140639
:10CB100056F8226001279F40BE4300F1140747F8F2
:10CB200022603E4656F8226026B9012797400669E2
:10CB3000BE430661F0BD2DE9F04106460D460024D6
:10CB40000EE026B1E86850F83400B04207D14FF645
:10CB5000FF724FF470212846F8F7DEFC05E0641CF4
:10CB6000688CC0F3C500A042EBD800BF2846F5F79B
:10CB700082FC0746002407E0A868006850F82410EB
:10CB80003046FFF7D8FF641CBC42F5D3BDE8F08106
:10CB900070B505462868F5F71BFD044600222721DD
:10CBA0002069EFF737FB002228216069EFF732FB9D
:10CBB000606938B194F8280000F0010010B1606994
:10CBC000F4F7E2FF00206061A061002240F26241C0
:10CBD0002868F8F71BFD70BD70B504462068F5F7AE
:10CBE000F7FC0546FAF7DFFA686120682861002241
:10CBF00026212869EFF70EFB70BD10B50446002210
:10CC00000A212068EFF706FB10BD70B504462068C6
:10CC1000F5F778FD05462846E6F764FE70BD00008E
:10CC20002DE9FF4F91B090461298F5F76BFD07463E
:10CC300010213846F7F70EFB10B915B0BDE8F08F9C
:10CC40003846F5F7D7FD10904FF00009CA46002589
:10CC50003846F5F7EDFE0F900F9818B1129800F1D5
:10CC6000140400E0119C00213846F6F74DFC0E90AC
:10CC700000213846F6F7CEFF01460E98084400B270
:10CC80000D9000213846F6F77CFD01460E980844C9
:10CC900000B20C90F98A0D9808446188401AB8F8DF
:10CCA0000210401A00B20B90798B0C98081AE18898
:10CCB000401AB8F80210081A00B20A903846F5F780
:10CCC000D1FC01460D98091A0C98081A00B2099077
:10CCD0000B98002804DB0A98002801DB00251BE0E4
:10CCE0000B98002808DD0B9D3846F5F7ABFE024691
:10CCF000501B00D500250FE00A9800280CDD0A988B
:10CD0000404205B23846F5F715FD019001982844D8
:10CD1000002800DA002500BF0F98012804D002285F
:10CD200010D003283AD11BE0F98A0D9808440FFA75
:10CD300080F9608828440FFA80FAA9EB0A00284499
:10CD400005B22BE0798B0C98081A0FFA80F9E0886D
:10CD500028440FFA80FAA9EB0A00284405B21DE026
:10CD6000099800EBD0714A10FB8A0D9919441144BF
:10CD70000FFA81F900BFE1886288891A491C09B25B
:10CD8000084601EBD071628802EB610129440FFA79
:10CD900081FAA9EB0A00284405B200BF00BF0026B3
:10CDA0003846F5F73BFE0890089818B1129800F144
:10CDB000140400E0119C00213846F6F7BFFD0E99DF
:10CDC00008440FFA80FB00213846F6F760FE0E9902
:10CDD000084400B20790B88A58442188401AB8F82D
:10CDE0000010401A00B20690398B0798081AA188E3
:10CDF000401AB8F80010081A00B2059006980028EA
:10CE000004DB0598002801DB00261DE006980028B9
:10CE10000ADD069E3846F5F71BFD01900198304467
:10CE2000002800DD00260FE0059800280CDD05989D
:10CE3000404206B23846F5F783FD01900198304430
:10CE4000002800DA002600BF3846F7F7A6F9A0EB65
:10CE50000B010798081A00B204900898012804D022
:10CE600002280FD0032838D11AE0B88A58440FFAA4
:10CE700080F9208830440FFA80FAA9EB0A00304488
:10CE800006B22AE0398B0798081A0FFA80F9A088B1
:10CE900030440FFA80FAA9EB0A00304406B21CE0D5
:10CEA000049800EBD071BA8A5A4402EB61010FFA80
:10CEB00081F900BFA1882288891A491C09B2084655
:10CEC00001EBD071228802EB610131440FFA81FA43
:10CED000A9EB0A00304406B200BF00BF294938461A
:10CEE000E7F712FE039028493846E7F70DFE029057
:10CEF000039808B9029850B100220A213846EFF78A
:10CF000089F901900198012800D096E600BF109899
:10CF100000F0010010B9002E00DA0026109800F091
:10CF2000020010B9002E00DD0026109800F0040069
:10CF300010B9002D00DA0025109800F0080010B993
:10CF4000002D00DD0025B8F90010149808B9002064
:10CF500000E03046084400B2A8F80000B8F902101A
:10CF6000149808B9002000E02846084400B2A8F848
:10CF700002002A4631463846149BF8F741FC00BFB0
:10CF80005BE60000E5D00208C9D002082DE9F041B7
:10CF900004460D46164615B90EB9BDE8F081204687
:10CFA000F4F7FAFAA068008A284400B2A16808825F
:10CFB000A068408A304401B2A06841820123324611
:10CFC00029462046F7F7C0FD00220B212046EFF747
:10CFD00021F90746012F00D0DFE72046F7F7D7FCFD
:10CFE00000BFDAE710B5DAB1B0F91630B2F9004097
:10CFF0001C44B0F932309C4204DA448EC38AE31AEE
:10D000001BB21380B0F91630B2F900401C44B0F9DD
:10D0100036309C4204DDC48EC38AE31A1BB21380EF
:10D02000D9B1B0F91430B1F900401C44B0F9303036
:10D030009C4204DA048E838AE31A1BB20B80B0F997
:10D040001430B1F900401C44B0F934309C4204DD86
:10D05000848E838AE31A1BB20B8010BD2DE9F04148
:10D060000546B5F918400026F1F78EF907463868ED
:10D0700090F8198008E0301906B2C8F164006043E6
:10D08000642190FBF1F004B2002CF4D13046BDE8ED
:10D09000F0812DE9F0410546B5F91A400026F1F777
:10D0A00073F90746386890F8198008E0301906B21D
:10D0B000C8F164006043642190FBF1F004B2002CDD
:10D0C000F4D13046BDE8F08170B505460C462846DF
:10D0D000F5F7C2FC204406B2002231462846FFF78D
:10D0E00055FF70BD70B505460C462846F5F7BEFCE9
:10D0F000204406B2324600212846FFF747FF70BDA4
:10D100002DE9FC4105460C462046EDF7E3FA4FF4C5
:10D1100080312846F6F7C4F9E070E07802280CDD8B
:10D120004FF48037202239462846F6F70FFE00904C
:10D1300000980190BDF80400A0804FF480373122A0
:10D1400039462846F6F702FE01900198C0B284F8ED
:10D15000220094F8220002281EDD00BF41F23202B4
:10D1600039462846F6F7F2FD0190019800B2208476
:10D17000B4F9200000280CDD00BF302239462846D3
:10D18000F6F7E4FD009000980190BDF80400E083FC
:10D1900002E0002084F822004FF4803740F6450278
:10D1A00039462846F6F7D2FD01900198C0B284F8BE
:10D1B000360094F83600022829DD00BF4FF40462DF
:10D1C00039462846F6F7C2FD0190019800B2E08585
:10D1D000B4F92E00002817DD00BF40F6430239469F
:10D1E0002846F6F7B3FD0190019800B2A08600BF73
:10D1F000442239462846F6F7A9FD00900098019090
:10D20000BDF80400A08502E0002084F836004FF449
:10D2100080312846F6F74DFA0646FD2E0DDAE07805
:10D2200070430012E070E0787043001284F822002E
:10D23000E0787043001284F83600E07828B994F85A
:10D24000220010B994F8360040B14FF480312846DE
:10D25000F6F7D8FD20800120BDE8FC810020FBE727
:10D260002DE9F04704460E4617463568D7F800808A
:10D2700004F1140050F825004FF0FF3101FA08F1D5
:10D2800000EA0109B9F1000F16D1691C4FF0FF3215
:10D290008A40206900EA020ABAF1000F02D1002098
:10D2A000BDE8F087504603F099FA0546356004F171
:10D2B000140050F8259000BF00BFB9F1000F03D152
:10D2C00000BF00BF00BFFEE700BF484603F086FA7C
:10D2D0008046C7F8008004F1380000EBC51050F814
:10D2E0002800DDE770B504460D46264628B2A6F8AC
:10D2F00044002046F7F74BFB70BD70B504460D4661
:10D30000264629B2462081532046F7F740FB70BDE0
:10D3100070B505460C4621B22846F9F71AF870BDDB
:10D3200070B505460C4621B22846F9F72BF870BDBA
:10D3300070B505460C4621B22846F9F723F870BDB2
:10D340002DE9F04F85B00446894617464FEA69003B
:10D3500004904FEA6900039009F0010010B90498A5
:10D36000401E04906000F2F787FF8346B84600260F
:10D3700031E0601E38F8100000FB09F00090651ED7
:10D380001FE0009A2BF815200021039A2A44A2429C
:10D3900003DA039A2A4438F81210009A521A0092BB
:10D3A000049AAA1A521E002A02D5B8F8000004E016
:10D3B000049AAA1A521E38F81200009A02440092E7
:10D3C0006D1E002DDDDA620059464046F3F771F814
:10D3D00008EB4408761CA642CBDB4FF47F5002904A
:10D3E0000298B0FBF9F001904FF0000A15E037F811
:10D3F0001A0000B90FE037F81A100298814203D1E1
:10D40000019827F81A0005E037F81A0090FBF9F0A8
:10D4100027F81A0000BF0AF1010A04FB04F0504586
:10D42000E5D8002542E007EB4508B8F8001001FBFD
:10D4300009F000262AE0002801DA002300E0831129
:10D440002BF81630039BF31A002B02DCB8F80010FF
:10D4500005E0039BF31A03FB045337F81310401A3B
:10D46000049B33445B1CA34207DA049B33445B1CDC
:10D4700003FB045337F8132004E0631E03FB04533B
:10D4800037F813201044761C08EB4408A642D2DB80
:10D4900007EB4508002606E03BF81610A8F8001038
:10D4A000761C08EB4408A642F6DB6D1CA542BADBED
:10D4B0005846F2F75DFF05B0BDE8F08F2DE9FF4F4C
:10D4C0008BB00D46144627460E983E1809A80B99B6
:10D4D000E8F7C0F9204604EBD0714A100E991144C8
:10D4E000491E04F0010282F00102891A09B2ADF866
:10D4F000281004EBD0714910491C09B2ADF8261070
:10D500000B98E8F78FFABDF82810081A00B2ADF8AA
:10D5100024000B98E8F7FEF9BDF82610084400B285
:10D52000ADF82A00002309A903A80E9AECF7BCFF66
:10D53000012F01D1012401E0781004B23046F2F746
:10D540009BFE8146A846002002903BE031464846BB
:10D55000F3F774F903A8009033B2DDE9020C02B2CC
:10D5600000214846E0478346BBF1000F04D171001B
:10D570004046F3F72CF920E099F80010890191FB5F
:10D58000F4F1A8F80010012014E019F80020411E61
:10D5900019F801108A4205D1411E38F8111028F8F7
:10D5A000101006E019F80010890191FBF4F128F839
:10D5B0001010401CB042E8DB00BF08EB46080298A0
:10D5C000401C02900298B042C0DB4846F2F7D0FE01
:10D5D00003A8ECF7CDFB012C0FD12946002005E074
:10D5E00035F81020C2F387120A54401C06FB06F2DD
:10D5F0008242F5DC0FB0BDE8F08F2A46214630B2FA
:10D60000FFF79EFE07F00100204404B2012C27DD45
:10D610004FF47F5090FBF4F000904FF0000B15E0BA
:10D6200035F81B0000B90FE035F81B00FF2803D1C7
:10D63000009825F81B0006E035F81B00800190FBE0
:10D64000F4F025F81B0000BF0BF1010B06FB06F000
:10D650005845E5D82A46214630B2FFF771FE00BF93
:10D6600001954FF0000A06E015F81A10019800F82D
:10D670000A100AF1010A06FB06F05045F4DC00BF6F
:10D68000B8E770B598B006460C4615460AA8EDF7FF
:10D6900021F800BFFF2211461046EAF76DFA00900C
:10D6A000BDF8001008460190BDF80400ADF82C004C
:10D6B00022460AA93046ECF7F1FF02A8EBF7FEFF7D
:10D6C00000202B46224602A900903046EBF742FC90
:10D6D00018B070BDF0B591B0064635464FF4E0275E
:10D6E000652239463046F6F731FB10901098044613
:10D6F0005CB918493046E7F707FA5020405D20F042
:10D700000100401C5021485522E001A8E7F744FAE7
:10D71000294601A8E7F704FB0E4901A8E7F7CAFA72
:10D72000214601A8E7F7DCFA00BF0E9400BF0022F3
:10D73000012101A8E7F7EAFA074901A8E7F7BEFACD
:10D7400001A84FF6FF71818700BFE7F7FDFA00BF20
:10D7500011B0F0BD23780008834C01080EB5FE48D7
:10D7600090F8200000F0010040B1FC48EAF761F9B0
:10D770000190FB48BDF80410018008E0042112204C
:10D78000F8F772FE0290F648BDF808100180F248E2
:10D7900090F8200000F0010048B105211220F8F7B0
:10D7A00063FE0190EF48BDF80410018008E00421F9
:10D7B0001220F8F72FFE0290EA48BDF80810018009
:10D7C000E54890F8200000F0010040B1E648EAF793
:10D7D00030F90190E548BDF80410018006E0EAF751
:10D7E000EBFB0290E148BDF808100180DA4890F8A0
:10D7F000200000F0010040B1DD48EAF71AF901907D
:10D80000DC48BDF80410018008E002211220F8F77E
:10D810002BFE0290D748BDF8081001800020462159
:10D820005023D54ACDE90010D449D548FBF7A6F9D5
:10D83000002000905023D04AD0490190D148FBF7F6
:10D840009DF9D1480068D03001F058FECC49CE484F
:10D850000068D030FBF77DF9CB480068D83001F084
:10D860004DFEC849C8480068D830FBF772F9C64871
:10D870000068083001F042FEB74890F8200000F040
:10D88000010028B102211220F8F7C4FD029003E044
:10D890001220F8F715FE0290BB4802990068083084
:10D8A000FAF7C5FE47F6FF71B74800680830FBF786
:10D8B000BCF8A948C06807210190EAF78CFE014630
:10D8C0000290B14800680830FAF79BFFA248C06890
:10D8D00005210190EAF77FFE01460290AA48006800
:10D8E0000830FBF740F96621A74800680830FAF7CE
:10D8F000C3FEA449A44800680830FBF72AF9A248EF
:10D900000068103001F0FAFDFF219F4800681030D8
:10D91000FAF7B2FE9C48006801F0F0FDFF219A483A
:10D920000068FAF7A9FE8E480088014602909648E2
:10D930000068FAF77CFE8B48008801460290924806
:10D940000068FBF7CCF891480078012806D182489E
:10D95000C0680E210190EAF73EFE10E08B48007887
:10D96000022806D17C48C0680C210190EAF733FEFA
:10D9700005E07948C0680A210190EAF72CFE0146CB
:10D98000029081480068FAF794FF804800780128E7
:10D9900006D17148C0680E210190EAF71CFE10E024
:10D9A0007A480078022806D16B48C0680C210190A3
:10D9B000EAF711FE05E06848C0680A210190EAF71D
:10D9C0000AFE0146029070480068FAF739FF6E4877
:10D9D0000068183001F092FD6C480078012806D1EB
:10D9E0005D48C0680C210190EAF7F5FD05E05A4852
:10D9F000C06808210190EAF7EEFD014602906248F6
:10DA000000681830FBF711F8FF215F4800681830F4
:10DA1000FAF732FE55480088014602905A480068DD
:10DA20001830FAF704FE5348008801460290564821
:10DA300000681830FAF72AFE4748C06802210190B2
:10DA4000EAF7C9FD014602904F4800681830FAF71E
:10DA500048FE01214C4800681830FAF72EFE414874
:10DA6000008801460290484800681830FBF737F8F4
:10DA700046480078012806D13748C068182101902F
:10DA8000EAF7A9FD10E041480078022806D13248A3
:10DA9000C06814210190EAF79EFD05E02E48C06899
:10DAA00010210190EAF797FD014602903648006880
:10DAB0001830FAF7A6FE35480078012806D1264826
:10DAC000C0680E210190EAF786FD10E02F4800782B
:10DAD000022806D12048C0680C210190EAF77BFD9E
:10DAE00005E01D48C0680A210190EAF774FD01466F
:10DAF0000290254800681830FAF7DBFE23480078CA
:10DB0000012806D11448C0680E210190EAF763FD90
:10DB100010E01E480078022806D10F48C0680C218A
:10DB20000190EAF758FD05E00B48C0680A21019012
:10DB3000EAF751FD01460290134800681830FAF7E1
:10DB40007FFE1220F8F7BCFC014602900E480068E8
:10DB50001830FAF7FAFD1BE0F44400201A171500FC
:10DB60000601002008010020302B28000A010020B7
:10DB700037322F000C010020574C0108181C0308F5
:10DB8000184500202C450020000100200401002041
:10DB9000F848C06801210190EAF71DFD0146029096
:10DBA000F54800681830FAF7DDFDF3480068A0304A
:10DBB00001F0A4FCEF480169EF480068A030FAF7D3
:10DBC000F2FDEC48C06803210190EAF704FD01462C
:10DBD0000290E9480068A030FAF708FEE548C068FE
:10DBE00003210190EAF7F7FC01460290E248006841
:10DBF000A030FAF7F0FD7F21DF480068A030FAF787
:10DC0000DFFDDD480068A83001F078FCD948408A83
:10DC100001460290D8480068A830FAF7C4FDD548FC
:10DC2000C06803210190EAF7D6FC01460290D24871
:10DC30000068A830FAF7DAFD7F21CF480068A830E5
:10DC4000FAF7BEFDCC480068203001F057FCCB4805
:10DC50000078012806D1C748C06810210190EAF772
:10DC6000BAFC10E0C5480078022806D1C148C06857
:10DC70000C210190EAF7AFFC05E0BE48C06808211E
:10DC80000190EAF7A8FC01460290BB4800682030EA
:10DC9000FAF7CBFEFF21B84800682030FAF7ECFC19
:10DCA000B748008801460290B34800682030FAF770
:10DCB000BEFCB04890F8200000F00100E8BB122044
:10DCC000F8F7FEFB01460290AB4800682030FAF7F7
:10DCD000B6FE0020EAF7AAFD00EB40005030A0217C
:10DCE00090FBF1F0012809DD0020EAF79FFD00EB31
:10DCF00040005030A02190FBF1F000E0012000B284
:10DD0000014602909C4800682030FAF7C6FE7F2149
:10DD1000994800682030FAF7AAFE0020EAF786FD4D
:10DD2000502101EB8000A02190FBF1F001280BDDD8
:10DD30000020EAF77BFD502100E015E001EB8000B8
:10DD4000A02190FBF1F000E0012000B20190894891
:10DD5000C06800900199EAF73EFC014602908648AF
:10DD600000682030FAF778FE864800880146029065
:10DD7000814800682030FAF7B2FE80480078012818
:10DD800006D17C48C06818210190EAF724FC10E015
:10DD90007A480078022806D17648C068142101909C
:10DDA000EAF719FC05E07348C06810210190EAF712
:10DDB00012FC01460290704800682030FAF757FDC7
:10DDC0006E480078012806D16A48C0680E2101908B
:10DDD000EAF701FC10E069480078022806D165489E
:10DDE000C0680C210190EAF7F6FB05E06148C068C5
:10DDF0000A210190EAF7EFFB014602905E480068B5
:10DE00002030FAF76CFD5B48C06805210190EAF705
:10DE1000E2FB01460290584800682030FAF710FDF6
:10DE20005448C06805210190EAF7D5FB01460290ED
:10DE3000514800682030FAF73CFD53495348E9F750
:10DE4000F6FD53495348E9F7F2FD4B480068583056
:10DE500001F054FB4D49484800685830FAF756FC29
:10DE60002321454800685830FAF75AFC42480068B8
:10DE7000603001F043FB47493F4800686030FAF7E3
:10DE800045FC7F213C4800686030FAF749FC3A487D
:10DE90000068C03001F032FB012137480068C03013
:10DEA000FAF72AFC012134480068C030FAF705FC73
:10DEB00031480068803001F021FB304800780128AB
:10DEC00006D12C48C06818210190EAF784FB10E0C5
:10DED0002A480078022806D12648C06814210190FB
:10DEE000EAF779FB05E02348C06810210190EAF7C2
:10DEF00072FB01460290204800688030FAF781FCEE
:10DF00001E480078012806D11A48C06818210190DF
:10DF1000EAF761FB10E019480078022806D115489D
:10DF2000C06814210190EAF756FB05E01148C0686B
:10DF300010210190EAF74FFB014602900E4800685D
:10DF40008030FAF7B6FC0D480078012806D1094860
:10DF5000C06818210190EAF73EFB23E007480078EB
:10DF6000022819D10348C06814210190EAF733FB55
:10DF700018E00000F444002000010020040100200B
:10DF80000C01002008010020A178000810010020E9
:10DF90004D26010818010020FE48C068102101909C
:10DFA000EAF719FB01460290FB4800688030FAF757
:10DFB00047FCF9480068783001F0A0FAF74800788B
:10DFC000012806D1F348C0680E210190EAF703FB4F
:10DFD00010E0F2480078022806D1EE48C0680C2113
:10DFE0000190EAF7F8FA05E0EA48C0680A210190D2
:10DFF000EAF7F1FA01460290E74800687830FAF74C
:10E0000000FCE6480078012806D1E248C0680E21ED
:10E010000190EAF7E0FA10E0E0480078022806D123
:10E02000DC48C0680C210190EAF7D5FA05E0D94830
:10E03000C0680A210190EAF7CEFA01460290D6485C
:10E0400000687830FAF707FCD3480068883001F0A0
:10E0500055FAD048C0680A210190EAF7BCFA014697
:10E060000290CD4800688830FAF723FCC948C068A0
:10E070000A210190EAF7AFFA01460290C64800680B
:10E080008830FAF7DDFBC4480068903001F036FABA
:10E09000C048C06814210190EAF79DFA0146029039
:10E0A000BD4800689030FAF733FDBB4800689830EF
:10E0B00001F024FA0221B84800689830FAF704FD0C
:10E0C000B5480068683001F019FA0021B2480068CC
:10E0D0006830FAF796FB0021AF4800686830FAF71D
:10E0E000E8FB0021AC4800686830FAF7A9FBAA48B1
:10E0F0000068703001F002FAA8480078012806D1C3
:10E10000A448C06808210190EAF765FA10E0A34826
:10E110000078022806D19F48C06806210190EAF7DE
:10E120005AFA05E09B48C06802210190EAF753FAC9
:10E1300001460290984800687030FAF762FB9748F1
:10E140000078012806D19348C06808210190EAF7B9
:10E1500042FA10E091480078022806D18D48C06844
:10E1600006210190EAF737FA05E08A48C0680221E3
:10E170000190EAF730FA0146029087480068703053
:10E18000FAF797FB85480078012806D18148C068D6
:10E1900008210190EAF71FFA10E080480078022871
:10E1A00006D17C48C06806210190EAF714FA05E020
:10E1B0007848C06802210190EAF70DFA0146029002
:10E1C000754800687030FAF73BFB734800682830E8
:10E1D00001F094F96F4801696F4800682830FAF738
:10E1E00026FAE9F7E9FE014602906B4800682830FC
:10E1F000FAF775FCFF21684800682830FAF73CFA06
:10E2000065480068303001F079F962480169624878
:10E2100000683030FAF70BFA5E4801695E48006822
:10E220003030FAF75CFC33215B4800683030FAF795
:10E2300023FA59480068383001F060F95548408A9F
:10E2400001460290544800683830FAF7F0F9E9F7CF
:10E25000B3FE01460290504800683830FAF73FFCA0
:10E26000FF214D4800683830FAF706FA4A4800683E
:10E27000403001F043F94748408A01460290464841
:10E2800000684030FAF7D3F94248408A01460290CC
:10E29000414800684030FAF722FC33213E480068CC
:10E2A0004030FAF7E9F93C480068483001F026F9B7
:10E2B0003B48008801460290374800684830FAF72A
:10E2C000B6F9FF21344800684830FAF7D5F93548E7
:10E2D000008801460290304800684830FAF7FFFB9A
:10E2E0002D480068503001F009F92F480088014698
:10E2F0000290294800685030FAF799F9FF21264822
:10E3000000685030FAF7B8F92648008801460290B4
:10E31000214800685030FAF7E2FB1F480068B0302F
:10E3200001F0ECF847F6FF711B480068B030FAF7CF
:10E330007CFB19480068B83001F0E0F8002116486D
:10E340000068B830FAF771FB13480068C83001F074
:10E35000D5F81048C06803210190EAF73CF901465E
:10E3600002900D480068C830FAF7E8FB0948C06819
:10E3700003210190EAF72FF9014602900648006850
:10E38000C830FAF7D0FB04480068F03001F0B6F866
:10E3900000480BE0F44400200001002004010020AC
:10E3A0000C010020080100200A0100200169FE483C
:10E3B0000068F030FAF73BF9FF21FB480068F030C5
:10E3C000FAF75AF9F948C06806210190EAF703F90B
:10E3D00001460290F4480068F030FAF712FA47F666
:10E3E000FF71F1480068F030FAF71FFBEE48006853
:10E3F000E03001F083F8C821EB480068E030FAF71C
:10E40000EAF8E9480068E83001F078F87821E64851
:10E410000068E830FAF7DFF8E348006800F580703C
:10E4200001F06CF8E248008801460290DE4800687E
:10E4300000F58070FAF7D9F8DC48C0680F21019028
:10E44000EAF7C9F801460290D748006800F58070E5
:10E45000FAF7E2F80121D448006800F58070FAF775
:10E46000D1F8D148006800F5847001F047F8CF4832
:10E470000169CD48006800F58470FAF7B6F8CA481B
:10E48000006800F5987001F039F84FF48271C648C1
:10E49000006800F59870FAF770F9C348006800F555
:10E4A0009C7001F02BF8C148C06803210190EAF785
:10E4B00092F801460290BC48006800F59C70FAF79B
:10E4C000A0F9BA48C06802210190EAF784F8014631
:10E4D0000290B548006800F59C70FAF702F9B3485D
:10E4E0000169B148006800F59C70FAF7CFF8B148AF
:10E4F000008801460290AC48006800F59C70FAF76D
:10E5000096F8FF21A848006800F59C70FAF7B4F867
:10E51000A9480078012806D1A448C0680C210090C1
:10E52000EAF759F805E0A148C06808210090EAF729
:10E5300052F8029000EBD070401000B201460190FA
:10E540009948006800F59C70FAF76FFA96480068E1
:10E5500000F5A07000F0D2FF98A19348006800F584
:10E56000A070FAF77EF8E9F727FD014602908E4881
:10E57000006800F5A070FAF7B2FA8C4840690146CD
:10E5800002908948006800F5A070FAF7B6FA86484C
:10E59000006800F5A47000F0B1FF8448C068042151
:10E5A0000190EAF718F8404200B2014602907E4816
:10E5B000006800F5A470FAF724F9E9F7FDFC0146BC
:10E5C00002907948006800F5A470FAF730F87648B0
:10E5D000006800F5A87000F091FF01217248006802
:10E5E00000F5A870FAF7BEF8754800880146029059
:10E5F0006D48006800F5A870FAF7A7F86A48006847
:10E6000000F5947000F07AFF00216748006800F57B
:10E610009470FAF752F86548C0680A210190E9F74A
:10E62000DAFF014602906048006800F59470FAF73E
:10E6300007F95F480088014602905B48006800F5D2
:10E640009470FAF782F85848006800F5887000F076
:10E6500055FF5648C06803210190E9F7BCFF014609
:10E6600002905148006800F58870FAF77BF84F482F
:10E67000C06803210190E9F7AEFF014602904A48C5
:10E68000006800F58870FAF7D0F94848C06808219A
:10E690000190E9F7A0FF014602904348006800F5A9
:10E6A0008870FAF705FA4148C06802210190E9F73D
:10E6B00092FF014602903C48006800F58870FAF726
:10E6C000BFF83948006800F58C7000F017FF47F676
:10E6D000FF713548006800F58C70FAF7A6F93348E9
:10E6E000C06808210190E9F776FF014602902E48A4
:10E6F000006800F58C70FAF7DBF92C4801692A48AC
:10E70000006800F58C70F9F792FFFF212648006839
:10E7100000F58C70F9F7B0FF2348006800F59070A1
:10E7200000F0ECFE2148C06801210190E9F753FF99
:10E73000014602901C48006800F59070FAF712F844
:10E740001F480088014602901748006800F5907045
:10E75000F9F7FBFF1548C06802210190E9F73BFF7C
:10E76000014602901048006800F59070FAF749F8E9
:10E770001220F7F7A5FE014602900B48006800F54D
:10E780009070FAF7ACF90848006800F5D07000F016
:10E79000B5FE00210448006800F5D070FAF731F8A2
:10E7A0000021014800680DE000010020F444002031
:10E7B0000C0100200A01002004010020EF808C00E1
:10E7C0000801002000F5D070FAF745F80021FE4856
:10E7D000006800F5D070FAF728F90121FA480068BE
:10E7E00000F5D070F9F788FF0021F748006800F5C0
:10E7F000D070F9F76CFFF448006800F5EC7000F099
:10E800007DFEF2480078012806D1F148C0680C214D
:10E810000190E9F7E0FE05E0ED48C06808210190AD
:10E82000E9F7D9FE01460290E748006800F5EC7070
:10E83000FAF7FBF80121E448006800F5EC70F9F7FD
:10E840005BFFFF21E048006800F5EC70F9F714FF6A
:10E85000E048008801460290DB48006800F5EC7053
:10E86000F9F7E5FEDC48008801460290D6480068CA
:10E8700000F5EC70FAF733F9D348006800F5D4706E
:10E8800000F03CFED1480078012806D1D048C0688D
:10E890000E210190E9F79FFE10E0CC480078022895
:10E8A00006D1CB48C0680C210190E9F794FE05E041
:10E8B000C748C0680A210190E9F78DFE0146029021
:10E8C000C148006800F5D470F9F7D1FFBF4800785F
:10E8D000012806D1BE48C0680E210190E9F77BFEF1
:10E8E00010E0BA480078022806D1B948C0680C2167
:10E8F0000190E9F770FE05E0B548C0680A21019073
:10E90000E9F769FE01460290AF48006800F5D4704F
:10E91000F9F7E5FFAD480078012806D1AC48C0689A
:10E920000E210190E9F757FE10E0A8480078022870
:10E9300006D1A748C0680C210190E9F74CFE05E01C
:10E94000A348C0680A210190E9F745FE01460290FC
:10E950009D48006800F5D470F9F77DFF9C48C068B9
:10E9600001210190E9F737FE0146029096480068C0
:10E9700000F5D470F9F7B5FE19219348006800F549
:10E98000D470F9F790FE94480088014602908E48B2
:10E99000006800F5D470F9F779FE00218A48006814
:10E9A00000F5D470F9F793FE8748006800F5D87039
:10E9B00000F0A4FD00218448006800F5D870F9F744
:10E9C00020FF00218048006800F5D870F9F743FF68
:10E9D0007F48C06801210190E9F7FDFD01460290E2
:10E9E0007948006800F5D870F9F77BFE1921764860
:10E9F000006800F5D870F9F756FE774800880146A0
:10EA000002907148006800F5D870F9F73FFE0821C0
:10EA10006D48006800F5D870F9F759FE6A4800683B
:10EA200000F5DC7000F06AFD00216748006800F521
:10EA3000DC70F9F7E6FE00216348006800F5DC7041
:10EA4000F9F709FF6048006800F5E47000F056FD32
:10EA50005E480078012806D15D48C0680E2101900B
:10EA6000E9F7B9FD10E059480078022806D1584866
:10EA7000C0680C210190E9F7AEFD05E05448C0687C
:10EA80000A210190E9F7A7FD014602904E4800686F
:10EA900000F5E470F9F7EBFE4C480078012806D148
:10EAA0004B48C06808210190E9F795FD10E0474800
:10EAB0000078022806D14648C06806210190E9F78F
:10EAC0008AFD05E04248C06802210190E9F783FD14
:10EAD000014602903C48006800F5E470F9F7FFFE3B
:10EAE0003A480078012806D13948C0680E210190C3
:10EAF000E9F771FD10E035480078022806D1344866
:10EB0000C0680C210190E9F766FD05E03048C06857
:10EB10000A210190E9F75FFD014602902A4800684A
:10EB200000F5E470F9F797FE2748006800F5E870F3
:10EB300000F0E4FC25480078012806D12448C0688C
:10EB400008210190E9F747FD10E0204800780228ED
:10EB500006D11F48C06806210190E9F73CFD05E099
:10EB60001B48C06802210190E9F735FD014602907B
:10EB70001548006800F5E870F9F779FE1348007849
:10EB8000012806D11248C06808210190E9F723FD49
:10EB900010E00E480078022806D10D48C068062112
:10EBA0000190E9F718FD05E00948C06802210190CD
:10EBB000E9F711FD014602900348006800F5E8708E
:10EBC000F9F78DFE002109E000010020040100207A
:10EBD000F44400200A01002008010020FC480068DD
:10EBE00000F5E870F9F743FF0021F948006800F5E7
:10EBF000E870F9F741FDF748008801460290F448B3
:10EC0000006800F5E870F9F76AFFF148006800F560
:10EC1000E07000F073FC0021ED48006800F5E07042
:10EC2000F9F725FE0021EA48006800F5E070F9F7E1
:10EC300012FEE748006800F5F07000F05FFC332139
:10EC4000E348006800F5F070F9F716FD1220F7F7B9
:10EC500037FC01460290DE48006800F5F070F9F7D5
:10EC6000E6FCDB48006800F5F47000F047FC00218A
:10EC7000D748006800F5F470F9F7FEFCD648007834
:10EC8000012806D1D548C06808210190E9F7A3FC06
:10EC900010E0D1480078022806D1D048C06806218B
:10ECA0000190E9F798FC05E0CC48C068022101908A
:10ECB000E9F791FC01460290C548006800F5F47040
:10ECC000F9F70DFEC248006800F5B07000F016FCC0
:10ECD000C248C06805210190E9F77DFC0146029019
:10ECE000BB48006800F5B070F9F73CFDB9480088F2
:10ECF00001460290B648006800F5B070F9F725FDAE
:10ED0000B648C06814210190E9F765FC01460290FD
:10ED1000AF48006800F5B070F9F7CAFEAF48C068A8
:10ED20000F210190E9F757FC01460290A8480068BE
:10ED300000F5B070F9F7A7FDA548006800F5B470BC
:10ED400000F0DCFB47F6FF71A148006800F5B470E5
:10ED5000F9F76BFE9F480088014602909C480068C6
:10ED600000F5B470F9F763FCFF219948006800F5DD
:10ED7000B470F9F781FC9948C0680F210190E9F758
:10ED80002AFC014602909248006800F5B470F9F739
:10ED90008FFE8F48006800F5AC7000F0AFFB8F4825
:10EDA000C06801210190E9F716FC014602908848ED
:10EDB000006800F5AC70F9F794FC894800880146BA
:10EDC00002908348006800F5AC70F9F75FFC0321FE
:10EDD0007F48006800F5AC70F9F779FC7C48006862
:10EDE00000F5B87000F08AFB7A480088014602906E
:10EDF0007748006800F5B870F9F748FC7748C068B4
:10EE000002210190E9F7E7FB014602907048006893
:10EE100000F5B870F9F765FC7048C06801210190F1
:10EE2000E9F7D9FB404200B2014602906848006809
:10EE300000F5B870F9F727FD04216548006800F572
:10EE4000B870F9F744FC4FF4C8716148006800F5E8
:10EE5000B870F9F7C0FB5E48006800F5BC7000F0C0
:10EE60004DFB5E4890F8200000F0010028B102211F
:10EE70001220F7F7CFFA029004E001211220F7F7F1
:10EE8000F3FA029052480299006800F5BC70F9F755
:10EE900026FE4F48006800F5C07000F02FFB4E487A
:10EEA0000078012806D14D48C0680E210190E9F78D
:10EEB00092FB10E048480078022806D14748C06815
:10EEC0000C210190E9F787FB05E04448C0680A215E
:10EED0000190E9F780FB014602903D48006800F58B
:10EEE000C070F9F78EFC3C480078012806D13B48F9
:10EEF000C0680E210090E9F76EFB10E036480078FC
:10EF0000022806D13548C0680C210090E9F763FB60
:10EF100005E03248C0680A210090E9F75CFB0290E6
:10EF200000EBD070401000B2014601902848006804
:10EF300000F5C070F9F78FFC2548006800F5C47033
:10EF400000F0DCFA2548C06801210190E9F743FB95
:10EF5000014602901E48006800F5C470F9F7C1FB35
:10EF60001F480088014602901948006800F5C470E7
:10EF7000F9F78CFB1B480088014602901448006892
:10EF800000F5C470F9F753FB33211148006800F510
:10EF9000C470F9F771FB0E48006800F5C87000F006
:10EFA000ADFA0D480078012806D10C48C0680E2142
:10EFB0000190E9F710FB1DE007480078022813D103
:10EFC0000648C0680C210190E9F705FB12E000003B
:10EFD000000100200801002004010020F44400206A
:10EFE0000C0100200A010020F848C0680A210190A5
:10EFF000E9F7F1FA01460290F548006800F5C8709B
:10F00000F9F735FCF3480078012806D1EF48C068CD
:10F010000E210190E9F7DFFA10E0EE4800780228AF
:10F0200006D1EA48C0680C210190E9F7D4FA05E05E
:10F03000E648C0680A210190E9F7CDFA014602903E
:10F04000E348006800F5C870F9F73EFCE148007835
:10F05000012806D1DD48C06808210190E9F7BBFA14
:10F0600010E0DC480078022806D1D848C0680621A4
:10F070000190E9F7B0FA05E0D448C0680221019098
:10F08000E9F7A9FA01460290D148006800F5C87076
:10F09000F9F7CBFBCF480078012806D1CB48C068F0
:10F0A0000E210190E9F797FA10E0CA48007802288B
:10F0B00006D1C648C0680C210190E9F78CFA05E03A
:10F0C000C248C0680A210190E9F785FA014602901A
:10F0D000BF48006800F5C870F9F7BDFBBC48006880
:10F0E00000F5CC7000F00AFAB848C0680A21019017
:10F0F000E9F771FA01460290B548006800F5CC7056
:10F10000F9F78AFAB248006800F5FC7000F0F6F9E9
:10F11000AE48C06804210190E9F75DFA014602900B
:10F12000AB48006800F5FC70F9F76BFBA848006875
:10F1300000F5F87000F0E2F96420019001980028D1
:10F1400005DA0198C0F57A7040F4005002E00198A9
:10F1500040F4005000B2014602909D48006800F55E
:10F16000F870F9F715FB9A48006800F5007000F098
:10F17000C5F91220F7F7A4F90146029094480068F7
:10F1800000F50070F9F753FA7F219148006800F507
:10F190000070F9F771FA8E48006800F5027000F00F
:10F1A000ADF900218A48006800F50270F9F775FC96
:10F1B00088480078032816D186480078012806D1AF
:10F1C0008248C0680C210090E9F705FA05E07F4805
:10F1D000C06808210090E9F7FEF90290029800EB60
:10F1E000D070401010E07B480078012806D17748A5
:10F1F000C0680C210090E9F7EEF905E07348C0689B
:10F2000008210090E9F7E7F900B201460190704843
:10F21000006800F50270F9F708FC6D48006800F519
:10F220000E7000F06BF9694801696948006800F5E3
:10F230000E70F9F72BFA6548C06802210190E9F7D2
:10F24000CAF9400000B2014602906148006800F52A
:10F250000E70F9F746FA01215D48006800F50E705E
:10F26000F9F735FA5A48006800F50C7000F046F9D5
:10F270005648C06802210190E9F7ADF9404200B25A
:10F28000014602905248006800F50C70F9F7A3FAA5
:10F290004F48006800F5047000F030F94D480078E0
:10F2A000012806D14948C06818210190E9F793F96F
:10F2B00010E048480078022806D14448C06814216C
:10F2C0000190E9F788F905E04048C06810210190F5
:10F2D000E9F781F9014602903D48006800F50470A5
:10F2E000F9F7C5FA00213A48006800F50470F9F70B
:10F2F000F6FA00213648006800F50470F9F7ABFA19
:10F3000001213348006800F50470F9F7F5F9304839
:10F31000006800F5067000F0F1F82C48C068012183
:10F320000190E9F758F9014602902948006800F574
:10F330000670F9F7D6F9284800880146029024485B
:10F34000006800F50670F9F7A1F90121204800686E
:10F3500000F50670F9F7BBF91E480078012806D1C0
:10F360001A48C0680E210190E9F735F910E01948F4
:10F370000078022806D11548C0680C210190E9F7F1
:10F380002AF905E01148C0680A210190E9F723F93C
:10F39000014602900E48006800F50670F9F731FA50
:10F3A0000C480078012806D10848C0680E21019059
:10F3B000E9F711F918E00748007802280ED1034850
:10F3C000C0680C210190E9F706F90DE0F444002033
:10F3D00000010020040100200C0100204448C06806
:10F3E0000A210190E9F7F7F80146029041480068C8
:10F3F00000F50670F9F724FA3E48006800F5087039
:10F4000000F07CF83C480078012806D13848C068F4
:10F4100018210190E9F7DFF810E03748007802285A
:10F4200006D13348C06814210190E9F7D4F805E00B
:10F430002F48C06810210190E9F7CDF801460290ED
:10F440002C48006800F50870F9F778FB2948006837
:10F4500000F5107000F052F8FF212648006800F512
:10F460001070F9F709F9E8F7A7FD01460290214865
:10F47000006800F51070F9F7DAF81220F7F720F8B5
:10F48000014602901B48006800F51070F9F7DCF89F
:10F4900047F6FF711748006800F51070F9F7C5FAD4
:10F4A0001348C0680F210190E9F795F801460290D2
:10F4B0001048006800F51070F9F7EFFAE8F77CFDE6
:10F4C000014602900B48006800F51070F9F7B7FA92
:10F4D0000748C06805210190E9F77DF801460290D0
:10F4E0000448006800F51070F9F7CCFA0EBD000072
:10F4F000F4440020000100200401002010B504465F
:10F500000548007818B12046F9F74FF802E0204688
:10F51000F8F70AFF10BD00000E0100202DE9F041B0
:10F5200007460C462046F3F7EDF8B0B90022FE4836
:10F5300001682046F1F783FD4FF48032FA480168F4
:10F5400008312046F1F77BFDF84AF7480168103191
:10F550002046F1F774FDBDE8F081F5492046F2F749
:10F5600083F9002876D02046F3F7CCF80546F14918
:10F570002846F2F779F900B1EDE72846F3F7C2F82B
:10F580000646EC49F2F770F9B0B10022E64801688E
:10F5900080312046F1F753FD4FF48032E248016894
:10F5A00008312046F1F74BFDE04ADF480168103191
:10F5B0002046F1F744FDCEE72046F3F75CF8B0B9FA
:10F5C0002046F3F79FF80646DB49F2F74DF970B194
:10F5D0000022D548016848312046F1F730FD00226D
:10F5E000D148016870312046F1F729FDB3E7204684
:10F5F000F3F741F8012824D12046F3F783F80646B3
:10F60000CD49F2F731F9E0B10022C7480168204640
:10F61000F1F715FD0022C448016880312046F1F75A
:10F620000EFD4FF48032C048016808312046F1F7E2
:10F6300006FDBE4ABC48016810312046F1F7FFFCC8
:10F6400089E72046F3F75EF80646BC49F2F70CF965
:10F6500008B180E717E00022B3480168183120465E
:10F66000F1F7EDFC4FF48032AF48016808312046D5
:10F67000F1F7E5FCAD4AAC48016810312046F1F7DE
:10F68000DEFC01F02FB8AE492046F2F7EDF8002875
:10F6900060D00022A448016820312046F1F7CFFC59
:10F6A0000022A148016828312046F1F7C8FC002259
:10F6B0009D480168D0312046F1F7C1FC20229A48CC
:10F6C000016858312046F1F7BAFC202296480168BB
:10F6D000D8312046F1F7B3FC042293480168A031E9
:10F6E0002046F1F7ACFC20228F480168C831204643
:10F6F000F1F7A5FC01228C48016838312046F1F76A
:10F700009EFC80228848016860312046F1F797FC12
:10F710002046F2F7F7FF05468A49F2F7A5F840B907
:10F720002046F2F7EFFF05468749F2F79DF80028DB
:10F73000A7D000227C48016801F5E8712046F1F766
:10F740007EFC20227848016801F5F0712046F1F72F
:10F7500076FC96E77D492046F2F786F840B1002214
:10F760007148016801F5A8712046F1F768FC88E747
:10F7700077492046F2F778F800287DD02046F2F746
:10F78000C1FF05467349F2F76FF8E0B300226648FF
:10F79000016801F5FC712046F1F751FC0022624836
:10F7A000016888312046F1F74AFC4FF4A0225E48F8
:10F7B000016820312046F1F742FC674A5A48016847
:10F7C00058312046F1F73BFC634A603256480168E5
:10F7D00060312046F1F733FC5F4A1F3A5248016816
:10F7E00028312046F1F72BFC5B4A1C3A4E48016851
:10F7F00030312046F1F723FC574A183A4A4801684D
:10F800004031204600E002E0F1F719FCA3E6204673
:10F81000F2F778FF05464749F2F726F868B3002269
:10F820004148016850312046F1F709FC04223E4866
:10F830000168A0312046F1F702FC04223A48016831
:10F8400001F50C712046F1F7FAFB434A364801688E
:10F8500058312046F1F7F3FB3F4A1F3A324801681E
:10F8600030312046F1F7EBFB3B4A1F3A2E48016846
:10F8700001F50E71204601E0C4E01BE0F1F7DFFB6B
:10F88000354A1C3A28480168A0312046F1F7D7FBD9
:10F89000314A183A24480168A8312046F1F7CFFBD5
:10F8A0002D4A1C3A2048016801F50C712046F1F7F9
:10F8B000C6FB50E62046F2F725FF05461F49F1F743
:10F8C000D3FF78B300221848016801F5C0712046C3
:10F8D000F1F7B5FB042214480168A0312046F1F786
:10F8E000AEFB082210480168A8312046F1F7A7FBBB
:10F8F0004FF4A0220C48016801F5C4712046F1F7CD
:10F900009EFB154A0848016858312046F1F797FBDD
:10F91000114A60320448016860312046F1F78FFBDC
:10F920000D4A1BE029E0000000010020400001001A
:10F93000AC1A030864220308B8220308301C030829
:10F9400050D40408A02103088421030814D5040816
:10F950006CD40408D8210308200005001C3AFE4896
:10F960000168A0312046F1F76AFBFC4AFA480168B9
:10F97000A8312046F1F763FBEDE50022F648016867
:10F9800018312046F1F75BFB0422F3480168A031EF
:10F990002046F1F754FB0822EF480168A8312046C1
:10F9A000F1F74DFB4FF4A022EB48016820312046CF
:10F9B000F1F745FBE94A7832E748016860312046B3
:10F9C000F1F73DFBE54A1832E3480168583120461B
:10F9D000F1F735FBE14AD21FDF48016828312046A4
:10F9E000F1F72DFBDD4A121FDB480168A0312046EC
:10F9F000F1F725FBD94AD8480168A8312046F1F72C
:10FA00001EFB3EE6D6492046F1F72EFF60B30022EA
:10FA1000D148016830312046F1F711FB0022CE4871
:10FA20000168B0312046F1F70AFB0422CA48016898
:10FA3000A0312046F1F703FB0822C7480168A8312E
:10FA40002046F1F7FCFA4FF40032C3480168283130
:10FA50002046F1F7F4FA4FF40032BF480168B031A4
:10FA60002046F1F7ECFA0CE6BE492046F1F7FCFE21
:10FA7000F0B30022B848016830312046F1F7DFFAD0
:10FA80000022B5480168B0312046F1F7D8FA0422C7
:10FA9000B1480168A0312046F1F7D1FA0822AE48FA
:10FAA0000168A8312046F1F7CAFA4FF40032AA489B
:10FAB000016828312046F1F7C2FA4FF40032A64817
:10FAC0000168B0312046F1F7BAFA4FF44032A2484B
:10FAD0000168F0312046F1F7B2FAA34A9E48016866
:10FAE000C8312046F1F7ABFA4FF440329A4800E0B3
:10FAF0000CE00168D0312046F1F7A1FA9A4A964805
:10FB00000168D8312046F1F79AFABAE597492046BC
:10FB1000F1F7AAFE002862D000228F480168183150
:10FB20002046F1F78CFA00228B48016868312046A4
:10FB3000F1F785FA002288480168B8312046F1F7CC
:10FB40007EFA042284480168A0312046F1F777FA52
:10FB5000082281480168A8312046F1F770FA4FF475
:10FB600080327D48016808312046F1F768FA804A02
:10FB70007948016810312046F1F761FA4FF4A0226C
:10FB80007548016850312046F1F759FA4FF4A02228
:10FB90007148016801F5AC712046F1F750FA4FF455
:10FBA000A0226D48016880312046F1F748FA6B4A7F
:10FBB00018326948016858312046F1F740FA674A1F
:10FBC000121F6548016828312046F1F738FA634A68
:10FBD0006148016838312046F1F731FA51E565494D
:10FBE0002046F1F741FEE8B300225B480168883106
:10FBF0002046F1F724FA042257480168A031204634
:10FC0000F1F71DFA5C4A5448016860312046F1F76B
:10FC100016FA4FF400325048016801F59C712046F5
:10FC2000F1F70DFA544A7F3A4B48016828312046D3
:10FC3000F1F705FA504A7F3A4748016801F5A0718B
:10FC40002046F1F7FCF94C4A603A434801685831C4
:10FC50002046F1F7F4F9484A603A3F480168C83154
:10FC6000204600E012E0F1F7EAF9434A603A3A48E8
:10FC70000168D8312046F1F7E2F94FF400323648F6
:10FC80000168D0312046F1F7DAF9FAE43B49204621
:10FC9000F1F7EAFD002873D000222F4801684831AF
:10FCA0002046F1F7CCF900222B480168B0312046FC
:10FCB000F1F7C5F9002228480168E8312046F1F73C
:10FCC000BEF980222448016860312046F1F7B7F977
:10FCD000042221480168A0312046F1F7B0F9264AF4
:10FCE0007F3A1D48016828312046F1F7A8F94FF402
:10FCF000003219480168B0312046F1F7A0F91E4AD8
:10FD00001548016860312046F1F799F94FF4403207
:10FD100011480168F0312046F1F791F94FF4403273
:10FD20000D48016850312046F1F789F94FF440320F
:10FD30000948016801F5A4712046F1F780F90A4AE3
:10FD400060320548016860312046F1F778F90A4AC7
:10FD50007F3A0148016814E0000100200800050016
:10FD600034D4040868D5040820000300A0D5040892
:10FD70004000010088D404088000020084D50408F3
:10FD80000CE0D8312046F1F75AF94FF40032FA4826
:10FD90000168D8312046F1F752F972E4F74920465C
:10FDA000F1F762FDF0B30022F348016818312046F4
:10FDB000F1F745F90022F048016878312046F1F763
:10FDC0003EF90022EC48016801F594712046F1F7F4
:10FDD00036F94FF48032E848016808312046F1F7DF
:10FDE0002EF9E74AE448016810312046F1F727F977
:10FDF0004FF4A022E048016801F588712046F1F730
:10FE00001EF94FF40032DC48016801F58C71204680
:10FE1000F1F715F94FF4C022D748016801F5907148
:10FE2000204600E00BE0F1F70AF94FF4E022D24857
:10FE3000016801F588712046F1F701F921E4D14903
:10FE40002046F1F711FD90B30022CB48016818312C
:10FE50002046F1F7F4F80022C7480168E031204657
:10FE6000F1F7EDF80022C448016890312046F1F71F
:10FE7000E6F80022C048016898312046F1F7DFF823
:10FE80000422BD480168A0312046F1F7D8F80822C5
:10FE9000B9480168A8312046F1F7D1F84FF4802223
:10FEA000B548016828312046F1F7C9F827E2FFE795
:10FEB000B5492046F1F7D8FCC8B30022AE48016826
:10FEC00018312046F1F7BBF80022AB4801687831C1
:10FED0002046F1F7B4F80022A7480168D031204647
:10FEE000F1F7ADF82022A4480168D8312046F1F797
:10FEF000A6F82022A048016858312046F1F79FF863
:10FF000004229D480168A0312046F1F798F80822A4
:10FF100099480168A8312046F1F791F84FF4003272
:10FF200095480168D8312046F1F789F8DAE3FFE710
:10FF300096492046F1F798FCF0B300228E480168FC
:10FF400018312046F1F77BF800228B480168C03158
:10FF50002046F1F774F80022874801689031204666
:10FF6000F1F76DF800228448016801F59871204688
:10FF7000F1F765F84FF480327F4801680831204678
:10FF8000F1F75DF87E4A7C48016810312046F1F7B0
:10FF900056F84FF480227848016850312046F1F736
:10FFA0004EF87B4A7448016828312046F1F747F83B
:10FFB000774A1F32704800E005E00168583120465A
:10FFC000F1F73DF88EE373492046F1F74DFC10B38D
:10FFD00000226948016801F580712046F1F72FF889
:10FFE0004FF400326448016801F580712046F1F752
:10FFF00026F84FF400326048016801F5847120460C
:020000040803EF
:10000000F1F71DF84FF440325B480168F0312046AB
:10001000F1F715F866E360492046F1F725FCD0B109
:1000200000225548016801F580712046F1F707F874
:100030004FF400325048016801F580712046F0F716
:10004000FEFF4FF400324C48016801F584712046F0
:10005000F0F7F5FF46E351492046F1F705FCB8B14A
:1000600000224548016818312046F0F7E8FF0022D9
:1000700041480168B0312046F0F7E1FF4FF400320B
:100080003D48016801F5B4712046F0F7D8FF29E337
:1000900043492046F1F7E8FBE0B300223648016807
:1000A00018312046F0F7CBFF002233480168783141
:1000B0002046F0F7C4FF04222F480168A0312046F3
:1000C000F0F7BDFF08222C480168A8312046F0F760
:1000D000B6FF4FF480322848016808312046F0F717
:1000E000AEFF274A2448016810312046F0F7A7FFE9
:1000F0002C4A2148016801F5B8712046F0F79FFFAE
:100100004FF400221C48016801F5BC712046F0F74D
:1001100096FFE7E2FFE724492046F1F7A5FB70B11F
:1001200000221548016818312046F0F788FF0022A8
:100130001148016868312046F0F781FFD2E21B497F
:100140002046F1F791FB40B100220B48016801F510
:10015000C8712046F0F773FFC4E215492046F1F755
:1001600083FB40B100220448016801F5C8712046B4
:10017000F0F765FFB6E21DE000010020841C0308D3
:100180004000010030D50408A4D40408C0D40408F9
:100190000100040018D4040848220308BC21030805
:1001A000BCD5040802000700301C03084C1C0308DF
:1001B000681C0308F6492046F1F756FBF0B300220D
:1001C000F44801682046F0F73AFFF3480078012828
:1001D00003D1F0480068783002E0EE4800687030E3
:1001E000014600222046F0F72AFF0422E948016870
:1001F000A0312046F0F723FF0822E6480168A83125
:100200002046F0F71CFF4FF4A022E248016820319D
:100210002046F0F714FFE14ADE48016860312046CD
:10022000F0F70DFF4FF4A022DA4801685031204664
:10023000F0F705FF4FF4A022D64800E026E0016861
:1002400001F502712046F0F7FAFED44A603AD1482F
:10025000016858312046F0F7F2FED04A7F3ACD4887
:10026000016848312046F0F7EAFECC4A7C3AC9489A
:10027000016830312046F0F7E2FEC84A783AC548B6
:10028000016840312046F0F7DAFE2BE2C4492046EF
:10029000F1F7EAFAF8B10022BE48016818312046A9
:1002A000F0F7CDFE0022BB48016801F5047120463D
:1002B000F0F7C5FE4FF48032B64801680831204699
:1002C000F0F7BDFEB74AB348016810312046F0F799
:1002D000B6FEFFF740B9B4492046F1F7C5FA78B148
:1002E0000022AC48016848312046F0F7A8FE002201
:1002F000A848016801F508712046F0F7A0FEF1E179
:10030000AA492046F1F7B0FA68B30022A148016873
:1003100050312046F0F793FE00229E48016801F517
:1003200006712046F0F78BFE04229A4801682831B6
:100330002046F0F784FE04229648016801F5087112
:100340002046F0F77CFE20229248016801F50871F2
:100350002046F0F774FE20228E480168583120466E
:10036000F0F76DFEBEE192492046F1F77DFA78B1D3
:1003700000228848016818312046F0F760FE00220C
:100380008448016801F5D0712046F0F758FEA9E1D4
:1003900088492046F1F768FAB8B100227D48016823
:1003A00001F5D8712046F0F74AFE4FF480327948C3
:1003B000016808312046F0F742FE7A4A7548016824
:1003C00010312046F0F73BFE8CE17B492046F1F7E7
:1003D0004BFAB8B100226F48016801F5DC71204684
:1003E000F0F72DFE4FF480326A480168083120464C
:1003F000F0F725FE6B4A6748016810312046F0F798
:100400001EFE6FE16D492046F1F72EFAF0B1002291
:100410006048016801F5D4712046F0F710FE2022F3
:100420005C48016801F5F0712046F0F708FE2122D2
:100430005848016830312046F0F701FE0122554846
:10044000016830312046F0F7FAFD4BE15C49204667
:10045000F1F70AFA20B95B492046F1F705FA80B1B5
:1004600000224C48016801F5E4712046F0F7E7FDF1
:1004700020224848016801F5F0712046F0F7DFFDC1
:1004800030E151492046F1F7EFF9B8B10022414877
:10049000016801F5E0712046F0F7D1FD4FF480329C
:1004A0003C48016808312046F0F7C9FD3D4A39480B
:1004B000016810312046F0F7C2FD13E143492046A0
:1004C000F1F7D2F940B100223248016801F5EC7130
:1004D0002046F0F7B4FD05E13D492046F1F7C4F9A7
:1004E00040B100222B48016801F5F4712046F0F775
:1004F000A6FDF7E037492046F1F7B6F978B10022BA
:100500002448016818312046F0F799FD002221485F
:10051000016801F5F8712046F0F791FDD9E62E4902
:100520002046F1F7A1F940B100221A48016801F50F
:1005300000712046F0F783FDD4E028492046F1F70A
:1005400093F920B300221348016818312046F0F7D0
:1005500076FD00220F48016878312046F0F76FFDE4
:1005600004220C480168A0312046F0F768FD0822FB
:1005700008480168A8312046F0F761FD4FF4E022F9
:100580000448016828312046F0F759FDAAE027E029
:10059000BC1C0308000100200401002080000500AD
:1005A0006C20030840000100A420030888200308F1
:1005B000C02003084C21030868210308F820030821
:1005C000A021030884210308DC2003081421030868
:1005D00030210308D8210308102203082C22030825
:1005E00041492046F1F740F9A8B100223F4801688F
:1005F0002046F0F724FD4FF480323C480168083172
:100600002046F0F71CFD3A4A384801681031204670
:10061000F0F715FD66E037492046F1F725F978B186
:100620004FF480323148016808312046F0F707FD69
:100630002F4A2E48016810312046F0F700FD51E0A6
:100640002D492046F1F710F968B1002227480168CA
:100650002046F0F7F4FC0022244801686831204667
:10066000F0F7EDFC3EE025492046F1F7FDF838B102
:1006700000221E480168C0312046F0F7E0FC31E05E
:100680001F492046F1F7F0F8F8B100221748016839
:1006900001F5CC712046F0F7D2FC00221348016826
:1006A00080312046F0F7CBFC4FF440320F48016810
:1006B00050312046F0F7C3FC4FF440320B4801683C
:1006C00080312046F0F7BBFC0CE00E492046F1F7E4
:1006D000CBF838B100220548016801F510712046B9
:1006E000F0F7ADFC00BFF4E5802203080001002014
:1006F000400001009C22030864220308B82203087A
:10070000A01C0308502003082DE9F14F88B0089879
:10071000EBF719FD07900898EBF776FD8046CDF8CA
:10072000188007980A2856D14046F1F726FF04465C
:100730004046F1F703FF054605A94046F2F764F885
:10074000BDF914000490BDF91690204604EBD07159
:100750004A100499114491FBF4F161430FFA81FAB4
:10076000284605EBD07109EB610191FBF5F1694376
:1007700009B203910F200290002721E0394640463C
:10078000F1F75BFE06463046F3F710FD0190304668
:10079000F3F72FFD00900198504510D10399009870
:1007A00088420CD1B3460698C0F824B09BF82400C8
:1007B000029000221C214046EBF72CFD05E07F1C37
:1007C0004046F1F758FEB842D8D800BF40460299DB
:1007D000F5F7FAFA00BF09B0BDE8F08F0146C8434B
:1007E000401C01EA0002B2FA82F0C0F12003581E58
:1007F0007047014621B1B1FA81F0C0F1200000E05C
:1008000000200246501E704710B5D1F767FE10BD9C
:1008100070B505460C46D1F7A5FF012806D1084959
:100820000848D1F7E5FD0120A07301E00020A07386
:1008300004480088208003484088608070BD000024
:100840008C0200208C0000202DE9F04786B0804605
:100850000D46444627680026D7E0F86800EBC6003E
:100860004068C0F3406040B1F86800EBC6004068E3
:1008700020F07F40A168884200D0C5E0A0884728CA
:100880004AD00EDC34281ED006DC20283FD0302889
:100890003ED033287CD115E03B283CD0442877D18A
:1008A00038E0682810D004DC63281ED067286FD198
:1008B00012E0A0F2574060B3A0F580500238002843
:1008C00066D10AE000BF00BFFF2D02DAE0680590A4
:1008D00001E0206905906CE000BFFF2D02DAE068BE
:1008E000059001E02069059063E0E06810B9206997
:1008F00005900BE0206910B9E068059006E0802DB6
:1009000002DAE068059001E02069059051E000BF3F
:1009100000BF00BF00BF00BF002D03DCA089ADF801
:10092000140033E0FF2D03DB208AADF814002DE026
:1009300021690191E168E8B2029100F1040C4FEAEB
:10094000EC00BDF808C04CEA0C4CDFF8D4A00CEA6F
:100950000A01BDF804C04CEA0C4C0CEA0A02A2EBF6
:10096000010C0CFB00FC01EB5C1C0CEA0A0343EAE3
:10097000134C1FFA8CFCCDF800C0BDF800A0D44683
:10098000CDF80CC0BDF80C00ADF8140011E0FFE785
:1009900015B9E06805900BE0FF2D02D120690590A4
:1009A00006E0D4E90310401A684301EB20200590CB
:1009B00000BF00BF4FF00109FA6852F83600A18865
:1009C00004AAF7F731FC78B1DDE9041088420BD1B5
:1009D000BDF81400BDF81010884205D1DDE90410FF
:1009E000884201D14FF00009FA6852F83600A18818
:1009F000059AF7F780FFB9F1000F04D0A288A1682B
:100A00002068F4F789FD06E0761C788CC0F3C500F9
:100A1000B0423FF622AF00BF06B0BDE8F08700004D
:100A20001FF8E0072DE9F05F8146D9F800402568FE
:100A3000B4F804A04FF0000B2D48D3F75CFB06463A
:100A400015E0A6420ED03068216888420AD1B0680D
:100A5000A168884206D1B088A188884202D14FF0AF
:100A6000010B06E031462248D3F75DFB0646002E17
:100A7000E7D100BFBBF1000F38D100272FE0E868B5
:100A800000EBC7004068C0F3406038B3E86800EB93
:100A9000C700406820F07F40A16888421ED12146EF
:100AA0001348D3F7A7FB2046EFF77AFCE86800EB82
:100AB000C7085146D8F80000F7F7F2FCE96851F88A
:100AC0003700F7F738FC40B1D8F8040020F07F4237
:100AD0002846D8F80010F4F7C8FD05E07F1C688CA4
:100AE000C0F3C500B842CAD800BF00BFBDE8F09F40
:100AF000944500202DE9F04105462C68A068F5F7E3
:100B00005AFC8046A28841462068F3F71FF9E0604E
:100B1000A6880020A080234632464146206800F087
:100B20000DF8A680A1682068E1F72DFD0746A18891
:100B30003868E268F7F7DFFEBDE8F0812DE9F05F85
:100B400005460E4690469A464FF0000B2848D3F7CC
:100B5000F7FA044646E0544500D145E021462448D2
:100B6000D3F7E8FA81462068A8423AD1A068B0429B
:100B700002D0B6F5702F34D1A088404503D04FF68F
:100B8000FF7080452DD1002725E0E86800EBC70005
:100B90004068C0F34060E8B1B6F5702F07D0E86850
:100BA00000EBC700406820F07F40B04212D1EA68F5
:100BB00052F83700A188F7F773FC00212046E3F7CD
:100BC000A3FF21460A48D3F715FB2046EFF7E8FBC1
:100BD0004FF0010B7F1C688CC0F3C500B842D4D81D
:100BE00000BF4C46002CB6D100BF5846BDE8F09F70
:100BF00094450020024610880B88C01A70472DE9E2
:100C0000F14F86B0EDF7C0FB8346BBF1000F02D178
:100C100007B0BDE8F08F0698EBF795FA0646069800
:100C2000EBF7F2FA804644465020005DC0F34000E6
:100C300000B9EDE75846EDF7FCFB022804D0584612
:100C4000EDF7F7FB042800D1E2E704A9606AF1F7A9
:100C5000B3FC03A95846EDF7B1FB02A95846EDF7DE
:100C6000EFFBBDF90C00002803DBBDF90E000028E6
:100C700000DACDE7BDF80C00BDF81010401A00B244
:100C8000ADF80400BDF80E00BDF81210401A00B215
:100C9000ADF80600606AF3F780FA8246656ABDF92E
:100CA0000400002803DA00274FF0010913E0BDF922
:100CB0000400504504DB47F6FF774FF001090AE0D6
:100CC00001A9606AEEF75CF887B201A9606AEEF7E5
:100CD000EBFA80F0010994F85C00C0F3400010B317
:100CE00094F85C0000F00100A8B9B9F1000F12D12E
:100CF000012E10D167654FF6FF70A06594F85C0077
:100D000020F00100401C84F85C004FF44071404624
:100D1000F0F764FE16E094F85C0000F0010018B1F2
:100D2000022E01D1A7650DE094F85C0000F00100EF
:100D300040B1032E01D0082E04D14FF4407140463B
:100D4000F0F730F994F85C0000F0010008B9012ECA
:100D500003D139464046F8F7CFFE94F85C0000F026
:100D60000100E8B3D4E9150188420FD9E86BA16D01
:100D7000884203D1286C616D88422AD0A06DE86357
:100D8000606D28644046F3F702FE22E0D4E91501C5
:100D900088420FD2E86B616D884203D1286CA16D47
:100DA000884216D0606DE863A06D28644046F3F772
:100DB000EEFD0EE04FF6FF71E86B884202D1286C21
:100DC000884206D04FF6FF70E86328644046F3F788
:100DD000DEFD032E01D0082E07D194F85C0000E060
:100DE00003E020F0010084F85C0000BF10E701463A
:100DF0000A69D1E901309860D1E90103586050686F
:100E0000884201D188685060002008611068401E47
:100E100010601068704700F1080141604FF0FF3129
:100E2000816000F10801C16001610021016070472B
:100E300000210161704710B502460B685C1C0CB9BB
:100E4000106907E002F1080000E040684468246887
:100E50009C42FAD944684C604C68A160886041604B
:100E60000A611468641C146010BD42684A6093688B
:100E70008B60936859609160086103685B1C036034
:100E80007047000010B500BF502080F31188BFF3F9
:100E90004F8FBFF36F8F00BF0B480068401C0A499B
:100EA00008600846006801280DD108480068C0B2F3
:100EB00008B9012000E0002028B94FF4BD7204A158
:100EC0000AA0D1F7D9FC10BD7C00002004ED00E0A1
:100ED0004672656552544F535C706F727461626CF8
:100EE000655C706F72742E63000000004572726F53
:100EF000723A25732C25640D0A00000010B50B48CA
:100F0000006828B940F2811209A110A0D1F7B4FC01
:100F100006480068401E054908600846006820B978
:100F2000002080F3118800BF00BF10BD7C000020AE
:100F30004672656552544F535C706F727461626C97
:100F4000655C706F72742E63000000004572726FF2
:100F5000723A25732C25640D0A00000070B5064610
:100F60003546002E35D0083D2C461A496068096880
:100F7000084008B1012000E0002028B94FF4A07219
:100F800015A11CA0D1F778FC206808B9012000E069
:100F9000002028B940F241120FA116A0D1F76CFC35
:100FA0000C4960680968084098B1206888B9094907
:100FB000606809688843606000F04EF91149606814
:100FC000096808440F4908602046FBF74FF800F015
:100FD000B7FC70BD780000204672656552544F53CF
:100FE0005C706F727461626C655C686561705F34BF
:100FF0002E6300004572726F723A25732C25640DC2
:101000000A00000070000020064800684FF47A7162
:10101000B0FBF1F0401E4FF0E0214861072008616D
:10102000704700001400002070B504460025ACB1E4
:101030000F48006808B9012000E0002028B940F2FC
:10104000CF420CA111A0D1F717FC00F005F9002147
:101050002046FAF741FE00F073FC05463DB94FF01B
:1010600080500E490860BFF34F8FBFF36F8F70BD84
:10107000600000204672656552544F535C73726382
:101080005C7461736B732E63000000004572726FB5
:10109000723A25732C25640D0A00000004ED00E06F
:1010A00070B50546FFF7EEFE15B92D48006800E063
:1010B00028460446201DFFF79AFE78B9E06A00EB47
:1010C0008000284951F8200040B994F82C100120E4
:1010D000884025490968814323480160A06A18B106
:1010E00004F11800FFF783FE20480068401C1F49E8
:1010F00008601B480068844209D1211D1C48FFF785
:10110000B4FE1C480068401C1A49086009E01A48EF
:101110000068401E184908602046FAF7B5FEFAF745
:10112000D9FFFFF7EBFE15480068C0B10C48006816
:10113000844214D11248006808B9012000E0002060
:1011400028B940F265420FA114A0D1F795FB4FF0EA
:10115000805016490860BFF34F8FBFF36F8F70BD8B
:1011600028000020C0030020400000205400002080
:101170007C060020340000203800002044000020BD
:10118000600000204672656552544F535C73726371
:101190005C7461736B732E63000000004572726FA4
:1011A000723A25732C25640D0A00000004ED00E05E
:1011B0001CB5184800210B468022CDE9001016A16D
:1011C000174800F0E9F90446012C15D100BF502062
:1011D00080F31188BFF34F8FBFF36F8F00BF4FF0C5
:1011E000FF301049086001200F49086000200F49B6
:1011F000086000F067F90BE0601C08B1012000E016
:10120000002028B940F2847209A10FA0D1F734FB65
:101210001CBD00005C00002049444C45000000005B
:1012200019BF020858000020440000203C000020A4
:101230004672656552544F535C7372635C7461739C
:101240006B732E63000000004572726F723A257353
:101250002C25640D0A00000002480068401C01496A
:10126000086070476000002010B51B48006818B186
:1012700001201A4908602DE000201849086018482C
:101280000068B0FA80F0C0F11F0404EB8400154937
:1012900051F8200008B1012000E0002028B940F6F4
:1012A000F62211A116A0D1F7E7FA04EB84010D4A4A
:1012B00002EB810041684968416000F10801426821
:1012C0008A4202D14168496841604168C968104A50
:1012D000116000BF10BD0000600000204C00002025
:1012E00040000020C00300204672656552544F53F1
:1012F0005C7372635C7461736B732E630000000037
:101300004572726F723A25732C25640D0A00000035
:10131000280000202DE9F04105462846EAF774FF31
:1013200006463046F1F7EEF907463846E5F7C2FCC7
:10133000044601213046F1F780F8804694F9020016
:10134000401E054951F82030228804A14046EEF79E
:101350008DFCBDE8F08100003C01002025642025C3
:10136000730000002DE9F04705462846EAF74CFFD8
:1013700006463046F1F7C6F907463846E5F79AFCC7
:10138000044600213046F1F758F88046208840F2A4
:10139000E772101A81B24046EAF79BFE01213046FF
:1013A000F1F74BF8814694F90200401E81B248469D
:1013B000EAF78FFEBDE8F0872DE9F843814600BFCC
:1013C00000BF4C46B4F92E0010F5004F01D1BDE826
:1013D000F883A08D07B2A08D618D884203DAA08DBD
:1013E00000F5B47007B294F83400C0F3410000284F
:1013F0004FD0012802D002285CD139E0618DC81994
:1014000000EBD07149100EB2B4F93010B4F93220AB
:10141000881800EBD07149100FFA81F8B4F92E004A
:10142000404512DA0096638DB4F93010B4F92E00FD
:101430004246EEF7D3FE05B2A9B24846E4F76DF98D
:10144000B1B24846E4F718F911E00097B4F9322038
:10145000B4F92E0033464146EEF7C0FE05B2B1B2F4
:101460004846E4F75AF9A9B24846E4F705F924E0FA
:101470000097638DB4F93220B4F93010B4F92E001E
:10148000EEF7ACFE05B2A28DA9B24846E4F758F8D3
:1014900013E00097638DB4F93220B4F93010B4F939
:1014A0002E00EEF79BFE05B2AAB2618D4846E4F726
:1014B00047F802E000BF00BF89E700BFA58700BF73
:1014C00085E700001CB52248014609780191FF21FB
:1014D000024611700146097800919DF8001001F054
:1014E00050011C4A117007211B4A116009E01A497A
:1014F0000968491E184A11609DF800104906090E36
:1015000000919DF8001001F080018029EFD0124970
:1015100009680902104A11601146098801F4E06166
:1015200011600B4A019911700C48006840F470007A
:101530000A4908600846006840F070400860FFF7FC
:1015400063FD002006490860CEF70EFE00201CBD9A
:1015500000E400E0800000208400002020ED00E096
:101560007C00002010B500BF502080F31188BFF32D
:101570004F8FBFF36F8F00BF00F0E0F818B14FF04E
:1015800080500449086000BF002080F3118800BF2C
:1015900010BD000004ED00E02DE9FF4F85B080464E
:1015A00089461746DDE912ABB800FAF7DDFD0646BD
:1015B00056B14C20FAF7D8FD04460CB1266304E07E
:1015C0003046FFF7CBFC00E000247CB10020CDE9E1
:1015D00000ABCDE902403A4649464046089BFAF73F
:1015E000AFFC2046FAF7C4FB012501E04FF0FF35C0
:1015F000284609B0BDE8F08F2DE9F04706460D46B4
:10160000174698464FF0010A2EB941F2FD0232A169
:1016100037A0D1F731F93446FFF734FCB8F1000FA9
:1016200002D0606CC8F8000094F84890022084F85A
:101630004800052F17D2DFE807F01503070B0D0050
:10164000606C284360640EE0606C401C60640AE0DB
:10165000656408E0B9F1020F01D0656401E04FF064
:10166000000A00E000BF00BFB9F1010F2ED1201D1C
:10167000FFF7BDFB94F82C10012088402049096831
:1016800008431F490860E16A01EB81011D4A02EB32
:101690008100211DFFF7E9FBA06A08B9012000E0E5
:1016A000002028B941F235120BA111A0D1F7E4F8BE
:1016B0001549E06A0968C96A884207D94FF0805025
:1016C00012490860BFF34F8FBFF36F8FFFF716FC0F
:1016D0005046BDE8F08700004672656552544F538E
:1016E0005C7372635C7461736B732E630000000043
:1016F0004572726F723A25732C25640D0A00000042
:1017000040000020C00300202800002004ED00E07D
:101710000549096809B9012005E00449096809B9C2
:10172000022000E0002070474400002060000020FC
:1017300001490868704700003C0000202DE9F04195
:101740004FF0000841480068002872D14048006806
:10175000451C3F480560EDB93E480068006808B97F
:10176000012000E0002028B940F6D9123AA140A09B
:10177000D1F782F837480768414800683549086062
:101780003F4807603F480068401C3E490860FAF740
:10179000A1FC00BF3C48006885423CD300BF2D48F7
:1017A0000068006808B9012000E0002020B14FF077
:1017B000FF30354908602DE026480068C068C468DD
:1017C0006668B54202D23048066023E0201DFFF76C
:1017D0000EFBA06A18B104F11800FFF708FB94F89B
:1017E0002C100120884029490968084327490860CE
:1017F000E16A01EB8101264A02EB8100211DFFF71E
:1018000034FB2449E06A0968C96A8842C7D34FF0AB
:101810000108C4E700BF1F480068C06A00EB8000F1
:101820001B4951F82000012801D94FF0010805E0BB
:10183000FFE719480068401C17490860174800680E
:1018400008B14FF001084046BDE8F081600000207B
:101850003C0000202C0000204672656552544F5316
:101860005C7372635C7461736B732E6300000000C1
:101870004572726F723A25732C25640D0A000000C0
:1018800030000020500000205800002040000020C0
:10189000C003002028000020480000204C00002049
:1018A0002DE9F0410746884614461D46FFF7EAFA3F
:1018B0002148006890F84800022818D01E4909689D
:1018C00001F14400496CB943016001201A490968DB
:1018D00081F848005DB101212846FAF7FDF94FF083
:1018E000805016490860BFF34F8FBFF36F8FFFF72B
:1018F00005FBFFF7C7FA1CB10F480068406C206079
:101900000D48006890F84800012801D1002608E041
:101910000949096801F14400496C21EA08010160A4
:10192000012600200449096881F84800FFF7E6FA1B
:101930003046BDE8F08100002800002004ED00E002
:1019400070B5002400263448006828B94FF4FD62C1
:1019500032A138A0D0F790FFFFF794FA2E48006824
:10196000401E2D4908600846006800284FD13548C0
:10197000006800284BD024E03348C068C46804F1F4
:101980001800FFF734FA201DFFF731FA94F82C10F5
:10199000012088402D49096808432C490860E16A04
:1019A00001EB81012A4A02EB8100211DFFF75DFA5C
:1019B0002849E06A0968C96A884202D30120264999
:1019C00008602148006808B9012000E000200028D4
:1019D000D2D00CB1FAF77EFB2048056865B100BF94
:1019E000FFF7ACFE10B101201B4908606D1E002DF1
:1019F000F6D10020194908601748006838B101265F
:101A0000300717490860BFF34F8FBFF36F8FFFF7A1
:101A100075FA304670BD00006000002046726565B2
:101A200052544F535C7372635C7461736B732E63B7
:101A3000000000004572726F723A25732C25640D08
:101A40000A00000038000020680600204000002046
:101A5000C0030020280000204C0000204800002087
:101A600004ED00E02DE9F84304462046EAF7CCFBFC
:101A700007462046EAF7CBFB80463846EAF798F857
:101A800005464046E5F716F906463068009040F2F4
:101A9000E770401B80B2ADF800009DF90220BDF850
:101AA00000104046E5F70EF9BDE8F883000000009D
:101AB000A91A0208051C020800000000C51F020840
:101AC000820082004A020000000001E001E0000004
:101AD00000FF0055AAFF0024496D92B6DBFF0011FC
:101AE0002233445566778899AABBCCDDEEFF00010E
:101AF00002030405060708090A0B0C0D0E0F10114E
:101B000012131415161718191A1B1C1D1E1F20213D
:101B100022232425262728292A2B2C2D2E2F30312D
:101B200032333435363738393A3B3C3D3E3F40411D
:101B300042434445464748494A4B4C4D4E4F50510D
:101B400052535455565758595A5B5C5D5E5F6061FD
:101B500062636465666768696A6B6C6D6E6F7071ED
:101B600072737475767778797A7B7C7D7E7F8081DD
:101B700082838485868788898A8B8C8D8E8F9091CD
:101B800092939495969798999A9B9C9D9E9FA0A1BD
:101B9000A2A3A4A5A6A7A8A9AAABACADAEAFB0B1AD
:101BA000B2B3B4B5B6B7B8B9BABBBCBDBEBFC0C19D
:101BB000C2C3C4C5C6C7C8C9CACBCCCDCECFD0D18D
:101BC000D2D3D4D5D6D7D8D9DADBDCDDDEDFE0E17D
:101BD000E2E3E4E5E6E7E8E9EAEBECEDEEEFF0F16D
:101BE000F2F3F4F5F6F7F8F9FAFBFCFDFEFF80805E
:101BF00080818182828384858687898A8C8D8F917A
:101C0000939597999B9EA0A2A5A7AAADAFB2B50048
:101C1000FF1FFF1F01E001E0210020000A080B0860
:101C20000D300C300E380F386400630000000000E7
:101C3000AC1A03088D6B01080000000000000000D2
:101C400000000000C300C300041C0000AC1A03081D
:101C5000FDB40208000000000000000000000000C9
:101C600064202B0000000000AC1A0308F9B502083C
:101C70000000000000000000000000006420D127E8
:101C800000000000AC1A0308776E0108ED6E010831
:101C9000000000005D6F010864200401C00800001E
:101CA000AC1A03080D8001080000000000000000CD
:101CB0006580010804010401010400006CD40408DB
:101CC000D1E7010800000000000000000000000053
:101CD0006420322001040000200D0508540E050880
:101CE0006C0E05082C0E0508580E0508600E050838
:101CF000740E0508640E0508380E05084C0E05081C
:101D0000500E0508900E0508100D0508A40D0508D5
:101D1000180E05085C0E0508280E0508300E05088B
:101D2000340E0508240A05083C0E0508400E050877
:101D30002C0A0508980E0508100D0508140E050854
:101D40004C0D0508780E0508700E0508240E0508D0
:101D5000680E05081C0E0508480E0508440E050807
:101D6000500D0508440D0508800D0508100D0508E7
:101D7000940E0508880E0508140D05088C0E05083C
:101D8000840E05089C0E0508950104020402040255
:101D90000402040204020402040204020402870092
:101DA0009601030203020302030203020302030279
:101DB0000302030287008102810201020102010283
:101DC00001020102010201028102810281029201EB
:101DD0008200060082009201200D0508E00D050832
:101DE000F80D0508B00D0508E40D0508EC0D050813
:101DF000000E0508F00D0508C00D0508D80D0508F2
:101E0000DC0D0508900E0508100D0508200E0508CC
:101E10009C0D0508E80D0508AC0D0508B40D050876
:101E2000B80D0508BC0D0508C40D0508C80D05084A
:101E3000CC0D0508980E0508100D0508140E0508B0
:101E40004C0D0508040E0508FC0D0508A80D050835
:101E5000F40D0508A00D0508D40D0508D00D0508E2
:101E6000500D0508440D0508800D0508100D0508E6
:101E7000940E0508880E0508140D05088C0E05083B
:101E8000840E05089C0E0508950104020402040254
:101E90000402040204020402040204020402870091
:101EA0009601030203020302030203020302030278
:101EB0000302030287008102810201020102010282
:101EC00001020102010201028102810281029201EA
:101ED00082000600820092015C0D0508600D050875
:101EE000640D0508680D05086C0D0508700D0508E2
:101EF000740D0508780D05087C0D0508580D0508BA
:101F0000900E0508100D0508200E0508400D050867
:101F10004C0D0508540D05083C0D05088C0D0508F1
:101F20002C0D0508180D0508940D0508240D05084D
:101F3000880D0508900D0508100D05080C0E050804
:101F4000980D0508280D0508340D0508380D0508FD
:101F50007C0E0508800E0508080E0508100E050801
:101F6000840D05081C0D0508300D0508100D050829
:101F7000940E0508880E0508140D05088C0E05083A
:101F8000840E05089C0E05080102010201020102EF
:101F9000010201020102010201020102820092011A
:101FA0000102010201020102010201020102010219
:101FB0000102010201020102010201020102010209
:101FC0000102010201020102010201020102920169
:101FD00082000600820092015C0D0508600D050874
:101FE000640D0508940E0508100D0508680D050818
:101FF0006C0D0508700D0508840E0508100D050808
:10200000740D0508780D05087C0D0508900E05086F
:10201000100D0508480D0508580D0508500D050858
:10202000880E05088C0E05089C0E050801000100AD
:102030000100920101000100010092010100010074
:102040000100020001000100010001000100000088
:10205000AC1A0308A9FD0108000000000000000000
:10206000C9FD01081A001A0080020000AC1A03081A
:102070000000000000000000000000000000000060
:10208000C30004010000000050D404080000000058
:102090000000000000000000000000000000000040
:1020A00000000000F8D40408000000000000000058
:1020B0000000000000000000000000000000000020
:1020C000AC1A03088D090208150B02080000000075
:1020D00000000000C300040140060000AC1A030821
:1020E000450B02087B0B0208000000000000000006
:1020F0006420D12780020000AC1A0308F10A02080C
:102100000000000000000000000000006420D12753
:1021100000000000AC1A0308230C020800000000B5
:1021200000000000000000006420D1270000000033
:10213000AC1A0308000000000000000000000000CE
:1021400000000000D127D12700000000AC1A0308CE
:10215000000000000000000000000000000000007F
:102160000000000000000000AC1A0308000000009E
:10217000000000000000000000000000000000005F
:1021800000000000AC1A030800000000000000007E
:10219000000000000000000000000000000000003F
:1021A000AC1A03080000000000000000000000005E
:1021B000000000000000000000000000AC1A03084E
:1021C000B90D0208D70D020800000000F50D020845
:1021D00000000000C0030000AC1A0308000000006B
:1021E0000000000000000000000000000401D127F2
:1021F00080030000AC1A030800000000000000008B
:1022000000000000000000006420D1274002000010
:10221000AC1A0308000000000000000000000000ED
:10222000000000006420642040020000BCD50408C7
:10223000C57C020800000000000000008D7D02083F
:10224000000000004107000018D404088D81020836
:10225000000000000000000000000000000000007E
:1022600000000000AC1A030895900208F9910208DA
:102270000000000065920208642064200003000052
:10228000AC1A0308899F020800000000000000004B
:10229000000000000000000080020000AC1A0308EB
:1022A000C59F0208000000000000000000000000C0
:1022B0000000000080020000AC1A030851AC0208C4
:1022C0000000000000000000000000006420642006
:1022D000400200000EA0D90D90C80C80B70A601112
:1022E0000B80D91F0991F0881F0880F0880000003A
:1022F000000D203C00000F0069002FFFFFFFF701D9
:102300005C11A610006900C300008800D2009FFF86
:10231000FFFFF012C523E22000D203C00000F0044A
:10232000B0000000700000000E00000000E000009F
:1023300019EFEA300CD6E6A702F40E00001F80E089
:1023400000006FEF50000016FFE500000E0AF001DC
:1023500000E05F13F85E6EB005CFFE9100000E0046
:1023600000000070000008DD3000A7004B02D00420
:10237000C0007700D01D20004B03D0A7000007DC71
:1023800034C4CC3000001D2D22D00000A63B00B389
:102390000005C03A00A3001D200D00D000A60004D7
:1023A000CC40004DFC300000F718C00001F205D011
:1023B0000000BB6E4000005FF3000007E6DB038017
:1023C0002F301DBAA05F0001DF401FB448FEC003DC
:1023D000BFFC40B200000000001F01F01F00F00031
:1023E0000003F10B900F404F007D009B00AA00AA54
:1023F000009B007D004F000F400B9003F15E000E2C
:102400006008C004F001F300F500E600E600F50105
:10241000F304F008C00E605E0000930088A6C209B5
:10242000FE404DDDB14293500052000004500000C8
:1024300008A0000008A0001FFFFFF30339B330001D
:1024400008A0000008A0000103F61E60E12C0000B7
:102450000003FFF90333100003F52E4000000E4087
:102460000004E000009A00000E400004F000009A12
:1024700000000E400003F000009A00000E50000320
:10248000F000009A00000E500003F00000004CFE27
:1024900070004FB68F900DB0005F32F40000E74F30
:1024A00020000CA4F20000CA2F40000E70DB0005D3
:1024B000F204FB68F90004CFE700EFFB44CB00AB6C
:1024C00000AB00AB00AB00AB00AB00AB00AB07DF79
:1024D000EA108E857EC0010006F1000006F00000C3
:1024E0000D900000CC00001CC00001DB00001DE5C9
:1024F00044427FFFFFF97FFFFFF024445F9000001C
:10250000BC000009E100003FD81000046DD00000BD
:1025100002F4100002F4BD757DD019DFEA1000004E
:102520000DA0000000AC00000007E10000004F40DB
:10253000100002F600F5001DA000F5007FFFFFFF70
:10254000F3133333F730000000F500000000F5000E
:1025500009FFFFF00AB444400C8000000E70000038
:102560000FFFFC4003345CF2000000F7100000F79E
:102570008E856CF108DFFB30002AEFD5003FD6577F
:10258000400CC0000002F40000004F5BFFA104FEFD
:10259000845DD03F80003F30E80003F206F845DC60
:1025A0000005DFE9109FFFFFFD9D4444E99C000406
:1025B000F200000BB000002F400000AD000001F65B
:1025C000000008E000000E8000006F1000019EFE79
:1025D0009100BE636EC00F60006F00CC202BC00264
:1025E000EFFFE200DC424CD05F20001F55F20002FA
:1025F000F50ED535DE001AEFEA1003BFEA202FA44E
:102600004BE18E0000E99D0000DD4F7129FF07FFBF
:10261000FC9E000210AC000002F607658FB00AEFC6
:10262000D7002E53F50000000000003F52E42E5367
:10263000F50000000000002E52F60D21D001000030
:1026400000003100006CF2018ED6000FC300000ABA
:10265000FB40000017EE70000005C3000000001FE3
:10266000FFFFF30333333000000000000000001FC1
:10267000FFFFF303333330040000000ED7100000D7
:102680005CF92000002AF20003AFB106DE82001CD4
:102690006000000000000007DFEA109E746EC001B9
:1026A0000006F0000009C000008E200006F20000C5
:1026B00008700000000000000B8000000C9000007B
:1026C000006CEFDA4000003DA41016D90001E509C6
:1026D000EE98CA900A80BD43AFC0D30F13F2000C2E
:1026E000C0693C06D00007C03B4B06D00007C02C99
:1026F0003C03F2000CC04A0F10BD439EE3C50A80A4
:1027000009EE91CF9001E50000000000003DA4100B
:1027100028000000007CEFD9100000000CF1000040
:1027200000003FD700000000B96E00000002F20E6A
:1027300050000009A007D000001F3000F400007F07
:10274000FFFFFB0000E733334F2005F000000C9043
:102750000C90000006F18FFFFEC408E3334BF28EAD
:1027600000001F58E00018F18FFFFFF808E333372F
:10277000F68E000009C8E000009D8E33347F78FF9C
:10278000FFFD700007CFFB4000CF966AF50AE2001C
:1027900000301F600000004F200000004F200000AC
:1027A000001F600000000AE200003001CF966AF5C9
:1027B0000007DFFB408FFFFEA4008E4446CF708EE3
:1027C000000007F38E000000DA8E0000009D8E00EE
:1027D00000009D8E000000DA8E000007F38E444654
:1027E000BF708FFFFEA4008FFFFFF68E4444418E22
:1027F0000000008E0000008FFFFFC08E3333208E5C
:102800000000008E0000008E4444428FFFFFF98FCD
:10281000FFFFF68E4444418E0000008E0000008EC3
:102820000000008FFFFFC08E3333208E0000008E2B
:102830000000008E0000000007CFFC5000CF966A19
:10284000F60AE20000201F600000004F2000000098
:102850004F200000B91F600000B90AE30000B90072
:10286000CF966AF80007DFFC608E000008E8E00001
:10287000008E8E000008E8E000008E8FFFFFFFE86A
:10288000E333339E8E000008E8E000008E8E0000E7
:1028900008E8E000008E8E8E8E8E8E8E8E8E8E8E4E
:1028A00002FFFFC00444BC000009C000009C0000FF
:1028B00009C000009C000009C02000BA0EB58F605E
:1028C0003CFE808E00004F508E0004F6008E003FCC
:1028D00070008E03F800008E2EC000008EECF60013
:1028E000008FB07F30008E000AE1008E0000CC0027
:1028F0008E00001EA08E0000008E0000008E0000E2
:10290000008E0000008E0000008E0000008E00008F
:10291000008E0000008E4444408FFFFFF28E0000C6
:102920000008E8F7000002FE8FF10000BFE8DCA01D
:10293000004F9E8D2F300D87E8D09C06E07E8D01E4
:10294000E7E507E8D006FC007E8D000A2007E8D006
:102950000000007E8E100008E8FC00008E8FF90059
:1029600008E8E6F6008E8E09F308E8E00CE18E8EAA
:10297000001EB8E8E0003FEE8E00006FE8E00000C7
:10298000AE0007CFEB500000CF966BF9000AE200D3
:10299000005F601F6000000AD04F20000006F04F6B
:1029A00020000006F01F6000000AD00AE200005F6D
:1029B0006000CF966BFA000007DFEB50008FFFFD41
:1029C0007008E4458FB08E00005F38E00001F58E9E
:1029D00000003F48E0014DD08FFFFFB208E3331005
:1029E000008E00000008E00000000007CFEB500060
:1029F00000CF966BF9000AE200005F601F600000E4
:102A00000AD04F20000006F04F20000005F01F60A4
:102A100000000AD00AE200005F6001DF855AFA0078
:102A20000008DFFC5000000001EC21940000001BB6
:102A3000FFC10000000012008FFFFD7008E4458F09
:102A4000B08E00005F38E00001F58E00003F38E0F6
:102A5000014DD08FFFFFC208E333DA008E0002F68B
:102A600008E00005F3019EFDA200CE646B702F40CC
:102A7000000001F800000006FD950000016AEE501C
:102A80000000009F00200005F13FA547EB004BEF41
:102A9000E910FFFFFFFF2444BD44400009C00000CF
:102AA000009C00000009C00000009C00000009C05C
:102AB0000000009C00000009C00000009C00009C79
:102AC00000000BA9C00000BA9C00000BA9C00000C8
:102AD000BA9C00000BA9C00000BA8E00000D94F44F
:102AE0000003F50CF868FD0009EFE9100CB00000D8
:102AF0000AC05F200001F500E900008E0008F00028
:102B00000E70001F6005F10000AD00C9000003F465
:102B10003F3000000CBAC00000005FF5000000006C
:102B2000EE00006F10000DB00002F21F60003FF1D8
:102B30000008D00BB0008BE6000D7006F000E69B9D
:102B4000002F2001F503F14F108D0000CA09B00ECF
:102B500060D800006F0E6009B2F300001F9F1004E0
:102B6000F9D000000CFB0000EF80000007F6000029
:102B70009F30003F50000DA008F2009D0000CC04E3
:102B8000F300002F9E70000006FC00000009FE10FC
:102B900000004F4DB00001E802F7000BD0007F208D
:102BA0007F20000BD00CB000009C002F50002F3075
:102BB000009E000C900000E805F1000005F3E6001F
:102BC00000000CFD000000003F4000000002F30088
:102BD0000000002F3000000002F300004FFFFFFF55
:102BE0009144444AF3000003F6000001EA000000AB
:102BF000CC0000009E1000006F4000003F700000FD
:102C00001ED4444436FFFFFFFC8FF68D318D008DBE
:102C1000008D008D008D008D008D008D008D008D4C
:102C2000008D318FF65D000000F200000B80000087
:102C30006D000001F200000B8000006D000001F249
:102C400000000B7000006D000001F200000B70002E
:102C5000006D000001F2BFF325F302F302F302F36B
:102C600002F302F302F302F302F302F302F325F399
:102C7000BFF300AD00001EC4000885A000E20E10E6
:102C80005B00970B5002E0EEEEEEE00BC00009B0E7
:102C900004CFEA100B745DB0000004F004CEEEF235
:102CA0001F8214F24F1004F21F703DF204DFD7F2BE
:102CB000BA000000BA000000BA000000BA8EFC3072
:102CC000BFD54BF3BE1000CABA00007EBA00007E2A
:102CD000BE1000CABFD55BF3B98EFC30007DFD602D
:102CE00009F748F42F5000205F0000005F0000004B
:102CF0002F50002009F748F4007DFD600000001F00
:102D000040000001F40000001F4008EFC4F40AF77F
:102D100048FF42F50007F45F00002F45F00001F482
:102D20002F50006F40AE637EF4008EFC4F40008E4B
:102D3000FC400AD538F42F20008C5FEEEEFF5F21B7
:102D400011112F70001009F846E4007DFE80009EEE
:102D5000E305F44108C000CFFFF029D32008D000DC
:102D600008D00008D00008D00008D00008D000002B
:102D70007EFC4E60AF747FF62F50005F65F0000060
:102D8000F65F00000F62F60006F609F747FF5007EE
:102D9000EFC4F50000003F20CB646EB003AEFD80B1
:102DA00000BA000000BA000000BA000000BA8EFBB2
:102DB00020BFC56DD0BE0003F2BA0000F4BA000017
:102DC000F5BA0000F5BA0000F5BA0000F5BAA8009F
:102DD000BABABABABABABABA000AB00099000000D0
:102DE00000AB000AB000AB000AB000AB000AB000B4
:102DF000AB000AB000AA064E71DFA0BA000000BA0C
:102E0000000000BA000000BA001CC0BA01CC00BA31
:102E10001CD100BBCF6000BFDBE100BD11DC00BAFC
:102E2000003F70BA0007F3BABABABABABABABABAB5
:102E3000BABAB99EFA15DFD40BFB45EDE64AF2BEED
:102E40000006F6000E7BA0004F2000C9BA0003F177
:102E5000000C9BA0003F1000C9BA0003F1000C9BBE
:102E6000A0003F1000C9B99EFB20BFB45DD0BE00DA
:102E700003F2BA0000F4BA0000F5BA0000F5BA0097
:102E800000F5BA0000F5007DFD60009F748F702F83
:102E900050007F05F00001F35F00002F32F50007BE
:102EA000F009F748F70007DFD600B98EFC30BFC441
:102EB0003AF3BE1000CABA00007EBA00007EBE100F
:102EC00000CABFD55BF3BA7EFC30BA000000BA007E
:102ED0000000BA000000008EFC3F40AF748EF42F5B
:102EE00050007F45F00001F45F00002F42F500071D
:102EF000F40AF748FF4008EFC4F40000001F400048
:102F00000001F40000001F40B98E4BFD71BE100B94
:102F1000B000BA000BA000BA000BA00005DFEA1356
:102F2000F735A06F000001EE9610016AEF30000047
:102F3000D96C646F62AEFD7008D00008D000CFFF7E
:102F4000F029D32008D00008D00008D00008D00015
:102F500005F551009FE3C80002F3C80002F3C80062
:102F600002F3C80002F3C90003F3AB0007F35F8369
:102F70007EF306DFC5F30D90000AA06E0001F3009A
:102F8000F5007D0009C00E60003F24F00000C8B9C4
:102F9000000006FF3000000FC000C80006F1000D61
:102FA00056D000CF6003F01F302F9C009A00B80766
:102FB000B2F10E4005E0D60C74E0000F6F007C9972
:102FC0000000AFA001FF400005F4000BE0004F300F
:102FD00007E109D02F4000D9D900003FD000004FB1
:102FE000E10001E7BB000BB01E707E1005F30D90F1
:102FF000000AA06F0001F300F6007D0009C00D601B
:10300000002F34F00000C9A9000005FF2000000EC9
:10301000C0000000E5000094AD00001BFC20000093
:103020005FFFFFA13337F40001E70000CB00008E03
:1030300010004F40001EA33326FFFFFC006EA00FC0
:103040009201F4001F4001F4003F303FC0006F3098
:1030500001F4001F4001F4001F4000FA2005EA8B34
:103060008B8B8B8B8B8B8B8B8B8B8B8B8BBE500241
:10307000AE0005F0005F0005F0004F1000DF104FBC
:103080005005F0005F0005F0005F002AE00BE4004F
:1030900007EC40B41E25DFC00100000004CC302B3B
:1030A00001C05700932B01C005CC3006A10FF60BD1
:1030B000E2000000000000000000000000027BFBB6
:1030C000000000049DFFFFD00003AFFFFFFFFD00E5
:1030D00000AFFFFFFFDFD0000AFFFFB610ED0000DA
:1030E000AF9400000ED0000AF1000000ED0000AF28
:1030F0001000000ED0000AF1000045FD0000AF10E6
:1031000001EFFFD0179DF1005FFFFC0EFFFF1000E5
:10311000AFFD31FFFFE00000010003BDA300000090
:10312000000050188888888405FABFDDDDDDFDAF1A
:10313000E47F100000CA4EE04F100000C80EFEEF02
:10314000100000CFEFE03FEEEEEEF80EF68F766661
:1031500066EB6FF8AF100000CC8FE03F100000C8A6
:103160000EFCDF655555EECFC25FFFFFFFF92C5710
:10317000750577777775FFFF1FFFFFFFFFFFFF2FB5
:10318000FFFFFFFFEFFF0EFFFFFFFE011000111119
:103190001110EFFE0EFFFFFFFEFFFF2FFFFFFFFFEF
:1031A000FFFF1FFFFFFFFF68870788888886688703
:1031B0000788888886FFFF1FFFFFFFFFFFFF2FFFA5
:1031C000FFFFFFDFFD0DFFFFFFFD0000000000011E
:1031D0005000000000001DF80000000001DFFD00AD
:1031E0000000001DFFE22D600001DFFE20DFF70080
:1031F0001DFFE2008FFF71DFFE200008FFFEFFE2EF
:103200000000008FFFFE2000000008FFE200000029
:1032100000007D2000000000000000007F60000B27
:10322000E2EFF600BFF84FFF6BFFD104FFFFFD1088
:10323000005FFFE10000BFFFF6000BFFDFFF60BF94
:10324000FD14FFF5CFD1004FF6171000036000000A
:103250000011000000000000FF000000006F21FFCF
:1032600012F70006FF61FF16FF601FF901FF109FB4
:10327000F16FE001FF100EF6AF8001FF1008FACFEA
:103280006001FF1006FCAF8000AA0008FB7FD000A1
:1032900000000DF71FF80000008FF107FF91002AD2
:1032A000FF70009FFFEEFFF9000005CFFFFD50000B
:1032B00000000244200000000000000000000000A8
:1032C0000AFFA0000000000CFFC0000003D6DFFFD3
:1032D000FD6D300EFFFFFFFFFFE05FFFFFAAFFFF66
:1032E000F51AFFF4004FFFA103FFD0000DFF3004DB
:1032F000FFF0000FFF404FFFFB22BFFFF42FFFFF47
:10330000FFFFFFF209FEFFFFFFEF9000505EFFE5B9
:10331000050000000CFFC000000000047740000022
:1033200000000003100341000000009FF50DF500B0
:1033300000001BFDFF8DF5000002DFB12DFFF50041
:10334000004FF83EC2BFF50007FF55FFFE39FE40B3
:103350009FE38FFFFFF56FF6AC2AFFFFFFFF73E6D9
:10336000005FFFFFFFFFF100006FFFD77FFFF2005C
:10337000006FFF900DFFF200006FFF900DFFF20055
:10338000004FFF700BFFE100000000330000000061
:10339000000BFFB0000000000CFFC0000000000C9C
:1033A000FFC0000000000CFFC0000000000CFFC0C8
:1033B0000000008FFFFFFFF800002EFFFFFFE2007C
:1033C0000002EFFFFE200000002DFFE200007999CF
:1033D00082DE289997FFFFFB22BFFFFFFFFFFFFF61
:1033E000FFFFFFFFFFFFFFFAB3CFACCCCCCCCCCCC0
:1033F000CA0006BBBBBBBA3000004FFFFFFFFFE1B6
:103400000000EF30000006FB0009F800000000CFCC
:10341000504FD0000000002FE1DF84420000344B09
:10342000F9FFFFFD0001FFFFFBFFFFFF988BFFFF90
:10343000FCFFFFFFFFFFFFFFFCFFFFFFFFFFFFFFA2
:10344000FB9FFFFFFFFFFFFFF600000000000033BF
:1034500000018DFFC600EF004EFFFFFFE4DF04FF19
:10346000B3004CFFFF0EF90000008FFF6FC000019A
:10347000FFFFFF8E500001DEEEED000000000000B7
:103480000022222200000021FFFFFF100008F8FFA9
:10349000FBBC10001EF4FFFC100001DFC0FEEFE8D3
:1034A000448EFE10FE1AFFFFFFC100FD0028BB94F2
:1034B0000000000002700002EF0002EFFDFFFFFFBE
:1034C000FFFFFFFFFFFFFFFFFFFFFFFFFFFF34478F
:1034D000FFF00005FF000005C000000000000270C2
:1034E00000000002EF00000002EFF0000DFFFFFF00
:1034F0000220FFFFFFF08E1FFFFFFF00E7FFFFFF2F
:10350000F03F5FFFFFFF08903447FFF00000000529
:10351000FF0000000005C0000000000000000000E7
:10352000000000077000000002700005FA000000B3
:103530002EF000814F600002EFF001DD07F0DFFFA9
:10354000FFF0321E80F6FFFFFFF08E27E0B9FFFF8D
:10355000FFF00E73F19BFFFFFFF03F54F09AFFFF67
:10356000FFF0890AC0D83447FFF0007F43F3000022
:103570005FF002F60CB0000005C00000BF100000B4
:1035800000000009E300000000000002100037887E
:103590008888888873EFFFFFFFFFFFFEFE32DFFFA2
:1035A000FFFFFFF9007FFFFDFFFFFD10CFFFA07FB2
:1035B000FFFFFFFFFA0007FFFFF35FA00000CFFF50
:1035C0003003000000CFFC0000000000CFFFCCCC97
:1035D000CCCCCCFFAFFFFFFFFFFFF90000200000C5
:1035E0000001FA00000006FF1000000DFF7000004F
:1035F0006FFFF10001EFFFFA000BFFFFFF605FFFBD
:10360000FFFFE0CFFFFFFFF6FEBFFFFFF9FD4FFF1B
:10361000FFF9BF49FFFFF53FE52EFFD006FFFFFD95
:10362000200028BA600004300000311FE00006F9D5
:103630001FE0007FFA1FE009FFFA1FE0AFFFFA1F4B
:10364000EBFFFFFA1FFFFFFFFA1FFFFFFFFA1FE666
:10365000FFFFFA1FE05FFFFA1FE004FFFA1FE00020
:103660003EFA0FD00002D700000000000200000068
:1036700000000CFB2000000000FFFF900000000F86
:10368000FFFFE6000000FFFFFFFC30000FFFFFFF21
:10369000FF9100FFFFFFFFFFE60FFFFFFFFFFFF2BD
:1036A000FFFFFFFFFFFD0FFFFFFFFFF800FFFFFF22
:1036B000FFB2000FFFFFFD400000FFFFF70000001A
:1036C0000FFFA1000000006A400000000000144449
:1036D000200144420DFFFF10DFFFF1FFFFF30FFF5A
:1036E000FF3FFFFF40FFFFF4FFFFF40FFFFF4FFF1F
:1036F000FF40FFFFF4FFFFF40FFFFF4FFFFF40FF0E
:10370000FFF4FFFFF40FFFFF4FFFFF40FFFFF4FF49
:10371000FFF40FFFFF4FFFFF30FFFFF39FFFC009D4
:10372000FFFC001444444444420DFFFFFFFFFFF13F
:10373000FFFFFFFFFFFF3FFFFFFFFFFFF4FFFFFF64
:10374000FFFFFF4FFFFFFFFFFFF4FFFFFFFFFFFF44
:103750004FFFFFFFFFFFF4FFFFFFFFFFFF4FFFFFE4
:10376000FFFFFFF4FFFFFFFFFFFF4FFFFFFFFFFF24
:10377000F39FFFFFFFFFFC0002100000420FE2007A
:1037800003FB0FFE3004FB0FFFF404FB0FFFFF549D
:10379000FB0FFFFFFAFB0FFFFFFFFB0FFFFFFFFB1E
:1037A0000FFFFFD6FB0FFFFD14FB0FFFC104FB0F44
:1037B000FB0004FB0CA00003FA0000000000000066
:1037C0000012000000000003FF60000000002EFF58
:1037D000F500000001EFFFFF4000001DFFFFFFF3B9
:1037E0000000CFFFFFFFFE200AFFFFFFFFFFE00EFC
:1037F000FFFFFFFFFFF20399999999995005888877
:10380000888888700FFFFFFFFFFFF30FFFFFFFFFA8
:10381000FFF40BFFFFFFFFFFD100000000000000DE
:103820003F9000003FFC00003FFD10003FFD1000F6
:103830003FFD10001FFD100000CFF4000000CFF48A
:10384000000000CFF4000000CFF4000000CFE00043
:103850000000A4000000000000CD1000001FFD10BB
:1038600000003FFD1000003FFD1000003FFD100074
:10387000003FFD000008FF900008FF900008FF9047
:103880000008FF900002FF90000007800000000089
:103890000004500000000002FF60000000003FF73D
:1038A0000000000003FF70000000003FF70000066A
:1038B000999AFFC99980FFFFFFFFFFFF3DFFFFFFC0
:1038C000FFFFF201113FF71110000003FF7000002D
:1038D00000003FF70000000003FF70000000000C34
:1038E000D30000006999999999980FFFFFFFFFFF96
:1038F000F3DFFFFFFFFFFF200000000000000000DB
:103900000156640000000003BFFEEFF91000007FC5
:10391000FA1003DFE40008FFA009B41EFF504FFFB8
:10392000200BFF26FFE1EFFF09CFFF63FFFABFFF88
:1039300009FFFF54FFF61EFF51DFFB09FFB003EF45
:10394000E204305FFC10002CFF956AFF900000003D
:1039500049DFFD920000000000000000000000CDE3
:1039600020000000000000008FF5001466400000F9
:103970000004EFACFFEFFF910000001CFFA1004D21
:10398000FE300000009FF5AB31EFF40007B105FFFA
:10399000FFE17FFE100FFE302DFFF54FFF900CFF73
:1039A000E000AFF65FFF6002FFF40006FFEFFB00F0
:1039B000004FFD10003EFFC0000002DFE85401BFD1
:1039C000E300000005AEFF6007FF6000000000009C
:1039D00000004EF60000000000000001A100000001
:1039E0000000000000000000003ED00000000000C9
:1039F000000CFF80000000000006FFFF2000000018
:103A00000000EFFFFB00000000008FFCCFF400007F
:103A100000002FFB00FFD00000000BFFC00FFF7065
:103A2000000004FFFD01FFFF100000DFFFE02FFF9B
:103A3000FA00007FFFFF9BFFFFF3001FFFFFB00EA8
:103A4000FFFFC00AFFFFFE24FFFFFF60FFFFFFFF35
:103A5000FFFFFFFA06CCCCCCCCCCCCCB30000000A6
:103A60000000360000000000007F80DDDB00008DDC
:103A7000EFF8FFFFB007FFFFFD556FF46FF8AFE2FF
:103A8000000574FF907E2000003FFA000000000255
:103A9000EFB2504A00012EFD1DF48FB0FFFFD10B95
:103AA000FFFFFBFFFE2000CFFFFB12210000029F63
:103AB000C000000000005B00000007A00000000044
:103AC00008FFB000000008FFFFB0000008FF95FFEE
:103AD000B00008FF9005FFB007FF900005FFB09F02
:103AE00090000005FD004000000003104C20000085
:103AF00000B60BFE200000CFF02EFE2000CFF40019
:103B00002EFE20CFF400002EFECFF40000002EFF8A
:103B1000F4000000002EF40000000000130000007C
:103B200000083000000000000000BFF308BBBBBB72
:103B300090000BFFFF39FFFFFFF1008FCFCFF000A8
:103B4000000AF100382F948000000AF100002F9045
:103B50000000000AF100002F900000030AF130007D
:103B60002F9000001FCBF8F8002FEBBBBB39FFFFF5
:103B7000E2001FFFFFFFB09FFD20000000000000DB
:103B800008D10037888700000000EFFFFFA0000089
:103B900000FFFFFFFDCCCCB6FFFFFFFFFFFFFFFFE5
:103BA000FFFFFFFFFFFFFFFFFFFFFFFFFFFFFFFF25
:103BB000FFFFFFFFFFFFFFFFFFFFFFFFFFFFFFFF15
:103BC000FFFFFFFFFFFFFFFFFFAFFFFFFFFFFFF95B
:103BD00000000000000000000001DD1000000000F7
:103BE0001DFFD100000001DFFFFD1000001DFFFFE1
:103BF000FFD100009FFFFFFFF90000011CFFC11073
:103C00000000000CFFC0000000000CFFC00000001E
:103C1000000CFFC0000079993BFFB39997FFFFB2FA
:103C2000442BFFFFFFFFFEDDEFFFFFFFFFFFFFFA6B
:103C3000B3CFACCCCCCCCCCCCA000000000002008E
:103C4000000000000004FFC70000000000AFFFF00C
:103C5000000000001FFFFD0000000006FFFFC00085
:103C600000000008FFF700000000000CFF3000001B
:103C7000000004FFC00000000001EFF300004A3024
:103C800002DFF80005DFFE15EFFB0000EFFFFFFF8E
:103C9000FA00000BFFFFFFF70000007FFFFFA2000C
:103CA000000002BA85000000000004860000001039
:103CB00006FFFA0002DFD1EF3CF101DFFA0EE0AFC0
:103CC00021DFFA009FEFF6DFFA00008DFFFFFB0017
:103CD000000006FFFD00000048EFFFF600006FFF48
:103CE000FBFFF6000EF3CF23FFF600EE0AF204FF0F
:103CF000F609FEFC0004FFF108DA10000262000081
:103D0000000000000000006FFFF987000008FFFFBF
:103D100098F708A68FFFF95990FFA8FFFFFCCC0F7A
:103D2000FA8FFFFFFFF1FFA8FFFFFFFF1FFA8FFFD2
:103D3000FFFFF1FFA8FFFFFFFF1FFA8FFFFFFFF15B
:103D4000FFA8FFFFFFFF1FFA7FFFFFFFF0FFE31257
:103D50002222210FFFFFFFF90000ACCCCCCB50009A
:103D6000004999999995000EFFFFFFFFF600FD228B
:103D700022224FF60FC0000001FFF3FC0000001FDD
:103D8000FF6FC0000002FFF6FFFFFFFFFFFF6FFFA6
:103D9000FFDCFFFFF6FFFFB005FFFF6FFFF6000F30
:103DA000FFF6FFFFC006FFFF6FFFFFEDFFFFF69F6F
:103DB000FFFFFFFFFD10CDDDDDDDDDDD2FFFFFFFB0
:103DC000FFFFF31222222222220000000000000046
:103DD0000000000000000FFFFFFFFFFFF3DEEEEE2C
:103DE000EEEEEE20000000000000000000000000E9
:103DF0000DEEEEEEEEEEE2FFFFFFFFFFFF30000004
:103E00000000000037888888888873EFFFFFFFFF75
:103E1000FFFEEFFFFFFFFFFFFE1CFFFFFFFFFFC1E5
:103E2000D28FFFFFFFF82DFF64EFFFFE45FFFFFA83
:103E30002BFFB2AFFFFFFFD3553DFFFFFFFFFFBBDF
:103E4000FFFFFFFFFFFFFFFFFFFFAFFFFFFFFFFFD2
:103E5000F9000000000001FFFFF00004FFFFD000A8
:103E600006FFFF800008FFFF30000AFFFFAAA60C34
:103E7000FFFFFFF80EFFFFFFE10BDDDFFF6000003B
:103E80004FFD0000007FF3000000BFA0000000FF16
:103E900010000003F800000003C000000000200034
:103EA00000000455EFB5520000FFFD1FFFB0000FEA
:103EB000FFFFFFFC0000FFFF533320000FFF97FFC1
:103EC000FB5700FFF8AFFFC6F80FFF8AFFFC4AA1BF
:103ED000FFF8AFFFE3220FFF8AFFFFFFF4FFF8AF09
:103EE000FFFFFF4FFF8AFFFFFFF43552AFFFFFFFD9
:103EF00040000AFFFFFFF400007FFFFFFE200000EC
:103F000001100000000000AF00000000018FFA3037
:103F1000000002EFFFFF500000BFFFFFFF10001F77
:103F2000FFFFFFF50003FFFFFFFF70005FFFFFFFD4
:103F3000F90008FFFFFFFFC000DFFFFFFFFF209F2A
:103F4000FFFFFFFFFD0EFFFFFFFFFFF20222222215
:103F50002221000008FFC00000000009A2000000AC
:103F60005BBBBBBBBBBBBBA3FFFFFFFFFFFFFFFBFD
:103F7000FC0C30E11D0D11FCFC0B30E01D0D10FCA4
:103F8000FFFEFFEFFEFEEFFCFFF15A0870A05FFCA2
:103F9000FFF37B2992C27FFCFFBFCBBBBBBFCBFC37
:103FA000FC0B2000000D00FCFFCFCCCCCCCFCCFB19
:103FB0009FFFFFFFFFFFFFF6000000000000020070
:103FC000000000000005DFB00000000007EFFFD098
:103FD00000000018FFFFFF70000029FFFFFFFF0037
:103FE000003BFFFFFFFFF8000AFFFFFFFFFFF100AC
:103FF0000FFFFFFFFFFFA000049AAAAFFFFF200002
:104000000000000EFFFB00000000000EFFF40000A7
:104010000000000EFFC000000000000EFF50000076
:104020000000000DFD00000000000004B3000000CF
:1040300035555502000FFFFFF2F400FFFFFF2FF48C
:104040000FFFFFF2FFF3FFFFFF32221FFFFFFFFF13
:10405000F7FFFFFFFFFF8FFFFFFFFFF8FFFFFFFFEF
:10406000FF8FFFFFFFFFF8FFFFFFFFFF8FFFFFFF47
:10407000FFF8FFFFFFFFFF8FFFFFFFFFF88AAAAAED
:10408000AAAA300000002455310000000003AFFF51
:10409000FFFFC7000002BFFFFEDEFFFFF6005FFF6D
:1040A000B51000038EFFB0DFD300000000008FF5D5
:1040B000180005AEFEC81004600002DFFFFFFFF825
:1040C0000000000CFF95347DFF40000002A20000BC
:1040D00000770000000000029600000000000000D1
:1040E0000DFF500000000000000EFF600000000007
:1040F000000005DA000000005BBBBBBBBBBBBBBA6A
:1041000020FFFFFFFFFFFFFFFF90FC122222222271
:10411000220FF7FC5FFFFFFFFFFF2CFAFC5FFFFFA2
:10412000FFFFFF21FAFC5FFFFFFFFFFF27FAFC26DE
:1041300066666666661FFAFEBBBBBBBBBBBBBFB198
:10414000AFFFFFFFFFFFFFFF500000000000000077
:1041500000005BBBBBBBBBBBBBBA20FFFFFFFFFFCD
:10416000FFFFFF90FC1222222221000FF7FC5FFFCD
:10417000FFFFF8000CFAFC5FFFFFFFF80001FAFCFC
:104180005FFFFFFFF80007FAFC2666666663000F14
:10419000FAFEBBBBBBBBBBBBBFB1AFFFFFFFFFFFAB
:1041A000FFFF500000000000000000005BBBBBBB35
:1041B000BBBBBBBA20FFFFFFFFFFFFFFFF90FC125E
:1041C00022221000000FF7FC5FFFFFD000000CFA66
:1041D000FC5FFFFFD0000001FAFC5FFFFFD0000092
:1041E00007FAFC2666665000000FFAFEBBBBBBBB9D
:1041F000BBBBBFB1AFFFFFFFFFFFFFFF50000000E1
:104200000000000000005BBBBBBBBBBBBBBA20FF18
:10421000FFFFFFFFFFFFFF90FC1222000000000FD6
:10422000F7FC5FFF300000000CFAFC5FFF3000007D
:104230000001FAFC5FFF3000000007FAFC26661060
:104240000000000FFAFEBBBBBBBBBBBBBFB1AFFFE7
:10425000FFFFFFFFFFFF5000000000000000000014
:104260005BBBBBBBBBBBBBBA20FFFFFFFFFFFFFFBE
:10427000FF90FC0000000000000FF7FC00000000B1
:1042800000000CFAFC00000000000001FAFC000035
:104290000000000007FAFC0000000000000FFAFE1A
:1042A000BBBBBBBBBBBBBFB1AFFFFFFFFFFFFFFF94
:1042B000500000000000000000000000000007B2F5
:1042C0000000000000000ADFFA000000000000A962
:1042D0003DF5000000044002E00010000000AFF8CF
:1042E0000B600000006C30FFFFFFFFFFFFFFFFF4DB
:1042F000AFF9000C5000006D4005500004C00000F4
:10430000100000000000C43EE80000000000002E85
:10431000EFFA000000000000004FFA00000000006B
:104320000000000000000000011000000007EFFF87
:10433000B30000AFFD8FFF2004FFFD09FFB00AFEB0
:10434000FD12AFF00EF55D2C0EF30FFF33129FF54B
:104350000FFFF307FFF60FFFE206FFF60FFE241331
:104360007FF50DF57D2C0DF30AFFFD11BFF003FF66
:10437000FE0BFFA0007FFEBFFE100003ACDC81003F
:1043800000003443000005667FFFF96650FFFFFF21
:10439000FFFFFF356666666666501CCCCCCCCCC48D
:1043A00002FFFFFFFFFF602FF3FB7F6DF602FF2F81
:1043B000B7F5DF602FF2FB7F5DF602FF2FB7F5DF69
:1043C000602FF2FB7F5DF602FF2FB7F5DF602FF362
:1043D000FB7F6DF601FFFFFFFFFF5007BCCCCCCC8D
:1043E000900000000000000120000000000004FF19
:1043F000500000000002FFFF500000000439FFFEE3
:1044000000000004FF39FFA0000004FFFF39B000E6
:104410000004FFFFFF20000004FFFFFFB0000004C6
:10442000FFFFFFB0000004FFFFFFB0000004FFFF2C
:10443000FFB0000000BFFFFFB00000000DFFFFB0A5
:1044400000000000FFFFB00000000009A8600000AD
:104450000000000000178888888887400002EFFF6E
:10446000FFFFFFFFF4003EFFFFCFFFCFFFF703EF9B
:10447000FFF908F809FFF83EFFFFFE20402EFFF885
:10448000DFFFFFFFE101EFFFF89FFFFFFF80008FDD
:10449000FFF809FFFFF902C209FFF8009FFFFE4E77
:1044A000FE4EFFF80009FFFFFFFFFFFFF700008F40
:1044B000FFFFFFFFFFC100000000000003EFFFFF50
:1044C000E203FBFBCEBFA4FF1D03A1FAFFF1D03A2C
:1044D0001FAFFFFFFFFFFAFFFFFFFFFFAFFFFFFF71
:1044E000FFFAFFFFFFFFFFAFFFFFFFFFFAFFFFFF36
:1044F000FFFFAFFFFFFFFFFAFFFFFFFFFFADFFFF73
:10450000FFFFF829AAAAAAA80000000000000003E3
:1045100000000000000004F1000820000001FF106E
:104520000BF70000002FF10CFF94444445FF1BFFE4
:10453000FFFFFFFFFFF18FFFFFFFFFFFFD007FF792
:104540000000000000006F6000000000000030006C
:104550000000000000000000000000000000C00398
:10456000000000000000C003030A00000F008005E7
:10457000050500051C00D0090A0A00004E00B0081D
:10458000090F00FE9200D00B0C0A0000CE00A0091B
:104590000A0B00FF0501F002030500050D01B00440
:1045A000040E01FD2901C004040E00FD4501A00513
:1045B00006060005570120080807000273013003B2
:1045C000030500FE7B016005050300038301300342
:1045D000030300008801F004070EFFFFB901500932
:1045E000090A0000E6013005040A0000FA0110087B
:1045F000080A000022020008080A00004A026009B6
:104600000A0A00007C021008080A0000A402A008A0
:10461000090A0000D1026008080A0000F902000936
:10462000090A00002603A008080A00004E03300310
:10463000030800005A033003030B00FD6B0320083E
:10464000080800018B03200808060002A3032008C5
:1046500008080001C3030008080A0000EB03800EED
:104660000E0D00FD4604400A0C0AFF008204A00A59
:10467000090A0100AF04200A0A0A0000E104900BB5
:104680000A0A010013056009080A01003B05E00859
:10469000080A01006305D00A0A0A00009505600BAC
:1046A000090A0100C2055004020A0100CC053007C6
:1046B000070AFF00EF05100A0A0A01002106500848
:1046C000080A01004906600D0B0A01008006600B14
:1046D000090A0100AD06C00B0C0A0000E906200A19
:1046E000090A01001607C00B0C0D00FD6407300A13
:1046F000090A01009107B008090A0000BE07300846
:10470000090A0000EB07100B090A01001808F0095C
:104710000B0AFF004F08C00F100A00009F08700925
:104720000A0A0000D10810090B0AFF000809300925
:10473000090A00003509B004040E01FD5109F00416
:10474000070EFFFF8209B004040E00FD9E09300829
:1047500007060102B3090007070100FFB709600857
:1047600005020109BC09600808080000DC0990097D
:10477000080B0100080A000808080000280A900930
:10478000090B00005A0A9008080800007A0AF00491
:10479000060B00009B0AB009090B00FDCD0A900929
:1047A000080B0100F90AE003020B0100040B0004EE
:1047B000050EFEFD270BA008080B0100530BE003BC
:1047C000020B01005E0BD00E0D080100920B900948
:1047D00008080100B20BE00809080000D60B900998
:1047E000080B01FD020C9009090B00FD340CC005FB
:1047F00005080100480C000707080000640CD005FC
:10480000060A0000820C800908080100A20CD007EB
:104810000908FF00C60C900C0D080000FA0CC00738
:10482000080800001A0DD007090BFFFD4C0D5007BA
:1048300007080000680DF004050E00FD8B0D300424
:10484000020E01FD990DF004050E00FDBC0D2008BF
:1048500008030003C80DE00506050006D70D600437
:1048600004030003DD0D000E0F0FFFFE4E0E000EC1
:104870000E0B00009B0E000E0E0D00FFF60E000E3C
:104880000E0B0000430FA0090A0B00007A0F000E68
:104890000E0F00FEE30F000E0E0F00FE4C10C00FB7
:1048A000100D00FFB410000E0E0F00FE1D11C00F02
:1048B000100B00007511000E0E0F00FEDE11000738
:1048C000070C00FF0812800A0B0C00FF4A12C00FF1
:1048D000100E00FEBA12000E0E0B00000713A00906
:1048E0000A0F00FE5213400C0A0E01FE9813400CF2
:1048F0000D0F00FEFA13400C0D0D00FF4F14400C7D
:104900000D0D00FFA414400C0A0E01FEEA14400C29
:104910000E0DFFFF4515C008090D00FF8015C008EA
:10492000090D00FFBB15400C0D0D00FF1016400CCB
:104930000D0400032A16C00F100B00008216801110
:10494000120F00FE0917C00F110FFFFE8917000E8E
:104950000E0D00FFE417400C0D0800011818400C64
:104960000D0800014C188011120B0000AF18000E4A
:104970000E0B0000FC18000E0E0F00FE6519000E55
:104980000F0FFFFED619400C0D0D00FF2B1A400C27
:104990000D0F00FE8D1A400C0D0D00FFE21A400CA9
:1049A0000D0C00FF301B000E0E0B00007D1BC0081D
:1049B0000A0FFFFEC81B400C0D0F00FE2A1C400C06
:1049C0000D0F00FE8C1CC00F100B0000E41C000E2D
:1049D000100FFFFE5C1D800A0B0F00FEAF1D801143
:1049E000120D00FF241E8011120A00007E1E80118D
:1049F000120A0000D81E8011120A0000321F801116
:104A0000120A00008C1F8011120A0000E61F80119C
:104A1000120C00FF5220400C0C0F00FEAC20400C8A
:104A20000D0F00FE0E21000E0F0FFFFE7F218011E3
:104A3000120B0000E221800A0B0F00FE3522100E3F
:104A40000F0A00000000721F51EF58EF5BEF5CEFA0
:104A50005DEF61EF63EF65EF69EF6CEF71EF76EF9C
:104A600077EF78EF8EEF93EF98EF9BEF9CEF9DEF52
:104A7000A1EFA2EFA3EFA4EFB7EFB8EFBEEFC0EF47
:104A8000C1EFC4EFC7EFC8EFC9EFCBEFE3EFE5EF3E
:104A900014F015F017F019F030F037F03AF043F059
:104AA0006CF074F0ABF03BF190F191F192F193F175
:104AB00094F1D7F1E3F13DF254F2AAF412F7F2F7D0
:104AC000200000005F000100000000000000000066
:104AD00000000200B0000000F3F76000444A030841
:104AE000000000003E000300000001020003040576
:104AF00002060708090A090A0B0C000D0E0F101117
:104B000012130C14140000001516171819161A1B8E
:104B10001C1D1D1E1F201D1D1621222303241E25C2
:104B200025262728292A2B002C002D2E2F30313224
:104B3000332D343435302D2D2E2E36373839333A47
:104B40003A3B3A3C290000093D0900000000000002
:104B50000000000000000000000000000000000055
:104B60000000000000000000000000000000000045
:104B70000000000000000000000000000000000035
:104B8000000000000000000001020003040502060E
:104B90000708090A090A0B0C0D0E0F10110C12134D
:104BA00014151500000016171819171919191719D7
:104BB000191A1919191917191719031B1C1D1D1E6C
:104BC0001F2021222300240025262727270027260F
:104BD000282926262A2A272A272A2B2C2D2E2E2F33
:104BE0002E30000023093109000000000000000001
:104BF00000000000000000000000000000000000B5
:104C000000000000000000000000000000000000A4
:104C10000000000000000000000000000000000094
:104C20000000000000010000000000000001000082
:104C30000200000000020000000000000000000070
:104C40000000000000000100000000000000000063
:104C50000000000000010A0006FB00000000F4F361
:104C6000020B0504F7020B01090207000000000017
:104C70000000000000000D02FE0000000000000027
:104C800000000000000400F90000000000FC040423
:104C90000000FE00FE0200FE00FEFFFC000000001F
:104CA000FE0000FDFD0000FE00FC00000000000012
:104CB000000000FEFE00FD00FA00E50000FC00041C
:104CC000070000FC02020704FC040000F3000000DF
:104CD0000000000000000000F800000000000000DC
:104CE00000000000000000FAFDF500F7FE000000E3
:104CF00000000900F9FEFF0100FC0000FEEF0000CB
:104D0000000000000000000000EEFE0900000000AE
:104D10000000000000000000F7000000000000009C
:104D20000000000700020000FC000000000000007E
:104D30000000000000000000000009020100000067
:104D40000000000000000000000000000000000063
:104D50000000000000000000000000000000000053
:104D600000000000F800000000000000000000004B
:104D7000000000000000000000000002040207FE26
:104D8000000004FEF9E102060400FD00080007002F
:104D90000700EB00FD070007FE0402000001FE0013
:104DA00000FC12001200070009030407000000F8CD
:104DB0000000000001FE0002FCFDFC0200FE0000FD
:104DC00000F70000000000000000000000F10000FB
:104DD0000000000000000000000000000001F400DE
:104DE000F200000000FE0016FDFD0202FE00FD02C2
:104DF0000000F40000000000000000000000EA00D5
:104E000002000000000000000000000000F2000DA1
:104E10000000F8000700F1EAF1FC070000F10003D0
:104E2000FB00FD0000000000000000000000000684
:104E300007E50000000000000000000000000B007B
:104E40000200000000000202FDFC00FFFFFE000067
:104E5000FE000000FC00FE00FBFC00FAF9F9FC007B
:104E6000FC00FC00000000FE0000020002FE000149
:104E700000000002FE000000FE0202FF000000FC35
:104E800000FF0000000000010003FE00FD00FC0028
:104E900000FE00070000FE0000000000FF01FEFE13
:104EA0000000FE00FE000000000000000000FFFF08
:104EB00000FEFD0000000000010000FE00FEFEFEFE
:104EC000000000000000000000FF00000000FEFDE8
:104ED00000FD00F9FEF9040000FC02040600FAFFE0
:104EE000FD00FFF502FE02F402000001F400F4FEF2
:104EF000EDFE00F50004060003000000000000FCC9
:104F0000FD00F9000000FE000000FE0000000000AF
:104F1000FFFF00FFFD00000000000000FEFE00FE9D
:104F2000FDFE0000FE000000000000000000000088
:104F3000FEFE00FD00FE00FC020000FD010202007A
:104F40000000000000FE0000000000020000FE0063
:104F5000FEFEFD000000000000000200FE00000058
:104F600000FEFD00FC0007FE01F9000006F5F4F765
:104F7000FC0200FEF1FC00FC00FC03FCF200FA0065
:104F80000001FF02FE000200F9F700F5FBFBFBF950
:104F9000FDFA00FCFA01000100FE00000002000220
:104FA0000000000000000000000000FE00FF00FF05
:104FB000FE00FCFBFBFF00F9000000000000FE000B
:104FC00000000001FF0000000200000000000000DF
:104FD000000B00000000000002000000FE000000C6
:104FE0000000000000000000FC00020000000000C3
:104FF0000000000000000000FE000000FC000000B7
:1050000000F5F9000000FDF50000FE0200FA0000C6
:105010000000000000000000FC0000FC0000000098
:1050200000000000000000000200FC00000000037F
:105030000002FCFC00FEFEFD000000000000F90084
:10504000FE00FDFE00FBFAF9FE00FC00F900000086
:1050500000120000010000FD000200F60000000048
:1050600000EBFC0707FEF70002FD00F5FFFD02F074
:10507000FE030003F8FDF8F9F70000F3000D00004F
:10508000FF000000FFFFFEFAF900EB000000000047
:10509000000000000100000000000000000000000F
:1050A0000000000000FE00FFFEFD0000FC00FE000E
:1050B0000000000000000000000000000000FF00F1
:1050C000FC000004FF0300FB02FEFFFAFE00FDFEF1
:1050D000FE00FDFC0000FEFFFEFCFD0000FE0002E5
:1050E000FE00FB000000FC00FC00FCFC02000000D5
:1050F0000000000000FC0200FD00FEFDF9FEFEFEC7
:10510000FFFEFDFF0000000000FEFEFE00000000AC
:1051100003FE00FE000000FEFDFEFEFDFE00020993
:10512000FF00FA00FE0400FEF7FD030000F5FC029C
:10513000FC0200FEFEF900FD010000FC0000000280
:1051400002FCFC00FCFEFDFEFE00FC01FCFC070076
:10515000000000000000000002000000000000004D
:10516000000000000000000000000000000000003F
:10517000FC00000000000000000000000000000033
:10518000000000000000000000000000000000001F
:10519000000000000000000000000000FE00000011
:1051A00000000000000000000000000000000000FF
:1051B00000000000000000000000FEFE00000000F3
:1051C0000000000000000000FD0000FD0000FEFEE9
:1051D00000000000FE00000000FF0000000000FED4
:1051E00000000000FD00FC000000F90002FB0400CC
:1051F000FEF50000FBFE00F7FAFA0000F6FEF7F7F6
:10520000F500FA00020FFD00FBFEFFFEFCFAFCF8C1
:10521000F7FBFE0000FE00010000F0FE0705FBF8B2
:105220000001F900F5FEFE04EBFD010000F1FDF4C4
:10523000FEF00000F0000D0100FE00000000FFFE87
:10524000F7FE00F100000000F900FE00FFFAF50093
:1052500000FFFDF9FE00FE00000000F6FEF9F9FE79
:10526000FCFAFEFC00FCFEF9FD00FDFCFEFC00016A
:1052700000FEF9000400FC00000000030002FC092D
:1052800000FEFEFD000000000000F900FE00FDFE33
:1052900000FBFAF9FE00FC02090000000012000009
:1052A000010000FD000200000000000000000000FE
:1052B00000000000FEFC0000000000FF000000FEF7
:1052C000FE0000FCFE0000FC0004FF0000000000E7
:1052D000000100000000030402FE00F9FC0007F9D1
:1052E000F9FCFC090402EDFE04FE00FE02FEF800DB
:1052F000FE02FDFEF9FE0000070400FA00F4FD06C0
:10530000FDF701FDF9F9FE090200FD00FA000207B0
:10531000FBF8F7FA070001F0FE02FCFEFB00FBF8C9
:10532000FDFDFE0000FBFBFE000705FEF400F4FDA2
:1053300000F8F3FFF9FCF9FA060000FD00FCFE009E
:10534000FEFC0004F9020000F400FEFBFCFEF9FA8A
:10535000F9FB00F9FEFBFCF9FE0000010BFC00F973
:10536000FE00FEFCFBFAFAF7FDFC0400FD00F5FD73
:105370000104F9F8FCF907FE01EBFC04FBFCF80062
:10538000F9F7FDFEFEFEFBF9FF00000706FEF10047
:10539000F3FB05F7F1FCF8F7F5F90400000000FD58
:1053A000000002FD0402FC040000F9FF00FF000100
:1053B00001FE000000000000FE00000000020700E7
:1053C00000FD00000000FEFEFD00000001020000E4
:1053D00000000200FE000900040101FD00040000BD
:1053E00000020000000000000000000000070006AE
:1053F0000000000000000000000000000000F300BA
:10540000FE04000700001603FCFC0202FE01F5008A
:10541000000BF30000000000000000000000F10994
:105420001F000000000000000000000000F300006A
:10543000000000000000000000000000000000006C
:105440000000000000000000FC0000FCFE00000066
:10545000000000000000000000000000000000004C
:10546000FE00FA0000010000021DFCFE0706FA0221
:1054700000000202FD00000000000000000000002B
:10548000E306000000000000000000000000000033
:10549000000000FA000000FA00000000FBFF00001E
:1054A00000FB00FD00F5000000000000000000000F
:1054B00000F10000000001000000000000FE0000FC
:1054C000FC00FD00FA000000FC02FD0000FAFEFBFB
:1054D0000000FA00FE00F500FE0000EEFCF7FEF80A
:1054E0000000F100FAFF0000000000000000FDFCD9
:1054F000FEFC00000000FB00FB03FE0400FEFBFEC0
:10550000FCFC00FDFFFE02FAFF000000ECFEFD00C7
:10551000FB00FEF5FE0000FEFE000000000200FEA3
:10552000FCFE04000000000000000000000000007D
:10553000000000000000000000000000000000006B
:105540000000000000000000000000000000030058
:105550000000000000FB00FE000000FC0200000054
:10556000FAFEFC0000FA00FE00F500000000EA0070
:10557000FCF8F50000F100FEFD0000000000000056
:1055800000FEFDFFFD01000004FD00070BFEFEF91B
:10559000030B0405FA0309030605060000000000DA
:1055A0000000000000000E0BFCFE00FE120A1200BC
:1055B0000000020000080000FC00000000000000E5
:1055C0000000FE00000000000000000300000000DA
:1055D000EDFDFEF7F50000F1000000000000000006
:1055E000000000000000000000FC000000000000BF
:1055F000000000FE000000000000000003000000AA
:1056000000EDFDFEF7F50000F700000000000000CF
:10561000000000000000000000000000FE0000008C
:10562000FB0200FE020402F90000FE02000200007C
:105630000000FA00FEFEFC00FEF7000EFE00FBFE7E
:1056400000FEFC00FEFAFCFD000000FC0000000073
:105650000000000000FE0000000000000000030049
:10566000000000EDFDFEF7F50000F1000000000075
:10567000000B00000000000000000000FC00F9FD2D
:10568000FE07FEFEF701FF01FEFA0005000201021F
:10569000FBF7FD00F7FCFAF7F700FCFCFDFDFEFE52
:1056A000FDFE00FEFF030003FE00070000000000F7
:1056B00000000000000000FEFEFE0000FA00FF00F7
:1056C000FC0000000000000000000000F3000000EB
:1056D0000000000000000000FEFE00FD00000000D1
:1056E000FE0000FCFE0200FCFCFE00FAFEFBFEFDDC
:1056F00000FC0000000000000000000000F10007B6
:105700000000FC00000000FD00FE0000FF0000FEA5
:1057100000FB000009FDF9F902020200FA0203028F
:10572000070207FEFA0000F70000F9FA0000FC008B
:10573000FDFC00FD00FD00FE0300FEF9FE08000078
:10574000FE00FC000003FB0002FE020000F900FE68
:10575000FF00FE02FE000000F7FDFB00F90000F56F
:105760000008FE00FC000100FE00FEF900FE020041
:10577000000000FE000002FD010000FDFE00FD0033
:105780000000000000000000000000000000000019
:10579000F200050000FE000000000000FEFE000018
:1057A000000400050000000000F2F3010A0704F7FE
:1057B00002090008000400000000000000000000D2
:1057C000000C0000000000000000000000000000CD
:1057D00000000000244C0308E84A0308864B030835
:1057E0003D310000D422030854450308C04A030891
:1057F000D457030810000228E0010020D5C3010897
:1058000015C301081000030000FF0100E45703085E
:1058100000000000000000003FFFFF23FFFFF12F0A
:10582000FFFF11FFFFF01FFFFF00FFFFF00FFFFE64
:1058300000FFFFD00FFFFD00EFFFC00DFFFC00DFFA
:10584000FFB00CFFFA00CFFFA00BFFF900AFFF8005
:105850000AFFF8009FFF7009FFF7008FFF6007FF46
:10586000F5007FFF5006FFF4001444100000000014
:105870000000000000000000200007FFF604FFFF0A
:10588000F39FFFFF79FFFFF63FFFFF104CFC30FF57
:10589000FF00004FFFBFFFF00004FFFBEFFF000021
:1058A0003FFFAEFFF00003FFFAEFFF00003FFFAD48
:1058B000FFE00002FFF9DFFE00002FFF9CFFD00099
:1058C00001FFF8CFFD00001FFF8CFFC00001FFF7B4
:1058D000BFFC00000FFF7BFFC00000FFF7BFFB0015
:1058E000000FFF612210000022200000000000FFD6
:1058F000F6000000009FFC0000000000000002FF16
:10590000F400000000BFFA0000000000000004FFE7
:10591000F100000000DFF80000000000000006FFBA
:10592000F000000000FFF60000000000000008FF8B
:10593000D000000001FFF4000000000000000AFF9A
:10594000B000000004FFF2000000000000000DFFA6
:105950009000000006FFF0000000000000000FFFB4
:105960007000000008FFE000000002FFFFFFFFFFE3
:10597000FFFFFFFFFFFFFFFFFFF702FFFFFFFFFF3C
:10598000FFFFFFFFFFFFFFFFFFF702FFFFFFFFFF2C
:10599000FFFFFFFFFFFFFFFFFFF701888888CFFFB2
:1059A000888888889FFFB8888883000000009FFD52
:1059B000000000002FFF4000000000000000BFFBBF
:1059C000000000003FFF2000000000000000CFF9B1
:1059D000000000005FFF0000000000000000EFF783
:1059E000000000007FFE0000000000000000FFF546
:1059F000000000009FFC0000000000000002FFF318
:105A000000000000BFFB0000000000000004FFF1E8
:105A100000000000DFF90000000000000006FFF0B9
:105A200000000000FFF70000000000000008FFE099
:105A300000000001FFF5000000006888888DFFE885
:105A400088888889FFFA88888700BFFFFFFFFFFFEB
:105A5000FFFFFFFFFFFFFFFFFE00BFFFFFFFFFFF96
:105A6000FFFFFFFFFFFFFFFFFE00BFFFFFFFFFFF86
:105A7000FFFFFFFFFFFFFFFFFE000000002FFF40C2
:105A80000000000AFFC0000000000000004FFF20DF
:105A90000000000CFFA0000000000000006FFF00ED
:105AA0000000000EFF80000000000000007FFE00EC
:105AB0000000000FFF60000000000000009FFC00DD
:105AC0000000002FFF4000000000000000BFFA00AF
:105AD0000000003FFF2000000000000000DFF80091
:105AE0000000005FFF0000000000000000FFF70062
:105AF0000000007FFE0000000000000001FFF50034
:105B00000000009FFC0000000000000000000000FA
:105B10006FFB000000000000000000000006FFB066
:105B200000000000000000000000006FFB0000000B
:105B3000000000000000000006FFB00000000000B0
:105B40000000000000006FFB0000000000000000EB
:105B500000000006FFB00000000000000000002769
:105B6000BDFFFFFDC850000000000005CFFFFFFF94
:105B7000FFFFFFFA300000000AFFFFFFFFFFFFFFFB
:105B8000FFFFA100000CFFFFFFFFFFFFFFFFFFFF74
:105B900030000AFFFFFE957FFC458CFFFFC000042C
:105BA000FFFFF80006FFB000017EF50000BFFFF721
:105BB00000006FFB0000000800000FFFFD00000662
:105BC000FFB0000000000002FFFF9000006FFB002C
:105BD00000000000003FFFF8000006FFB0000000DA
:105BE000000002FFFFA000006FFB000000000000AB
:105BF0000FFFFF200006FFB0000000000000BFFF05
:105C0000FE30006FFB00000000000003FFFFFFB448
:105C100006FFB000000000000008FFFFFFFECFFB02
:105C20000000000000000008FFFFFFFFFFFA510026
:105C3000000000000004DFFFFFFFFFFFFC6000002A
:105C4000000000005BFFFFFFFFFFFFF70000000008
:105C50000000015AEFFFFFFFFFFD100000000000F1
:105C60000006FFEEFFFFFFFE200000000000006FB7
:105C7000FB03AFFFFFFC00000000000006FFB000C8
:105C80001BFFFFF40000000000006FFB00000AFF94
:105C9000FF90000000000006FFB000001FFFFC00A6
:105CA00000000000006FFB000000EFFFD0000000CC
:105CB000000006FFB000000EFFFC005400000000D2
:105CC0006FFB000003FFFF900EF800000006FFB01E
:105CD0000000CFFFF506FFFE7100006FFB0001BF63
:105CE000FFFD00DFFFFFFB7437FFB36AFFFFFF40DC
:105CF00005FFFFFFFFFFFFFFFFFFFFFF700001AF8A
:105D0000FFFFFFFFFFFFFFFFFF600000003AFFFF04
:105D1000FFFFFFFFFFFA20000000000048BEFFFF6A
:105D2000FFDA610000000000000000006FFB0000CF
:105D300000000000000000000006FFB000000000AE
:105D4000000000000000006FFB00000000000000E9
:105D50000000000006FFB00000000000000000008E
:105D600000006FFB000000000000000000000003C6
:105D700088500000000000000005BEFEC7000000C3
:105D800000000000007FFF3000000002DFFFFFFF87
:105D9000E300000000000002FFF8000000001EFF0A
:105DA000FECDFFFF3000000000000CFFD00000001F
:105DB00000CFFE40003CFFE000000000008FFF30FD
:105DC00000000004FFF2000001DFF7000000000304
:105DD000FFF8000000000BFF800000005FFD0000E6
:105DE00000000DFFD0000000000FFF300000000F8A
:105DF000FF100000008FFF20000000001FFF0000C8
:105E000000000DFF40000003FFF700000000002F1E
:105E1000FE000000000BFF5000000DFFC00000005E
:105E200000002FFE000000000BFF5000008FFF203D
:105E300000000000001FFF000000000DFF400003F5
:105E4000FFF70000000000000FFF300000000FFF10
:105E500010000DFFC00000000000000BFF900000CC
:105E6000005FFD00009FFF2000000000000004FF15
:105E7000F2000001DFF70004FFF70000000000005F
:105E80000000CFFE50003CFFE0000EFFC00000000D
:105E900000000000001EFFFECEFFFF30009FFF202D
:105EA0000016ABB94000000002DFFFFFFFE4000472
:105EB000FFF60005EFFFFFFC3000000005BEFEC747
:105EC00000001EFFB0007FFFFFFFFFF30000000097
:105ED0000000000000AFFF1003FFFB3015EFFE10C5
:105EE0000000000000000004FFF6000DFFA000000D
:105EF0001DFF90000000000000001EFFB0003FFEEC
:105F000000000004FFF000000000000000AFFE10E1
:105F1000008FF900000000EFF40000000000000511
:105F2000FFF50000BFF500000000AFF80000000022
:105F300000001EFFB00000DFF3000000008FF9003A
:105F40000000000000AFFE100000EFF200000000B3
:105F50007FFA000000000005FFF5000000DFF300FD
:105F60000000007FFA00000000001EFFA0000000FB
:105F7000CFF4000000009FF80000000000BFFE10FA
:105F80000000009FF800000000DFF50000000006A0
:105F9000FFF5000000005FFD00000002FFF10000BF
:105FA00000001FFFA0000000000EFF7000000CFFAB
:105FB000A000000000BFFE100000000006FFF70078
:105FC00002BFFF2000000006FFF4000000000000F8
:105FD000AFFFFDDFFFF6000000002FFF9000000084
:105FE00000000009FFFFFFFF6000000000CFFE007F
:105FF0000000000000000039DFFD8100000000000B
:106000000006ADFFEC93000000000000000000005F
:106010007FFFFFFFFFFC200000000000000000AF3A
:10602000FFFFFFFFFFFE20000000000000008FFFC9
:10603000FFA768CFFFFC000000000000001FFFFC6E
:106040001000005FFFF400000000000007FFFF10D9
:106050000000008FFF80000000000000AFFFA000E4
:10606000000003FFFA0000000000000BFFF9000031
:1060700000003FFFA00000000000009FFFB00000F4
:106080000008FFF800000000000006FFFF100000FD
:1060900002FFFF300000000000001FFFFA000003B5
:1060A000EFFFB0000000000000009FFFF70006FFB8
:1060B000FFE10000000000000001EFFFF63CFFFFE1
:1060C000E2000000000000000003FFFFFFFFFFC12F
:1060D00000000000000000000004FFFFFFFF700050
:1060E0000000000000000000006FFFFFFD20000026
:1060F0000000000000000002CFFFFFFFF6000000DC
:1061000000000000000006FFFFFDFFFFF700000099
:10611000000000000008FFFFF604FFFFF70000008A
:106120004FB6100008FFFFC10004FFFFF700000892
:10613000FFF70005FFFFA0000003FFFFF70000CFFF
:10614000FF4000EFFFC000000003FFFFF8002FFF3B
:10615000F0005FFFF30000000003FFFFF809FFFA03
:10616000000AFFFD000000000003EFFFF9FFFF4001
:1061700000CFFFB0000000000003EFFFFFFFD000E2
:106180000DFFFC00000000000002EFFFFFF4000024
:10619000BFFFF000000000000002EFFFFE0000085B
:1061A000FFFF900000000000004EFFFFFA00002FEC
:1061B000FFFF9000000000018FFFFFFFFA00008F3B
:1061C000FFFFE730000159FFFFFFEFFFFA0000BFBC
:1061D000FFFFFFFEEFFFFFFFFE31DFFFFA00009F32
:1061E000FFFFFFFFFFFFFFFB1002EFFFC000003BC0
:1061F000FFFFFFFFFFFFB4000002EFE1000000021D
:106200007ADFFFEDA61000000002D30000000000BE
:10621000000000000000000000000000FFFF0FFF72
:10622000F0EFFF0EFFF0EFFF0DFFE0DFFE0CFFD001
:10623000CFFD0CFFC0BFFC0BFFC0BFFB0122100055
:106240000001FFFF6000009FFFD000002FFFF5005E
:106250000009FFFD000001FFFF7000007FFFF0005C
:10626000000DFFFA000002FFFF4000007FFFF0007A
:10627000000CFFFB000000FFFF7000004FFFF30069
:106280000007FFFF000000AFFFD000000DFFFA0085
:106290000000FFFF8000001FFFF6000003FFFF501B
:1062A00000004FFFF3000005FFFF2000006FFFF22A
:1062B000000006FFFF1000006FFFF1000006FFFF67
:1062C0001000006FFFF2000005FFFF2000004FFFED
:1062D000F3000003FFFF5000001FFFF6000000FF67
:1062E000FF8000000DFFFA000000AFFFD0000007A4
:1062F000FFFF0000004FFFF3000000FFFF700000F1
:106300000CFFFB0000007FFFF0000002FFFF4000D9
:10631000000CFFFA0000007FFFF0000001FFFF709B
:10632000000009FFFD0000002FFFF50000009FFFA7
:10633000D0000001FFFF603FFFF3000000AFFFC08F
:10634000000002FFFF5000000BFFFC0000004FFFA9
:10635000F4000000DFFFA0000007FFFF1000002F87
:10636000FFF6000000CFFFB0000008FFFF000000B4
:106370003FFFF4000000FFFF7000000CFFFB000077
:10638000009FFFE0000007FFFF0000004FFFF30049
:106390000002FFFF5000001FFFF6000000FFFF702B
:1063A00000000EFFF9000000EFFF9000000DFFFA63
:1063B000000000DFFFA000000DFFFA000000EFFF6B
:1063C0009000000EFFF9000000FFFF7000001FFFAB
:1063D000F6000002FFFF5000004FFFF3000007FF30
:1063E000FF0000009FFFE000000CFFFB000000FF2B
:1063F000FF7000003FFFF3000008FFFF000000CF28
:10640000FFA000001FFFF6000007FFFF000000DFF5
:10641000FFA000004FFFF400000BFFFC000002FF94
:10642000FF500000AFFFC000003FFFF3000000007E
:10643000000000DFF0000000000000000DFF000081
:10644000000000000000DFF0000000000A30000D36
:10645000FF00002A1005FFA100DFF0008FF800DF29
:10646000FFF70CFF05EFFFF102BFFFFDEFFBFFFFA2
:10647000D400004DFFFFFFFFFE6000000006EFFFAD
:10648000FFF800000000004DFFFFFE70000000025A
:10649000BFFFFFFFFFD4000019FFFFEEFFCFFFFBA0
:1064A000200DFFFF80CFF06EFFFF106FFB200DFF70
:1064B0000019FF9000B50000DFF00003B1000000FC
:1064C000000DFF0000000000000000DFF0000000F1
:1064D000000000000DFF000000000000000012207E
:1064E0000000000000000000044440000000000024
:1064F0000000000FFFF000000000000000000FFF90
:10650000F000000000000000000FFFF0000000009D
:10651000000000000FFFF000000000000000000F6E
:10652000FFF000000000000000000FFFF00000007E
:1065300000000000000FFFF000000000000000005D
:106540000FFFF000000000ADDDDDDDDFFFFDDDDD74
:10655000DDD9CFFFFFFFFFFFFFFFFFFFFBCFFFFFF7
:10656000FFFFFFFFFFFFFFFBCFFFFFFFFFFFFFFF6F
:10657000FFFFFB000000000FFFF000000000000024
:1065800000000FFFF000000000000000000FFFF00F
:1065900000000000000000000FFFF00000000000FD
:1065A0000000000FFFF000000000000000000FFFDF
:1065B000F000000000000000000FFFF000000000ED
:1065C000000000000FFFF000000000000000000FBE
:1065D000FFF00000000000575000CFFFB07FFFFF2A
:1065E0005AFFFFF99FFFFF83FFFFF504EFFF100D38
:1065F000FFB001FFF6005FFF1009FFB000DFF600FB
:106600001FFF1005FFB000000000000000004FFF5A
:10661000FFFFFFFFFA4FFFFFFFFFFFFA4FFFFFFFF4
:10662000FFFFFA4FFFFFFFFFFFFA00797001DFFF66
:10663000C08FFFFF6BFFFFF9AFFFFF73FFFFF10498
:10664000CFC3000000000000000000AFFF7000009A
:1066500000000000000FFFF2000000000000000535
:10666000FFFC0000000000000000BFFF7000000001
:10667000000000001FFFF20000000000000006FF05
:10668000FC0000000000000000BFFF6000000000F0
:106690000000001FFFF10000000000000006FFFBEB
:1066A0000000000000000000CFFF600000000000BC
:1066B00000001FFFF10000000000000007FFFB00CA
:1066C00000000000000000CFFF50000000000000AC
:1066D000002FFFF00000000000000007FFFA00009C
:1066E000000000000000DFFF50000000000000007C
:1066F0002FFFF00000000000000008FFFA0000007B
:106700000000000000DFFF40000000000000003F2C
:10671000FFE00000000000000009FFF90000000099
:1067200000000000EFFF40000000000000004FFFED
:10673000E00000000000000009FFF9000000000078
:10674000000000EFFF30000000000000004FFFE0FD
:10675000000000000000000AFFF800000000000038
:106760000000FFFF30000000000000005FFFD000CD
:106770000000000000000AFFF80000000000000018
:1067800000FFFF20000000000000005FFFD00000BD
:1067900000000000000BFFF70000000000000001F7
:1067A000FFFF20000000000000006FFFC00000009D
:1067B000000000000BFFF70000000000000001FFD8
:1067C000FF10000000000000006FFFC0000000008C
:1067D0000000000CFFF60000000000000001FFFFB9
:1067E00010000000000000007FFFB000000000006B
:1067F00000000CFFF60000000000000002FFFF0098
:10680000000000000000007FFFB00000000000005A
:10681000000DFFF50000000000000002FFFF000077
:1068200000000000000000000000038BEFFEC830F5
:106830000000000000000004DFFFFFFFFFFD40003C
:106840000000000000AFFFFFFFFFFFFFFA000000A5
:1068500000000CFFFFFFFFFFFFFFFFC10000000073
:10686000CFFFFFFB7557BFFFFFFC00000008FFFFD5
:10687000FB10000001BFFFFF8000002FFFFF800022
:1068800000000008FFFFF30000BFFFF90000000058
:1068900000009FFFFB0002FFFFE10000000000007E
:1068A0000EFFFF2008FFFF7000000000000006FF41
:1068B000FF800DFFFF1000000000000001FFFFD06F
:1068C0001FFFFB0000000000000000BFFFF15FFFA2
:1068D000F800000000000000008FFFF57FFFF500CA
:1068E000000000000000005FFFF79FFFF3000000C2
:1068F00000000000003FFFF9AFFFF20000000000C1
:106900000000002FFFFAAFFFF200000000000000BF
:10691000001FFFFBAFFFF200000000000000001F9F
:10692000FFFBAFFFF200000000000000002FFFFAA5
:106930009FFFF300000000000000003FFFF97FFF11
:10694000F500000000000000005FFFF75FFFF800A7
:10695000000000000000008FFFF51FFFFC0000009A
:106960000000000000BFFFF10DFFFF10000000005D
:10697000000001FFFFD008FFFF70000000000000D2
:1069800006FFFF9002FFFFE10000000000000EFF85
:10699000FF2000BFFFFA0000000000009FFFFB0087
:1069A000003FFFFF800000000008FFFFF300000829
:1069B000FFFFFB10000001BFFFFF80000000CFFFC2
:1069C000FFFB7667BFFFFFFC000000000CFFFFFF2E
:1069D000FFFFFFFFFFC10000000000AFFFFFFFFF50
:1069E000FFFFFA00000000000004DFFFFFFFFFFDD3
:1069F0004000000000000000038CEFFEC8300000E3
:106A000000009FFFFFFFFFFFB9FFFFFFFFFFFB9F9E
:106A1000FFFFFFFFFFB9FFFFFFFFFFFB233333340F
:106A2000FFFFB00000000FFFFB00000000FFFFB001
:106A30000000000FFFFB00000000FFFFB00000009F
:106A40000FFFFB00000000FFFFB00000000FFFFB86
:106A500000000000FFFFB00000000FFFFB0000007F
:106A600000FFFFB00000000FFFFB00000000FFFF71
:106A7000B00000000FFFFB00000000FFFFB00000AF
:106A8000000FFFFB00000000FFFFB00000000FFF41
:106A9000FB00000000FFFFB00000000FFFFB000044
:106AA0000000FFFFB00000000FFFFB00000000FF30
:106AB000FFB00000000FFFFB00000000FFFFB00070
:106AC00000000FFFFB00000000FFFFB00000000F00
:106AD000FFFB00000000FFFFB00000000FFFFB0005
:106AE0000000037BDEFFED9610000000000007EFC2
:106AF000FFFFFFFFFFFA1000000006EFFFFFFFFFA0
:106B0000FFFFFFE5000000AFFFFFFFFFFFFFFFFFFC
:106B1000FF50000BFFFFFFFA76557AFFFFFFF200F0
:106B20001CFFFFD40000000019FFFFFA0000BFF7B0
:106B30000000000000007FFFFF000009600000006F
:106B40000000000DFFFF40000000000000000000FA
:106B500007FFFF6000000000000000000005FFFFCD
:106B60007000000000000000000006FFFF60000051
:106B70000000000000000008FFFF400000000000CF
:106B8000000000000DFFFF000000000000000000FA
:106B9000004FFFFB00000000000000000000DFFFCE
:106BA000F40000000000000000000AFFFFB0000039
:106BB000000000000000008FFFFE10000000000039
:106BC00000000008FFFFF3000000000000000000CC
:106BD0009FFFFF50000000000000000009FFFFF5CC
:106BE000000000000000000000AFFFFF50000000A8
:106BF00000000000000AFFFFF40000000000000099
:106C00000000BFFFFF4000000000000000000BFF7D
:106C1000FFF3000000000000000000CFFFFF300085
:106C2000000000000000000CFFFFE3000000000077
:106C300000000001CFFFFE20000000000000000067
:106C40001DFFFFE2000000000000000001DFFFFD6B
:106C50002000000000000000001DFFFFF53333336B
:106C6000333333333301EFFFFFFFFFFFFFFFFFFF3E
:106C7000FFFE03FFFFFFFFFFFFFFFFFFFFFFFE031E
:106C8000FFFFFFFFFFFFFFFFFFFFFFFE03FFFFFF11
:106C9000FFFFFFFFFFFFFFFFFE03FFFFFFFFFFFF01
:106CA000FFFFFFFFFF0003FFFFFFFFFFFFFFFFFFEF
:106CB000FFFF0003FFFFFFFFFFFFFFFFFFFFFF00DE
:106CC00003FFFFFFFFFFFFFFFFFFFFFC0000333369
:106CD000333333333338FFFFE1000000000000009E
:106CE00000002EFFFF30000000000000000000DF69
:106CF000FFF50000000000000000000BFFFF800017
:106D000000000000000000008FFFFB0000000000FA
:106D10000000000005FFFFD100000000000000009F
:106D2000003FFFFF20000000000000000001EFFF17
:106D3000F40000000000000000000CFFFF700000E5
:106D400000000000000000AFFFFA0000000000009B
:106D500000000005FFFFFDA720000000000000006C
:106D600008FFFFFFFFFD5000000000000008FFFFCC
:106D7000FFFFFFFC10000000000007EEEFFFFFFF29
:106D8000FFE10000000000000000138EFFFFFC0088
:106D90000000000000000000008FFFFF5000000016
:106DA00000000000000008FFFFC00000000000001D
:106DB00000000000EFFFF0000000000000000000F5
:106DC00000AFFFF3000000000000000000008FFF94
:106DD000F4000000000000000000009FFFF300002E
:106DE0000000000000000000CFFFF200A200000041
:106DF0000000000003FFFFE006FF6000000000004D
:106E0000001DFFFF900EFFFE720000000005EFFF67
:106E1000FF108FFFFFFFD976567AEFFFFFF7002DA7
:106E2000FFFFFFFFFFFFFFFFFFFF9000007FFFFF5F
:106E3000FFFFFFFFFFFFF7000000017DFFFFFFFFE7
:106E4000FFFFFA200000000000269CEFFFEC9610E8
:106E5000000000000000000000000005FFFFC0006F
:106E60000000000000000000000002FFFFE2000040
:106E700000000000000000000000DFFFF400000040
:106E8000000000000000000000AFFFF8000000005C
:106E900000000000000000006FFFFC000000000088
:106EA000000000000000003FFFFE10000000000096
:106EB0000000000000000DFFFF4000000000000087
:106EC00000000000000AFFFF80000000000000003A
:106ED0000000000007FFFFC00000000000000000ED
:106EE00000000003FFFFE1000000000000000000C0
:106EF000000001EFFFF400000000000000000000AF
:106F00000000BFFFF80000000000000000000000CB
:106F1000007FFFFC000000000000000000000000F7
:106F20004FFFFE1000000000000000000000001EE7
:106F3000FFFF40000003BBBB1000000000000CFF7F
:106F4000FF800000005FFFF2000000000008FFFF6C
:106F5000B000000005FFFF200000000004FFFFE17B
:106F6000000000005FFFF20000000001EFFFF400EE
:106F700000000005FFFF2000000000CFFFF7000029
:106F80000000005FFFF2000000009FFFFB00000018
:106F9000000005FFFF200000005FFFFF42222222C9
:106FA00022227FFFF42222211FFFFFFFFFFFFFFFAE
:106FB000FFFFFFFFFFFFFF82FFFFFFFFFFFFFFFF5E
:106FC000FFFFFFFFFFFFF82FFFFFFFFFFFFFFFFFA8
:106FD000FFFFFFFFFFFF82FFFFFFFFFFFFFFFFFF3E
:106FE000FFFFFFFFFFF800000000000000000008A6
:106FF000FFFF200000000000000000000000008FE4
:10700000FFF200000000000000000000000008FF88
:10701000FF200000000000000000000000008FFFC3
:10702000F200000000000000000000000008FFFF68
:10703000200000000000000000000000008FFFF2B0
:1070400000000000000000000000000008FFFF201A
:107050000000000000000000000000008FFFF200B0
:10706000000000000FFFFFFFFFFFFFFFFFFF00001A
:10707000001FFFFFFFFFFFFFFFFFFF0000003FFFBC
:10708000FFFFFFFFFFFFFFFF0000005FFFFFFFFFAD
:10709000FFFFFFFFFF0000006FFFF4333333333394
:1070A00033330000008FFFF00000000000000000FC
:1070B0000000AFFFD000000000000000000000BF93
:1070C000FFB000000000000000000000DFFFA00093
:1070D000000000000000000000FFFF800000000032
:1070E000000000000000FFFF600000000000000042
:1070F000000002FFFF40000000000000000000034D
:10710000FFFF3000000000000000000005FFFFFF4F
:10711000FFFEDC96200000000007FFFFFFFFFFFFDF
:10712000FFFD6000000008FFFFFFFFFFFFFFFFFD06
:107130003000000AFFFFFFFFFFFFFFFFFFF300002B
:1071400002333333334579DFFFFFFF2000000000B7
:107150000000000003BFFFFFB000000000000000BF
:10716000000007FFFFF20000000000000000000028
:10717000BFFFF7000000000000000000004FFFFB11
:10718000000000000000000000000FFFFC000000F5
:10719000000000000000000FFFFD000000000000E4
:1071A000000000000FFFFC000000000000000000D5
:1071B000004FFFFA004A0000000000000000BFFF7F
:1071C000F600DFD400000000000007FFFFF106FF1B
:1071D000FFC50000000002AFFFFF900EFFFFFFFCA5
:1071E000876568CFFFFFFE1006FFFFFFFFFFFFFF71
:1071F000FFFFFFE300002BFFFFFFFFFFFFFFFFFD8F
:107200002000000039FFFFFFFFFFFFFE60000000CD
:107210000000047BDEFFFDB840000000000000001D
:107220000016ACEFFEDB8400000000000004CFFF7E
:10723000FFFFFFFFFE81000000002BFFFFFFFFFFAD
:10724000FFFFFF400000004FFFFFFFFFFFFFFFFFBA
:10725000C00000004FFFFFFFB7533357BFF40000DB
:10726000002FFFFFF81000000000170000000DFFC6
:10727000FFD200000000000000000007FFFFD10067
:10728000000000000000000000EFFFF3000000001D
:107290000000000000006FFFF80000000000000088
:1072A0000000000BFFFF10000000000000000000C5
:1072B00000FFFFC0000000000000000000003FFFD2
:1072C000F80000000000000000000006FFFF500072
:1072D00005ADEFFEB8300000008FFFF3008FFFFF19
:1072E000FFFFFFD4000009FFFF22DFFFFFFFFFFFCA
:1072F000FFFA0000AFFFF4EFFFFFFFFFFFFFFFFB10
:10730000000BFFFFEFFFF94100038EFFFFF800AF16
:10731000FFFFFFC2000000001AFFFFF209FFFFFF9E
:10732000C000000000000AFFFF908FFFFFF1000087
:10733000000000001FFFFF06FFFFFA000000000032
:107340000000AFFFF23FFFFF6000000000000006FA
:10735000FFFF40FFFFF4000000000000005FFFF4AB
:107360000BFFFF6000000000000007FFFF305FFF21
:10737000F900000000000000AFFFF100EFFFF10096
:1073800000000000001FFFFD0007FFFFC00000001D
:1073900000000AFFFF70000DFFFFC2000000001A8E
:1073A000FFFFE000002FFFFFFA4100038EFFFFF414
:1073B0000000004FFFFFFFFFFFFFFFFFF70000008F
:1073C000003DFFFFFFFFFFFFFFF50000000000078B
:1073D000EFFFFFFFFFFFA10000000000000049CE0B
:1073E000FFFDA6100000009FFFFFFFFFFFFFFFFF54
:1073F000FFFFFFFC9FFFFFFFFFFFFFFFFFFFFFFF00
:10740000FC9FFFFFFFFFFFFFFFFFFFFFFFFC9FFF52
:10741000FFFFFFFFFFFFFFFFFFFFFA9FFFF4333384
:107420003333333333DFFFF49FFFF00000000000FD
:107430000002FFFFC09FFFF000000000000009FFF6
:10744000FF509FFFF00000000000001FFFFE009FA4
:10745000FFF00000000000008FFFF7009FFFF0002A
:107460000000000000EFFFF1002555500000000073
:107470000006FFFF900000000000000000000DFF6C
:10748000FF200000000000000000004FFFFB000094
:107490000000000000000000BFFFF400000000003A
:1074A0000000000002FFFFD000000000000000000C
:1074B000000AFFFF600000000000000000001FFF46
:1074C000FE000000000000000000008FFFF8000038
:1074D0000000000000000000EFFFF10000000000CD
:1074E0000000000006FFFF90000000000000000008
:1074F000000DFFFF200000000000000000004FFF13
:10750000FB00000000000000000000CFFFF40000BE
:107510000000000000000003FFFFD000000000009A
:10752000000000000AFFFF600000000000000000F3
:10753000001FFFFE000000000000000000008FFFA1
:10754000F800000000000000000000FFFFF1000054
:107550000000000000000006FFFFA0000000000087
:10756000000000000DFFFF300000000000000000E0
:10757000005FFFFC00000000000000000000CFFFE3
:10758000F400000000000000000003FFFFD0000036
:10759000000000000000000AFFFF60000000000083
:1075A000000000000169CEFFFEC95000000000008D
:1075B000002AFFFFFFFFFFFFFA20000000008FFFFF
:1075C000FFFFFFFFFFFFFF600000009FFFFFFFFFC7
:1075D000EFFFFFFFFF8000006FFFFFF84100014950
:1075E000FFFFFF50000FFFFFB10000000002CFFFC0
:1075F000FE0005FFFFD0000000000000DFFFF400E8
:107600009FFFF500000000000006FFFF700AFFFF6B
:10761000100000000000002FFFF900AFFFF1000094
:107620000000000002FFFF8007FFFF500000000085
:1076300000006FFFF6003FFFFD0000000000000D9E
:10764000FFFF1000BFFFFC10000000002CFFFF90A8
:107650000001EFFFFF95200025AFFFFFC0000001F4
:10766000CFFFFFFFFFFFFFFFFFB1000000008FFF14
:10767000FFFFFFFFFFFF60000000009FFFFFFFFF15
:10768000FFFFFFFF70000002DFFFFFFFDBBCDFFF3B
:10769000FFFFC10001EFFFFF9300000004AFFFFFF9
:1076A000D100BFFFFD2000000000003EFFFF903F23
:1076B000FFFE100000000000002FFFFF29FFFF6009
:1076C000000000000000008FFFF7CFFFF100000076
:1076D0000000000002FFFFADFFFF000000000000FF
:1076E00000000FFFFCDFFFF00000000000000001C1
:1076F000FFFFCCFFFF20000000000000004FFFFA5A
:107700008FFFF9000000000000000AFFFF73FFFF79
:10771000F400000000000006FFFFF10BFFFFF60081
:107720000000000008FFFFFA002EFFFFFD730000BD
:10773000148EFFFFFE10003FFFFFFFFFFFFFFFFF64
:10774000FFFE2000002CFFFFFFFFFFFFFFFFFB10ED
:1077500000000005DFFFFFFFFFFFFFC40000000087
:10776000000027ACEFFFECA62000000000000003A3
:107770008CEFFFDB72000000000000005DFFFFFFE8
:10778000FFFFFC400000000001BFFFFFFFFFFFFF05
:10779000FFA000000001DFFFFFFFFFFFFFFFFFC0B2
:1077A000000000CFFFFFB5100015BFFFFFB00000C5
:1077B0007FFFFE40000000003DFFFF70000EFFFF56
:1077C0003000000000001DFFFF2004FFFF800000CC
:1077D000000000004FFFF9008FFFF30000000000E1
:1077E0000000DFFFE009FFFF000000000000000ACA
:1077F000FFFF50AFFFF000000000000000AFFFF9F6
:1078000009FFFF300000000000000DFFFFC06FFF08
:10781000F800000000000004FFFFFF01FFFFF3007D
:107820000000000001EFFFFFF10AFFFFE40000008D
:107830000003DFFFFFFF202FFFFFFB5200015BFF74
:10784000FFEFFFF3004FFFFFFFFFFFFFFFFFB8FF5A
:10785000FF40004EFFFFFFFFFFFFFFA08FFFF40080
:107860000019FFFFFFFFFFFD5009FFFF300000017F
:107870006ADFFFEC840000AFFFF2000000000000B0
:10788000000000000DFFFF000000000000000000ED
:107890000000FFFFD0000000000000000000004FCB
:1078A000FFF9000000000000000000000AFFFF5088
:1078B00000000000000000000002FFFFE0000000E8
:1078C00000000000000000BFFFF800000000000002
:1078D000000000008FFFFF1000000000000000000B
:1078E000008FFFFF70000004700000000004CFFF55
:1078F000FFB0000000BFFA7433459DFFFFFFD100C9
:1079000000003FFFFFFFFFFFFFFFFFC10000000A75
:10791000FFFFFFFFFFFFFFFF70000000003BFFFFC6
:10792000FFFFFFFFF91000000000000169CEFFFE1D
:10793000B940000000000004CFC303FFFFF2AFFF17
:10794000FF7BFFFFF98FFFFF61EFFFC00079600051
:107950000000000000000000000000000000000027
:107960000000000000000000000000000000000017
:10797000000000000000000000000797001DFFFC51
:1079800008FFFFF6BFFFFF9AFFFFF73FFFFF104C16
:10799000FC3004CFC303FFFFF2AFFFFF7BFFFFF913
:1079A0008FFFFF61EFFFC000796000000000000062
:1079B00000000000000000000000000000000000C7
:1079C00000000000000000000000000000000000B7
:1079D00000000000000575000CFFFB07FFFFF5AF7E
:1079E000FFFF99FFFFF83FFFFF504EFFF100DFFB65
:1079F000001FFF6005FFF1009FFB000DFF6001FF0E
:107A0000F1005FFB0000000000000000000000002B
:107A1000360000000000000000006CFB00000000C9
:107A2000000000039FFFFB00000000000006CFFFE6
:107A3000FFFB000000000039FFFFFFFFD500000042
:107A4000006CFFFFFFFF93000000039FFFFFFFFCA0
:107A50006000000006CFFFFFFFE82000000039FFB4
:107A6000FFFFFFB50000000000CFFFFFFE82000017
:107A700000000000CFFFFA4000000000000000CF2F
:107A8000FFFA4000000000000000CFFFFFFE820070
:107A9000000000000029FFFFFFFFB500000000000C
:107AA0000006CFFFFFFFE8200000000000039FFF5B
:107AB000FFFFFC600000000000006CFFFFFFFF9371
:107AC00000000000000039FFFFFFFFD500000000AC
:107AD000000006CFFFFFFB00000000000000039F36
:107AE000FFFB0000000000000000006CFB00000035
:107AF0000000000000000036CFFFFFFFFFFFFFFF88
:107B0000FFFFFBCFFFFFFFFFFFFFFFFFFFFBCFFFED
:107B1000FFFFFFFFFFFFFFFFFBADDDDDDDDDDDDD97
:107B2000DDDDDDD9000000000000000000000000E5
:107B30000000000000000000000000000000000045
:107B40000000000000000000000000000000000035
:107B50000000000000000000000000000000000025
:107B60000000000000000000000000000000000015
:107B700000ADDDDDDDDDDDDDDDDDDDD9CFFFFFFFEE
:107B8000FFFFFFFFFFFFFBCFFFFFFFFFFFFFFFFF39
:107B9000FFFBCFFFFFFFFFFFFFFFFFFFFB620000C8
:107BA0000000000000000000CFC500000000000041
:107BB000000000CFFFE92000000000000000CFFF20
:107BC000FFFC600000000000006DFFFFFFFE920060
:107BD00000000000003AFFFFFFFFC60000000000A9
:107BE0000006CFFFFFFFF9200000000000029EFF0B
:107BF000FFFFFC600000000000005BFFFFFFFF9242
:107C000000000000000028EFFFFFFB000000000064
:107C1000000004BFFFFB0000000000000004BFFFE5
:107C2000FB00000000000028EFFFFFFB0000000049
:107C3000005BFFFFFFFE92000000029EFFFFFFFCC3
:107C40005000000006CFFFFFFFE92000000039FFD1
:107C5000FFFFFFC5000000006DFFFFFFFE92000068
:107C6000000000CFFFFFFC50000000000000CFFF2D
:107C7000E92000000000000000CFC6000000000066
:107C80000000000062000000000000000000000092
:107C90000000048BDFFFEDA61000000000018EFF46
:107CA000FFFFFFFFFFB200000006FFFFFFFFFFFF27
:107CB000FFFFF600000AFFFFFFFFFFFFFFFFFFF7D8
:107CC000000BFFFFFFC7432248EFFFFFF304FFFF56
:107CD000FB20000000008FFFFFA002DFF500000086
:107CE0000000008FFFFF0000850000000000000082
:107CF000EFFFF20000000000000000000BFFFF306B
:107D0000000000000000000000AFFFF200000000D3
:107D100000000000000CFFFF000000000000000059
:107D20000003FFFFB0000000000000000000CFFFD4
:107D3000F4000000000000000000BFFFFA00000097
:107D4000000000000001CFFFFD1000000000000057
:107D50000001DFFFFD100000000000000001DFFF58
:107D6000FC100000000000000001DFFFFB0000002D
:107D7000000000000000BFFFFB000000000000004A
:107D800000004FFFFD1000000000000000000AFF8F
:107D9000FF50000000000000000000EFFFF00000B6
:107DA000000000000000000FFFFD000000000000C8
:107DB0000000000011111000000000000000000091
:107DC00000000000000000000000000000000000B3
:107DD00000000000000000000000000000000000A3
:107DE0000000000000000020000000000000000073
:107DF000000008FFF500000000000000000005FF83
:107E0000FFF2000000000000000000AFFFFF600074
:107E10000000000000000009FFFFF5000000000066
:107E2000000000004FFFFE100000000000000000F6
:107E3000005DFC20000000000000000000000000C9
:107E4000379CDEFFEDC96300000000000000000069
:107E5000000000000004AEFFFFFFFFFFFFFFE9305E
:107E6000000000000000000000000006DFFFFFFF30
:107E7000FFFFFFFFFFFFFC500000000000000000BC
:107E80000003DFFFFFFDA75433457ADFFFFFFB2030
:107E900000000000000000008FFFFFD6100000006F
:107EA0000000016DFFFFF6000000000000000BFF66
:107EB000FFC40000000000000000004CFFFF900025
:107EC0000000000000CFFFF60000000000000000EE
:107ED0000000006FFFFA00000000000BFFFD200013
:107EE0000000000000000000000002DFFF90000022
:107EF00000009FFFD10000000037ABBA7300003BC9
:107F0000BBA00CFFF600000004FFFE100000006E96
:107F1000FFFFFFFFD5005FFFD001DFFF2000000E55
:107F2000FFF30000002DFFFFFFFFFFFFB15FFFD059
:107F3000003FFFB000006FFF80000003EFFFFFFF76
:107F4000FFFFFFFC5FFFD00007FFF30000EFFE0024
:107F500000001EFFFFF9410138EFFFEFFFD00000E6
:107F6000EFFA0004FFF7000000CFFFFB1000000055
:107F70000BFFFFFFD000006FFF100AFFF0000005AD
:107F8000FFFFB000000000009FFFFFD000001FFFB8
:107F9000600FFFB000000CFFFE1000000000000D9D
:107FA000FFFFD000000BFFA02FFF6000002FFFF6A7
:107FB00000000000000003FFFFD0000007FFD05FBB
:107FC000FF3000007FFFF000000000000000CFFF46
:107FD000D0000004FFF08FFF000000AFFFB00000F2
:107FE00000000000008FFFD0000001FFF29FFE00A4
:107FF0000000CFFF80000000000000005FFFD00005
:108000000000FFF3AFFD000000DFFF700000000084
:108010000000004FFFD0000000FFF4BFFD00000093
:10802000DFFF70000000000000003FFFD0000000F4
:10803000FFF4AFFD000000CFFF8000000000000053
:10804000004FFFD0000000FFF39FFE000000AFFFD5
:10805000A0000000000000007FFFD0000001FFF33F
:108060008FFF0000007FFFE000000000000000BF65
:10807000FFD0000002FFF15FFF3000003FFFF4007F
:10808000000000000001FFFFD0000005FFE02FFF0F
:108090006000000DFFFC0000000000000AFFFFD0A0
:1080A000000009FFB00EFFB0000007FFFF700000E6
:1080B0000000005FFFFFE000000FFF6009FFF1001C
:1080C0000000DFFFF70000000006FFFFFFF20000E6
:1080D0008FFF1004FFF70000003FFFFFC400000304
:1080E000BFFFDEFFFB0006FFF90000DFFE0000001F
:1080F00006FFFFFFFCBCEFFFFF2AFFFFEBDFFFE106
:1081000000006FFF800000005FFFFFFFFFFFFFE345
:1081100002FFFFFFFFFF4000000DFFF30000000221
:10812000AFFFFFFFFFFA10005FFFFFFFE40000005A
:1081300003FFFE20000000028BEFFEB720000002CC
:108140009EFEC710000000009FFFD100000000004D
:108150000000000000000000000000000000000B14
:10816000FFFE2000000000000000000000000000F2
:1081700000000000000000CFFFF60000000000003B
:1081800000000000000000000000000000000BFFE5
:10819000FFC400000000000000000000000000001C
:1081A0000000000000009FFFFFD62000000000003C
:1081B000039F400000000000000000000004DFFFFB
:1081C000FFFDA75544569BFFFFA0000000000000E4
:1081D000000000000006DFFFFFFFFFFFFFFFFFFFC3
:1081E000E000000000000000000000000005AFFFFC
:1081F000FFFFFFFFFFFFC6000000000000000000BF
:1082000000000000000047ACEEFFEDB85100000098
:1082100000000000000000000000000001FFFFF26D
:108220000000000000000000000000000000008FBF
:10823000FFFF9000000000000000000000000000B0
:10824000000EFFFFFF100000000000000000000013
:1082500000000006FFFFFFF7000000000000000024
:10826000000000000000DFFFFFFFE0000000000052
:1082700000000000000000004FFFF9FFFF60000059
:10828000000000000000000000000BFFFE0DFFFDDD
:1082900000000000000000000000000003FFFF706D
:1082A0007FFFF4000000000000000000000000AFAD
:1082B000FFF100FFFFB00000000000000000000020
:1082C000001FFFF90009FFFF200000000000000070
:1082D00000000008FFFF20002FFFFA000000000050
:1082E000000000000000EFFFC00000BFFFF1000031
:1082F00000000000000000006FFFF5000004FFFF19
:10830000800000000000000000000DFFFE000000E3
:108310000DFFFE00000000000000000005FFFF70E0
:108320000000007FFFF6000000000000000000CF0A
:10833000FFF100000000FFFFD0000000000000007F
:10834000003FFFF90000000009FFFF50000000009F
:108350000000000AFFFF30000000002FFFFC0000BB
:10836000000000000002FFFFC00000000000BFFF8F
:10837000F3000000000000008FFFF5000000000087
:1083800004FFFFA00000000000000FFFFE0000003F
:108390000000000DFFFF20000000000007FFFF703D
:1083A0000000000000007FFFF9000000000000EF67
:1083B000FFFFFFFFFFFFFFFFFFFFFFF100000000D7
:1083C000005FFFFFFFFFFFFFFFFFFFFFFFFF7000EA
:1083D0000000000CFFFFFFFFFFFFFFFFFFFFFFFF9D
:1083E000FE0000000003FFFFFEEEEEEEEEEEEEEE0E
:1083F000EEFFFFF500000000BFFFF50000000000E9
:1084000000000004FFFFD00000002FFFFD0000006F
:108410000000000000000DFFFF40000009FFFF60AA
:108420000000000000000000005FFFFB000001FFF3
:10843000FFE000000000000000000000EFFFF2007D
:10844000007FFFF70000000000000000000007FFB1
:10845000FF90000EFFFF1000000000000000000071
:10846000000FFFFF1006FFFF90000000000000005B
:10847000000000008FFFF800DFFFF20000000000A6
:1084800000000000000001FFFFE0FFFFFFFFFFFF13
:10849000FFFFEDB8400000000FFFFFFFFFFFFFFFF1
:1084A000FFFFFFE8000000FFFFFFFFFFFFFFFFFFF0
:1084B000FFFFFE30000FFFFFFFFFFFFFFFFFFFFF8B
:1084C000FFFF3000FFFFD00000000000037DFFFF32
:1084D000FE000FFFFD0000000000000008FFFFF796
:1084E00000FFFFD00000000000000008FFFFD00FD9
:1084F000FFFD00000000000000000FFFFF00FFFF75
:10850000D00000000000000000BFFFF10FFFFD00E1
:10851000000000000000000AFFFF10FFFFD0000075
:10852000000000000000BFFFF00FFFFD0000000092
:10853000000000000FFFFC00FFFFD0000000000063
:10854000000009FFFF700FFFFD00000000000000A9
:1085500008FFFFE000FFFFD00000000000148EFFC6
:10856000FFF3000FFFFFFFFFFFFFFFFFFFFFFFE431
:108570000000FFFFFFFFFFFFFFFFFFFFFFE3000023
:108580000FFFFFFFFFFFFFFFFFFFFFFFFB2000FFCD
:10859000FFFFFFFFFFFFFFFFFFFFFFFF400FFFFD9C
:1085A0000000000000000259FFFFFF30FFFFD00075
:1085B00000000000000001BFFFFD0FFFFD000000F4
:1085C000000000000000CFFFF5FFFFD0000000001A
:1085D0000000000004FFFFAFFFFD000000000000EE
:1085E0000000000FFFFDFFFFD000000000000000B2
:1085F0000000EFFFEFFFFD000000000000000000A2
:108600000FFFFEFFFFD0000000000000000004FF8D
:10861000FFCFFFFD000000000000000000CFFFF8CA
:10862000FFFFD00000000000000001AFFFFF3FFF90
:10863000FD0000000000000249FFFFFFA0FFFFFF58
:10864000FFFFFFFFFFFFFFFFFFFFD10FFFFFFFFF58
:10865000FFFFFFFFFFFFFFFFB000FFFFFFFFFFFF78
:10866000FFFFFFFFFFFC40000FFFFFFFFFFFFFFFCB
:10867000FFEEC96100000000000000000037ADEF10
:10868000FEDB84000000000000000017EFFFFFFF8A
:10869000FFFFFE910000000000007FFFFFFFFFFFD3
:1086A000FFFFFFF80000000002DFFFFFFFFFFFFFFA
:1086B000FFFFFFFD20000004FFFFFFFFC965568B91
:1086C000FFFFFFFE300004FFFFFFE8100000000086
:1086D0005DFFFFF80002FFFFFF91000000000000B7
:1086E00006FFF80000DFFFFF600000000000000050
:1086F00003E800008FFFFF500000000000000000B2
:108700000000001FFFFF80000000000000000000CC
:10871000000007FFFFD00000000000000000000084
:108720000000DFFFF5000000000000000000000076
:10873000002FFFFE0000000000000000000000000D
:1087400005FFFF9000000000000000000000000096
:108750008FFFF5000000000000000000000000098D
:10876000FFFF30000000000000000000000000AF2C
:10877000FFF20000000000000000000000000AFFFF
:10878000FF200000000000000000000000009FFF2C
:10879000F300000000000000000000000008FFFFE0
:1087A000500000000000000000000000005FFFF922
:1087B00000000000000000000000000002FFFFE0D9
:1087C0000000000000000000000000000DFFFF504E
:1087D0000000000000000000000000007FFFFD001E
:1087E000000000000000000000000001FFFFF80092
:1087F000000000000000000000000008FFFFF5007E
:1088000000000000000000001000000DFFFFF60057
:10881000000000000000003E9000003FFFFFF91044
:108820000000000000006FFF9000004FFFFFFE817E
:108830000000000005DFFFFF9000004FFFFFFFFD7D
:10884000975568BFFFFFFFE20000002DFFFFFFFF0D
:10885000FFFFFFFFFFFFC10000000008FFFFFFFF59
:10886000FFFFFFFFFF800000000000018EFFFFFF01
:10887000FFFFFFE81000000000000000037ADEFFA9
:10888000FDB840000000FFFFFFFFFFFFFFFEDB968B
:108890001000000000000FFFFFFFFFFFFFFFFFFFC2
:1088A000FFC50000000000FFFFFFFFFFFFFFFFFF0D
:1088B000FFFFFE500000000FFFFFFFFFFFFFFFFF65
:1088C000FFFFFFFFB1000000FFFFE3333333334509
:1088D00079DFFFFFFFD200000FFFFD000000000066
:1088E000000029FFFFFFE20000FFFFD000000000B2
:1088F00000000002BFFFFFD0000FFFFD00000000DE
:1089000000000000008FFFFF9000FFFFD00000007C
:108910000000000000007FFFFF300FFFFD0000009F
:1089200000000000000000BFFFFB00FFFFD00000C0
:108930000000000000000001FFFFF20FFFFD00003B
:10894000000000000000000009FFFF80FFFFD000D2
:108950000000000000000000002FFFFC0FFFFD00E2
:1089600000000000000000000000EFFFF0FFFFD05B
:10897000000000000000000000000AFFFF2FFFFDC4
:1089800000000000000000000000008FFFF4FFFF67
:10899000D00000000000000000000007FFFF5FFFA4
:1089A000FD00000000000000000000007FFFF5FF58
:1089B000FFD00000000000000000000008FFFF4F93
:1089C000FFFD0000000000000000000000AFFFF20B
:1089D000FFFFD0000000000000000000000EFFFFBD
:1089E0000FFFFD0000000000000000000002FFFF7C
:1089F000C0FFFFD0000000000000000000009FFF4B
:108A0000F80FFFFD000000000000000000001FFF45
:108A1000FF20FFFFD00000000000000000000BFF5F
:108A2000FFB00FFFFD00000000000000000007FF86
:108A3000FFF300FFFFD0000000000000000007FF70
:108A4000FFF9000FFFFD00000000000000001BFF09
:108A5000FFFD0000FFFFD0000000000000029FFFAC
:108A6000FFFE20000FFFFE3333333334469DFFFFFC
:108A7000FFFD200000FFFFFFFFFFFFFFFFFFFFFFE5
:108A8000FFFB1000000FFFFFFFFFFFFFFFFFFFFFD7
:108A9000FFE500000000FFFFFFFFFFFFFFFFFFFFFC
:108AA000FC50000000000FFFFFFFFFFFFFFFEEC9BB
:108AB00061000000000000FFFFFFFFFFFFFFFFFF5E
:108AC000FFFFFC0FFFFFFFFFFFFFFFFFFFFFFFC0E8
:108AD000FFFFFFFFFFFFFFFFFFFFFFFC0FFFFFFF99
:108AE000FFFFFFFFFFFFFFFFC0FFFFE33333333321
:108AF00033333333320FFFFD00000000000000006D
:108B00000000FFFFD00000000000000000000FFF89
:108B1000FD00000000000000000000FFFFD000008A
:108B2000000000000000000FFFFD0000000000003A
:108B300000000000FFFFD000000000000000000067
:108B40000FFFFD00000000000000000000FFFFD04C
:108B50000000000000000000000FFFFD000000000A
:108B6000000000000000FFFFD22222222222222247
:108B700021000FFFFFFFFFFFFFFFFFFFFFB000FF20
:108B8000FFFFFFFFFFFFFFFFFFFB000FFFFFFFFFE8
:108B9000FFFFFFFFFFFFB000FFFFFFFFFFFFFFFF33
:108BA000FFFFFB000FFFFD000000000000000000C1
:108BB00000FFFFD00000000000000000000FFFFDDC
:108BC00000000000000000000000FFFFD0000000D7
:108BD0000000000000000FFFFD000000000000008A
:108BE000000000FFFFD00000000000000000000FA8
:108BF000FFFD00000000000000000000FFFFD000AB
:108C000000000000000000000FFFFD000000000059
:108C10000000000000FFFFD0000000000000000086
:108C2000000FFFFE33333333333333333331FFFF3E
:108C3000FFFFFFFFFFFFFFFFFFFF6FFFFFFFFFFFD4
:108C4000FFFFFFFFFFFFF6FFFFFFFFFFFFFFFFFF3D
:108C5000FFFFFF6FFFFFFFFFFFFFFFFFFFFFFFF6BD
:108C6000FFFFFFFFFFFFFFFFFFFFFFFCFFFFFFFF17
:108C7000FFFFFFFFFFFFFFFCFFFFFFFFFFFFFFFF07
:108C8000FFFFFFFCFFFFFFFFFFFFFFFFFFFFFFFCFA
:108C9000FFFFE3333333333333333332FFFFD0005B
:108CA0000000000000000000FFFFD00000000000F6
:108CB00000000000FFFFD0000000000000000000E6
:108CC000FFFFD0000000000000000000FFFFD00008
:108CD0000000000000000000FFFFD00000000000C6
:108CE00000000000FFFFD0000000000000000000B6
:108CF000FFFFD0000000000000000000FFFFD000D8
:108D00000000000000000000FFFFD0000000000095
:108D100000000000FFFFD000000000000000000085
:108D2000FFFFFFFFFFFFFFFFFFFFFB00FFFFFFFF56
:108D3000FFFFFFFFFFFFFB00FFFFFFFFFFFFFFFF46
:108D4000FFFFFB00FFFFFFFFFFFFFFFFFFFFFB0039
:108D5000FFFFD2222222222222222100FFFFD00066
:108D60000000000000000000FFFFD0000000000035
:108D700000000000FFFFD000000000000000000025
:108D8000FFFFD0000000000000000000FFFFD00047
:108D90000000000000000000FFFFD0000000000005
:108DA00000000000FFFFD0000000000000000000F5
:108DB000FFFFD0000000000000000000FFFFD00017
:108DC0000000000000000000FFFFD00000000000D5
:108DD00000000000FFFFD0000000000000000000C5
:108DE000FFFFD0000000000000000000FFFFD000E7
:108DF000000000000000000000000000000027ACA0
:108E0000EFFFEC951000000000000000007DFFFF68
:108E1000FFFFFFFFFB400000000000007FFFFFFF9F
:108E2000FFFFFFFFFFFB20000000002DFFFFFFFF03
:108E3000FFFFFFFFFFFFF600000004FFFFFFFFD969
:108E400075567AEFFFFFFF7000004FFFFFFF8200B3
:108E500000000003AFFFFFD00002FFFFFFA10000F2
:108E60000000000002BFFD10000DFFFFF600000033
:108E7000000000000008C100007FFFFF500000005C
:108E8000000000000000000001FFFFF800000000EB
:108E9000000000000000000007FFFFD000000000FD
:108EA00000000000000000000DFFFF400000000077
:108EB00000000000000000002FFFFE000000000086
:108EC00000000000000000005FFFF900000000004B
:108ED00000000000000000008FFFF500000000000F
:108EE00000000000000000009FFFF30000000000F1
:108EF0000000000000000000AFFFF20000000000D2
:108F00000000000000233320AFFFF200000000004B
:108F10000000000000BFFFE09FFFF3000000000022
:108F20000000000000BFFFE08FFFF5000000000020
:108F30000000000000BFFFE05FFFF900000000003C
:108F40000000000000BFFFE02FFFFE000000000057
:108F50000000000000BFFFE00DFFFF500000000018
:108F60000000000000BFFFE007FFFFD0000000008E
:108F70000000000000BFFFE001EFFFF8000000006C
:108F80000000000000BFFFE0007FFFFF5000000076
:108F90000000000000BFFFE0000CFFFFF600000033
:108FA0000000000000BFFFE00002FFFFFFA1000083
:108FB0000000000001CFFFE000004FFFFFFF820034
:108FC000000000028FFFFFE0000004EFFFFFFFD969
:108FD00076567ADFFFFFFFD00000002DFFFFFFFF76
:108FE000FFFFFFFFFFFFFA10000000007FFFFFFF01
:108FF000FFFFFFFFFFFD500000000000017DFFFFAD
:10900000FFFFFFFFFB40000000000000000027AD55
:10901000EFFFDB9510000000FFFFD0000000000014
:1090200000000000DFFFFFFFFD0000000000000067
:1090300000000DFFFFFFFFD0000000000000000057
:1090400000DFFFFFFFFD0000000000000000000D3A
:10905000FFFFFFFFD0000000000000000000DFFF66
:10906000FFFFFD0000000000000000000DFFFFFFFB
:10907000FFD0000000000000000000DFFFFFFFFD48
:109080000000000000000000000DFFFFFFFFD00007
:109090000000000000000000DFFFFFFFFD000000F7
:1090A0000000000000000DFFFFFFFFD000000000E7
:1090B0000000000000DFFFFFFFFD000000000000D7
:1090C0000000000DFFFFFFFFD000000000000000C7
:1090D0000000DFFFFFFFFD000000000000000000B7
:1090E0000DFFFFFFFFE3333333333333333333EFDA
:1090F000FFFFFFFFFFFFFFFFFFFFFFFFFFFFFFFF80
:10910000FFFFFFFFFFFFFFFFFFFFFFFFFFFFFFFF6F
:10911000FFFFFFFFFFFFFFFFFFFFFFFFFFFFFFFF5F
:10912000FFFFFFFFFFFFFFFFFFFFFFFFFFFD00004F
:10913000000000000000000DFFFFFFFFD000000056
:10914000000000000000DFFFFFFFFD000000000046
:10915000000000000DFFFFFFFFD000000000000036
:10916000000000DFFFFFFFFD000000000000000026
:10917000000DFFFFFFFFD000000000000000000016
:10918000DFFFFFFFFD0000000000000000000DFFFA
:10919000FFFFFFD0000000000000000000DFFFFF25
:1091A000FFFD0000000000000000000DFFFFFFFFBA
:1091B000D0000000000000000000DFFFFFFFFD0006
:1091C00000000000000000000DFFFFFFFFD00000C6
:1091D00000000000000000DFFFFFFFFD00000000B6
:1091E00000000000000DFFFFFFFFD00000000000A6
:1091F00000000000DFFFFFFFFD0000000000000096
:1092000000000DFFFFFFFFDFFFFDFFFFDFFFFDFFA2
:10921000FFDFFFFDFFFFDFFFFDFFFFDFFFFDFFFFC4
:10922000DFFFFDFFFFDFFFFDFFFFDFFFFDFFFFDFD4
:10923000FFFDFFFFDFFFFDFFFFDFFFFDFFFFDFFFA4
:10924000FDFFFFDFFFFDFFFFDFFFFDFFFFDFFFFD96
:10925000FFFFDFFFFDFFFFDFFFFD0000FFFFFFFF60
:10926000FFFFFFFFE0000FFFFFFFFFFFFFFFFE001C
:1092700000FFFFFFFFFFFFFFFFE0000FFFFFFFFF0B
:10928000FFFFFFFE0000333333333333EFFFE000E3
:109290000000000000000EFFFE00000000000000C3
:1092A00000EFFFE0000000000000000EFFFE0000E5
:1092B000000000000000EFFFE000000000000000E0
:1092C0000EFFFE0000000000000000EFFFE00000C5
:1092D00000000000000EFFFE000000000000000083
:1092E000EFFFE0000000000000000EFFFE000000A5
:1092F0000000000000EFFFE0000000000000000E92
:10930000FFFE0000000000000000EFFFE000000092
:10931000000000000EFFFE0000000000000000EF53
:10932000FFE0000000000000000EFFFE0000000053
:1093300000000000EFFFE0000000000000000EFF52
:10934000FE0000000000000000EFFFD00000000061
:109350000000000EFFFD0000000000000000FFFF05
:10936000C0000000000000002FFFFA003D100000C8
:10937000000007FFFF702EFC0000000000EFFFF36D
:109380001DFFFD30000000BFFFFD02FFFFFFC643D1
:1093900048EFFFFF6004FFFFFFFFFFFFFFFFB0008C
:1093A00003EFFFFFFFFFFFFFB10000019FFFFFFF83
:1093B000FFFF800000000016ADFFEDA6100000FFCB
:1093C000FFD000000000000000006FFFFE20FFFF44
:1093D000D00000000000000005FFFFF300FFFFD0F9
:1093E000000000000000005FFFFF3000FFFFD00022
:1093F000000000000004FFFFF40000FFFFD00000A9
:10940000000000004FFFFF500000FFFFD0000000F1
:10941000000003FFFFF6000000FFFFD00000000087
:10942000003FFFFF70000000FFFFD00000000003BE
:10943000EFFFF800000000FFFFD0000000002EFF4B
:10944000FF9000000000FFFFD000000002EFFFFAD5
:109450000000000000FFFFD00000001EFFFFA00082
:1094600000000000FFFFD0000001DFFFFB00000054
:10947000000000FFFFD000001DFFFFC00000000043
:109480000000FFFFD00001DFFFFD10000000000022
:1094900000FFFFD0000CFFFFD10000000000000023
:1094A000FFFFD000CFFFFF7000000000000000FFB2
:1094B000FFD00BFFFFFFF300000000000000FFFFE4
:1094C000D0BFFFFFFFFE10000000000000FFFFDA2A
:1094D000FFFFFFFFFFC0000000000000FFFFFFFFD5
:1094E000FF68FFFFFA000000000000FFFFFFFFF62B
:1094F00000AFFFFF700000000000FFFFFFFF7000E3
:109500000CFFFFF40000000000FFFFFFF700000168
:10951000DFFFFE2000000000FFFFFF700000002EB4
:10952000FFFFD000000000FFFFF80000000004FF74
:10953000FFFB00000000FFFFD000000000006FFFF5
:10954000FF80000000FFFFD0000000000008FFFFC8
:10955000F5000000FFFFD0000000000000AFFFFF9B
:10956000300000FFFFD00000000000000CFFFFE112
:109570000000FFFFD000000000000001EFFFFC0032
:1095800000FFFFD0000000000000002FFFFF900050
:10959000FFFFD00000000000000004FFFFF600FF06
:1095A000FFD000000000000000006FFFFF40FFFF41
:1095B000D0000000000000000009FFFFE2FFFFD024
:1095C000000000000000000000FFFFD000000000CD
:1095D0000000000000FFFFD00000000000000000BD
:1095E00000FFFFD0000000000000000000FFFFD0DF
:1095F000000000000000000000FFFFD0000000009D
:109600000000000000FFFFD000000000000000008C
:1096100000FFFFD0000000000000000000FFFFD0AE
:10962000000000000000000000FFFFD0000000006C
:109630000000000000FFFFD000000000000000005C
:1096400000FFFFD0000000000000000000FFFFD07E
:10965000000000000000000000FFFFD0000000003C
:109660000000000000FFFFD000000000000000002C
:1096700000FFFFD0000000000000000000FFFFD04E
:10968000000000000000000000FFFFD0000000000C
:109690000000000000FFFFD00000000000000000FC
:1096A00000FFFFD0000000000000000000FFFFD01E
:1096B000000000000000000000FFFFD000000000DC
:1096C0000000000000FFFFD00000000000000000CC
:1096D00000FFFFD0000000000000000000FFFFD0EE
:1096E000000000000000000000FFFFD000000000AC
:1096F0000000000000FFFFD000000000000000009C
:1097000000FFFFD0000000000000000000FFFFD0BD
:10971000000000000000000000FFFFE3333333339C
:109720003333333330FFFFFFFFFFFFFFFFFFFFFF48
:10973000F0FFFFFFFFFFFFFFFFFFFFFFF0FFFFFF57
:10974000FFFFFFFFFFFFFFFFF0FFFFFFFFFFFFFF38
:10975000FFFFFFFFF0FFFF400000000000000000DF
:109760000000000007FFFCFFFFD000000000000029
:109770000000000000001FFFFCFFFFF600000000DB
:109780000000000000000000AFFFFCFFFFFE100023
:1097900000000000000000000003FFFFFCFFFFFFCF
:1097A00090000000000000000000000CFFFFFCFF24
:1097B000FFFFF3000000000000000000005FFFFF5B
:1097C000FCFFFFFFFC00000000000000000000EFB5
:1097D000FFFFFCFFFFFFFF50000000000000000043
:1097E00008FFFFFFFCFFFFFFFFE00000000000009C
:1097F00000002FFFFFFFFCFFFFEFFFF8000000005D
:1098000000000000AFFFEEFFFCFFFFABFFFF2000FA
:10981000000000000004FFFF6DFFFCFFFFA2FFFF40
:10982000B00000000000000DFFFC0DFFFCFFFFA0DA
:109830008FFFF40000000000006FFFF30DFFFCFF3E
:10984000FFA00EFFFD000000000001EFFFA00DFFD4
:10985000FCFFFFA005FFFF700000000009FFFF10E4
:109860000DFFFCFFFFA000BFFFF1000000002FFF75
:10987000F7000DFFFCFFFFA0002FFFFA0000000023
:10988000BFFFD0000DFFFCFFFFA00008FFFF30006E
:109890000005FFFF40000DFFFCFFFFA00000EFFFF1
:1098A000C000000DFFFB00000DFFFCFFFFA000004B
:1098B0005FFFF600007FFFF200000DFFFCFFFFA03E
:1098C00000000CFFFE1001FFFF8000000DFFFCFFF9
:1098D000FFA0000002FFFF900AFFFE0000000DFF46
:1098E000FCFFFFA00000009FFFF23FFFF50000001B
:1098F0000DFFFCFFFFA00000001EFFFBCFFFB0002C
:1099000000000DFFFCFFFFA000000006FFFFFFFFAF
:10991000200000000DFFFCFFFFA000000000CFFFB3
:10992000FFF9000000000DFFFCFFFFA00000000099
:109930003FFFFFE1000000000DFFFCFFFFA0000063
:10994000000009FFFF60000000000DFFFCFFFFA00A
:109950000000000001EFFC00000000000DFFFCFF14
:10996000FFA000000000006EE300000000000DFFFB
:10997000FCFFFFA00000000000000000000000004D
:109980000DFFFCFFFFA00000000000000000000031
:1099900000000DFFFCFFFFA0000000000000000021
:1099A000000000000DFFFCFFFFA000000000000011
:1099B0000000000000000DFFFCFFFF500000000051
:1099C0000000000000DFFFFFFFFF3000000000008C
:1099D0000000000DFFFFFFFFFE1000000000000070
:1099E0000000DFFFFFFFFFFB0000000000000000A1
:1099F0000DFFFFFFFFFFF80000000000000000DF88
:109A0000FFFFFFFFFFF5000000000000000DFFFF5B
:109A1000FFFFFFFFF200000000000000DFFFFFFF7C
:109A2000FFFFFFD10000000000000DFFFFFFFFFF60
:109A3000FFFFB0000000000000DFFFFFFFFD7FFF21
:109A4000FF8000000000000DFFFFFFFFD0AFFFFF11
:109A5000500000000000DFFFFFFFFD00DFFFFF20E0
:109A6000000000000DFFFFFFFFD002FFFFFD000020
:109A7000000000DFFFFFFFFD0004FFFFFB00000010
:109A8000000DFFFFFFFFD00008FFFFF800000000FF
:109A9000DFFFFFFFFD00000BFFFFF40000000DFFE4
:109AA000FFFFFFD000000DFFFFF2000000DFFFFF0F
:109AB000FFFD0000002FFFFFD000000DFFFFFFFFA4
:109AC000D00000005FFFFFA00000DFFFFFFFFD00F0
:109AD0000000008FFFFF70000DFFFFFFFFD00000B0
:109AE0000000BFFFFF4000DFFFFFFFFD00000000A0
:109AF00001DFFFFE200DFFFFFFFFD000000000028E
:109B0000FFFFFD00DFFFFFFFFD000000000005FF7D
:109B1000FFFA0DFFFFFFFFD0000000000008FFFF6D
:109B2000F7DFFFFFFFFD0000000000000BFFFFFF5D
:109B3000FFFFFFFFD00000000000001EFFFFFFFF3F
:109B4000FFFFFD000000000000003FFFFFFFFFFFE0
:109B5000FFD0000000000000005FFFFFFFFFFFFDDF
:109B600000000000000000009FFFFFFFFFFFD0008B
:109B700000000000000000CFFFFFFFFFFD0000001D
:109B8000000000000001EFFFFFFFFFD00000000019
:109B90000000000003FFFFFFFFFD000000000000C9
:109BA00000000006FFFF00000000000027ADEFFEF0
:109BB000DB84000000000000000000000007DFFF61
:109BC000FFFFFFFFFF920000000000000000007F89
:109BD000FFFFFFFFFFFFFFFFFA1000000000000083
:109BE00002CFFFFFFFFFFFFFFFFFFFFF500000005E
:109BF000000004EFFFFFFFC965568BFFFFFFFF80EA
:109C00000000000003FFFFFFE810000000005CFF01
:109C1000FFFF8000000002FFFFFF91000000000036
:109C20000006EFFFFF70000000CFFFFF50000000B4
:109C30000000000002DFFFFF2000007FFFFF500058
:109C40000000000000000001EFFFFC00000EFFFF1D
:109C50008000000000000000000003FFFFF5000787
:109C6000FFFFD00000000000000000000008FFFF20
:109C7000C000CFFFF5000000000000000000000061
:109C80000EFFFF201FFFFE0000000000000000008C
:109C90000000009FFFF705FFFF900000000000009C
:109CA000000000000003FFFFA08FFFF50000000090
:109CB00000000000000000000FFFFD09FFFF300062
:109CC0000000000000000000000000EFFFE0AFFF18
:109CD000F20000000000000000000000000DFFFF87
:109CE0000AFFFF200000000000000000000000004C
:109CF000DFFFF09FFFF30000000000000000000005
:109D000000000EFFFE08FFFF5000000000000000F2
:109D10000000000000FFFFD05FFFF900000000001E
:109D2000000000000000004FFFFA01FFFFE000000C
:109D300000000000000000000009FFFF700CFFFFA2
:109D4000500000000000000000000000EFFFF200E3
:109D50007FFFFD00000000000000000000008FFFFA
:109D6000FC0000EFFFF80000000000000000000011
:109D70003FFFFF500007FFFFF5000000000000005C
:109D800000001EFFFFC000000CFFFFF600000000F7
:109D9000000000002DFFFFF20000002FFFFFF91070
:109DA0000000000000006EFFFFF7000000003FFF12
:109DB000FFFE810000000005CFFFFFF9000000005A
:109DC000004EFFFFFFFC965568BFFFFFFFF8000045
:109DD000000000002DFFFFFFFFFFFFFFFFFFFFF66A
:109DE0000000000000000007FFFFFFFFFFFFFFFF74
:109DF000FFA10000000000000000017DFFFFFFFF49
:109E0000FFFFFA2000000000000000000000027ABE
:109E1000DEFFEDB840000000000000FFFFFFFFFF85
:109E2000FFFFEDB84000000000FFFFFFFFFFFFFF56
:109E3000FFFFFE82000000FFFFFFFFFFFFFFFFFFAD
:109E4000FFFF600000FFFFFFFFFFFFFFFFFFFFFFBF
:109E5000FA0000FFFFE33333333456AEFFFFFF90C9
:109E600000FFFFD00000000000005EFFFFF500FFD4
:109E7000FFD000000000000000CFFFFE00FFFFD079
:109E8000000000000000000EFFFF50FFFFD00000A8
:109E9000000000000005FFFFA0FFFFD00000000051
:109EA00000000000FFFFE0FFFFD000000000000006
:109EB0000000CFFFF0FFFFD0000000000000000016
:109EC000AFFFF1FFFFD00000000000000000AFFF77
:109ED000F1FFFFD00000000000000000CFFFF0FF06
:109EE000FFD00000000000000000FFFFE0FFFFD0F7
:109EF0000000000000000005FFFFA0FFFFD00000F1
:109F000000000000000EFFFF50FFFFD00000000027
:109F1000000000CFFFFE00FFFFD0000000000000A7
:109F20005EFFFFF500FFFFE33333333456AEFFFF30
:109F3000FFA000FFFFFFFFFFFFFFFFFFFFFFFA0093
:109F400000FFFFFFFFFFFFFFFFFFFFFF600000FFBD
:109F5000FFFFFFFFFFFFFFFFFF92000000FFFFFF7B
:109F6000FFFFFFFFEDB84000000000FFFFD0000042
:109F7000000000000000000000FFFFD00000000013
:109F800000000000000000FFFFD000000000000003
:109F90000000000000FFFFD00000000000000000F3
:109FA000000000FFFFD000000000000000000000E3
:109FB00000FFFFD00000000000000000000000FFD4
:109FC000FFD00000000000000000000000FFFFD0F4
:109FD0000000000000000000000000FFFFD00000B3
:109FE000000000000000000000FFFFD000000000A3
:109FF0000000000000000000000000000027ADEF9E
:10A00000FEDB840000000000000000000000007D76
:10A01000FFFFFFFFFFFFF92000000000000000002D
:10A02000006EFFFFFFFFFFFFFFFFFA1000000000C0
:10A030000000002CFFFFFFFFFFFFFFFFFFFFF50009
:10A04000000000000003EFFFFFFFC965568BFFFF14
:10A05000FFFF8000000000003FFFFFFE81000000C6
:10A060000005DFFFFFF80000000002EFFFFFA10086
:10A07000000000000006FFFFFF600000000CFFFF73
:10A08000F600000000000000002DFFFFF2000000BD
:10A090006FFFFF50000000000000000001EFFFFC18
:10A0A000000000EFFFF800000000000000000000CA
:10A0B0003FFFFF400006FFFFD0000000000000004F
:10A0C00000000008FFFFC0000CFFFF500000000070
:10A0D00000000000000001FFFFF1001FFFFE000074
:10A0E000000000000000000000009FFFF6004FFF8E
:10A0F000F90000000000000000000000004FFFFA1F
:10A10000008FFFF5000000000000000000000000CC
:10A110000FFFFD009FFFF3000000000000000000A3
:10A120000000000EFFFE00AFFFF200000000000084
:10A130000000000000000DFFFF00AFFFF200000074
:10A140000000000000000000000CFFFF00AFFFF364
:10A150000000000000000000000000000DFFFF00F4
:10A160008FFFF50000000000000000000000000F5D
:10A17000FFFD005FFFF8000000000000000000008D
:10A1800000003FFFFA002FFFFD000000000000006C
:10A1900000000000008FFFF7000DFFFF40000000EF
:10A1A0000000000000000000EFFFF20008FFFFC009
:10A1B0000000000000000000000007FFFFC00001D9
:10A1C000FFFFF6000000000000000000002FFFFF6E
:10A1D0006000009FFFFF4000000000000000000141
:10A1E000DFFFFD0000001EFFFFF400000000000084
:10A1F00000001CFFFFF400000004FFFFFF700000E0
:10A200000000000004EFFFFF80000000007FFFFF60
:10A21000FD600000000003BFFFFFFA000000000027
:10A2200007FFFFFFFFA7433469DFFFFFFFA0000028
:10A23000000000005FFFFFFFFFFFFFFFFFFFFFF8D1
:10A240000000000000000002BFFFFFFFFFFFFFFF54
:10A25000FFFC30000000000000000004CFFFFFFF03
:10A26000FFFFFFFB500000000000000000000001A5
:10A270006ADEFFFFFFF72000000000000000000082
:10A28000000000000008FFFFFB00000000002900A4
:10A290000000000000000000008FFFFFC20000006F
:10A2A00004EF8000000000000000000007FFFFFF37
:10A2B000941025BFFFF50000000000000000000022
:10A2C0005FFFFFFFFFFFFFFFD10000000000000065
:10A2D00000000002CFFFFFFFFFFFFC1000000000A6
:10A2E0000000000000000006DFFFFFFFFE6000002E
:10A2F0000000000000000000000000048BCDC950E9
:10A300000000FFFFFFFFFFFFFFEDB840000000006F
:10A31000FFFFFFFFFFFFFFFFFFFE81000000FFFFC9
:10A32000FFFFFFFFFFFFFFFFFF600000FFFFFFFFDA
:10A33000FFFFFFFFFFFFFFFA0000FFFFE3333333B0
:10A340003456AEFFFFFF9000FFFFD000000000007A
:10A35000005EFFFFF500FFFFD000000000000000DE
:10A36000CFFFFE00FFFFD0000000000000000EFF46
:10A37000FF50FFFFD00000000000000005FFFFA01D
:10A38000FFFFD00000000000000000FFFFE0FFFF23
:10A39000D00000000000000000CFFFF0FFFFD00061
:10A3A00000000000000000BFFFF1FFFFD000000030
:10A3B0000000000000AFFFF2FFFFD000000000002F
:10A3C000000000CFFFF1FFFFD00000000000000000
:10A3D00000FFFFE0FFFFD00000000000000005FFCD
:10A3E000FFB0FFFFD0000000000000000DFFFF6085
:10A3F000FFFFD000000000000000BFFFFE00FFFFD5
:10A40000D00000000000004DFFFFF600FFFFD22249
:10A41000222222358DFFFFFFB000FFFFFFFFFFFF6D
:10A42000FFFFFFFFFFFB0000FFFFFFFFFFFFFFFF3E
:10A43000FFFFFF800000FFFFFFFFFFFFFFFFFFFFA9
:10A4400092000000FFFFFFFFFFFFFFFFFFFF300054
:10A450000000FFFFD00000000005FFFFD00000005B
:10A46000FFFFD000000000009FFFF9000000FFFF89
:10A47000D000000000000DFFFF500000FFFFD000E3
:10A480000000000003FFFFE10000FFFFD00000001C
:10A490000000007FFFFC0000FFFFD0000000000074
:10A4A000000BFFFF7000FFFFD00000000000000164
:10A4B000EFFFF300FFFFD0000000000000004FFF9F
:10A4C000FD00FFFFD00000000000000009FFFFA01A
:10A4D000FFFFD00000000000000000DFFFF50000DB
:10A4E0000000169CEFFFEC9630000000000003BF58
:10A4F000FFFFFFFFFFFFD81000000009FFFFFFFF75
:10A50000FFFFFFFFFF8000000CFFFFFFFFFFFFFFCB
:10A51000FFFFFF30000AFFFFFFA6422346ADFFFF0B
:10A52000D00004FFFFFA1000000000039FF60000B7
:10A53000BFFFF9000000000000001900000FFFFE3F
:10A540000000000000000000000002FFFF9000007B
:10A5500000000000000000003FFFF80000000000C5
:10A56000000000000002FFFFA0000000000000004B
:10A570000000000FFFFF20000000000000000000AE
:10A5800000BFFFFE3000000000000000000004FFDC
:10A59000FFFFA300000000000000000008FFFFFF15
:10A5A000FD95100000000000000007FFFFFFFFFF07
:10A5B000D95100000000000004CFFFFFFFFFFFFBA8
:10A5C000600000000000004AFFFFFFFFFFFFE70000
:10A5D00000000000000049DFFFFFFFFFFD1000004A
:10A5E0000000000000149DFFFFFFFE20000000009F
:10A5F00000000000027EFFFFFC00000000000000E1
:10A6000000000009FFFFF40000000000000000004F
:10A610000009FFFF90000000000000000000001F84
:10A62000FFFC0000000000000000000000EFFFD071
:10A63000000000000000000000000FFFFC006500AB
:10A640000000000000000003FFFF900EFA20000051
:10A650000000000000DFFFF406FFFFA40000000080
:10A660000003DFFFFD00DFFFFFFEA64222357CFF77
:10A67000FFFF4003DFFFFFFFFFFFFFFFFFFFFF6064
:10A6800000008FFFFFFFFFFFFFFFFFFE4000000005
:10A6900017CFFFFFFFFFFFFFE810000000000016CC
:10A6A0009CEFFFEDB840000000DFFFFFFFFFFFFF62
:10A6B000FFFFFFFFFFFFFFDFFFFFFFFFFFFFFFFFCA
:10A6C000FFFFFFFFFFDFFFFFFFFFFFFFFFFFFFFFBA
:10A6D000FFFFFFDFFFFFFFFFFFFFFFFFFFFFFFFFAA
:10A6E000FF333333333337FFFF93333333333300A5
:10A6F0000000000004FFFF700000000000000000E8
:10A70000000004FFFF7000000000000000000000D7
:10A7100004FFFF700000000000000000000004FFC4
:10A72000FF700000000000000000000004FFFF7048
:10A730000000000000000000000004FFFF700000A7
:10A74000000000000000000004FFFF700000000097
:10A7500000000000000004FFFF7000000000000087
:10A760000000000004FFFF70000000000000000077
:10A77000000004FFFF700000000000000000000067
:10A7800004FFFF700000000000000000000004FF54
:10A79000FF700000000000000000000004FFFF70D8
:10A7A0000000000000000000000004FFFF70000037
:10A7B000000000000000000004FFFF700000000027
:10A7C00000000000000004FFFF7000000000000017
:10A7D0000000000004FFFF70000000000000000007
:10A7E000000004FFFF7000000000000000000000F7
:10A7F00004FFFF700000000000000000000004FFE4
:10A80000FF700000000000000000000004FFFF7067
:10A810000000000000000000000004FFFF700000C6
:10A82000000000000000000004FFFF7000000000B6
:10A8300000000000000004FFFF70000000000000A6
:10A840000000000004FFFF70000000000000000096
:10A85000000004FFFF700000000000000000000086
:10A8600004FFFF700000000000000000000004FF73
:10A87000FF700000000000000000000004FFFF70F7
:10A8800000000000004FFFF8000000000000000082
:10A89000007FFFF24FFFF800000000000000000002
:10A8A0007FFFF24FFFF80000000000000000007F73
:10A8B000FFF24FFFF80000000000000000007FFFE3
:10A8C000F24FFFF80000000000000000007FFFF2E0
:10A8D0004FFFF80000000000000000007FFFF24F73
:10A8E000FFF80000000000000000007FFFF24FFFB3
:10A8F000F80000000000000000007FFFF24FFFF8AA
:10A900000000000000000000007FFFF24FFFF80091
:10A9100000000000000000007FFFF24FFFF8000081
:10A92000000000000000007FFFF24FFFF800000071
:10A930000000000000007FFFF24FFFF80000000061
:10A9400000000000007FFFF24FFFF8000000000051
:10A95000000000007FFFF24FFFF800000000000041
:10A960000000007FFFF24FFFF80000000000000031
:10A9700000007FFFF24FFFF8000000000000000021
:10A98000007FFFF24FFFF800000000000000000011
:10A990007FFFF24FFFF80000000000000000007F82
:10A9A000FFF23FFFF90000000000000000008FFFF1
:10A9B000F22FFFFA0000000000000000009FFFF1EE
:10A9C0001FFFFB000000000000000000AFFFF00FC1
:10A9D000FFFE000000000000000000DFFFE00CFFB1
:10A9E000FF200000000000000001FFFFB008FFFF93
:10A9F000700000000000000007FFFF7004FFFFE090
:10AA0000000000000000000DFFFF3000DFFFF90034
:10AA10000000000000009FFFFC00006FFFFF7000BF
:10AA20000000000008FFFFF500000CFFFFFB3000F6
:10AA3000000003BFFFFFB0000001EFFFFFFD9755CF
:10AA400079DFFFFFFE100000003EFFFFFFFFFFFF6A
:10AA5000FFFFFFD20000000001CFFFFFFFFFFFFF5D
:10AA6000FFFB10000000000005CFFFFFFFFFFFFC11
:10AA70004000000000000000026ADEFFECA620009B
:10AA80000000000DFFFF500000000000000000006B
:10AA90000000CFFFF006FFFFC00000000000000034
:10AAA00000000003FFFF9000EFFFF3000000000034
:10AAB00000000000000AFFFF20008FFFFA000000E6
:10AAC000000000000000001FFFFB00001FFFFF1040
:10AAD0000000000000000000008FFFF400000AFFEB
:10AAE000FF80000000000000000000EFFFD0000029
:10AAF00003FFFFE0000000000000000006FFFF6011
:10AB0000000000CFFFF600000000000000000DFF75
:10AB1000FE000000005FFFFD0000000000000000DC
:10AB20004FFFF8000000000EFFFF40000000000093
:10AB30000000BFFFF10000000007FFFFA0000000C1
:10AB400000000002FFFFA00000000001FFFFF20074
:10AB5000000000000009FFFF3000000000009FFF20
:10AB6000F80000000000001FFFFC000000000000D3
:10AB70002FFFFF0000000000007FFFF50000000035
:10AB800000000BFFFF600000000000EFFFE000008E
:10AB90000000000004FFFFD00000000005FFFF7070
:10ABA00000000000000000DFFFF4000000000CFFC8
:10ABB000FF10000000000000007FFFFB000000000D
:10ABC0003FFFFA00000000000000000FFFFF200020
:10ABD0000000AFFFF3000000000000000009FFFFCD
:10ABE00090000001FFFFC000000000000000000214
:10ABF000FFFFF1000008FFFF500000000000000010
:10AC00000000BFFFF700000EFFFE00000000000084
:10AC1000000000004FFFFD00006FFFF70000000084
:10AC20000000000000000DFFFF5000DFFFF10000FA
:10AC3000000000000000000006FFFFC004FFFF90BE
:10AC40000000000000000000000000EFFFF20BFF1A
:10AC5000FF2000000000000000000000008FFFF94E
:10AC60002FFFFB0000000000000000000000001F9C
:10AC7000FFFFAFFFF4000000000000000000000034
:10AC8000000AFFFFFFFFD0000000000000000000EE
:10AC900000000003FFFFFFFF600000000000000055
:10ACA000000000000000CFFFFFFF000000000000D8
:10ACB00000000000000000005FFFFFF9000000003E
:10ACC000000000000000000000000EFFFFF2000086
:10ACD00000000000000000000000000007FFFFB0BF
:10ACE000000000000000004FFFFA0000000000001C
:10ACF000000002FFFF9000000000000000003FFF86
:10AD0000F50FFFFF000000000000000008FFFFE05B
:10AD100000000000000000008FFFF00AFFFF40006D
:10AD20000000000000000DFFFFF400000000000024
:10AD30000000EFFFB005FFFFA000000000000000D2
:10AD40002FFFFFF90000000000000003FFFF50008C
:10AD5000FFFFE0000000000000008FFFFFFE00008A
:10AD6000000000000008FFFF0000AFFFF40000003B
:10AD700000000000DFFFFFFF400000000000000EA9
:10AD8000FFFB00005FFFF900000000000003FFFF71
:10AD9000FFFF900000000000003FFFF500000FFFE4
:10ADA000FE00000000000008FFFDBFFFE000000003
:10ADB0000000008FFFF000000AFFFF4000000000CD
:10ADC000000EFFF85FFFF4000000000000EFFFB08E
:10ADD000000005FFFF9000000000003FFFF20FFFA2
:10ADE000F9000000000003FFFF60000000FFFFE02B
:10ADF00000000000009FFFD00BFFFE0000000000DD
:10AE000008FFFF10000000AFFFF40000000000EF9B
:10AE1000FF8005FFFF40000000000EFFFB00000068
:10AE2000005FFFF90000000004FFFF2000FFFF901B
:10AE3000000000003FFFF6000000000FFFFE0000D2
:10AE4000000009FFFD0000AFFFE0000000008FFFE1
:10AE5000F1000000000AFFFF300000000EFFF700C5
:10AE6000005FFFF400000000EFFFB00000000005ED
:10AE7000FFFF900000004FFFF200000FFFF90000FD
:10AE80000003FFFF600000000000FFFFE000000083
:10AE9000AFFFD000000AFFFE00000008FFFF100017
:10AEA00000000000BFFFF3000000FFFF700000057E
:10AEB000FFFF4000000EFFFB0000000000005FFFEE
:10AEC000F8000005FFFF20000000FFFF9000003F9A
:10AED000FFF60000000000000FFFFD00000AFFFC6D
:10AEE00000000000AFFFE000008FFFF10000000055
:10AEF00000000BFFFF30000FFFF7000000005FFFB6
:10AF0000F40000EFFFB000000000000005FFFF802C
:10AF1000005FFFF2000000000FFFF90003FFFF6079
:10AF200000000000000000FFFFD000BFFFC00000D5
:10AF300000000AFFFE0008FFFF10000000000000F4
:10AF400000BFFFF301FFFF700000000004FFFF409F
:10AF50000EFFFB00000000000000006FFFF806FF7E
:10AF6000FF100000000000FFFF903FFFF600000010
:10AF700000000000001FFFFD0BFFFC0000000000B0
:10AF800000AFFFE08FFFF100000000000000000BA9
:10AF9000FFFF4FFFF70000000000004FFFF4EFFF3E
:10AFA000C0000000000000000006FFFFDFFFF1000E
:10AFB00000000000000EFFFCFFFF6000000000002A
:10AFC00000000001FFFFFFFFC000000000000009BB
:10AFD000FFFFFFFF10000000000000000000BFFFA7
:10AFE000FFFF6000000000000004FFFFFFFC000006
:10AFF00000000000000000006FFFFFFF10000000D5
:10B0000000000000EFFFFFF600000000000000005D
:10B0100000001FFFFFFB00000000000000009FFF7A
:10B02000FFF1000000000000000000000BFFFFF631
:10B0300000000000000000004FFFFFC00000000003
:10B0400000000000000006FFFFF10000000000000B
:10B0500000000EFFFF70000000000004FFFFF3007F
:10B06000000000000000000CFFFF70008FFFFE00DA
:10B07000000000000000007FFFFB00000CFFFFA0AD
:10B0800000000000000003FFFFE1000002FFFFF6E8
:10B090000000000000000DFFFF400000006FFFFFF8
:10B0A000200000000000AFFFF8000000000AFFFFD2
:10B0B000C00000000005FFFFC00000000001EFFF1E
:10B0C000F8000000001FFFFF2000000000004FFFFD
:10B0D000FF40000000CFFFF600000000000008FF66
:10B0E000FFE1000007FFFFA000000000000000CF0C
:10B0F000FFFB00003FFFFE10000000000000002FDB
:10B10000FFFF6000DFFFF30000000000000000060A
:10B11000FFFFF209FFFF80000000000000000000B8
:10B12000AFFFFD5FFFFC000000000000000000001A
:10B130001EFFFFFFFFF10000000000000000000004
:10B1400003FFFFFFFF5000000000000000000000B0
:10B15000008FFFFFF9000000000000000000000069
:10B16000000EFFFFF20000000000000000000000E1
:10B17000006FFFFFFB000000000000000000000067
:10B1800002FFFFFFFF700000000000000000000051
:10B190000DFFFFFFFFF300000000000000000000B3
:10B1A0009FFFFB8FFFFD0000000000000000000576
:10B1B000FFFFE10CFFFFA000000000000000001EE8
:10B1C000FFFF4002FFFFF50000000000000000CF7D
:10B1D000FFF900006FFFFF2000000000000007FFE4
:10B1E000FFD000000AFFFFC00000000000003FFF8A
:10B1F000FF20000001EFFFF8000000000001EFFF5A
:10B20000F7000000003FFFFF40000000000AFFFFC2
:10B21000B00000000008FFFFE1000000006FFFFE2B
:10B22000100000000000CFFFFB00000002FFFFF550
:10B230000000000000002FFFFF6000000CFFFF90E7
:10B2400000000000000005FFFFF200009FFFFD006E
:10B2500000000000000000AFFFFD0004FFFFF3004E
:10B26000000000000000000DFFFF901EFFFF7000B7
:10B270000000000000000003FFFFF50DFFFF30009D
:10B2800000000000000000000CFFFE004FFFFD006A
:10B29000000000000000000006FFFF5000AFFFF7B5
:10B2A000000000000000000001EFFFB00001FFFF00
:10B2B000F100000000000000009FFFF2000007FF07
:10B2C000FFA0000000000000003FFFF80000000D9C
:10B2D000FFFF300000000000000CFFFE0000000037
:10B2E0004FFFFD00000000000006FFFF50000000BF
:10B2F00000AFFFF7000000000001EFFFB00000000A
:10B300000001FFFFF100000000009FFFF2000000BD
:10B31000000007FFFFA0000000003FFFF800000052
:10B320000000000DFFFF300000000DFFFE000000D8
:10B33000000000004FFFFD00000006FFFF5000006E
:10B340000000000000AFFFF7000001FFFFC0000099
:10B35000000000000001FFFFF10000AFFFF200005D
:10B3600000000000000007FFFFA0003FFFF8000002
:10B37000000000000000000DFFFF300DFFFE000088
:10B3800000000000000000004FFFFD07FFFF50001D
:10B39000000000000000000000AFFFF8FFFFC00049
:10B3A00000000000000000000001FFFFFFFFF200AE
:10B3B0000000000000000000000007FFFFFFF80091
:10B3C00000000000000000000000000DFFFFFE0074
:10B3D0000000000000000000000000003FFFFF50E0
:10B3E00000000000000000000000000000DFFFE09F
:10B3F000000000000000000000000000000DFFFE43
:10B400000000000000000000000000000000DFFF5E
:10B41000E0000000000000000000000000000DFF40
:10B42000FE0000000000000000000000000000DF3F
:10B43000FFE0000000000000000000000000000D20
:10B44000FFFE0000000000000000000000000000FF
:10B45000DFFFE0000000000000000000000000002E
:10B460000DFFFE00000000000000000000000000D2
:10B4700000DFFFE00000000000000000000000000E
:10B48000000DFFFE000000000000000000000000B2
:10B490000000DFFFE00000000000000000000000EE
:10B4A00000000DFFFE000000000000009FFFFFFFF6
:10B4B000FFFFFFFFFFFFFFFFFFF809FFFFFFFFFF99
:10B4C000FFFFFFFFFFFFFFFF809FFFFFFFFFFFFF6B
:10B4D000FFFFFFFFFFFFF809FFFFFFFFFFFFFFFF79
:10B4E000FFFFFFFFFF502333333333333333333323
:10B4F0005FFFFF90000000000000000000000CFF54
:10B50000FFC00000000000000000000009FFFFE194
:10B510000000000000000000000006FFFFF3000034
:10B52000000000000000000003FFFFF60000000024
:10B5300000000000000001EFFFF900000000000023
:10B540000000000000CFFFFC000000000000000031
:10B550000000009FFFFE100000000000000000003F
:10B56000006FFFFF30000000000000000000003FFF
:10B57000FFFF60000000000000000000001EFFFF51
:10B58000A0000000000000000000000CFFFFC00051
:10B5900000000000000000000009FFFFE1000000C3
:10B5A0000000000000000006FFFFF40000000000A3
:10B5B000000000000003FFFFF70000000000000093
:10B5C00000000001EFFFFA00000000000000000092
:10B5D0000000CFFFFD0000000000000000000000A0
:10B5E0009FFFFE20000000000000000000006FFF31
:10B5F000FF40000000000000000000003FFFFF705F
:10B60000000000000000000000001EFFFFA000007E
:10B6100000000000000000000CFFFFD00000000050
:10B6200000000000000009FFFFF200000000000021
:10B630000000000006FFFFF4000000000000000012
:10B64000000003FFFFF80000000000000000000001
:10B6500001EFFFFD3333333333333333333330BF11
:10B66000FFFFFFFFFFFFFFFFFFFFFFFFFF2FFFFFBA
:10B67000FFFFFFFFFFFFFFFFFFFFFFF2FFFFFFFFE7
:10B68000FFFFFFFFFFFFFFFFFFFF2FFFFFFFFFFF9A
:10B69000FFFFFFFFFFFFFFFFF2FFFFFFFFFF1FFFA7
:10B6A000FFFFFFF1FFFFFFFFFF1FFFFFDDDDD1FF0A
:10B6B000FFA000000FFFFA000000FFFFA000000F36
:10B6C000FFFA000000FFFFA000000FFFFA000000DB
:10B6D000FFFFA000000FFFFA000000FFFFA0000026
:10B6E0000FFFFA000000FFFFA000000FFFFA0000AC
:10B6F00000FFFFA000000FFFFA000000FFFFA00006
:10B70000000FFFFA000000FFFFA000000FFFFA008B
:10B710000000FFFFA000000FFFFA000000FFFFA0E5
:10B7200000000FFFFA000000FFFFA000000FFFFA6B
:10B73000000000FFFFA000000FFFFA000000FFFF65
:10B74000A000000FFFFA000000FFFFA000000FFFA5
:10B75000FA000000FFFFA000000FFFFA000000FF4A
:10B76000FFA000000FFFFA000000FFFFA000000F85
:10B77000FFFA000000FFFFA000000FFFFFDDDDD19A
:10B78000FFFFFFFFFF1FFFFFFFFFF1FFFFFFFFFFB7
:10B7900010AFFF800000000000000005FFFD00006A
:10B7A0000000000000000FFFF30000000000000098
:10B7B00000AFFF900000000000000004FFFE00004A
:10B7C0000000000000000EFFF40000000000000078
:10B7D000009FFF900000000000000003FFFE00003B
:10B7E0000000000000000EFFF40000000000000058
:10B7F000008FFFA00000000000000003FFFF00001A
:10B800000000000000000DFFF50000000000000037
:10B81000008FFFA00000000000000002FFFF0000FA
:10B820000000000000000DFFF50000000000000017
:10B83000007FFFB00000000000000002FFFF0000DA
:10B840000000000000000CFFF600000000000000F7
:10B85000007FFFB00000000000000001FFFF1000AB
:10B860000000000000000CFFF600000000000000D7
:10B87000006FFFC00000000000000001FFFF10008B
:10B880000000000000000BFFF700000000000000B7
:10B89000006FFFC00000000000000001FFFF20005B
:10B8A0000000000000000BFFF70000000000000097
:10B8B000005FFFD00000000000000000FFFF20003C
:10B8C0000000000000000AFFF80000000000000077
:10B8D000005FFFD00000000000000000FFFF30000C
:10B8E0000000000000000AFFF80000000000000057
:10B8F000004FFFE00000000000000000EFFF3000FC
:10B9000000000000000009FFF90000000000000036
:10B91000004FFFE00000000000000000EFFF4000CB
:10B9200000000000000009FFF90000000000000016
:10B93000003FFFE00000000000000000EFFF4000BB
:10B9400000000000000008FFFA00000000000000F6
:10B95000003FFFF00000000000000000DFFF50008B
:10B9600000000000000008FFFA00000000000000D6
:10B97000002FFFF01FFFFFFFFFF1FFFFFFFFFF1F83
:10B98000FFFFFFFFF1DDDDDFFFFF000000AFFFF095
:10B9900000000AFFFF000000AFFFF000000AFFFFF9
:10B9A000000000AFFFF000000AFFFF000000AFFF43
:10B9B000F000000AFFFF000000AFFFF000000AFFE8
:10B9C000FF000000AFFFF000000AFFFF000000AF23
:10B9D000FFF000000AFFFF000000AFFFF000000AC8
:10B9E000FFFF000000AFFFF000000AFFFF000000B3
:10B9F000AFFFF000000AFFFF000000AFFFF0000003
:10BA00000AFFFF000000AFFFF000000AFFFF000088
:10BA100000AFFFF000000AFFFF000000AFFFF000E2
:10BA2000000AFFFF000000AFFFF000000AFFFF0068
:10BA30000000AFFFF000000AFFFF000000AFFFF0C2
:10BA400000000AFFFF000000AFFFF000000AFFFF48
:10BA5000000000AFFFF1DDDDDFFFFF1FFFFFFFFF95
:10BA6000F1FFFFFFFFFF1FFFFFFFFFF000000000DF
:10BA70002FFFF200000000000000008FFFF900001F
:10BA8000000000000000EFFFFF00000000000000C9
:10BA900006FFFFFF600000000000000DFFBBFFD0AD
:10BAA0000000000000003FFF44FFF4000000000021
:10BAB00000AFFE00DFFA000000000001FFF7007F8A
:10BAC000FF100000000008FFF1001FFF80000000D1
:10BAD000000EFFA0000AFFE0000000005FFF300042
:10BAE00003FFF600000000CFFD000000DFFC0000B7
:10BAF0000003FFF60000006FFF3000000AFFF000B7
:10BB000000000FFFA000001FFF9000000009FFF1E0
:10BB100000007FFF2000000002FFF70000EFFB00A5
:10BB200000000000CFFE0005FFF500000000005FF0
:10BB3000FF500CFFE000000000000EFFC03FFF8040
:10BB4000000000000008FFF20000000000000000FC
:10BB500000000000FFFFFFFFFFFFFFFFFFFFFFFFF1
:10BB6000FFFFFFFFFFFFFFFFFFFFFFFFFFFFFFFFE5
:10BB7000FFFFFFFFFFFFFFFF078888500000003E28
:10BB8000FFFF700000001CFFFF700000000AFFFFB5
:10BB90007000000007FFFF7000000004EFFF70005E
:10BBA000000002CFFF7000000048BDEFFDB830007C
:10BBB00000000029FFFFFFFFFFFFC40000009FFF00
:10BBC000FFFFFFFFFFFFF80000AFFFFFFFFFFFFFDA
:10BBD000FFFFF70003FFFFD95211259FFFFFF2007F
:10BBE0000AFC40000000002DFFFFA000270000001D
:10BBF0000000002FFFFF0000000000000000008F89
:10BC0000FFF3000000000000000004FFFF600000E0
:10BC10000000000000002FFFF700000000000000FF
:10BC20000001FFFF80000049CEFFFFFFFFFFFFF88C
:10BC30000005EFFFFFFFFFFFFFFFFF8009FFFFFF92
:10BC4000FFFFFFFFFFFFF806FFFFFD865555555626
:10BC5000FFFF80FFFFF500000000001FFFF85FFFFF
:10BC6000F6000000000001FFFF88FFFF0000000059
:10BC700000001FFFF89FFFF0000000000006FFFF1C
:10BC800087FFFF200000000001EFFFF84FFFFA00E0
:10BC900000000001DFFFFF80EFFFFA20000017EF38
:10BCA000FFFFF805FFFFFFDA9ACFFFFEEFFF8007E7
:10BCB000FFFFFFFFFFFFFE2DFFF80004DFFFFFFF88
:10BCC000FFFA10DFFF80000049CEFFDB72000DFF9E
:10BCD000F8AFFFF0000000000000000000000AFFC5
:10BCE000FF0000000000000000000000AFFFF000B7
:10BCF0000000000000000000000AFFFF000000003C
:10BD000000000000000000AFFFF000000000000095
:10BD1000000000000AFFFF0000000000000000001B
:10BD20000000AFFFF0000000000000000000000A6B
:10BD3000FFFF0000000000000000000000AFFFF067
:10BD4000000000000000000000000AFFFF000000EB
:10BD50000000000000000000AFFFF000038CEFFEC9
:10BD6000B8300000000AFFFF002CFFFFFFFFFFD5E7
:10BD7000000000AFFFF06FFFFFFFFFFFFFFA1000B2
:10BD80000AFFFF6FFFFFFFFFFFFFFFFD1000AFFF88
:10BD9000FFFFFF9521259FFFFFFD000AFFFFFFFA30
:10BDA000100000001BFFFFF900AFFFFFF7000000CD
:10BDB000000007FFFFF30AFFFFFA00000000000089
:10BDC0000AFFFFA0AFFFFE000000000000001EFF02
:10BDD000FF0AFFFF80000000000000008FFFF5AFAA
:10BDE000FFF30000000000000003FFFF8AFFFF00D8
:10BDF000000000000000000FFFFAAFFFF00000009D
:10BE00000000000000FFFFBAFFFF0000000000007C
:10BE100000000FFFFBAFFFF000000000000000007B
:10BE2000FFFFAAFFFF30000000000000003FFFF707
:10BE3000AFFFF80000000000000008FFFF4AFFFF0E
:10BE4000E000000000000001FFFFF0AFFFFFA000D6
:10BE50000000000000BFFFFA0AFFFFFF70000000B3
:10BE600000008FFFFF30AFFFFFFFA100000001BF08
:10BE7000FFFF900AFFFFFFFFF9521259FFFFFFD0AB
:10BE800000AFFFC7FFFFFFFFFFFFFFFFD1000AFF6B
:10BE9000FC07FFFFFFFFFFFFFFB10000AFFFC00384
:10BEA000CFFFFFFFFFFD5000000AFFFC000038CE6F
:10BEB000FFEB83000000000000000027BDFFFDA68F
:10BEC0001000000000004CFFFFFFFFFFFA10000011
:10BED000001AFFFFFFFFFFFFFFF5000002DFFFFF7B
:10BEE000FFFFFFFFFFFF50001DFFFFFE842135BF56
:10BEF000FFFFF300BFFFFF8000000002CFFFF80547
:10BF0000FFFFF400000000000BFE500DFFFF60007B
:10BF1000000000000080004FFFFB00000000000058
:10BF20000000008FFFF4000000000000000000CFC0
:10BF3000FFF0000000000000000000EFFFC0000064
:10BF400000000000000000FFFFB000000000000043
:10BF5000000000FFFFB0000000000000000000EF44
:10BF6000FFC0000000000000000000CFFFF0000054
:10BF7000000000000000008FFFF40000000000003F
:10BF80000000003FFFFB0000000000000000000D6B
:10BF9000FFFF60000000000000810005FFFFF400CB
:10BFA000000000000BFE5000BFFFFF700000000209
:10BFB000CFFFF8001DFFFFFE842135BFFFFFF20019
:10BFC00002DFFFFFFFFFFFFFFFFF5000001AFFFF30
:10BFD000FFFFFFFFFFF4000000004CFFFFFFFFFF2B
:10BFE000F910000000000027BDFFFDA610000000B2
:10BFF00000000000000000000003FFFF60000000E0
:10C00000000000000000003FFFF6000000000000FC
:10C010000000000003FFFF600000000000000000BF
:10C0200000003FFFF60000000000000000000003D9
:10C03000FFFF60000000000000000000003FFFF66E
:10C040000000000000000000000003FFFF6000008F
:10C0500000000000000000003FFFF60000000000AC
:10C06000000000000003FFFF60000000000000006F
:10C070000000003FFFF60000000049CEFFEB71001A
:10C0800003FFFF60000007EFFFFFFFFFF9103FFF16
:10C09000F600003DFFFFFFFFFFFFFE33FFFF6000E4
:10C0A0004FFFFFFFFFFFFFFFFF7FFFF6002FFFFFA8
:10C0B000FE842136BFFFFFFFFF600DFFFFF700008A
:10C0C00000002DFFFFFFF607FFFFF4000000000057
:10C0D0000BFFFFFF60EFFFF60000000000000DFF08
:10C0E000FFF64FFFFB000000000000003FFFFF696C
:10C0F000FFFF4000000000000000CFFFF6CFFFF080
:10C100000000000000000007FFFF6EFFFC000000C1
:10C1100000000000004FFFF6FFFFB000000000002D
:10C12000000003FFFF6FFFFB0000000000000000A5
:10C130003FFFF6EFFFC00000000000000004FFFF1B
:10C140006CFFFF00000000000000007FFFF69FFF73
:10C15000F4000000000000000CFFFF64FFFFB000CF
:10C16000000000000004FFFFF60EFFFF600000006B
:10C17000000000DFFFFF607FFFFF400000000000C5
:10C18000BFFFFFF600DFFFFF7000000002DFFFFFD0
:10C19000FF6002FFFFFFE842136BFFFFFFFFF600A7
:10C1A00004FFFFFFFFFFFFFFFFF4FFFF600003DF5F
:10C1B000FFFFFFFFFFFFE40FFFF60000007EFFFF21
:10C1C000FFFFFFA100FFFF60000000059CEFFEB72E
:10C1D00020000FFFF60000000049CEFFEB720000C8
:10C1E00000000000007EFFFFFFFFFFB30000000023
:10C1F000002DFFFFFFFFFFFFFF8000000003EFFFA8
:10C20000FFFFFFFFFFFFFA0000002EFFFFF83000E6
:10C2100015CFFFFF900000CFFFFB1000000005EFDF
:10C22000FFF40006FFFFA000000000003EFFFD003D
:10C230000DFFFD00000000000005FFFF504FFFF55F
:10C2400000000000000000CFFFA09FFFE000000002
:10C25000000000006FFFF0CFFFB000000000000002
:10C26000002FFFF2EFFFFFFFFFFFFFFFFFFFFFFFCA
:10C27000F4FFFFFFFFFFFFFFFFFFFFFFFFF5FFFFE3
:10C28000FFFFFFFFFFFFFFFFFFFFF5EFFFC5555566
:10C290005555555555555551CFFFD000000000005C
:10C2A00000000000008FFFF300000000000000000D
:10C2B00000003FFFFA000000000000000000000D39
:10C2C000FFFF4000000000000000000005FFFFF439
:10C2D0000000000000009C000000BFFFFF80000085
:10C2E00000002BFF9000001EFFFFFF9531236BFF26
:10C2F000FFF6000002DFFFFFFFFFFFFFFFFFD2009E
:10C3000000001BFFFFFFFFFFFFFFFC10000000000D
:10C310004CFFFFFFFFFFFD5000000000000027BDA5
:10C32000FFFEC84000000000000000049DEFEC820A
:10C33000000000002CFFFFFFFFF50000002EFFFFB4
:10C34000FFFFFF3000000DFFFFFFDEFFD000000504
:10C35000FFFFD4000286000000AFFFF200000000E3
:10C3600000000DFFFB00000000000000EFFF900048
:10C3700000000000000FFFF800000000000000FFB8
:10C38000FF80000000004FFFFFFFFFFFFFFFF004F2
:10C39000FFFFFFFFFFFFFFFF004FFFFFFFFFFFFF5C
:10C3A000FFF003DDDDFFFFFDDDDDDC0000000FFF42
:10C3B000FA00000000000000FFFFA00000000000E5
:10C3C000000FFFFA00000000000000FFFFA00000C7
:10C3D000000000000FFFFA00000000000000FFFF57
:10C3E000A00000000000000FFFFA000000000000A5
:10C3F00000FFFFA00000000000000FFFFA00000097
:10C4000000000000FFFFA00000000000000FFFFA86
:10C4100000000000000000FFFFA00000000000007E
:10C420000FFFFA00000000000000FFFFA000000066
:10C430000000000FFFFA00000000000000FFFFA056
:10C440000000000000000FFFFA00000000000000E4
:10C45000FFFFA00000000000000FFFFA0000000036
:10C46000000000FFFFA00000000000000FFFFA0026
:10C47000000000000000FFFFA0000000000000001E
:10C480000059CEFFEC830000AFFFB0000019FFFFA2
:10C49000FFFFFFFC400AFFFB00005EFFFFFFFFFF06
:10C4A000FFFF90AFFFB0007FFFFFFFFFFFFFFFFF29
:10C4B000AAFFFB006FFFFFFD8421248EFFFFFFFF1B
:10C4C000B02FFFFFE50000000006FFFFFFFB0BFFA2
:10C4D000FFD1000000000002EFFFFFB2FFFFF100FC
:10C4E000000000000003FFFFFB7FFFF700000000DB
:10C4F00000000009FFFFBBFFFF100000000000006C
:10C50000003FFFFBEFFFD00000000000000000FF35
:10C51000FFBFFFFB00000000000000000DFFFBFF5D
:10C52000FFB00000000000000000DFFFBEFFFD00C4
:10C53000000000000000000FFFFBBFFFF100000043
:10C540000000000003FFFFB8FFFF700000000000C4
:10C5500000009FFFFB2FFFFE200000000000003FB7
:10C56000FFFFB0BFFFFD1000000000002EFFFFFB2B
:10C5700002FFFFFE40000000006FFFFFFFB006FF5C
:10C58000FFFFC7310137DFFFFFFFFB0008FFFFFFA1
:10C59000FFFFFFFFFFFAEFFFB00006FFFFFFFFFF07
:10C5A000FFFFF90EFFFB000001AFFFFFFFFFFFD40D
:10C5B00000EFFFA000000016BEFFFFD940000FFFF4
:10C5C000F90000000000001000000001FFFF8000E3
:10C5D0000000000000000000005FFFF60000000007
:10C5E0000000000000000AFFFF20003000000000F3
:10C5F00000000002FFFFE0001FC20000000000007A
:10C6000000DFFFF8000AFFFA300000000003DFFF40
:10C61000FF1003FFFFFFD95321237BFFFFFF6000C3
:10C620004FFFFFFFFFFFFFFFFFFFFFA000001AFF0C
:10C63000FFFFFFFFFFFFFFFF70000000039FFFFFF2
:10C64000FFFFFFFFFA300000000000036ACDEFFD9E
:10C65000C96100000000AFFFF00000000000000012
:10C6600000000AFFFF00000000000000000000AF13
:10C67000FFF00000000000000000000AFFFF0000C3
:10C680000000000000000000AFFFF000000000000C
:10C69000000000000AFFFF00000000000000000092
:10C6A00000AFFFF00000000000000000000AFFFFE4
:10C6B00000000000000000000000AFFFF0000000DC
:10C6C0000000000000000AFFFF0000000000000062
:10C6D000000000AFFFF000048CEFFEB72000000A5E
:10C6E000FFFF003CFFFFFFFFFFB20000AFFFF09F26
:10C6F000FFFFFFFFFFFFE4000AFFFF9FFFFFFFFFB9
:10C70000FFFFFFF300AFFFFFFFFD853358EFFFFF93
:10C71000E00AFFFFFFF5000000008FFFFF60AFFFA2
:10C72000FFE200000000009FFFFD0AFFFFF4000091
:10C7300000000000EFFFF1AFFFFC00000000000070
:10C7400008FFFF4AFFFF600000000000004FFFF6F7
:10C75000AFFFF200000000000002FFFF7AFFFF00C1
:10C760000000000000001FFFF8AFFFF00000000015
:10C77000000001FFFF8AFFFF000000000000001F13
:10C78000FFF8AFFFF000000000000001FFFF8AFF8C
:10C79000FF000000000000001FFFF8AFFFF00000E6
:10C7A0000000000001FFFF8AFFFF00000000000002
:10C7B000001FFFF8AFFFF000000000000001FFFFC6
:10C7C0008AFFFF000000000000001FFFF8AFFFF02D
:10C7D00000000000000001FFFF8AFFFF00000000D2
:10C7E0000000001FFFF8AFFFF00000000000000194
:10C7F000FFFF8AFFFF000000000000001FFFF8AFEE
:10C80000FFF000000000000001FFFF8AFFFF0000B2
:10C8100000000000001FFFF8003750008FFFD13FDD
:10C82000FFFF96FFFFFB4FFFFF90AFFFE100586156
:10C83000000000000000000000000000000000AF49
:10C84000FFF00AFFFF00AFFFF00AFFFF00AFFFF0AD
:10C850000AFFFF00AFFFF00AFFFF00AFFFF00AFF83
:10C86000FF00AFFFF00AFFFF00AFFFF00AFFFF007D
:10C87000AFFFF00AFFFF00AFFFF00AFFFF00AFFFBE
:10C88000F00AFFFF00AFFFF00AFFFF00AFFFF00A62
:10C89000FFFF00AFFFF00AFFFF00000000000026CE
:10C8A00061000000000005FFFF30000000000FFFE6
:10C8B000FFD0000000002FFFFFF0000000000FFF7E
:10C8C000FFD00000000006FFFF400000000000381D
:10C8D00072000000000000000000000000000000E6
:10C8E0000000000000000000000000000000000048
:10C8F00000000000000006FFFF300000000006FFFF
:10C90000FF300000000006FFFF300000000006FFBF
:10C91000FF300000000006FFFF300000000006FFAF
:10C92000FF300000000006FFFF300000000006FF9F
:10C93000FF300000000006FFFF300000000006FF8F
:10C94000FF300000000006FFFF300000000006FF7F
:10C95000FF300000000006FFFF300000000006FF6F
:10C96000FF300000000006FFFF300000000006FF5F
:10C97000FF300000000006FFFF300000000006FF4F
:10C98000FF300000000006FFFF300000000006FF3F
:10C99000FF300000000006FFFF300000000006FF2F
:10C9A000FF300000000006FFFF300000000006FF1F
:10C9B000FF300000000006FFFF300000000006FF0F
:10C9C000FF300000000006FFFF300000000007FFFE
:10C9D000FF20000000000AFFFF00000000002FFF02
:10C9E000FD0003D51004DFFFF70009FFFFFFFFFF85
:10C9F000E1001FFFFFFFFFFF40003EFFFFFFFFE4DE
:10CA00000000016BEFFEB6000000AFFFF000000079
:10CA100000000000000000AFFFF000000000000078
:10CA200000000000AFFFF000000000000000000068
:10CA300000AFFFF000000000000000000000AFFFAA
:10CA4000F000000000000000000000AFFFF0000058
:10CA50000000000000000000AFFFF0000000000038
:10CA60000000000000AFFFF0000000000000000028
:10CA70000000AFFFF000000000000000000000AF69
:10CA8000FFF000000000000000000000AFFFF00019
:10CA90000000000000AFFFFD10AFFFF0000000003D
:10CAA000000BFFFFD100AFFFF00000000001CFFF3F
:10CAB000FD1000AFFFF0000000001DFFFFD10000DF
:10CAC000AFFFF000000001DFFFFD100000AFFFF03E
:10CAD0000000002EFFFFD1000000AFFFF0000003B8
:10CAE000EFFFFD10000000AFFFF000003FFFFFD19F
:10CAF00000000000AFFFF00004FFFFFD1000000089
:10CB000000AFFFF0005FFFFFD10000000000AFFFAB
:10CB1000F006FFFFFE100000000000AFFFF07FFFF7
:10CB2000FFFF400000000000AFFFF8FFFFFFFFE243
:10CB30000000000000AFFFFFFFFFFFFFFC00000050
:10CB40000000AFFFFFFFFA5FFFFF9000000000AFA3
:10CB5000FFFFFF9008FFFFF600000000AFFFFFF8A7
:10CB60000000BFFFFF20000000AFFFFF7000001DAE
:10CB7000FFFFD0000000AFFFF600000002FFFFFA49
:10CB8000000000AFFFF0000000005FFFFF7000003A
:10CB9000AFFFF00000000008FFFFF30000AFFFF060
:10CBA0000000000000BFFFFE1000AFFFF00000001B
:10CBB00000001EFFFFC000AFFFF0000000000003F8
:10CBC000FFFFF800AFFFF00000000000006FFFFF64
:10CBD00050AFFFF000000000000009FFFFF2AFFFC0
:10CBE000FAFFFFAFFFFAFFFFAFFFFAFFFFAFFFFA59
:10CBF000FFFFAFFFFAFFFFAFFFFAFFFFAFFFFAFF44
:10CC0000FFAFFFFAFFFFAFFFFAFFFFAFFFFAFFFF33
:10CC1000AFFFFAFFFFAFFFFAFFFFAFFFFAFFFFAF73
:10CC2000FFFAFFFFAFFFFAFFFFAFFFFAFFFFAFFF13
:10CC3000FAFFFFAFFFFAFFFFAFFFC00005ADFFFD3A
:10CC4000A500000000028BEFFEC84000000AFFFCB8
:10CC5000006EFFFFFFFFFE5000003CFFFFFFFFFFE5
:10CC6000C30000AFFFC0BFFFFFFFFFFFFF90008FBB
:10CC7000FFFFFFFFFFFFF6000AFFFCAFFFFFFFFF14
:10CC8000FFFFFF809FFFFFFFFFFFFFFFF500AFFFEC
:10CC9000FFFFFC74346BFFFFFF9FFFFFB64347CFDE
:10CCA000FFFFF10AFFFFFFE400000004EFFFFFFFBA
:10CCB000FC200000006FFFFF80AFFFFFE1000000DD
:10CCC0000003FFFFFFFC00000000006FFFFE0AFFF3
:10CCD000FFF300000000000AFFFFFF10000000004B
:10CCE00000DFFFF2AFFFFB0000000000003FFFFF8E
:10CCF00090000000000006FFFF6AFFFF60000000D8
:10CD0000000000FFFFF30000000000003FFFF7AF4E
:10CD1000FFF20000000000000EFFFF000000000016
:10CD20000001FFFF8AFFFF00000000000000DFFF9E
:10CD3000E00000000000000FFFF9AFFFF00000006E
:10CD40000000000DFFFD00000000000000FFFF9A42
:10CD5000FFFF00000000000000DFFFC00000000037
:10CD600000000FFFF9AFFFF00000000000000DFF12
:10CD7000FC00000000000000FFFF9AFFFF00000021
:10CD800000000000DFFFC00000000000000FFFF9FE
:10CD9000AFFFF00000000000000DFFFC00000000ED
:10CDA000000000FFFF9AFFFF00000000000000DF0E
:10CDB000FFC00000000000000FFFF9AFFFF000000F
:10CDC000000000000DFFFC00000000000000FFFF5D
:10CDD0009AFFFF00000000000000DFFFC00000001D
:10CDE0000000000FFFF9AFFFF00000000000000D91
:10CDF000FFFC00000000000000FFFF9AFFFF0000A2
:10CE00000000000000DFFFC00000000000000FFF76
:10CE1000F9AFFFF00000000000000DFFFC00000073
:10CE200000000000FFFF9AFFFF000000000000006C
:10CE3000DFFFC00000000000000FFFF9AFFFF000AF
:10CE400000000000000DFFFC00000000000000FFDB
:10CE5000FF9AFFFF00000000000000DFFFC000009D
:10CE6000000000000FFFF9AFFFC000049CEFFEB709
:10CE70002000000AFFFC004DFFFFFFFFFFB2000093
:10CE8000AFFFC0AFFFFFFFFFFFFFE4000AFFFC9F03
:10CE9000FFFFFFFFFFFFFFF300AFFFFFFFFD853345
:10CEA00058EFFFFFE00AFFFFFFF5000000008FFFD3
:10CEB000FF60AFFFFFE200000000009FFFFD0AFFE0
:10CEC000FFF4000000000000EFFFF1AFFFFC0000E6
:10CED0000000000008FFFF4AFFFF600000000000A4
:10CEE000004FFFF6AFFFF200000000000002FFFF5E
:10CEF0007AFFFF000000000000001FFFF8AFFFF006
:10CF000000000000000001FFFF8AFFFF000000009A
:10CF10000000001FFFF8AFFFF0000000000000015C
:10CF2000FFFF8AFFFF000000000000001FFFF8AFB6
:10CF3000FFF000000000000001FFFF8AFFFF00007B
:10CF400000000000001FFFF8AFFFF000000000002D
:10CF50000001FFFF8AFFFF000000000000001FFF2C
:10CF6000F8AFFFF000000000000001FFFF8AFFFFA4
:10CF7000000000000000001FFFF8AFFFF0000000FD
:10CF800000000001FFFF8AFFFF000000000000001A
:10CF90001FFFF8AFFFF000000000000001FFFF8A54
:10CFA000FFFF000000000000001FFFF8000000006D
:10CFB00038BEFFEDA61000000000000005DFFFFFF7
:10CFC000FFFFFF9100000000001BFFFFFFFFFFFFBE
:10CFD000FFF6000000002EFFFFFFFFFFFFFFFFF83E
:10CFE0000000001EFFFFFE842125AFFFFFF70000B9
:10CFF0000CFFFFF7000000002DFFFFF30006FFFF0E
:10D00000F400000000000AFFFFD000DFFFF6000080
:10D01000000000000DFFFF504FFFFB00000000006C
:10D0200000003FFFFB08FFFF400000000000000081
:10D03000CFFFF0CFFFF00000000000000007FFFF6F
:10D040003EFFFC00000000000000004FFFF6FFFF65
:10D05000B00000000000000003FFFF7FFFFB0000A6
:10D060000000000000003FFFF6EFFFC000000000DE
:10D0700000000004FFFF6CFFFF0000000000000044
:10D08000007FFFF38FFFF4000000000000000CFFA2
:10D09000FF03FFFFB000000000000004FFFFB00D21
:10D0A000FFFF60000000000000DFFFF5005FFFFFF2
:10D0B000400000000000BFFFFD0000BFFFFF700048
:10D0C000000002DFFFFF300001EFFFFFE842125ACD
:10D0D000FFFFFF70000002DFFFFFFFFFFFFFFFFF0A
:10D0E0008000000001BFFFFFFFFFFFFFFE500000B8
:10D0F0000000005DFFFFFFFFFFF9100000000000CF
:10D1000000038BEFFEDA6100000000AFFFC00003F8
:10D110008CEFFEB8300000000AFFFC003CFFFFFF70
:10D12000FFFFD5000000AFFFC08FFFFFFFFFFFFF35
:10D13000FA10000AFFFC8FFFFFFFFFFFFFFFFD104B
:10D1400000AFFFFFFFFF9521259FFFFFFD000AFFB6
:10D15000FFFFFB100000001BFFFFF900AFFFFFF80F
:10D16000000000000007FFFFF30AFFFFFA000000C5
:10D170000000000AFFFFA0AFFFFE1000000000004B
:10D18000001EFFFF0AFFFF80000000000000008F6C
:10D19000FFF5AFFFF30000000000000003FFFF8A6F
:10D1A000FFFF00000000000000000FFFFAAFFFF0DB
:10D1B0000000000000000000FFFFBAFFFF000000B9
:10D1C00000000000000FFFFBAFFFF00000000000B8
:10D1D000000000FFFFAAFFFF300000000000000079
:10D1E0003FFFF7AFFFF80000000000000008FFFF5E
:10D1F0004AFFFFE000000000000001FFFFF0AFFF6A
:10D20000FFA0000000000000BFFFFA0AFFFFFF7050
:10D2100000000000008FFFFF30AFFFFFFFA1000004
:10D220000001BFFFFF900AFFFFFFFFF9521259FFF5
:10D23000FFFFD000AFFFF5FFFFFFFFFFFFFFFFD1B4
:10D24000000AFFFF05FFFFFFFFFFFFFFB10000AF78
:10D25000FFF002BFFFFFFFFFFD5000000AFFFF00CD
:10D260000038CEFFEB8300000000AFFFF0000000AD
:10D27000000000000000000AFFFF000000000000A6
:10D280000000000000AFFFF0000000000000000000
:10D2900000000AFFFF000000000000000000000086
:10D2A000AFFFF0000000000000000000000AFFFFD8
:10D2B0000000000000000000000000AFFFF00000D0
:10D2C00000000000000000000AFFFF000000000056
:10D2D000000000000000AFFFF000000000000000B0
:10D2E000000000000000000049CEFFEB720000FFCC
:10D2F000FF60000007EFFFFFFFFFFA100FFFF600CF
:10D30000003DFFFFFFFFFFFFFF40FFFF60004FFFFB
:10D31000FFFFFFFFFFFFFF5FFFF6002FFFFFFE8411
:10D320002136BFFFFFFFFF600DFFFFF70000000089
:10D330003DFFFFFFF607FFFFF400000000000BFFBA
:10D34000FFFF60EFFFF60000000000001EFFFFF689
:10D350004FFFFB000000000000004FFFFF69FFFFD0
:10D360004000000000000000CFFFF6CFFFF00000FB
:10D37000000000000007FFFF6EFFFC00000000003F
:10D380000000004FFFF6FFFFB000000000000000AB
:10D3900003FFFF6FFFFB00000000000000003FFFE5
:10D3A000F6EFFFC00000000000000004FFFF6CFF6C
:10D3B000FF00000000000000007FFFF69FFFF40068
:10D3C0000000000000000CFFFF64FFFFB000000041
:10D3D00000000004FFFFF60EFFFF600000000000E9
:10D3E00000DFFFFF607FFFFF400000000000BFFF85
:10D3F000FFF600DFFFFF7000000002DFFFFFFF60AD
:10D4000002FFFFFFE842136BFFFFFFFFF60004FF80
:10D41000FFFFFFFFFFFFFFE6FFFF600003DFFFFFEF
:10D42000FFFFFFFFE23FFFF60000007EFFFFFFFF70
:10D43000FF8003FFFF60000000059CEFFEB71000B7
:10D440003FFFF60000000000000000000003FFFFA7
:10D4500060000000000000000000003FFFF6000038
:10D46000000000000000000003FFFF60000000005B
:10D470000000000000003FFFF60000000000000078
:10D4800000000003FFFF600000000000000000003B
:10D49000003FFFF60000000000000000000003FF56
:10D4A000FF60000000000000000000003FFFF600E9
:10D4B00000000000000000000003FFFF60AFFFC09D
:10D4C00000049CEF0AFFFC005EFFFFF0AFFFC09F6F
:10D4D000FFFFFF0AFFFC7FFFFFFFF0AFFFEFFFFF43
:10D4E000D9880AFFFFFFFA200000AFFFFFF6000017
:10D4F000000AFFFFF800000000AFFFFE0000000080
:10D500000AFFFF8000000000AFFFF4000000000AE7
:10D51000FFFF1000000000AFFFF0000000000AFF56
:10D52000FF0000000000AFFFF0000000000AFFFF56
:10D530000000000000AFFFF0000000000AFFFF0045
:10D5400000000000AFFFF0000000000AFFFF000035
:10D55000000000AFFFF0000000000AFFFF00000025
:10D560000000AFFFF0000000000AFFFF0000000015
:10D5700000AFFFF0000000000AFFFF000000000005
:10D5800000000038BDEFFEC961000000004DFFFF44
:10D59000FFFFFFFFC5000009FFFFFFFFFFFFFFFFC9
:10D5A00090009FFFFFFFFFFFFFFFFF3004FFFFFB27
:10D5B00052000148DFFA000AFFFF6000000000048B
:10D5C000C2000EFFFB00000000000000000FFFF98A
:10D5D00000000000000000000FFFFC000000000041
:10D5E0000000000CFFFF800000000000000007FFAB
:10D5F000FFFD8400000000000000DFFFFFFFFDA72B
:10D6000040000000001BFFFFFFFFFFFFC6000000FF
:10D61000005DFFFFFFFFFFFFE300000000269CFF0F
:10D62000FFFFFFFF5000000000000258DFFFFFF186
:10D630000000000000000003DFFFF6000000000013
:10D640000000003FFFF900000000000000000FFF95
:10D65000FA01600000000000002FFFF808FD5000F4
:10D6600000000000BFFFF51FFFFFA73210137DFF72
:10D67000FFE09FFFFFFFFFFFFFFFFFFF403DFFFFBA
:10D68000FFFFFFFFFFFFF400005CFFFFFFFFFFFF56
:10D69000FA10000000158CDEFFEC96100000000070
:10D6A00007888500000000000000FFFFA0000000C8
:10D6B0000000000FFFFA00000000000000FFFFA0C4
:10D6C0000000000000000FFFFA0000000000000052
:10D6D000FFFFA0000000004FFFFFFFFFFFFFFFF074
:10D6E00004FFFFFFFFFFFFFFFF004FFFFFFFFFFFF4
:10D6F000FFFFF003DDDDFFFFFDDDDDDC0000000FDF
:10D70000FFFA00000000000000FFFFA00000000082
:10D7100000000FFFFA00000000000000FFFFA00063
:10D7200000000000000FFFFA00000000000000FFF2
:10D73000FFA00000000000000FFFFA000000000042
:10D740000000FFFFA00000000000000FFFFA000033
:10D750000000000000FFFFA00000000000000FFF1D
:10D76000FA00000000000000FFFFA0000000000021
:10D77000000FFFFA00000000000000FFFFA0000003
:10D78000000000000EFFFB00000000000000DFFFB3
:10D79000E00000000000000AFFFF50000000000051
:10D7A000005FFFFF71003A80000000DFFFFFFFFF16
:10D7B000FE00000003FFFFFFFFFFF500000003EF86
:10D7C000FFFFFFFE40000000006AEFFEB600EFFF23
:10D7D000B000000000000008FFFF1EFFFB0000007B
:10D7E000000000008FFFF1EFFFB00000000000001C
:10D7F00008FFFF1EFFFB000000000000008FFFF18C
:10D80000EFFFB000000000000008FFFF1EFFFB005C
:10D810000000000000008FFFF1EFFFB000000000EB
:10D82000000008FFFF1EFFFB000000000000008F4B
:10D83000FFF1EFFFB000000000000008FFFF1EFF37
:10D84000FB000000000000008FFFF1EFFFB00000C0
:10D850000000000008FFFF1EFFFB000000000000AA
:10D86000008FFFF1EFFFB000000000000008FFFF95
:10D870001EFFFB000000000000008FFFF1DFFFC073
:10D8800000000000000009FFFF1DFFFC0000000079
:10D89000000000BFFFF1CFFFF00000000000000F0C
:10D8A000FFFF1AFFFF30000000000005FFFFF16FCF
:10D8B000FFF9000000000000DFFFFF12FFFFF30090
:10D8C000000000009FFFFFF10BFFFFE400000001DC
:10D8D000AFFFFFFF104FFFFFFC74346AFFFFFFFF35
:10D8E000F1007FFFFFFFFFFFFFFFE7FFFF10008F4B
:10D8F000FFFFFFFFFFFFE34FFFF100004CFFFFFFC3
:10D90000FFFF9104FFFF100000048CEFFEB7200022
:10D910004FFFF10DFFFE00000000000000000DFFB2
:10D92000FA07FFFF50000000000000004FFFF30166
:10D93000FFFFB000000000000000BFFFC0009FFF1D
:10D94000F200000000000002FFFF60002FFFF9005E
:10D95000000000000008FFFE00000BFFFF000000B9
:10D960000000000FFFF8000004FFFF60000000004F
:10D97000006FFFF1000000DFFFD00000000000DFBB
:10D98000FFA00000007FFFF40000000004FFFF3054
:10D990000000001FFFFA000000000BFFFC00000069
:10D9A0000009FFFF100000002FFFF600000000023A
:10D9B000FFFF800000008FFFE00000000000BFFFBD
:10D9C000E0000000FFFF8000000000004FFFF500B6
:10D9D0000006FFFF1000000000000DFFFC00000D1E
:10D9E000FFFA00000000000007FFFF30004FFFF3C8
:10D9F00000000000000001FFFF9000BFFFC000001A
:10DA000000000000009FFFF102FFFF600000000027
:10DA10000000002FFFF708FFFE00000000000000DC
:10DA2000000BFFFD0FFFF8000000000000000005E4
:10DA3000FFFFBFFFF1000000000000000000DFFF5B
:10DA4000FFFFA00000000000000000007FFFFFFFBC
:10DA5000300000000000000000001FFFFFFD00007C
:10DA6000000000000000000009FFFFF600000000B9
:10DA700000000000000002FFFFE000000000008F37
:10DA8000FFD000000000000007FFFC0000000000C5
:10DA900000007FFFA2FFFF30000000000000DFFF5A
:10DAA000F20000000000000DFFF40CFFF800000081
:10DAB0000000003FFFFF80000000000002FFFE00AA
:10DAC0007FFFE0000000000009FFFFFD00000000F4
:10DAD00000008FFF9001FFFF400000000000EFFFFB
:10DAE000FFF300000000000EFFF3000BFFF9000041
:10DAF0000000004FFFFFFF900000000004FFFD004A
:10DB0000005FFFF0000000000AFFFCFFFE000000C5
:10DB10000000AFFF700000FFFF5000000001FFFF9A
:10DB20002EFFF5000000000FFFF100000AFFFB00D0
:10DB30000000006FFFC09FFFB000000005FFFC0069
:10DB400000004FFFF10000000CFFF603FFFF100084
:10DB50000000BFFF60000000EFFF60000002FFFF59
:10DB6000000DFFF60000001FFFF000000008FFFCA2
:10DB70000000008FFF90007FFFC0000007FFFA0049
:10DB80000000002FFFF100000EFFF30001FFFF2057
:10DB90000000DFFF4000000000CFFF700004FFFD29
:10DBA00000000BFFF800002FFFE00000000007FF5F
:10DBB000FD0000AFFF7000005FFFD00008FFF8001D
:10DBC000000000001FFFF3000FFFF1000000FFFF47
:10DBD0003000EFFF300000000000BFFF8006FFFBB9
:10DBE00000000009FFF9004FFFD000000000000511
:10DBF000FFFE00CFFF500000003FFFE00AFFF700EC
:10DC000000000000000FFFF42FFFF000000000DF15
:10DC1000FF50FFFF100000000000009FFF98FFF979
:10DC20000000000007FFFA5FFFB0000000000000E6
:10DC300004FFFFEFFF30000000001FFFFCFFF500B6
:10DC40000000000000000EFFFFFFD00000000000F9
:10DC5000BFFFFFFF00000000000000008FFFFFF784
:10DC6000000000000005FFFFFFA000000000000012
:10DC70000002FFFFFF1000000000000FFFFFF40094
:10DC8000000000000000000CFFFFB00000000000DA
:10DC9000009FFFFE0000000000000000006FFFF585
:10DCA00000000000000004FFFF800000000007FFEC
:10DCB000FFA0000000000002FFFFD000BFFFF60041
:10DCC000000000000DFFFF30001EFFFF20000000DD
:10DCD000009FFFF6000003FFFFD000000005FFFFDC
:10DCE000A00000007FFFFA0000002FFFFD000000F1
:10DCF000000BFFFF600000CFFFF20000000001EF0B
:10DD0000FFF20009FFFF6000000000003FFFFD0080
:10DD10005FFFFA00000000000007FFFFA1EFFFD047
:10DD200000000000000000BFFFFEFFFF2000000019
:10DD3000000000001EFFFFFFF500000000000000D3
:10DD40000003FFFFFF900000000000000000008FB4
:10DD5000FFFE00000000000000000000DFFFFF40A9
:10DD600000000000000000000AFFFFFFE2000000CA
:10DD700000000000006FFFFFFFFC0000000000003B
:10DD80000003FFFFD7FFFF900000000000000DFF21
:10DD9000FF30AFFFF5000000000000AFFFF6001EEF
:10DDA000FFFF200000000006FFFFA00003FFFFD0E0
:10DDB000000000003FFFFD0000007FFFFA000000B0
:10DDC00001DFFFF30000000BFFFF6000000AFFFF10
:10DDD0006000000001EFFFF300007FFFFA00000089
:10DDE00000004FFFFD0003FFFFD00000000000080F
:10DDF000FFFFA01EFFFF30000000000000CFFFF774
:10DE000000DFFFE00000000000000000DFFFA006D0
:10DE1000FFFF50000000000000004FFFF3000FFF65
:10DE2000FC000000000000000BFFFC00008FFFF36F
:10DE300000000000000002FFFF500001FFFFA000F3
:10DE400000000000009FFFE000000AFFFF1000003C
:10DE50000000000FFFF70000003FFFF80000000087
:10DE60000007FFFF00000000CFFFE00000000000FF
:10DE7000DFFF9000000005FFFF60000000004FFF83
:10DE8000F2000000000DFFFD000000000BFFFA0093
:10DE9000000000006FFFF400000002FFFF300000F0
:10DEA000000000FFFFB00000009FFFC00000000066
:10DEB0000008FFFF2000001FFFF500000000000029
:10DEC0001FFFF9000007FFFE00000000000000AF88
:10DED000FFF10000EFFF7000000000000003FFFFF3
:10DEE00070005FFFF1000000000000000CFFFE006A
:10DEF0000CFFF900000000000000005FFFF503FFC9
:10DF0000FF200000000000000000DFFFC0AFFFB0F6
:10DF1000000000000000000007FFFF5FFFF40000AA
:10DF2000000000000000000FFFFFFFFD00000000E8
:10DF30000000000000008FFFFFFF600000000000F5
:10DF40000000000001FFFFFFE000000000000000F3
:10DF50000000000AFFFFF8000000000000000000C1
:10DF600000003FFFFF100000000000000000000064
:10DF700000FFFFA000000000000000000000006F94
:10DF8000FFF200000000000000000000000DFFFB99
:10DF9000000000000000000000000006FFFF40003D
:10DFA00000000000000450000002FFFFC00000005D
:10DFB00000000000DFB41027EFFFF30000000000B6
:10DFC00000006FFFFFFFFFFFF900000000000000EE
:10DFD0000DFFFFFFFFFFFB00000000000000002C12
:10DFE000FFFFFFFFF8000000000000000000038CAE
:10DFF000EFEC820000000000000000000CFFFFFFBB
:10E00000FFFFFFFFFFFFFD00CFFFFFFFFFFFFFFF51
:10E01000FFFFD00CFFFFFFFFFFFFFFFFFFFD00AD85
:10E02000DDDDDDDDDDDDDFFFFF7000000000000075
:10E030000009FFFFB00000000000000005FFFFD155
:10E040000000000000000002FFFFF20000000000DE
:10E05000000001DFFFF50000000000000000BFFF2E
:10E06000F900000000000000008FFFFC000000002D
:10E07000000000004FFFFE10000000000000002E16
:10E08000FFFF30000000000000000DFFFF600000F7
:10E0900000000000000AFFFFA000000000000000D8
:10E0A00006FFFFC00000000000000003FFFFE200C9
:10E0B00000000000000001EFFFF40000000000007D
:10E0C0000000CFFFF700000000000000008FFFFB02
:10E0D00000000000000000005FFFFD0000000000E5
:10E0E0000000002FFFFF20000000000000000DFFD7
:10E0F000FF50000000000000000BFFFFFDDDDDDD34
:10E10000DDDDDDDD31FFFFFFFFFFFFFFFFFFFFF381
:10E110001FFFFFFFFFFFFFFFFFFFFF31FFFFFFFFBD
:10E12000FFFFFFFFFFFFF3000000017BEFFF000098
:10E13000004EFFFFFF000003FFFFFFFF00000CFF8A
:10E14000FFFFDC00001FFFFF700000004FFFFA0020
:10E150000000006FFFF5000000006FFFF3000000FB
:10E16000006FFFF3000000006FFFF3000000006F7E
:10E17000FFF3000000006FFFF3000000006FFFF3EB
:10E18000000000006FFFF3000000006FFFF30000CD
:10E1900000006FFFF3000000006FFFF300000000BD
:10E1A0006FFFF2000000008FFFF100000002EFFFA0
:10E1B000F000003EEFFFFF9000004FFFFFF900006E
:10E1C000004FFFFFE70000004FFFFFFF700000005F
:10E1D00004FFFFE0000000009FFFF1000000006F5F
:10E1E000FFF2000000006FFFF3000000006FFFF37C
:10E1F000000000006FFFF3000000006FFFF300005D
:10E2000000006FFFF3000000006FFFF3000000004C
:10E210006FFFF3000000006FFFF3000000006FFFCE
:10E22000F3000000006FFFF3000000006FFFF30039
:10E230000000005FFFF5000000004FFFFA00000043
:10E24000001FFFFF800000000BFFFFFFDC0000024B
:10E25000FFFFFFFF0000004EFFFFFF000000017BFB
:10E26000EFFFFFFF5FFFF5FFFF5FFFF5FFFF5FFFC2
:10E27000F5FFFF5FFFF5FFFF5FFFF5FFFF5FFFF5B6
:10E28000FFFF5FFFF5FFFF5FFFF5FFFF5FFFF5FF9C
:10E29000FF5FFFF5FFFF5FFFF5FFFF5FFFF5FFFF8C
:10E2A0005FFFF5FFFF5FFFF5FFFF5FFFF5FFFF5F1C
:10E2B000FFF5FFFF5FFFF5FFFF5FFFF5FFFF5FFF6C
:10E2C000F5FFFF5FFFF5FFFF5FFFF5FFFF5FFFF566
:10E2D000FFFF501FFFEB6000000001FFFFFFE300A6
:10E2E00000001FFFFFFFE2000001DEFFFFFFA000B4
:10E2F0000000019FFFFF0000000000BFFFF30000CF
:10E30000000006FFFF40000000004FFFF500000086
:10E310000004FFFF50000000004FFFF50000000068
:10E3200004FFFF50000000004FFFF5000000000454
:10E33000FFFF50000000004FFFF50000000004FF49
:10E34000FF50000000004FFFF50000000004FFFF39
:10E3500050000000004FFFF50000000003FFFF60C9
:10E36000000000001FFFFD1000000000CFFFFFEEC7
:10E3700000000001BFFFFFF100000008FFFFFF10D9
:10E38000000009FFFFFFF1000001FFFFE3000000B4
:10E39000003FFFF70000000004FFFF5000000000F6
:10E3A0004FFFF50000000004FFFF50000000004F89
:10E3B000FFF50000000004FFFF50000000004FFFC9
:10E3C000F50000000004FFFF50000000004FFFF5C3
:10E3D0000000000004FFFF50000000004FFFF500A8
:10E3E00000000004FFFF50000000005FFFF4000089
:10E3F000000007FFFF4000000000CFFFF200000018
:10E40000019FFFFE000001DEFFFFFF9000001FFFE5
:10E41000FFFFE1000001FFFFFFD20000001FFFEB44
:10E42000600000000000001588610000000000444A
:10E43000400005FFFFFF9000000000FFF1006FFFAC
:10E44000FFFFFD20000002FFF001FFFFFFFFFFE3E1
:10E45000000009FFD008FFF9104DFFFF60003FFFEB
:10E46000900CFFB00000BFFFFDABFFFF300FFF308F
:10E47000000009FFFFFFFFF9002FFF000000005E12
:10E48000FFFFFFB0002AA900000000018DFEC600BA
:10E490000000000268862000000002CFFFFFFC3071
:10E4A00000005FFFFFFFFFF60003FFFA30039FFF4E
:10E4B000400DFF50000005FFE15FF8000000008FF5
:10E4C000F7AFF1000000001FFCCFE0000000000DDE
:10E4D000FEDFD0000000000DFEBFF0000000000FC6
:10E4E000FD7FF5000000005FF92FFE10000001EF36
:10E4F000F308FFD400003DFF9000BFFFDAADFFFC42
:10E50000000008FFFFFFFF9000000039DFFD9300CF
:10E5100000005BDC60009FFFFF905FFFFFFF5BFF81
:10E52000FFFFFBCFFFFFFFDBFFFFFFFB6FFFFFFFE7
:10E5300060BFFFFFB0007DFD800000000000000014
:10E5400000000000000000000000000000000000CB
:10E5500000000000000000000000000000000000BB
:10E56000000000000000015AEE80000000000000E2
:10E570000000000000000000000000000027CFFFA6
:10E58000FFF9000000000000000000000000000093
:10E59000000000049EFFFFFFFFFE000000000000DF
:10E5A000000000000000000000016BFFFFFFFFFF04
:10E5B000FFFF00000000000000000000000000005D
:10E5C00038DFFFFFFFFFFFFFFFFF0000000000003C
:10E5D00000000000000015AEFFFFFFFFFFFFFFFF80
:10E5E000FFFF00000000000000000000027CFFFFB1
:10E5F000FFFFFFFFFFFFFFFFFFFF00000000000025
:10E6000000000049EFFFFFFFFFFFFFFFFFFFFFFFDD
:10E61000FFFF0000000000000026BFFFFFFFFFFF1C
:10E62000FFFFFFFFFFFFFFFFFFFF000000000000F4
:10E630001BFFFFFFFFFFFFFFFFFFFFFFFFFFFFFFCE
:10E64000FFFF000000000000BFFFFFFFFFFFFFFF14
:10E65000FFFFFFFFFFFFFFFFFFFF000000000000C4
:10E66000FFFFFFFFFFFFFFFFFFFFFFFFFFFFFFFFBA
:10E67000FFFF000000000000FFFFFFFFFFFFFFFFA4
:10E68000FFFFFFFFFFFFFFFFFFFF00000000000094
:10E69000FFFFFFFFFFFFFFFFFFFFFFFFFFFC72FF1A
:10E6A000FFFF000000000000FFFFFFFFFFFFFFFF74
:10E6B000FFFFFFFEA51000FFFFFF000000000000AD
:10E6C000FFFFFFFFFFFFFFFFFFFFD830000000FF4D
:10E6D000FFFF000000000000FFFFFFFFFFFFFFFF44
:10E6E000FB610000000000FFFFFF000000000000D1
:10E6F000FFFFFFFFFFFFFD9400000000000000FF90
:10E70000FFFF000000000000FFFFFFFFFFB7200039
:10E7100000000000000000FFFFFF000000000000FC
:10E72000FFFFFFE95000000000000000000000FFB4
:10E73000FFFF000000000000FFFFFF0000000000DE
:10E7400000000000000000FFFFFF000000000000CC
:10E75000FFFFFF000000000000000000000000FFBD
:10E76000FFFF000000000000FFFFFF0000000000AE
:10E7700000000000000000FFFFFF0000000000009C
:10E78000FFFFFF000000000000000000000000FF8D
:10E79000FFFF000000000000FFFFFF00000000007E
:10E7A00000000000000000FFFFFF0000000000006C
:10E7B000FFFFFF000000000000000000000000FF5D
:10E7C000FFFF000000000000FFFFFF00000000004E
:10E7D00000000000000000FFFFFF0000000000003C
:10E7E000FFFFFF000000000000000000000000FF2D
:10E7F000FFFF000000000000FFFFFF00000000001E
:10E8000000000000000000FFFFFF0000000000000B
:10E81000FFFFFF000000000000000000000000FFFC
:10E82000FFFF000000000000FFFFFF0000000000ED
:10E8300000000038CEFFEBFFFFFF000000000000EB
:10E84000FFFFFF000000000000002BFFFFFFFFFFA5
:10E85000FFFF000000000000FFFFFF0000000000BD
:10E860000005FFFFFFFFFFFFFFFF000000000000AB
:10E87000FFFFFF0000000000003FFFFFFFFFFFFF62
:10E88000FFFF000000000000FFFFFF00000000008D
:10E8900000BFFFFFFFFFFFFFFFFF000000000000C1
:10E8A000FFFFFF000000000000EFFFFFFFFFFFFF82
:10E8B000FFFF000038CEFFEBFFFFFF00000000006D
:10E8C00000EFFFFFFFFFFFFFFFFE002BFFFFFFFF3B
:10E8D000FFFFFF000000000000BFFFFFFFFFFFFF82
:10E8E000FFFB05FFFFFFFFFFFFFFFF000000000031
:10E8F000003FFFFFFFFFFFFFFFF33FFFFFFFFFFFB3
:10E90000FFFFFF00000000000005FFFFFFFFFFFF0B
:10E91000FF50BFFFFFFFFFFFFFFFFF0000000000F1
:10E9200000002BFFFFFFFFFFB200EFFFFFFFFFFF25
:10E93000FFFFFF000000000000000038CEFFEC8366
:10E940000000EFFFFFFFFFFFFFFFFE0000000000E1
:10E9500000000000000000000000BFFFFFFFFFFFFD
:10E96000FFFFFB00000000000000000000000000AE
:10E9700000003FFFFFFFFFFFFFFFF300000000006C
:10E980000000000000000000000005FFFFFFFFFF87
:10E99000FFFF500000000000000000000000000029
:10E9A0000000002BFFFFFFFFFFB20000000000008F
:10E9B00000000000000000000000000038CEFFEC66
:10E9C00083000000000000000000000000000000C4
:10E9D00000003DF000000FFFFFFFFFFFFFFFFFFF04
:10E9E000FFFFFFFFFFF000000FD3DFF000000FFF7D
:10E9F000FFFFFFFFFFFFFFFFFFFFFFFFFFF0000034
:10EA00000FFDFFF300003FFFFFFFFFFFFFFFFFFFD2
:10EA1000FFFFFFFFFFF300003FFFFFFFFFFFFFFFD0
:10EA2000FFFFFFFFFFFFFFFFFFFFFFFFFFFFFFFFF6
:10EA3000FFFFFFFFFFFFFFFFFE8888888888888828
:10EA4000888888EFFFFFFFFFFFFFFFFFFFFFFFFF4B
:10EA5000F8000000000000000000008FFFFFFFFF33
:10EA6000FFFFFFF300003FFFF80000000000000080
:10EA70000000008FFFF300003FFFFFF000000FFFDA
:10EA8000F8000000000000000000008FFFF0000010
:10EA90000FFFFFF000000FFFF80000000000000073
:10EAA0000000008FFFF000000FFFFFF000000FFFDD
:10EAB000F8000000000000000000008FFFF00000E0
:10EAC0000FFFFFF000000FFFF80000000000000043
:10EAD0000000008FFFF000000FFFFFF300003FFF7A
:10EAE000F8000000000000000000008FFFF30000AD
:10EAF0003FFFFFFFFFFFFFFFF800000000000000E6
:10EB00000000008FFFFFFFFFFFFFFFFFFFFFFFFF82
:10EB1000F8000000000000000000008FFFFFFFFF72
:10EB2000FFFFFFFFFFFFFFFFF800000000000000F5
:10EB30000000008FFFFFFFFFFFFFFFF300003FFF1C
:10EB4000FD44444444444444444444DFFFF300004F
:10EB50003FFFFFF000000FFFFFFFFFFFFFFFFFFF82
:10EB6000FFFFFFFFFFF000000FFFFFF000000FFFAF
:10EB7000FFFFFFFFFFFFFFFFFFFFFFFFFFF00000B2
:10EB80000FFFFFF000000FFFFFFFFFFFFFFFFFFF82
:10EB9000FFFFFFFFFFF000000FFFFFF000000FFF7F
:10EBA000FFFFFFFFFFFFFFFFFFFFFFFFFFF0000082
:10EBB0000FFFFFF300003FFFFD444444444444443E
:10EBC000444444DFFFF300003FFFFFFFFFFFFFFF70
:10EBD000F8000000000000000000008FFFFFFFFFB2
:10EBE000FFFFFFFFFFFFFFFFF80000000000000035
:10EBF0000000008FFFFFFFFFFFFFFFFFFFFFFFFF92
:10EC0000F8000000000000000000008FFFFFFFFF81
:10EC1000FFFFFFF300003FFFF800000000000000CE
:10EC20000000008FFFF300003FFFFFF000000FFF28
:10EC3000F8000000000000000000008FFFF000005E
:10EC40000FFFFFF000000FFFF800000000000000C1
:10EC50000000008FFFF000000FFFFFF000000FFF2B
:10EC6000F8000000000000000000008FFFF000002E
:10EC70000FFFFFF000000FFFF80000000000000091
:10EC80000000008FFFF000000FFFFFF300003FFFC8
:10EC9000F8000000000000000000008FFFF30000FB
:10ECA0003FFFFFFFFFFFFFFFF80000000000000034
:10ECB0000000008FFFFFFFFFFFFFFFFFFFFFFFFFD1
:10ECC000FE88888888888888888888EFFFFFFFFF0B
:10ECD000FFFFFFFFFFFFFFFFFFFFFFFFFFFFFFFF44
:10ECE000FFFFFFFFFFFFFFFFFFFFFFF300003FFFFE
:10ECF000FFFFFFFFFFFFFFFFFFFFFFFFFFF300002E
:10ED00003FFFDFF000000FFFFFFFFFFFFFFFFFFFF0
:10ED1000FFFFFFFFFFF000000FFD3DF000000FFFC1
:10ED2000FFFFFFFFFFFFFFFFFFFFFFFFFFF0000000
:10ED30000FD33DFFFFFFFFFFC20003DFFFFFFFFF19
:10ED4000FFFFFFFFFFFFFFFFFFD3DFFFFFFFFFFF1F
:10ED5000FC000DFFFFFFFFFFFFFFFFFFFFFFFFFFB7
:10ED6000FFFDFFFFFFFFFFFFFF000FFFFFFFFFFFA4
:10ED7000FFFFFFFFFFFFFFFFFFFFFFFFFFFFFFFFA3
:10ED8000FF000FFFFFFFFFFFFFFFFFFFFFFFFFFF82
:10ED9000FFFFFFFFFFFFFFFFFF000FFFFFFFFFFF72
:10EDA000FFFFFFFFFFFFFFFFFFFFFFFFFFFFFFFF73
:10EDB000FF000FFFFFFFFFFFFFFFFFFFFFFFFFFF52
:10EDC000FFFFFFFFFFFFFFFFFF000FFFFFFFFFFF42
:10EDD000FFFFFFFFFFFFFFFFFFFFFFFFFFFFFFFF43
:10EDE000FF000FFFFFFFFFFFFFFFFFFFFFFFFFFF22
:10EDF000FFFFFFFFFFFFFFFFFF000FFFFFFFFFFF12
:10EE0000FFFFFFFFFFFFFFFFFFFFFFFFFFFFFFFF12
:10EE1000FF000FFFFFFFFFFFFFFFFFFFFFFFFFFFF1
:10EE2000FFFFDFFFFFFFFFFFFC000DFFFFFFFFFF06
:10EE3000FFFFFFFFFFFFFFFFFFFD3DFFFFFFFFFFA6
:10EE4000C20003DFFFFFFFFFFFFFFFFFFFFFFFFF2A
:10EE5000FFD30000000000000000000000000000E0
:10EE600000000000000000000000000000000000A2
:10EE70000000000000000000000000000000000092
:10EE80000000000000000000000000000000000082
:10EE9000000000000000000000003DFFFFFFFFFF3A
:10EEA000C20003DFFFFFFFFFFFFFFFFFFFFFFFFFCA
:10EEB000FFD3DFFFFFFFFFFFFC000DFFFFFFFFFFA2
:10EEC000FFFFFFFFFFFFFFFFFFFDFFFFFFFFFFFF54
:10EED000FF000FFFFFFFFFFFFFFFFFFFFFFFFFFF31
:10EEE000FFFFFFFFFFFFFFFFFF000FFFFFFFFFFF21
:10EEF000FFFFFFFFFFFFFFFFFFFFFFFFFFFFFFFF22
:10EF0000FF000FFFFFFFFFFFFFFFFFFFFFFFFFFF00
:10EF1000FFFFFFFFFFFFFFFFFF000FFFFFFFFFFFF0
:10EF2000FFFFFFFFFFFFFFFFFFFFFFFFFFFFFFFFF1
:10EF3000FF000FFFFFFFFFFFFFFFFFFFFFFFFFFFD0
:10EF4000FFFFFFFFFFFFFFFFFF000FFFFFFFFFFFC0
:10EF5000FFFFFFFFFFFFFFFFFFFFFFFFFFFFFFFFC1
:10EF6000FF000FFFFFFFFFFFFFFFFFFFFFFFFFFFA0
:10EF7000FFFFFFFFFFFFFFFFFF000FFFFFFFFFFF90
:10EF8000FFFFFFFFFFFFFFFFFFFFDFFFFFFFFFFFB1
:10EF9000FC000DFFFFFFFFFFFFFFFFFFFFFFFFFF75
:10EFA000FFFD3DFFFFFFFFFFC20003DFFFFFFFFF8D
:10EFB000FFFFFFFFFFFFFFFFFFD300000000000087
:10EFC0000000000000000000000000000000000041
:10EFD0000000000000000000000000000000000031
:10EFE0000000000000000000000000000000000021
:10EFF0000000000000000000000000000000000011
:10F0000000003DFFFFFFFFFFC20003DFFFFFFFFF28
:10F01000FFFFFFFFFFFFFFFFFFD3DFFFFFFFFFFF4C
:10F02000FC000DFFFFFFFFFFFFFFFFFFFFFFFFFFE4
:10F03000FFFDFFFFFFFFFFFFFF000FFFFFFFFFFFD1
:10F04000FFFFFFFFFFFFFFFFFFFFFFFFFFFFFFFFD0
:10F05000FF000FFFFFFFFFFFFFFFFFFFFFFFFFFFAF
:10F06000FFFFFFFFFFFFFFFFFF000FFFFFFFFFFF9F
:10F07000FFFFFFFFFFFFFFFFFFFFFFFFFFFFFFFFA0
:10F08000FF000FFFFFFFFFFFFFFFFFFFFFFFFFFF7F
:10F09000FFFFFFFFFFFFFFFFFF000FFFFFFFFFFF6F
:10F0A000FFFFFFFFFFFFFFFFFFFFFFFFFFFFFFFF70
:10F0B000FF000FFFFFFFFFFFFFFFFFFFFFFFFFFF4F
:10F0C000FFFFFFFFFFFFFFFFFF000FFFFFFFFFFF3F
:10F0D000FFFFFFFFFFFFFFFFFFFFFFFFFFFFFFFF40
:10F0E000FF000FFFFFFFFFFFFFFFFFFFFFFFFFFF1F
:10F0F000FFFFDFFFFFFFFFFFFC000DFFFFFFFFFF34
:10F10000FFFFFFFFFFFFFFFFFFFD3DFFFFFFFFFFD3
:10F11000C20003DFFFFFFFFFFFFFFFFFFFFFFFFF57
:10F12000FFD300000000000000000000000000000D
:10F130000000000000002BD60000000000000000CE
:10F140000000000000000000000000000003FFFFBE
:10F15000800000000000000000000000000000002F
:10F1600000000000003FFFFFF90000000000000069
:10F1700000000000000000000000000003FFFFFF8F
:10F18000FF900000000000000000000000000000F0
:10F19000000000003FFFFFFFFFF80000000000003C
:10F1A000000000000000000000000003FFFFFFFF60
:10F1B000FFFE000000000000000000000000000052
:10F1C0000000003FFFFFFFFFFFFE00000000000007
:10F1D0000000000000000000000003FFFFFFFFFF31
:10F1E000FFF600000000000000000000000000002A
:10F1F00000003FFFFFFFFFFFFF6000000000000076
:10F2000000000000000000000003FFFFFFFFFFFF01
:10F21000F6000000000000000000000000000000F8
:10F22000003FFFFFFFFFFFFF600000000000000045
:10F23000000000000000000003FFFFFFFFFFFFF6DB
:10F24000000000006DB2000000000000000000009F
:10F250003FFFFFFFFFFFFF6000000008FFFF3000DF
:10F260000000000000000003FFFFFFFFFFFFF600AB
:10F270000000009FFFFFF300000000000000003FBF
:10F28000FFFFFFFFFFFF6000000009FFFFFFFF30EF
:10F2900000000000000003FFFFFFFFFFFFF600007B
:10F2A00000008FFFFFFFFFF30000000000003FFFA2
:10F2B000FFFFFFFFFF6000000000EFFFFFFFFFFF09
:10F2C000300000000003FFFFFFFFFFFFF60000001B
:10F2D0000000EFFFFFFFFFFFF3000000003FFFFF14
:10F2E000FFFFFFFF6000000000006FFFFFFFFFFF58
:10F2F000FF30000003FFFFFFFFFFFFF600000000EC
:10F30000000007FFFFFFFFFFFFF300003FFFFFFFCD
:10F31000FFFFFF60000000000000006FFFFFFFFF25
:10F32000FFFF3003FFFFFFFFFFFFF60000000000BC
:10F3300000000006FFFFFFFFFFFFF33FFFFFFFFF9F
:10F34000FFFF600000000000000000006FFFFFFFF3
:10F35000FFFFFFFFFFFFFFFFFFF6000000000000C0
:10F360000000000006FFFFFFFFFFFFFFFFFFFFFFA2
:10F37000FF6000000000000000000000006FFFFFC1
:10F38000FFFFFFFFFFFFFFFFF6000000000000008F
:10F39000000000000006FFFFFFFFFFFFFFFFFFFF71
:10F3A00060000000000000000000000000006FFF8F
:10F3B000FFFFFFFFFFFFFFF600000000000000005E
:10F3C00000000000000006FFFFFFFFFFFFFFFF60DF
:10F3D0000000000000000000000000000000006FBE
:10F3E000FFFFFFFFFFFFF50000000000000000002E
:10F3F0000000000000000006FFFFFFFFFFFF5000BD
:10F4000000000000000000000000000000000000FC
:10F410006FFFFFFFFFF5000000000000000000008C
:10F42000000000000000000005FFFFFFFF5000008B
:10F4300000000000000000000000000000000000CC
:10F44000005FFFFFF500000000000000000000006A
:10F4500000000000000000000005FFFF5000000059
:10F46000000000000000000000000000000000009C
:10F4700000004CC40000000000000000000000007C
:10F480000000000023000000000000000000000356
:10F4900020000002CFFD2000000000000000002D31
:10F4A000FFC20002EFFFFE20000000000000002E5F
:10F4B000FFFFE201EFFFFFFE200000000000002E32
:10F4C000FFFFFFE1AFFFFFFFFE2000000000002E66
:10F4D000FFFFFFFFAFFFFFFFFFFE20000000002E39
:10F4E000FFFFFFFFFFDFFFFFFFFFFE200000002EFA
:10F4F000FFFFFFFFFFD6FFFFFFFFFFFE2000002EF4
:10F50000FFFFFFFFFFF608FFFFFFFFFFFE20002EBB
:10F51000FFFFFFFFFFF80008FFFFFFFFFFFE202EA9
:10F52000FFFFFFFFFFF8000008FFFFFFFFFFFE5E89
:10F53000FFFFFFFFFFF800000008FFFFFFFFFFFFD6
:10F54000FFFFFFFFFFF80000000008FFFFFFFFFFC5
:10F55000FFFFFFFFFFF8000000000008FFFFFFFFB4
:10F56000FFFFFFFFFFF800000000000008FFFFFFA3
:10F57000FFFFFFFFFFF80000000000000008FFFF92
:10F58000FFFFFFFFFFF8000000000000000008FF81
:10F59000FFFFFFFFFFF80000000000000000002F49
:10F5A000FFFFFFFFFFFF2000000000000000002E13
:10F5B000FFFFFFFFFFFFFE20000000000000002E05
:10F5C000FFFFFFFFFFFFFFFE200000000000002EF6
:10F5D000FFFFFFFFFFFFFFFFFE2000000000002EE7
:10F5E000FFFFFFFFFFFFFFFFFFFE20000000002ED8
:10F5F000FFFFFFFFFFFFFFFFFFFFFE200000002EC9
:10F60000FFFFFFFFFFFCFFFFFFFFFFFE2000002EBC
:10F61000FFFFFFFFFFF808FFFFFFFFFFFE20002EA8
:10F62000FFFFFFFFFFF80008FFFFFFFFFFFE202E98
:10F63000FFFFFFFFFFF8000008FFFFFFFFFFFE2BAB
:10F64000FFFFFFFFFFF800000008FFFFFFFFFFFBC9
:10F65000FFFFFFFFFFF80000000008FFFFFFFFFFB4
:10F66000FDFFFFFFFFF8000000000008FFFFFFFFA5
:10F67000FD5FFFFFFFF800000000000008FFFFFF34
:10F68000FF507FFFFFF80000000000000008FFFFB0
:10F69000FF70007FFFF7000000000000000007FF80
:10F6A000FF70000049A400000000000000000004FA
:10F6B000A930000000000000000000000009FFFF6A
:10F6C000C200000000000000000000000000000078
:10F6D00000000000006FFFFFFB00000000000000C2
:10F6E000000000000000000000000000009FFFFF7D
:10F6F000FE0000000000000000000000000000000C
:10F7000000000000009FFFFFFE000000000000005E
:10F71000000000000000000015400000009FFFFFF7
:10F72000FE00000002620000000000000000000374
:10F73000EFF90000009FFFFFFE0000004FFF800078
:10F74000000000000000005FFFFF4000009FFFFF7F
:10F75000FE000000EFFFFB0000000000000007FFBC
:10F76000FFFFC000009FFFFFFE000007FFFFFFB08C
:10F770000000000000005FFFFFFFF500009FFFFF9B
:10F78000FE00000FFFFFFFFB000000000003FFFF73
:10F79000FFFFF800009FFFFFFE00002FFFFFFFFFAD
:10F7A00080000000000EFFFFFFFFF300009FFFFF3F
:10F7B000FE00000DFFFFFFFFF5000000009FFFFFB0
:10F7C000FFFF5000009FFFFFFE000002DFFFFFFF72
:10F7D000FE00000003FFFFFFFFF30000009FFFFF9C
:10F7E000FE0000001CFFFFFFFF8000000BFFFFFF7B
:10F7F000FF300000009FFFFFFE00000000CFFFFF72
:10F80000FFF100002FFFFFFFF5000000009FFFFF4A
:10F81000FE000000002FFFFFFFF800009FFFFFFF2A
:10F82000A0000000009FFFFFFE0000000006FFFF99
:10F83000FFFF0000FFFFFFFF20000000009FFFFF11
:10F84000FE0000000000CFFFFFFF5005FFFFFFFAA2
:10F8500000000000009FFFFFFE00000000004FFFBF
:10F86000FFFFA009FFFFFFF300000000009FFFFF64
:10F87000FE00000000000EFFFFFFE00CFFFFFFE0B6
:10F8800000000000009FFFFFFE000000000009FFD5
:10F89000FFFFF20FFFFFFFA000000000009FFFFF2F
:10F8A000FE000000000004FFFFFFF41FFFFFFF70D9
:10F8B00000000000009FFFFFFE000000000001FFAD
:10F8C000FFFFF62FFFFFFF5000000000009FFFFF2B
:10F8D000FE000000000000FFFFFFF73FFFFFFF40BA
:10F8E00000000000009FFFFFFE000000000000FF7E
:10F8F000FFFFF83FFFFFFF4000000000009FFFFFF9
:10F90000FE000000000000FFFFFFF82FFFFFFF5088
:10F9100000000000006FFFFFFB000000000000FF80
:10F92000FFFFF81FFFFFFF70000000000009FFFF4E
:10F93000C2000000000002FFFFFFF60FFFFFFFA064
:10F94000000000000000000000000000000005FFB3
:10F95000FFFFF40BFFFFFFE00000000000000000CD
:10F9600000000000000009FFFFFFF208FFFFFFF4A6
:10F9700000000000000000000000000000000EFF7A
:10F98000FFFFE004FFFFFFFB00000000000000009D
:10F990000000000000005FFFFFFFA000EFFFFFFF7F
:10F9A0003000000000000000000000000000DFFF49
:10F9B000FFFF50009FFFFFFFD0000000000000008D
:10F9C000000000000007FFFFFFFF00002FFFFFFF08
:10F9D000F90000000000000000000000003FFFFFF1
:10F9E000FFF800000AFFFFFFFF70000000000000AA
:10F9F0000000000002EFFFFFFFF1000002FFFFFF29
:10FA0000FFF7000000000000000000003EFFFFFFC5
:10FA1000FF800000007FFFFFFFFF9000000000005C
:10FA200000000005FFFFFFFFFD000000000CFFFFCE
:10FA3000FFFFFD4000000000000002AFFFFFFFFFDE
:10FA4000F30000000002EFFFFFFFFFFC500000008A
:10FA50000003AFFFFFFFFFFF6000000000003FFF5B
:10FA6000FFFFFFFFFFC976568BEFFFFFFFFFFFF899
:10FA700000000000000004FFFFFFFFFFFFFFFFFF8B
:10FA8000FFFFFFFFFFFFFF80000000000000002ECF
:10FA9000FFFFFFFFFFFFFFFFFFFFFFFFFFFFF7007D
:10FAA0000000000000000001BFFFFFFFFFFFFFFF9D
:10FAB000FFFFFFFFFFFE400000000000000000000D
:10FAC00006FFFFFFFFFFFFFFFFFFFFFFFFB100008B
:10FAD00000000000000000000018FFFFFFFFFFFF14
:10FAE000FFFFFFFFD4000000000000000000000046
:10FAF000000017DFFFFFFFFFFFFFFFA40000000073
:10FB00000000000000000000000000027ADFFFFF9C
:10FB1000FEC95000000000000000000000000000CE
:10FB200000000000000001210000000000000000B3
:10FB3000000000000000000000000000001233215F
:10FB400000000000000000000000000000000000B5
:10FB5000000007CFFFFFFFFC700000000000000066
:10FB60000000000000000000000FFFFFFFFFFFF09B
:10FB70000000000000000000000000000000000085
:10FB80000FFFFFFFFFFFF00000000000000000007B
:10FB9000000000000000000FFFFFFFFFFFF000006B
:10FBA00000000000000000000000000000000FFF47
:10FBB000FFFFFFFFF0000000000000000000000059
:10FBC00000000000000FFFFFFFFFFFF0000000003B
:10FBD000000000000000001000000005CFFFFFFF44
:10FBE000FFFFFC5000000001000000000004FD4089
:10FBF0000004DFFFFFFFFFFFFFFFFD400005EF40B8
:10FC0000000000002FFFFB209FFFFFFFFFFFFFFF13
:10FC1000FFFFF902BFFFF200000000DFFFFFFDFF62
:10FC2000FFFFFFFFFFFFFFFFFFFFDFFFFFFD000004
:10FC30000008FFFFFFFFFFFFFFFFFFFFFFFFFFFFCA
:10FC4000FFFFFFFFFF8000003FFFFFFFFFFFFFFF01
:10FC5000FFFFFFFFFFFFFFFFFFFFFFFFF30000BFFE
:10FC6000FFFFFFFFFFFFFFFFFFFFFFFFFFFFFFFFA4
:10FC7000FFFFFFFB0003FFFFFFFFFFFFFFFFFFFF93
:10FC8000FFFFFFFFFFFFFFFFFFFFFF300AFFFFFF48
:10FC9000FFFFFFFFFFFFFFFFFFFFFFFFFFFFFFFF74
:10FCA000FFFF900FFFFFFFFFFFFFFFFFFFEA88AEA0
:10FCB000FFFFFFFFFFFFFFFFFFF03FFFFFFFFFFF23
:10FCC000FFFFFFE60000006EFFFFFFFFFFFFFFFFEB
:10FCD000F307FFFFFFFFFFFFFFFD1000000002DF43
:10FCE000FFFFFFFFFFFFFF70001AFFFFFFFFFFFF97
:10FCF000E100000000002EFFFFFFFFFFFFA100005A
:10FD0000004EFFFFFFFFFF60000000000006FFFF46
:10FD1000FFFFFFE4000000000DFFFFFFFFFE0000FB
:10FD20000000000000EFFFFFFFFFD0000000000E0A
:10FD3000FFFFFFFFFA00000000000000AFFFFFFF21
:10FD4000FFE0000000000FFFFFFFFFF800000000D1
:10FD50000000008FFFFFFFFFF0000000000FFFFF1B
:10FD6000FFFFF8000000000000008FFFFFFFFFF022
:10FD7000000000000EFFFFFFFFFA0000000000007F
:10FD800000AFFFFFFFFFE0000000000DFFFFFFFFDF
:10FD9000FE00000000000000EFFFFFFFFFD00000AA
:10FDA00000004EFFFFFFFFFF60000000000006FFA5
:10FDB000FFFFFFFFE40000001AFFFFFFFFFFFFE16E
:10FDC00000000000001EFFFFFFFFFFFFA10007FF74
:10FDD000FFFFFFFFFFFFFD1000000001DFFFFFFF3F
:10FDE000FFFFFFFF703FFFFFFFFFFFFFFFFFE6008A
:10FDF00000006EFFFFFFFFFFFFFFFFF30FFFFFFF9E
:10FE0000FFFFFFFFFFFFEA88AEFFFFFFFFFFFFFFDF
:10FE1000FFFFF00AFFFFFFFFFFFFFFFFFFFFFFFFF6
:10FE2000FFFFFFFFFFFFFFFFFF9003FFFFFFFFFF4D
:10FE3000FFFFFFFFFFFFFFFFFFFFFFFFFFFFFFFFD2
:10FE40003000BFFFFFFFFFFFFFFFFFFFFFFFFFFFD0
:10FE5000FFFFFFFFFFFFFB00003FFFFFFFFFFFFF74
:10FE6000FFFFFFFFFFFFFFFFFFFFFFFFFFF30000AC
:10FE700008FFFFFFFFFFFFFFFFFFFFFFFFFFFFFF89
:10FE8000FFFFFFFF80000000DFFFFFFDFFFFFFFF20
:10FE9000FFFFFFFFFFFFFFDFFFFFFD000000002F60
:10FEA000FFFB20AFFFFFFFFFFFFFFFFFFFF902BFD8
:10FEB000FFF20000000004FE500004DFFFFFFFFF20
:10FEC000FFFFFFFD400004DF4000000000001000C5
:10FED000000005CFFFFFFFFFFFFC50000000010006
:10FEE000000000000000000000000FFFFFFFFFFF08
:10FEF000F000000000000000000000000000000012
:10FF0000000FFFFFFFFFFFF00000000000000000F7
:10FF100000000000000000000FFFFFFFFFFFF000E7
:10FF20000000000000000000000000000000000FC2
:10FF3000FFFFFFFFFFF000000000000000000000D6
:10FF40000000000000000FFFFFFFFFFFF0000000B7
:10FF50000000000000000000000000000006CFFFCD
:10FF6000FFFFFC7000000000000000000000000027
:10FF7000000000000000123321000000000000001B
:10FF80000000000000000000000000000000003B36
:10FF9000FFB3000000007FFFFFF70000000000003B
:10FFA00000000000000000000007FFFFFF600000ED
:10FFB00000BFFFFFFB000000000000000000000089
:10FFC00000000000AFFFFFFFF9000000CFFFFFFCC3
:10FFD00000000000000000000000000000001CFF06
:10FFE000FFFFFFFFB10000CFFFFFFC00000000009B
:10FFF000000000000000000003EFFFFFFFFFFFFD17
:020000040804EE
:100000002000CFFFFFFC0000000000000000000007
:100010000000005FFFFFFFFFFFFFFFF400CFFFFFC7
:10002000FC00000000000000000000000008FFFFCE
:10003000FFFFFFFFFFFFFF70CFFFFFFC000000008E
:100040000000000000000000BFFFFFFFFA00AFFF4C
:10005000FFFFFACFFFFFFC000000000000000000DF
:1000600000002DFFFFFFFF700007FFFFFFFFFFFFF6
:10007000FFFC0000000000000000000004EFFFFF94
:10008000FFF40000004FFFFFFFFFFFFFFC00000038
:10009000000000000000007FFFFFFFFD20002200A5
:1000A00002DFFFFFFFFFFFFC000000000000000078
:1000B0000009FFFFFFFFC10008FF80001CFFFFFFDA
:1000C000FFFFFC000000000000000001CFFFFFFF69
:1000D000F90000AFFFFA00009FFFFFFFFFFC0000E8
:1000E0000000000000003EFFFFFFFF60001CFFFF5C
:1000F000FFC10006FFFFFFFFFC0000000000000042
:1001000005FFFFFFFFE40003EFFFFFFFFE30004E9F
:10011000FFFFFFFE400000000000008FFFFFFFFD1B
:1001200020006FFFFFFFFFFFF50002DFFFFFFFF67C
:1001300000000000000AFFFFFFFFB00008FFFFFF04
:10014000FFFFFFFF80000BFFFFFFFF90000000019B
:10015000DFFFFFFFF80000BFFFFFFFFFFFFFFFFB18
:1001600000008FFFFFFFFC1000003EFFFFFFFF605D
:10017000002DFFFFFFFFFFFFFFFFFFD20006FFFF85
:10018000FFFFE30006FFFFFFFFE30004EFFFFFFFB9
:10019000FFFFFFFFFFFFFE40003EFFFFFFFF608FFE
:1001A000FFFFFFFD10006FFFFFFFFFFFFFFFFFFFDF
:1001B000FFFFF60001DFFFFFFFF8FFFFFFFFA000DA
:1001C00009FFFFFFFFFFFFFFFFFFFFFFFFFF9000A3
:1001D0000AFFFFFFFF6FFFFFF80001BFFFFFFFFFF8
:1001E000FFFFFFFFFFFFFFFFFFFB10008FFFFFF68A
:1001F00009FFFF50002DFFFFFFFFFFFFFFFFFFFF85
:10020000FFFFFFFFFFD20005FFFF9000CFE30004D8
:10021000FFFFFFFFFFFFFFFFFFFFFFFFFFFFFFFFEE
:10022000FF40003EFC00001710000FFFFFFFFFFF24
:10023000FFFFFFFFFFFFFFFFFFFFFFFFF000017168
:1002400000000000000FFFFFFFFFFFFFFFFFFFFFA9
:10025000FFFFFFFFFFFFFFF00000000000000000B5
:100260000FFFFFFFFFFFFFFFFFFFFFFFFFFFFFFF8E
:10027000FFFFF000000000000000000FFFFFFFFF85
:10028000FFFFFFFFFFFFFFFFFFFFFFFFFFF000008B
:100290000000000000000FFFFFFFFFFFFFFFFFFF58
:1002A000FFFFFFFFFFFFFFFFF00000000000000066
:1002B000000FFFFFFFFFFFFFD20000002DFFFFFF39
:1002C000FFFFFFF000000000000000000FFFFFFF35
:1002D000FFFFFF8000000008FFFFFFFFFFFFF000AF
:1002E000000000000000000FFFFFFFFFFFFF800085
:1002F000000008FFFFFFFFFFFFF00000000000000C
:1003000000000FFFFFFFFFFFFF8000000008FFFF5E
:10031000FFFFFFFFF000000000000000000FFFFFE4
:10032000FFFFFFFF8000000008FFFFFFFFFFFFF05F
:1003300000000000000000000FFFFFFFFFFFFF8034
:1003400000000008FFFFFFFFFFFFF00000000000BB
:100350000000000FFFFFFFFFFFFF8000000008FF0D
:10036000FFFFFFFFFFF000000000000000000FFF94
:10037000FFFFFFFFFF8000000008FFFFFFFFFFFF00
:10038000F000000000000000000FFFFFFFFFFFFF74
:100390008000000008FFFFFFFFFFFFF000000000EB
:1003A000000000000FFFFFFFFFFFFF8000000008BC
:1003B000FFFFFFFFFFFFF000000000000000000F44
:1003C000FFFFFFFFFFFF7000000007FFFFFFFFFFC1
:1003D000FFF0000000000000000008FFFFFFFFFF2B
:1003E000FD2000000002DFFFFFFFFFFF8000000094
:1003F000000000000000000000003DFFFFFFFFD3F1
:1004000000000000000000000000000000000000EC
:100410000000DFFFFFFFFFFD000000000000000004
:1004200000000000000000000000FFFFFFFFFFFFD2
:1004300000000000000000000000000000000000BC
:100440000000FFFFFFFFFFFF0000000000000000B2
:1004500000000000000000000000FFFFFFFFFFFFA2
:10046000000000000000000000000000000000008C
:100470000000FFFFFFFFFFFF000000000000000082
:1004800000000000000000000000FFFFFFFFFFFF72
:10049000000000000000000000000000000000005C
:1004A0000000FFFFFFFFFFFF000000000000000052
:1004B00000000000000000000000FFFFFFFFFFFF42
:1004C000000000000000000000000000000000002C
:1004D0000000FFFFFFFFFFFF000000000000000022
:1004E00000000000000000000000FFFFFFFFFFFF12
:1004F00000000000000000000000000000000000FC
:100500000000FFFFFFFFFFFF0000000000000000F1
:1005100000000000000000000000FFFFFFFFFFFFE1
:1005200000000000000000000000000000000000CB
:100530000000FFFFFFFFFFFF0000000000000000C1
:1005400000000000000000000000FFFFFFFFFFFFB1
:10055000000000000000000000000000000000009B
:100560000000FFFFFFFFFFFF000000000000000091
:1005700000000000000000000000FFFFFFFFFFFF81
:10058000000000000000000000000000000000006B
:100590000000FFFFFFFFFFFF000000000000000061
:1005A00000000000007FFFFFFFFFFFFFFFFFFFFFD6
:1005B000FFFFFFFFF70000000000000000FFFFFF4B
:1005C000FFFFFFFFFFFFFFFFFFFFFFFFFF00000038
:1005D0000000000000EFFFFFFFFFFFFFFFFFFFFF36
:1005E000FFFFFFFFFE00000000000000004FFFFFC4
:1005F000FFFFFFFFFFFFFFFFFFFFFFFFF400000013
:10060000000000000004FFFFFFFFFFFFFFFFFFFFF0
:10061000FFFFFFFF400000000000000000004FFF50
:10062000FFFFFFFFFFFFFFFFFFFFFFF400000000E1
:1006300000000000000004FFFFFFFFFFFFFFFFFFBF
:10064000FFFFFF4000000000000000000000004F1E
:10065000FFFFFFFFFFFFFFFFFFFFF40000000000B0
:100660000000000000000004FFFFFFFFFFFFFFFF8E
:10067000FFFF40000000000000000000000000003C
:100680004FFFFFFFFFFFFFFFFFF40000000000002F
:10069000000000000000000004FFFFFFFFFFFFFF5D
:1006A000FF4000000000000000000000000000000B
:1006B000004FFFFFFFFFFFFFF400000000000000FD
:1006C00000000000000000000004FFFFFFFFFFFF2C
:1006D00040000000000000000000000000000000DA
:1006E00000004FFFFFFFFFF40000000000000000CB
:1006F0000000000000000000000004FFFFFFFF40BA
:100700000000000000000000003DFFFFFFFFFFFFB2
:10071000FF80004FFFFFF40008FFFFFFFFFFFFFF18
:10072000D3DFFFFFFFFFFFFFFFF80004FFFF4000E4
:100730008FFFFFFFFFFFFFFFFDFFFFFFFFFFFFFF3B
:10074000FFFF80004EE40008FFFFFFFFFFFFFFFFF9
:10075000FFFFFFFFFFFFFFFFFFFFF8000000008F1C
:10076000FFFFFFFFFFFFFFFFFFFFFFFFFFFFFFFF99
:10077000FFFFFF80000008FFFFFFFFFFFFFFFFFFFD
:10078000FFFFFFFFFFFFFFFFFFFFFFFB4004BFFF77
:10079000FFFFFFFFFFFFFFFFFFFFFFFFFFFFFFFF69
:1007A000FFFFFFFFFFFFFFFFFFFFFFFFFFFFFFFF59
:1007B000FFFFFFFFFFFFFFFFFFFFFFFFFFFFFFFF49
:1007C000FFFFFFFFFFFFFFFFFFFFFFFFFFFFFFFF39
:1007D000FFFFFFFFFFFFFFFFFFFEAEFFFEAEFFFFCD
:1007E000FFFFFFFFFFFFFFFFFFFFFFFFFFFFFFFF19
:1007F000FFE102FFD001EFFFFFFFFFFFFFFFFFFF61
:10080000FFFFFFFFFFFFFFFFFFA000DF8000AFFF44
:10081000FFFFFFFFFFFFFFFFFFFFFFFFFFFFFFFFE8
:10082000FFE102FFD001EFFFFFFFFFFFFFFFFFFF30
:10083000FFFFFFFFFFFFFFFFFFFEAEFFFEAEFFFF6C
:10084000FFDFFFFFFFFFFFFFFFFFFFFFFFFFFFFFD8
:10085000FFFFFFFFFFFFFFFFFD3DFFFFFFFFFFFF6C
:10086000FFFFFFFFFFFFFFFFFFFFFFFFFFFFFFFF98
:10087000D30000000000006DFFFFFFFFFFFFFFFF40
:10088000FFFFFFFFFFD70000000000000000000096
:10089000000CFFFFFFFFFFFFFFFFFFFFFFFFFFFF5A
:1008A000FFC000000000000000000000AFFFFFFFDD
:1008B000FFFFFFFFFFFFFFFFFFFFFFFFFA0000004A
:1008C00000000000000005FFFFFFFFFFFFFFFFFF2C
:1008D000FFFFFFFFFFFFFFFF5000000000000000D0
:1008E000001EFFFFFFFFFFFFFFFFFFFFFFFFFFFFF8
:1008F000FFFFFFE10000000000000000AFFFFFFF6E
:10090000FFFFFFFFFFFFFFFFFFFFFFFFFFFFFA00FB
:1009100000000000000005FFFFFFD0000000000005
:100920000000000000000DFFFFFF5000000000006D
:10093000001EFFFFFF30000000000000000000006C
:100940000003FFFFFFE1000000000000AFFFFFF821
:10095000000000000000000000000000008FFFFF0A
:10096000FA000000000005FFFFFFD00000000000BB
:1009700000000000000000000DFFFFFF500000001D
:10098000001EFFFFFF30000000000000000000001C
:1009900000000003FFFFFFE100000000AFFFFFF8D1
:1009A0000000000000000000000000000000008FB8
:1009B000FFFFFA00000005FFFFFFD000000000006D
:1009C000000000000000000000000DFFFFFF5000CD
:1009D000001EFFFFFF3000000000000000000000CC
:1009E000000000000003FFFFFFE10000AFFFFFF881
:1009F00000000000000000000000000000000000F7
:100A0000008FFFFFFA0005FFFFFFD000000000008D
:100A10000000000000000000000000000DFFFFFFCC
:100A2000501EFFFFFF30000000000000000000002B
:100A30000000000000000003FFFFFFE18FFFFFF850
:100A400000000000000000000000000000000000A6
:100A50000000008FFFFFF8DFFFFFFFFFFFFFFFFF3A
:100A6000F1000000000000001FFFFFFFFFFFFFFF7D
:100A7000FFFDFFFFFFFFFFFFFFFFFFF8000000008B
:100A80000000008FFFFFFFFFFFFFFFFFFFFFFFFFE3
:100A9000FFFFFFFFFFFFFF10000000000001FFFF4E
:100AA000FFFFFFFFFFFFFFFFFFFFFFFFFFFFFFFF56
:100AB000FFFF80000000000008FFFFFFFFFFFFFFB7
:100AC000FFFFFFFFFFFFFFFFFFFFFFFFFFF1000042
:100AD0000000001FFFFFFFFFFFFFFFFFFFFFFFFF03
:100AE000FFFFFFFFFFFFFFFFF800000000008FFF88
:100AF000FFFFFFFFFFFFFFFFFFFFFFFFFFFFFFFF06
:100B0000FFFFFFFFFFFFFFFFFFFFFFFFFFFFFFFFF5
:100B1000FFFFFFFFFFFFFFFFFFFFFFFFFFFFFFFFE5
:100B2000FFFFFFFFFFFFFFFFFFFFFFFFFFFFFFFFD5
:100B3000FFFFFFFFFFFFFFFFFFFFFFFFFFFFFFFFC5
:100B4000FFFFFFFFFFFFFFFFFFFFFFFFFFFFFFFFB5
:100B5000FFFFFFFFFFFFFFFFFFFFFFFFFFFFFFFFA5
:100B6000FFFFFFFFFFFFFFFFFFFFFFFFFFFFFFFF95
:100B7000FFFFFFFFFFFFFFFFFFFFFFFFFFFFFFFF85
:100B8000FFFFFFFFFFFFFFFFFFFFFFFFFFFFFFFF75
:100B9000FFFFFFFFFFFFFFFFFFFFFFFFFFFFFFFF65
:100BA000FFFFFFFFFFFFFFFFFFFFFFFFFFFFFFFF55
:100BB000FFFFFFFFFFFFFFFFFFFFFFFFFFFFFFFF45
:100BC000FFFFFFFFFFFFFFFFFFFFFFFFFFFFFFFF35
:100BD000FFDFFFFFFFFFFFFFFFFFFFFFFFFFFFFF45
:100BE000FFFFFFFFFFFFFFFFFFFFFFFD8FFFFFFF87
:100BF000FFFFFFFFFFFFFFFFFFFFFFFFFFFFFFFF05
:100C0000FFFFFFFFFFFFF80CFFFFFFFFFFFFFFFFEE
:100C1000FFFFFFFFFFFFFFFFFFFFFFFFFFFFFFFFE4
:100C2000FFC0008DFFFFFFFFFFFFFFFFFFFFFFFF84
:100C3000FFFFFFFFFFFFFFFFFFFFFFD800000000E7
:100C40000000000000000000111000000000000083
:100C50000006FFFFFC0000000000000000037BEF27
:100C6000FFFFFC8400000000000AFFFFFF000000FF
:100C70000000000029EFFFFFFFFFFFFFF930000039
:100C80000009FFFFFF0000000000002AFFFFFFFF38
:100C9000FFFFFFFFFFFD50000008FFFFFF00000007
:100CA000000007FFFFFFFFFFFFFFFFFFFFFFFC301C
:100CB0000008FFFFFF0000000002CFFFFFFFFFFF63
:100CC000FFFFFFFFFFFFFFF90007FFFFFF0000002E
:100CD000003EFFFFFFFFFFFFFFFFFFFFFFFFFFFFE4
:100CE000D206FFFFFF00000004FFFFFFFFFFFFFD34
:100CF000BAABEFFFFFFFFFFFFF45FFFFFF00000064
:100D00004FFFFFFFFFFFA5100000016CFFFFFFFF7B
:100D1000FFF9FFFFFF000002FFFFFFFFFF91000050
:100D2000000000003AFFFFFFFFFFFFFFFF00000D84
:100D3000FFFFFFFFD300000000000000004DFFFF99
:100D4000FFFFFFFFFF00009FFFFFFFF90000000013
:100D50000000000000009FFFFFFFFFFFFF0003FFF8
:100D6000FFFFFF800000000000000000000006FF01
:100D7000FFFFFFFFFF000BFFFFFFF8000000000078
:100D8000000000000000006FFFFFFFFFFF003FFFBB
:100D9000FFFFB00000000000000006A98776543B6A
:100DA000FFFFFFFFFF00AFFFFFFE1000000000008D
:100DB00000000FFFFFFFFFFFFFFFFFFFFF00FFFF30
:100DC000FFF600000000000000000FFFFFFFFFFF24
:100DD000FFFFFFFFFF05FFFFFFD000000000000046
:100DE00000000FFFFFFFFFFFFFFFFFFFFF09FFFFF7
:100DF000FF8000000000000000000FFFFFFFFFFF6A
:100E0000FFFFFFFFFF0DFFFFFF20000000000000BD
:100E100000000FFFFFFFFFFFFFFFFFFFFF09FFFFC6
:100E2000FB0000000000000000000BFFFFFFFFFFC1
:100E3000FFFFFFFFFB0000000000000000000000BB
:100E400000000000000000000000000000000000A2
:100E50000000000000000000000000000000000092
:100E60000000000000000000000000000000000082
:100E70000000000000000000000000000000000072
:100E80000000000000000000000000000000000062
:100E90000000000000000000000000000000000052
:100EA0000000000000000000000000000000000042
:100EB0000000000000000000000000000000000032
:100EC0000000000000BFFFFFFFFFFFFFFFFFFFB0BC
:100ED000000000000000000000BFFFFF90FFFFFFC8
:100EE000FFFFFFFFFFFFFFF0000000000000000019
:100EF00003FFFFFFB0FFFFFFFFFFFFFFFFFFFFF05C
:100F0000000000000000000008FFFFFF80FFFFFF5F
:100F1000FFFFFFFFFFFFFFF00000000000000000E8
:100F20000EFFFFFF40FFFFFFFFFFFFFFFFFFFFF090
:100F300000000000000000007FFFFFFE00FFFFFF39
:100F4000FFFFFFFFFFFFFFF00000000000000001B7
:100F5000FFFFFFF900FFFFFFFFFFB34567789A60CF
:100F6000000000000000000CFFFFFFF200FFFFFF89
:100F7000FFFFF50000000000000000000000009FDF
:100F8000FFFFFFB000FFFFFFFFFFFF50000000006A
:100F900000000000000009FFFFFFFF2000FFFFFF2F
:100FA000FFFFFFF800000000000000000000BFFF8E
:100FB000FFFFF80000FFFFFFFFFFFFFFC30000007F
:100FC00000000000004DFFFFFFFFD00000FFFFFF0B
:100FD000FFFFFFFFFFA200000000000029FFFFFF4E
:100FE000FFFF200000FFFFFF9FFFFFFFFFFFB61086
:100FF0000000015AFFFFFFFFFFF4000000FFFFFFAA
:1010000054FFFFFFFFFFFFFEBAABDFFFFFFFFFFF55
:10101000FF40000000FFFFFF602DFFFFFFFFFFFF0D
:10102000FFFFFFFFFFFFFFFFE300000000FFFFFFE8
:1010300070019FFFFFFFFFFFFFFFFFFFFFFFFFFCB0
:101040002000000000FFFFFF700004DFFFFFFFFF34
:10105000FFFFFFFFFFFFFF800000000000FFFFFF1A
:1010600080000005DFFFFFFFFFFFFFFFFFFFA20083
:101070000000000000FFFFFF9000000003AFFFFF33
:10108000FFFFFFFFFE9200000000000000FFFFFFD7
:10109000A0000000000049CFFFFFFEB830000000B4
:1010A0000000000000CFFFFF600000000000000013
:1010B000011100000000000000000000000000001E
:1010C0000000000000000000000000000000000020
:1010D0000000009FD30000000000000000000AFF95
:1010E000FD000000000000000000AFFFFF00000056
:1010F00000000000000AFFFFFF00000000000000E9
:1011000000AFFFFFFF000000000000000AFFFFFF2C
:10111000FF00000000000000AFFFFFFFFF00000025
:101120000000000AFFFFFFFFFF000000000000AF0B
:10113000FFFFFFFFFF3DFFFFFFFFFFFFFFFFFFFF81
:10114000FFDFFFFFFFFFFFFFFFFFFFFFFFFFFFFFCF
:10115000FFFFFFFFFFFFFFFFFFFFFFFFFFFFFFFF9F
:10116000FFFFFFFFFFFFFFFFFFFFFFFFFFFFFFFF8F
:10117000FFFFFFFFFFFFFFFFFFFFFFFFFFFFFFFF7F
:10118000FFFFFFFFFFFFFFFFFFFFFFFFFFFFFFFF6F
:10119000FFFFFFFFFFFFFFFFFFFFFFFFFFFFFFFF5F
:1011A000FFFFFFFFFFFFFFFFFFFFFFFFFFFFFFFF4F
:1011B000FFFFFFFFFFFFFFFFFFFFFFFFFFFFFFFF3F
:1011C000FFFFFFFFFFFFFFFFFFFFFFFFFFFFFFFF2F
:1011D000FFFFFFFFFFFFFFFFFFFFFFFFFFFFFFFF1F
:1011E000FFFFFFFFFFFFFFFFFFFFFFFFFFFFFFFF0F
:1011F000FFFFFFFFFFDFFFFFFFFFFFFFFFFFFFFF1F
:10120000FF3DFFFFFFFFFFFFFFFFFFFFFF000000AD
:10121000000000AFFFFFFFFFFF0000000000000A1A
:10122000FFFFFFFFFF00000000000000AFFFFFFF17
:10123000FF000000000000000AFFFFFFFF000000A9
:101240000000000000AFFFFFFF00000000000000F2
:10125000000AFFFFFF000000000000000000AFFFD9
:10126000FF0000000000000000000AFFFD00000079
:10127000000000000000009FD300000000000000FC
:10128000000000000000000000000000000000005E
:10129000000000000000000000000000000000004E
:1012A000008EC200000000000000000000000000EE
:1012B00000000AFFFD000000000000000000000028
:1012C00000000000AFFFFF00000000000000000071
:1012D00000000000000AFFFFFF0000000000000007
:1012E00000000000000000AFFFFFFF000000000052
:1012F00000000000000000000AFFFFFFFF000000E8
:1013000000000000000000000000AFFFFFFFFF0032
:1013100000000000000000000000000AFFFFFFFFC7
:10132000FF000000000000000000000000AFFFFF11
:10133000FFFFFF0000000000002CFFFFFFFFFFFF8A
:10134000FFFFFFFFFF000000000000CFFFFFFFFFD7
:10135000FFFFFFFFFFFFFF000001520000FFFFFF44
:10136000FFFFFFFFFFFFFFFFFF00002FFF8000FFD9
:10137000FFFFFFFFFFFFFFFFFFFFFF00008FFFFAF0
:1013800000FFFFFFFFFFFFFFFFFFFFFFFF00007FEA
:10139000FFFF70FFFFFFFFFFFFFFFFFFFFFFFF00EB
:1013A000001CFFFFF2FFFFFFFFFFFFFFFFFFFFFF3C
:1013B000FF0000009FFFF8FFFFFFFFFFFFFFFFFFA1
:1013C000FFFFFF0000000DFFFDFFFFFFFFFFFFFF1E
:1013D000FFFFFFFFFF00000009FFFFFFFFFFFFFF10
:1013E000FFFFFFFFFFFFFF00000008FFFFFFFFFF01
:1013F000FFFFFFFFFFFFFFFFFF0000000CFFFDFFEF
:10140000FFFFFFFFFFFFFFFFFFFFFF0000006FFF79
:10141000F9FFFFFFFFFFFFFFFFFFFFFFFF000009D6
:10142000FFFFF3FFFFFFFFFFFFFFFFFFFFFFFF00D7
:10143000006FFFFFA0FFFFFFFFFFFFFFFFFFFFFFAA
:10144000FF00009FFFFC00FFFFFFFFFFFFFFFFFF0C
:10145000FFFFFF00004FFFB100DFFFFFFFFFFFFFB7
:10146000FFFFFFFFFF0000038500003DFFFFFFFFC0
:10147000FFFFFFFFFFFFFF00000000000000000073
:10148000000001BFFFFFFFFFFF00000000000000A1
:1014900000000000000BFFFFFFFFFF000000000046
:1014A0000000000000000000BFFFFFFFFF00000081
:1014B000000000000000000000000BFFFFFFFF0025
:1014C00000000000000000000000000000BFFFFF5F
:1014D000FF00000000000000000000000000000B02
:1014E000FFFFFF00000000000000000000000000FF
:1014F0000000BFFFFF00000000000000000000002F
:10150000000000000BFFFD000000000000000000D4
:1015100000000000000000AFD30000000000000049
:1015200000000000000000000000000000000000BB
:1015300000000000000000000000000000000000AB
:101540000000000001750000000000000000000025
:101550000000000000000000000000000000001E6D
:10156000FFB10000000000000000000000000000CB
:10157000000000000000000000007FFFFE400000AF
:10158000000000000000000000000000000000005B
:1015900000000000005FFFFFF500000000000000F9
:1015A000000000000000000000000000000000003B
:1015B00009FFFFFF600000000000000000000000C5
:1015C00000009FD300000000000000005FFFFFF557
:1015D0000000000000000000000000000AFFFD0005
:1015E0000000000000000002EFFFFF3000000000DC
:1015F00000000000000000AFFFFF0000000000003E
:101600000000002EFFFFE1000000000000000000CD
:10161000000AFFFFFF00000000008FD3000002EF70
:10162000FFF900000000000000000000AFFFFFFF16
:101630000000000004FFFF8000004FFFFF300000AB
:101640000000000000000AFFFFFFFF00000000068E
:10165000FFFFFA000007FFFFD000000000000000BD
:1016600000AFFFFFFFFF0000000001FFFFFFA00031
:1016700000DFFFF4000000000000000AFFFFFFFF92
:10168000FF00000000002DFFFFF800003FFFFC00FE
:10169000000000000000AFFFFFFFFFFF00000000A0
:1016A0000000BFFFFF30000BFFFF303DFFFFFFFFDB
:1016B000FFFFFFFFFFFFFF0000000000000BFFFF28
:1016C000C00004FFFF80DFFFFFFFFFFFFFFFFFFF02
:1016D000FFFF00000274000000EFFFF40000DFFFD6
:1016E000D0FFFFFFFFFFFFFFFFFFFFFFFF00003FF7
:1016F000FF9000004FFFFC00008FFFF2FFFFFFFF95
:10170000FFFFFFFFFFFFFFFF00009FFFFB00000C3C
:10171000FFFF10003FFFF6FFFFFFFFFFFFFFFFFF90
:10172000FFFFFF00007FFFFF800005FFFF60000F4D
:10173000FFF9FFFFFFFFFFFFFFFFFFFFFFFF0000BD
:101740000AFFFFF20000FFFFA0000DFFFCFFFFFFFC
:10175000FFFFFFFFFFFFFFFFFF0000008FFFF9000B
:1017600000CFFFC0000AFFFDFFFFFFFFFFFFFFFFED
:10177000FFFFFFFF0000000DFFFD0000AFFFE000D6
:1017800009FFFEFFFFFFFFFFFFFFFFFFFFFFFF005F
:10179000000009FFFF00008FFFF00008FFFFFFFFC0
:1017A000FFFFFFFFFFFFFFFFFFFF00000009FFFF3C
:1017B00000008FFFF00008FFFFFFFFFFFFFFFFFFAC
:1017C000FFFFFFFFFF0000000DFFFD0000AFFFE087
:1017D0000009FFFEFFFFFFFFFFFFFFFFFFFFFFFF0F
:1017E0000000008FFFF90000CFFFC0000AFFFDFFDF
:1017F000FFFFFFFFFFFFFFFFFFFFFF00000AFFFFEC
:10180000F20000FFFFA0000CFFFCFFFFFFFFFFFF47
:10181000FFFFFFFFFFFF00007FFFFF800005FFFFCE
:1018200060000FFFF9FFFFFFFFFFFFFFFFFFFFFF5C
:10183000FF00009FFFFC00000CFFFF10003FFFF6C1
:10184000FFFFFFFFFFFFFFFFFFFFFFFF00003FFF66
:101850009000004FFFFC00008FFFF2DFFFFFFFFF53
:10186000FFFFFFFFFFFFFF00000274000000EFFF1B
:10187000F40000DFFFD03DFFFFFFFFFFFFFFFFFF92
:10188000FFFF0000000000000BFFFFC00005FFFF8E
:1018900080000000000000AFFFFFFFFFFF0000001E
:1018A000000000BFFFFF30000CFFFF300000000011
:1018B00000000AFFFFFFFFFF00000000002DFFFFF8
:1018C000F800003FFFFC0000000000000000AFFF38
:1018D000FFFFFF0000000001FFFFFFA00000DFFF8F
:1018E000F400000000000000000AFFFFFFFF0000FE
:1018F000000006FFFFFA000008FFFFD00000000014
:101900000000000000AFFFFFFF0000000005FFFF28
:101910008000003FFFFF30000000000000000000DA
:101920000AFFFFFF00000000009FC3000002EFFF5E
:10193000F90000000000000000000000AFFFFF0001
:1019400000000000000000001EFFFFE1000000009A
:10195000000000000000000AFFFD00000000000081
:10196000000003DFFFFF3000000000000000000067
:101970000000009FD300000000000000005FFFFF98
:10198000F500000000000000000000000000000062
:101990000000000000000009FFFFFF6000000000E1
:1019A0000000000000000000000000000000000037
:1019B00000005FFFFFF500000000000000000000D5
:1019C000000000000000000000000000007FFFFE9B
:1019D00040000000000000000000000000000000C7
:1019E00000000000000000001EFFB1000000000029
:1019F00000000000000000000000000000000000E7
:101A00000000000175000000000000008DFFFFFFD6
:101A1000FFFFFFFFFFFFFFFFFFFFFFFFFFFFFFFFD6
:101A2000FFD8000CFFFFFFFFFFFFFFFFFFFFFFFFDF
:101A3000FFFFFFFFFFFFFFFFFFFFC08FFFFFFFFF65
:101A4000FFFFFFFFFFFFFFFFFFFFFFFFFFFFFFFFA6
:101A5000FFFFF8DFFFFFFFFFFFFFFFFFFFFFFFFFBD
:101A6000FFFFFFFFFFFFFFFFFFFFFDFFFFFFFFFF88
:101A7000FFFFFFFFFFFFFFFFFFFFFFFFFFFFFFFF76
:101A8000FFFFFFFFFFFFFFA545AFFFFFFFFFFFFFCA
:101A9000FFFFFFFFFFFFFFFFFFFFFFFFFFFFE30071
:101AA0000003EFFFFFFFFFFFFFFFFFFFFFFFFFFF51
:101AB000FFFFFFFFFFFF300000003FFFFFFFFFFFC2
:101AC000FFFFFFFFFFFFFFFFFFFFFFFFFFFA000029
:101AD00000000AFFFFFFFFFFFFFFFFFFFFFFFFFF09
:101AE000FFFFFFFFFFF50000000005FFFFFFFFFF06
:101AF000FFFFFFFFFFFFFFFFFFFFFFFFFFF40000FF
:101B0000000004FFFFFFFFFFFFFFFFFFFFFFFFFFDE
:101B1000FFFFFFFFFFF50000000005FFFFFFFFFFD5
:101B2000FFFFFE22EFFFFFFFFFFFFFFFFFFA0000B6
:101B300000000AFFFFFFFFFFFFFFE2002EFFFFFF95
:101B4000FFFFFFFFFFFF300000003FFFFFFFFFFF31
:101B5000FFFE200002EFFFFFFFFFFFFFFFFFE3009C
:101B60000003EFFFFFFFFFFFFFE20000002EFFFF7B
:101B7000FFFFFFFFFFFFFFA545AFFFFFFFFFFFFFD9
:101B8000FE2000000002EFFFFFFFFFFFFFFFFFFF4F
:101B9000FFFFFFFFFFFFFFFFE200000000002EFF3E
:101BA000FFFFFFFFFFFFFFFFFFFFFFFFFFFFFFFE46
:101BB00020000000000002EFFFFFFFFFFFFFFFFF1C
:101BC000FFE7EFFFFFFFFFE2000000000000002E34
:101BD000FFFFFFFFFFFFFFFFFE202EFFFFFFFE20A6
:101BE0000000000000000002FFFFFFFFFFFFFFFFFB
:101BF000E20002EFFFFFE200000000000000000032
:101C0000FFFFFFFFFFFFFFFE2000002EFFFE200072
:101C10000000000000000000FFFFFFFFFFFFFFE2E9
:101C200000000002EFE200000000000000000000E1
:101C3000FFFFFFFFFFFFFE20000000002C20000040
:101C40000000000000000000FFFFFFFFFFFFE200B8
:101C50000000000000000000000000000000000084
:101C6000FFFFFFFFFFFF200000000000000000005A
:101C70000000000000000000FFFFFFFFFFFF00006A
:101C80000000000000000000000000000000000054
:101C9000FFFFFFFFFFFF000000000000000000004A
:101CA0000000000000000000FFFFFFFFFFFF00003A
:101CB0000000000000000000000000000000000024
:101CC000FFFFFFFFFFFF000000000000000000001A
:101CD0000000000000000000FFFFFFFFFFFFFFFF0C
:101CE000FFFFFFFFFFFFFFFFFFFFFFFFFFFFFFFF04
:101CF000FFFFFFFFFFFFFFFFFFFFFFFFFFFFFFFFF4
:101D0000FFFFFFFFFFFFFFFFFFFFFFDFFFFFFFFF03
:101D1000FFFFFFFFFFFFFFFFFFFFFFFFFFFFFFFFD3
:101D2000FFFFFD8FFFFFFFFFFFFFFFFFFFFFFFFF35
:101D3000FFFFFFFFFFFFFFFFFFFFF80CFFFFFFFFAD
:101D4000FFFFFFFFFFFFFFFFFFFFFFFFFFFFFFFFA3
:101D5000FFFFC0008DFFFFFFFFFFFFFFFFFFFFFF43
:101D6000FFFFFFFFFFFFFFFFFFD8000000000000A4
:101D700000003CFD400000000000000000000000EA
:101D800000000EFFFE000000000000000000000048
:101D9000000006FFFFF5000000000000000000004A
:101DA000000000CFFFFFB0000000000000000000B6
:101DB0000000001FFFFFFF100000000000000000F7
:101DC00000000007FFFFFFF7000000000000000018
:101DD00000000000DFFFFFFFD00000000000000057
:101DE000000000004FFFFFFFFF4000000000000068
:101DF000000000000CFFFFFFFFFB000000000000E0
:101E00000000000004FFFFFFFFFFF30000000000E0
:101E10000000000000CFFFFFFFFFFFC00000000038
:101E200000000000004FFFFFFFFFFFFF5000000019
:101E300000000000000DFFFFFFFFFFFFFD0000009E
:101E4000000000000007FFFFFFFFFFFFFFF700009B
:101E5000000000000002FFFFFFFFFFFFFFFFF20096
:101E6000000000000000BFFFFFFFFFFFFFFFFFC0FB
:101E70000000000000006FFFFFFFFFFFFFFFFFFFFC
:101E80007000000000002FFFFFFFFFFFFFFFFFFFBC
:101E9000FF30000000000DFFFFFFFFFFFFFFFFFF0F
:101EA000FFFD0000000009FFFFFFFFFFFFFFFFFF36
:101EB000FFFFFA00000004FFFFFFFFFFFFFFFFFF2F
:101EC000FFFFFFF5000000EFFFFFFFFFFFFFFFFF39
:101ED000FFFFFFFFE000007FFFFFFFFFFFFFFFFFAF
:101EE000FFFFFFFFFF70000EFFFFFFFFFFFFFFFF81
:101EF000FFFFFFFFFFFF1007FFFFFFFFFFFFFFFFD9
:101F0000FFFFFFFFFFFFF800EFFFFFFFFFFFFFFFF7
:101F1000FFFFFFFFFFFFFFE04FFFFFFFFFFFFFFFA0
:101F2000FFFFFFFFFFFFFFFF48FFFFFFFFFFFFFF78
:101F3000FFFFFFFFFFFFFFFFF8BFFFFFFFFFFFFFF8
:101F4000FFFFFFFFFFFFFFFFFFBEFFFFFFFFFFFFE2
:101F5000FFFFFFFFFFFFFFFFFFFEFFFFFF707FFFA1
:101F6000FFFFFFFFFFFFFFFFFFFFFFFFFFF000FF8F
:101F7000FFFFFFFFFFFFFFFFFFFFFFFFFFFF100E51
:101F8000FFFFFFFFFFFFFFFFFFFFFFFDFFFFF3006E
:101F9000BFFFFFFFFFFFFFFFFFFFFFFDBFFFFF7062
:101FA00005FFFFFFFFFFFFFFFFFFFFFFB7FFFFFC86
:101FB000000CFFFFFFFFFFFFFFFFFFFFF73FFFFFEB
:101FC000F4002EFFFFFFFFFFFFFFFFFFFF30DFFFEB
:101FD000FFD1002CFFFFFFFFFFFFFFFFFFD007FF38
:101FE000FFFFB00005BEFFFFFFFFFFFFFFF6000E83
:101FF000FFFFFFB10000007FFFFFFFFFFFFE0000BB
:102000004FFFFFFFD4000000FFFFFFFFFFFF400076
:10201000009FFFFFFFFC73107FFFFFFFFFFF90009B
:102020000000BFFFFFFFFFFFFFFFFFFFFFFFB0004C
:10203000000000BFFFFFFFFFFFFFFFFFFFFFB0003B
:10204000000000009FFFFFFFFFFFFFFFFFFF90006A
:1020500000000000005EFFFFFFFFFFFFFFFE5000DB
:1020600000000000000007EFFFFFFFFFFFE7000098
:10207000000000000000000048BEFFFEB840000065
:102080000000000000000000000000000000000050
:102090000000CFFFFF80000000000000000009FFEB
:1020A00080FFFFFFB00000000000000000BFFFF94C
:1020B000FFFFFFC0000000000000001CFFFFFEFF4C
:1020C000FFFFC000000000000001DFFFFFFFFFFF77
:1020D000FFC00000000000002EFFFFFFFFFFFFFF1A
:1020E000C0000000000003EFFFFFFFFFFFFFFFC085
:1020F00000000000004FFFFFFFFFFFFFFFFFC000D9
:1021000000000005FFFFFFFFFFFFFFFFFFC0000013
:1021100000006FFFFFFFFFFFFFFFFFFFC000000099
:1021200007FFFFFFFFFFFFFFFFFFFFC00000008F63
:10213000FFFFFFFFFFFFFFFFFFFFC0000009FFFFE2
:10214000FFFFFFFFFFFFFFFFFFC00000AFFFFFFF2C
:10215000FFFFFFFFFFFFFFFFC0000BFFFFFFFFFFC1
:10216000FFFFFFFFFFFFFFC001CFFFFFFFFFFFFFEC
:10217000FFFFFFFFFFFFC01DFFFFFFFFFFFFFFFF90
:10218000FFFFFFFFFFC2EFFFFFFFFFFFFFFFFFFFAC
:10219000FFFFFFFFDEFFFFFFFFFFFFFFFFFFFFFF70
:1021A000FFFFFFFFFFFFFFFFFFFFFFFFFFFFFFFF3F
:1021B000FFFFFFFFFFFFFFFFFFFFFFFFFFFFFFFF2F
:1021C000FFFFFFFFFFFFFFFFFFFFFFFFFFFFFFFF1F
:1021D000FFFFFFFFFFFFFFFFFFFFFFFFFFFFFFFF0F
:1021E000FFFFFFFFFFFFFFFFFFFFFFFFFFFFFFFFFF
:1021F000FFFFFFFFFFFFFFFFFFFFFFFFFFEFFFFFFF
:10220000FFFFFFFFFFFFFFFFFFFFFFFFC3EFFFFF2A
:10221000FFFFFFFFFFFFFFFFFFFFFFC02EFFFFFFDE
:10222000FFFFFFFFFFFFFFFFFFFFC001DFFFFFFF1B
:10223000FFFFFFFFFFFFFFFFFFC0001CFFFFFFFFCF
:10224000FFFFFFFFFFFFFFFFC00000BFFFFFFFFF1B
:10225000FFFFFFFFFFFFFFC000000AFFFFFFFFFFC0
:10226000FFFFFFFFFFFFC00000009FFFFFFFFFFF1A
:10227000FFFFFFFFFFC000000008FFFFFFFFFFFFA1
:10228000FFFFFFFFC0000000006FFFFFFFFFFFFF29
:10229000FFFFFFC00000000005FFFFFFFFFFFFFF83
:1022A000FFFFC000000000004FFFFFFFFFFFFFFF28
:1022B000FFC0000000000003EFFFFFFFFFFFFFFF74
:1022C000C00000000000002EFFFFFFFFFFFFFFC067
:1022D00000000000000001DFFFFFFFFFFFFFC00064
:1022E0000000000000001CFFFFFEFFFFFFB0000029
:1022F000000000000000BFFFF9CFFFFF80000000DA
:10230000000000000009FF80000000000000000045
:1023100000000000000000000000000000000000BD
:10232000000000000000000000000000008DFD70B3
:10233000000000000000000000000000000000009D
:10234000000DFFFFFD400000000000000000000045
:102350000000000000009FFFFFFFFB2000000000C6
:102360000000000000000000000000EFFFFFFFFF82
:10237000F800000000000000000000000000000065
:10238000FFFFFFFFFFFFE50000000000000000006E
:102390000000000000FFFFFFFFFFFFFFC200000082
:1023A00000000000000000000000FFFFFFFFFFFF33
:1023B000FFFF91000000000000000000000000FF8F
:1023C000FFFFFFFFFFFFFFFE6000000000000000B6
:1023D00000000000FFFFFFFFFFFFFFFFFFFC3000DA
:1023E000000000000000000000FFFFFFFFFFFFFFF4
:1023F000FFFFFFF910000000000000000000FFFFD9
:10240000FFFFFFFFFFFFFFFFFFF7000000000000DE
:10241000000000FFFFFFFFFFFFFFFFFFFFFFFFD4F4
:102420000000000000000000FFFFFFFFFFFFFFFFB4
:10243000FFFFFFFFFFA100000000000000FFFFFF03
:10244000FFFFFFFFFFFFFFFFFFFFFF700000000027
:102450000000FFFFFFFFFFFFFFFFFFFFFFFFFFFF8A
:10246000FD400000000000FFFFFFFFFFFFFFFFFF38
:10247000FFFFFFFFFFFFFB2000000000FFFFFFFF4B
:10248000FFFFFFFFFFFFFFFFFFFFFFFFF800000060
:1024900000FFFFFFFFFFFFFFFFFFFFFFFFFFFFFF4B
:1024A000FFFFE5000000FFFFFFFFFFFFFFFFFFFF53
:1024B000FFFFFFFFFFFFFFFFC20000FFFFFFFFFF67
:1024C000FFFFFFFFFFFFFFFFFFFFFFFFFFFF910089
:1024D000FFFFFFFFFFFFFFFFFFFFFFFFFFFFFFFF0C
:1024E000FFFFFFFE40FFFFFFFFFFFFFFFFFFFFFFBC
:1024F000FFFFFFFFFFFFFFFFFFF3FFFFFFFFFFFFF8
:10250000FFFFFFFFFFFFFFFFFFFFFFFFFFFFFBFFDF
:10251000FFFFFFFFFFFFFFFFFFFFFFFFFFFFFFFFCB
:10252000FFFFFFFFFFFFFFFFFFFFFFFFFFFFFFFFBB
:10253000FFFFFFFFFFFFFFFFFFFFFFFFFFFFFFFFAB
:10254000FFFFFFFFFFFFFFFFFFFFFFFFFFFBFFFF9F
:10255000FFFFFFFFFFFFFFFFFFFFFFFFFFFFFFFF8B
:10256000FFFFF3FFFFFFFFFFFFFFFFFFFFFFFFFF87
:10257000FFFFFFFFFFFFFE40FFFFFFFFFFFFFFFF2B
:10258000FFFFFFFFFFFFFFFFFFFFFF9100FFFFFFC8
:10259000FFFFFFFFFFFFFFFFFFFFFFFFFFFFFFC288
:1025A0000000FFFFFFFFFFFFFFFFFFFFFFFFFFFF39
:1025B000FFFFFFE5000000FFFFFFFFFFFFFFFFFF42
:1025C000FFFFFFFFFFFFFFF800000000FFFFFFFF1E
:1025D000FFFFFFFFFFFFFFFFFFFFFFFB20000000EB
:1025E00000FFFFFFFFFFFFFFFFFFFFFFFFFFFFFDFC
:1025F000400000000000FFFFFFFFFFFFFFFFFFFFA5
:10260000FFFFFFFF70000000000000FFFFFFFFFF63
:10261000FFFFFFFFFFFFFFFFA10000000000000021
:10262000FFFFFFFFFFFFFFFFFFFFFFFFD4000000E2
:102630000000000000FFFFFFFFFFFFFFFFFFFFFFA5
:10264000F7000000000000000000FFFFFFFFFFFF99
:10265000FFFFFFFFFA10000000000000000000FF75
:10266000FFFFFFFFFFFFFFFFFC3000000000000046
:1026700000000000FFFFFFFFFFFFFFFFFE60000004
:10268000000000000000000000FFFFFFFFFFFFFF51
:10269000FF91000000000000000000000000FFFFAC
:1026A000FFFFFFFFFFC2000000000000000000006D
:1026B000000000FFFFFFFFFFFFE50000000000003B
:1026C0000000000000000000EFFFFFFFFFF8000027
:1026D000000000000000000000000000008FFFFF6D
:1026E000FFFB2000000000000000000000000000D0
:1026F00000000CFFFFFD4000000000000000000093
:1027000000000000000000007DFD700000000000DF
:1027100000000000000000000000000000000000B9
:1027200000000000000000000000000000000000A9
:102730000000000000000000000000000000000099
:10274000000000000000009EFFFFFFFFFFE9000007
:102750000000009EFFFFFFFFFFE9000DFFFFFFFFEE
:10276000FFFFFFD00000000DFFFFFFFFFFFFFFD0C6
:102770008FFFFFFFFFFFFFFFF80000008FFFFFFF4D
:10278000FFFFFFFFF8EFFFFFFFFFFFFFFFFE00006F
:1027900000EFFFFFFFFFFFFFFFFEFFFFFFFFFFFF59
:1027A000FFFFFF000000FFFFFFFFFFFFFFFFFFFF36
:1027B000FFFFFFFFFFFFFFFF000000FFFFFFFFFF26
:1027C000FFFFFFFFFFFFFFFFFFFFFFFFFF00000016
:1027D000FFFFFFFFFFFFFFFFFFFFFFFFFFFFFFFF09
:1027E000FFFF000000FFFFFFFFFFFFFFFFFFFFFFF6
:1027F000FFFFFFFFFFFFFF000000FFFFFFFFFFFFE6
:10280000FFFFFFFFFFFFFFFFFFFFFFFF000000FFD5
:10281000FFFFFFFFFFFFFFFFFFFFFFFFFFFFFFFFC8
:10282000FF000000FFFFFFFFFFFFFFFFFFFFFFFFB5
:10283000FFFFFFFFFFFF000000FFFFFFFFFFFFFFA5
:10284000FFFFFFFFFFFFFFFFFFFFFF000000FFFF95
:10285000FFFFFFFFFFFFFFFFFFFFFFFFFFFFFFFF88
:10286000000000FFFFFFFFFFFFFFFFFFFFFFFFFF75
:10287000FFFFFFFFFF000000FFFFFFFFFFFFFFFF65
:10288000FFFFFFFFFFFFFFFFFFFF000000FFFFFF55
:10289000FFFFFFFFFFFFFFFFFFFFFFFFFFFFFF0047
:1028A0000000FFFFFFFFFFFFFFFFFFFFFFFFFFFF36
:1028B000FFFFFFFF000000FFFFFFFFFFFFFFFFFF25
:1028C000FFFFFFFFFFFFFFFFFF000000FFFFFFFF15
:1028D000FFFFFFFFFFFFFFFFFFFFFFFFFFFF000006
:1028E00000FFFFFFFFFFFFFFFFFFFFFFFFFFFFFFF7
:1028F000FFFFFF000000FFFFFFFFFFFFFFFFFFFFE5
:10290000FFFFFFFFFFFFFFFF000000FFFFFFFFFFD4
:10291000FFFFFFFFFFFFFFFFFFFFFFFFFF000000C4
:10292000FFFFFFFFFFFFFFFFFFFFFFFFFFFFFFFFB7
:10293000FFFF000000FFFFFFFFFFFFFFFFFFFFFFA4
:10294000FFFFFFFFFFFFFF000000FFFFFFFFFFFF94
:10295000FFFFFFFFFFFFFFFFFFFFFFFF000000FF84
:10296000FFFFFFFFFFFFFFFFFFFFFFFFFFFFFFFF77
:10297000FF000000FFFFFFFFFFFFFFFFFFFFFFFF64
:10298000FFFFFFFFFFFF000000FFFFFFFFFFFFFF54
:10299000FFFFFFFFFFFFFFFFFFFFFF000000FFFF44
:1029A000FFFFFFFFFFFFFFFFFFFFFFFFFFFFFFFF37
:1029B000000000FFFFFFFFFFFFFFFFFFFFFFFFFF24
:1029C000FFFFFFFFFF000000FFFFFFFFFFFFFFFF14
:1029D000FFFFFFFFFFFFFFFFFFFF000000FFFFFF04
:1029E000FFFFFFFFFFFFFFFFFFFFFFFFFFFFFF00F6
:1029F0000000FFFFFFFFFFFFFFFFFFFFFFFFFFFFE5
:102A0000FFFFFFFF000000FFFFFFFFFFFFFFFFFFD3
:102A1000FFFFFFFFFFFFFFFFFF000000FFFFFFFFC3
:102A2000FFFFFFFFFFFFFFFFFFFFFFFFFFFF0000B4
:102A300000FFFFFFFFFFFFFFFFFFFFFFFFFFFFFFA5
:102A4000FFFFFF000000FFFFFFFFFFFFFFFFFFFF93
:102A5000FFFFFFFFFFFFFFFF000000FFFFFFFFFF83
:102A6000FFFFFFFFDFFFFFFFFFFFFFFFFD00000095
:102A7000DFFFFFFFFFFFFFFFFD7FFFFFFFFFFFFF08
:102A8000FFF70000007FFFFFFFFFFFFFFFF70CFFD6
:102A9000FFFFFFFFFFFFC00000000CFFFFFFFFFF75
:102AA000FFFFC0007DFFFFFFFFFFD7000000000019
:102AB0007DFFFFFFFFFFD700008DFFFFFFFFFFFF40
:102AC000FFFFFFFFFFFFFFFFFFFFFFD8000CFFFF2F
:102AD000FFFFFFFFFFFFFFFFFFFFFFFFFFFFFFFF06
:102AE000FFC08FFFFFFFFFFFFFFFFFFFFFFFFFFFA5
:102AF000FFFFFFFFFFFFF8DFFFFFFFFFFFFFFFFF0D
:102B0000FFFFFFFFFFFFFFFFFFFFFFFDFFFFFFFFD7
:102B1000FFFFFFFFFFFFFFFFFFFFFFFFFFFFFFFFC5
:102B2000FFFFFFFFFFFFFFFFFFFFFFFFFFFFFFFFB5
:102B3000FFFFFFFFFFFFFFFFFFFFFFFFFFFFFFFFA5
:102B4000FFFFFFFFFFFFFFFFFFFFFFFFFFFFFFFF95
:102B5000FFFFFFFFFFFFFFFFFFFFFFFFFFFFFFFF85
:102B6000FFFFFFFFFFFFFFFFFFFFFFFFFFFFFFFF75
:102B7000FFFFFFFFFFFFFFFFFFFFFFFFFFFFFFFF65
:102B8000FFFFFFFFFFFFFFFFFFFFFFFFFFFFFFFF55
:102B9000FFFFFFFFFFFFFFFFFFFFFFFFFFFFFFFF45
:102BA000FFFFFFFFFFFFFFFFFFFFFFFFFFFFFFFF35
:102BB000FFFFFFFFFFFFFFFFFFFFFFFFFFFFFFFF25
:102BC000FFFFFFFFFFFFFFFFFFFFFFFFFFFFFFFF15
:102BD000FFFFFFFFFFFFFFFFFFFFFFFFFFFFFFFF05
:102BE000FFFFFFFFFFFFFFFFFFFFFFFFFFFFFFFFF5
:102BF000FFFFFFFFFFFFFFFFFFFFFFFFFFFFFFFFE5
:102C0000FFFFFFFFFFFFFFFFFFFFFFFFFFFFFFFFD4
:102C1000FFFFFFFFFFFFFFFFFFFFFFFFFFFFFFFFC4
:102C2000FFFFFFFFFFFFFFFFFFFFFFFFFFFFFFFFB4
:102C3000FFFFFFFFFFFFFFFFFFFFFFFFFFFFFFFFA4
:102C4000FFFFFFFFFFFFFFFFFFFFFFFFFFFFFFFF94
:102C5000FFFFFFFFFFFFFFFFFFFFFFFFFFFFFFFF84
:102C6000FFFFFFFFFFFFFFFFFFFFFFFFFFFFFFFF74
:102C7000FFFFFFFFFFFFFFFFFFFFFFFFFFFFFFFF64
:102C8000FFFFFFFFFFFFFFFFFFFFFFFFFFFFFFFF54
:102C9000FFFFFFFFFFFFFFFFFFFFFFFFFFFFFFFF44
:102CA000FFFFFFFFFFFFFFFFFFFFFFFFFFFFFFFF34
:102CB000FFFFFFFFFFFFFFFFFFFFFFFFFFFFFFFF24
:102CC000FFFFFFFFFFFFFFFFFFFFFFFFFFFFFFFF14
:102CD000FFFFFFFFFFFFFFFFFFFFFFFFFFFFFFFF04
:102CE000FFFFFFFFFFFFFFFFFFFFFFFFFFFFFFFFF4
:102CF000FFFFFFFFFFFFFFFFFFFFFFFFFFFFFFFFE4
:102D0000FFFFFFFFFFFFFFFFFFFFFFFFFFFFFFFFD3
:102D1000FFFFFFFFFFFFFFFFFFFFFFFFFFFFFFFFC3
:102D2000FFFFFFFFFFFFFFFFFFFFFFFFFFFFFFFFB3
:102D3000FFFFFFFFFFFFFFFFFFFFFFFFFFFFFFFFA3
:102D4000FFFFFFFFFFFFFFFFFFFFFFFFFFFFFFFF93
:102D5000FFFFFFFFFFFFFFFFFFFFFFFFFFFFFFFF83
:102D6000FFFFFFFFFFFFFFFFFFFFFFFFFFFFFFFF73
:102D7000FFFFFFFFFFFFFFFFFFFFFFFFFFFFFFFF63
:102D8000FFFFFFFFFFFFFFFFFFFFFFFFFFFFFFFF53
:102D9000FFFFFFFFFFFFFFFFFFFFFFFFFFFFFFFF43
:102DA000FFFFFFFFFFFFFFFFFFFFFFFFFFFFFFFF33
:102DB000FFFFFFFFFFFFFFFFFFFFFFFFFFFFFFFF23
:102DC000FFFFFFFFFFFFFFFFFFFFFFFFFFFFFFFF13
:102DD000FFFFFFFFFFFFDFFFFFFFFFFFFFFFFFFF23
:102DE000FFFFFFFFFFFFFFFFFFFFFD8FFFFFFFFF65
:102DF000FFFFFFFFFFFFFFFFFFFFFFFFFFFFFFF8EA
:102E00000CFFFFFFFFFFFFFFFFFFFFFFFFFFFFFFC5
:102E1000FFFFFFFFC0008DFFFFFFFFFFFFFFFFFF72
:102E2000FFFFFFFFFFFFFFFFD800000000000000D2
:102E300000000000000000000008FF9000000000FB
:102E40000000000008FFFFFC9FFFFB0000000000E7
:102E50000000000BFFFFFFEFFFFFC10000000000BC
:102E600000000CFFFFFFFFFFFFFD1000000000004F
:102E7000000CFFFFFFFFFFFFFFE20000000000006B
:102E80000CFFFFFFFFFFFFFFFE3000000000000C03
:102E9000FFFFFFFFFFFFFFFFF400000000000CFF3B
:102EA000FFFFFFFFFFFFFFFF50000000000CFFFFD0
:102EB000FFFFFFFFFFFFFFF6000000000CFFFFFF1A
:102EC000FFFFFFFFFFFFFF800000000CFFFFFFFF81
:102ED000FFFFFFFFFFFFF90000000CFFFFFFFFFFF8
:102EE000FFFFFFFFFFFFA000000CFFFFFFFFFFFF42
:102EF000FFFFFFFFFFFB00000CFFFFFFFFFFFFFFD7
:102F0000FFFFFFFFFFC1000CFFFFFFFFFFFFFFFF01
:102F1000FFFFFFFFFD100CFFFFFFFFFFFFFFFFFFA5
:102F2000FFFFFFFFE20CFFFFFFFFFFFFFFFFFFFFC1
:102F3000FFFFFFFE3CFFFFFFFFFFFFFFFFFFFFFF65
:102F4000FFFFFFFEFFFFFFFFFFFFFFFFFFFFFFFF92
:102F5000FFFFFFFFFFFFFFFFFFFFFFFFFFFFFFFF81
:102F6000FFFFFFFFFFFFFFFFFFFFFFFFFFFFFFFF71
:102F7000FFFFFFFFFFFFFFFFFFFFFFFFFFFFFFFF61
:102F8000FFFFFFFFFFFFFFFFFFFFFFFFFFFFFFFF51
:102F9000FFFFFFFFFFFFFFFFFFFFFFFFFFFFFFFF41
:102FA000FFFFFFFFFFFFFFFFFFFFFFFFEDFFFFFF43
:102FB000FFFFFFFFFFFFFFFFFFFFFE2CFFFFFFFFF5
:102FC000FFFFFFFFFFFFFFFFFFD10CFFFFFFFFFF32
:102FD000FFFFFFFFFFFFFFFC100CFFFFFFFFFFFFE6
:102FE000FFFFFFFFFFFFB0000CFFFFFFFFFFFFFF32
:102FF000FFFFFFFFFA00000CFFFFFFFFFFFFFFFFD7
:10300000FFFFFF9000000CFFFFFFFFFFFFFFFFFF30
:10301000FFF80000000CFFFFFFFFFFFFFFFFFFFFB7
:10302000700000000CFFFFFFFFFFFFFFFFFFF60037
:103030000000000CFFFFFFFFFFFFFFFFFF5000003D
:1030400000000CFFFFFFFFFFFFFFFFF40000000088
:10305000000CFFFFFFFFFFFFFFFE3000000000003D
:103060000CFFFFFFFFFFFFFFE20000000000000C6D
:10307000FFFFFFFFFFFFFD100000000000000CFF3E
:10308000FFFFEFFFFFC1000000000000000CFFFF8A
:10309000FF9FFFFB00000000000000000BFFFFFF90
:1030A00008FF90000000000000000008FFFFFC0087
:1030B0000000000000000000000000000000000010
:1030C0000000000000000003BFFB30000000000013
:1030D000000000000000000000000000004FFFFFA3
:1030E000F4000000000000000000000000000000EC
:1030F000000003FFFFFFFF300000000000000000A1
:1031000000000000000000002EFFFFFFFFE20000B3
:103110000000000000000000000000000002EFFFBF
:10312000FFFFFFFE20000000000000000000000084
:103130000000001DFFFFFFFFFFFFD10000000000A7
:10314000000000000000000000CFFFFFFFFFFFFFB6
:10315000FC000000000000000000000000000CFF68
:10316000FFFFFFFFFFFFFFB00000000000000000B6
:1031700000000000AFFFFFFFFFFFFFFFFFFA0000AE
:1031800000000000000000000009FFFFFFFFFFFF3C
:10319000FFFFFFFF90000000000000000000008F14
:1031A000FFFFFFFFFFFFFFFFFFFFF8000000000031
:1031B0000000000007FFFFFFFFFFFFFFFFFFFFFF13
:1031C000FF7000000000000000005FFFFFFFFFFF36
:1031D000FFFFFFFFFFFFFFF50000000000000004FD
:1031E000FFFFFFFFFFFFFFFFFFFFFFFFFFFF4000AD
:1031F00000000000003FFFFFFFFFFFFFFFFFFFFF9A
:10320000FFFFFFFFF3000000000002EFFFFFFFFFE2
:10321000FFFFFFFFFFFFFFFFFFFFFE20000000009A
:103220002EFFFFFFFFFFFFFFFFFFFFFFFFFFFFFF7F
:10323000FFE200000001DFFFFFFFFFFFFFFFFFFFD6
:10324000FFFFFFFFFFFFFFFD1000000CFFFFFFFF70
:10325000FFFFFFFFFFFFFFFFFFFFFFFFFFFFC000BC
:1032600000BFFFFFFFFFFFFFFFFFFFFFFFFFFFFFAD
:10327000FFFFFFFFFB0007FFFFFFFFFFFFFFFFFF59
:10328000FFFFFFFFFFFFFFFFFFFFFF700DFFFFFFCF
:10329000FFFFFFFFFFFFFFFFFFFFFFFFFFFFFFFF3E
:1032A000FFD00FFFFFFFFFFFFFFFFFFFFFFFFFFF4D
:1032B000FFFFFFFFFFFFFFF00DFFFFFFFFFFFFFF1F
:1032C000FFFFFFFFFFFFFFFFFFFFFFFFFFD007FF35
:1032D000FFFFFFFFFFFFFFFFFFFFFFFFFFFFFFFFFE
:1032E000FFFFFF7000CFFFFFFFFFFFFFFFFFFFFFAC
:1032F000FFFFFFFFFFFFFFFFFC000008EFFFFFFFE6
:10330000FFFFFFFFFFFFFFFFFFFFFFFFFFFE80004C
:1033100000000000000000000000000000000000AD
:10332000000000000000000000000000000000009D
:10333000000000000000000000000000000000008D
:10334000000000000000000000000000000000007D
:103350000000008EFFFFFFFFFFFFFFFFFFFFFFFFEB
:10336000FFFFFFFFFFFFE80008FFFFFFFFFFFFFF7A
:10337000FFFFFFFFFFFFFFFFFFFFFFFFFF800EFFCD
:10338000FFFFFFFFFFFFFFFFFFFFFFFFFFFFFFFF4D
:10339000FFFFFFE00FFFFFFFFFFFFFFFFFFFFFFF4C
:1033A000FFFFFFFFFFFFFFFFFFF00FFFFFFFFFFF2C
:1033B000FFFFFFFFFFFFFFFFFFFFFFFFFFFFFFF02C
:1033C0000FFFFFFFFFFFFFFFFFFFFFFFFFFFFFFFFD
:1033D000FFFFFFFFFFF00FFFFFFFFFFFFFFFFFFFFC
:1033E000FFFFFFFFFFFFFFFFFFFFFFF00FFFFFFFEC
:1033F000FFFFFFFFFFFFFFFFFFFFFFFFFFFFFFFFDD
:10340000FFF00FFFFFFFFFFFFFFFFFFFFFFFFFFFCB
:10341000FFFFFFFFFFFFFFF00EFFFFFFFFFFFFFFBC
:10342000FFFFFFFFFFFFFFFFFFFFFFFFFFE008FFC2
:10343000FFFFFFFFFFFFFFFFFFFFFFFFFFFFFFFF9C
:10344000FFFFFF80008EFFFFFFFFFFFFFFFFFFFF7B
:10345000FFFFFFFFFFFFFFFFE8000000000000008C
:1034600000000001892000000000000000000000B2
:103470002EFFF300000000000000000002EFFFFF3D
:103480003000000000000000002EFFFFFFE1000000
:10349000000000000002EFFFFFFFF5000000000049
:1034A00000002EFFFFFFFFF300000000000002EF0E
:1034B000FFFFFFFF800000000000002EFFFFFFFF66
:1034C000F800000000000002EFFFFFFFFF80000097
:1034D000000000002EFFFFFFFFF8000000000000CA
:1034E00002EFFFFFFFFF800000000000002EFFFF43
:1034F000FFFFF800000000000002EFFFFFFFFF8069
:103500000000000000002EFFFFFFFFF80000000099
:10351000000002EFFFFFFFFF800000000000002E10
:10352000FFFFFFFFF800000000000002EFFFFFFFB9
:10353000FF800000000000002EFFFFFFFFF80000EA
:103540000000000002EFFFFFFFFF8000000000000E
:10355000001EFFFFFFFFF8000000000000006FFFEB
:10356000FFFFFF90000000000000004FFFFFFFFF83
:10357000E20000000000000009FFFFFFFFFE200046
:103580000000000000009FFFFFFFFFE200000000BE
:1035900000000009FFFFFFFFFE2000000000000008
:1035A000009FFFFFFFFFE20000000000000009FF96
:1035B000FFFFFFFE20000000000000009FFFFFFF54
:1035C000FFE20000000000000009FFFFFFFFFE20F7
:1035D000000000000000009FFFFFFFFFE20000006E
:1035E0000000000009FFFFFFFFFE200000000000B8
:1035F00000009FFFFFFFFFE2000000000000000945
:10360000FFFFFFFFFE20000000000000009FFFFF03
:10361000FFFFE20000000000000009FFFFFFFFFEC7
:1036200020000000000000009FFFFFFFFFD000000F
:10363000000000000009FFFFFFFFF5000000000090
:103640000000009FFFFFFFF40000000000000000EA
:1036500009FFFFFFA00000000000000000009FFF26
:10366000FB0000000000000000000008FFA00000B8
:10367000000000000000000000120000000298108E
:10368000000000000000000000003FFFE20000001A
:1036900000000000000003FFFFFE2000000000000B
:1036A0000000001EFFFFFFE200000000000000001D
:1036B0005FFFFFFFFE20000000000000003FFFFF53
:1036C000FFFFE20000000000000008FFFFFFFFFE18
:1036D00020000000000000008FFFFFFFFFE200005D
:1036E000000000000008FFFFFFFFFE2000000000B8
:1036F0000000008FFFFFFFFFE2000000000000005D
:1037000008FFFFFFFFFE20000000000000008FFF09
:10371000FFFFFFE20000000000000008FFFFFFFFC6
:10372000FE20000000000000008FFFFFFFFFE2000E
:1037300000000000000008FFFFFFFFFE2000000067
:10374000000000008FFFFFFFFFE20000000000000C
:103750000008FFFFFFFFFE20000000000000008FB8
:10376000FFFFFFFFE20000000000000008FFFFFF76
:10377000FFFE20000000000000008FFFFFFFFFE1C0
:103780000000000000000009FFFFFFFFF60000003E
:10379000000000002EFFFFFFFFF40000000000000B
:1037A00002EFFFFFFFFF900000000000002EFFFF70
:1037B000FFFFF900000000000002EFFFFFFFFF9095
:1037C0000000000000002EFFFFFFFFF900000000D6
:1037D000000002EFFFFFFFFF900000000000002E3E
:1037E000FFFFFFFFF900000000000002EFFFFFFFF6
:1037F000FF900000000000002EFFFFFFFFF9000017
:103800000000000002EFFFFFFFFF9000000000003B
:10381000002EFFFFFFFFF900000000000002EFFF95
:10382000FFFFFF900000000000002EFFFFFFFFF9E8
:1038300000000000000002EFFFFFFFFF900000000B
:103840000000000DFFFFFFFFF90000000000000076
:103850005FFFFFFFFF90000000000000004FFFFF30
:10386000FFF900000000000000000AFFFFFF9000C9
:103870000000000000000000BFFFF9000000000091
:1038800000000000000AFF800000000000000000AF
:103890000000002100000000000000000000000007
:1038A00000000000000003CFFFFC3000000000001B
:1038B00000000000000000000000001EFFFFFFE10C
:1038C00000000000000000000000000000000000F8
:1038D0006FFFFFFFF6000000000000000000000086
:1038E00000000000008FFFFFFFF800000000000054
:1038F000000000000000000000008FFFFFFFF80044
:103900000000000000000000000000000000008F28
:10391000FFFFFFF8000000000000000000000000B2
:10392000000000008FFFFFFFF80000000000000013
:103930000000000000000000008FFFFFFFF8000003
:1039400000000000000000000000000000008FFFE9
:10395000FFFFF80000000000000000000000000071
:103960000000008FFFFFFFF80000000000000000D3
:1039700000000000000000008FFFFFFFF8000000C3
:10398000000000000000000000000000008FFFFFAA
:10399000FFF8000000000000000000000000000030
:1039A00000008FFFFFFFF800000000000000000093
:1039B000000000000000008FFFFFFFF80000000083
:1039C0000000000000000000000000008FFFFFFF6B
:1039D000F8000000000000000000000000000000EF
:1039E000008FFFFFFFF800000000000000000168EA
:1039F000888888888888CFFFFFFFFC888888888827
:103A00008886103EFFFFFFFFFFFFFFFFFFFFFFFF66
:103A1000FFFFFFFFFFFFFFE3CFFFFFFFFFFFFFFF02
:103A2000FFFFFFFFFFFFFFFFFFFFFFFFFCFFFFFFA9
:103A3000FFFFFFFFFFFFFFFFFFFFFFFFFFFFFFFF96
:103A4000FFFFFFFFFFFFFFFFFFFFFFFFFFFFFFFF86
:103A5000FFFFFFFFFFFFFFFFFFFFFFFFFFFFFFFF76
:103A6000FFFFFFFFFFFFFFFFFFFFFFFFFFFFFFFF66
:103A7000FFFFFFFFFFFFFFFFFFFFFFFFFFFFFFFF56
:103A8000FFCFFFFFFFFFFFFFFFFFFFFFFFFFFFFF76
:103A9000FFFFFFFFFFFC3EFFFFFFFFFFFFFFFFFFFA
:103AA000FFFFFFFFFFFFFFFFFFFFE301688888883C
:103AB000888888CFFFFFFFFC8888888888888610E0
:103AC00000000000000000008FFFFFFFF800000072
:103AD000000000000000000000000000008FFFFF59
:103AE000FFF80000000000000000000000000000DF
:103AF00000008FFFFFFFF800000000000000000042
:103B0000000000000000008FFFFFFFF80000000031
:103B10000000000000000000000000008FFFFFFF19
:103B2000F80000000000000000000000000000009D
:103B3000008FFFFFFFF80000000000000000000001
:103B40000000000000008FFFFFFFF80000000000F1
:103B500000000000000000000000008FFFFFFFF8E1
:103B60000000000000000000000000000000000055
:103B70008FFFFFFFF80000000000000000000000C1
:103B800000000000008FFFFFFFF8000000000000B1
:103B9000000000000000000000008FFFFFFFF800A1
:103BA0000000000000000000000000000000008F86
:103BB000FFFFFFF800000000000000000000000010
:103BC000000000008FFFFFFFF80000000000000071
:103BD0000000000000000000006FFFFFFFF6000083
:103BE00000000000000000000000000000001EFFB8
:103BF000FFFFE100000000000000000000000000E6
:103C000000000003CFFFFC300000000000000000B7
:103C100000244444444444444444444444444444C8
:103C200044444442001CFFFFFFFFFFFFFFFFFFFF74
:103C3000FFFFFFFFFFFFFFFFFFC1AFFFFFFFFFFF22
:103C4000FFFFFFFFFFFFFFFFFFFFFFFFFFFFFAFF89
:103C5000FFFFFFFFFFFFFFFFFFFFFFFFFFFFFFFF74
:103C6000FFFFFFFFFFFFFFFFFFFFFFFFFFFFFFFF64
:103C7000FFFFFFFFFFFFFFFFFFFFFFFFFFFFFFFF54
:103C8000FFFFFFFFFFFFFFFFFFFFFFFFFFFFFFFF44
:103C9000FFFFFFFFFFFFFFFFFFFFFFFFFFFFFFFF34
:103CA000FFFFFFDFFFFFFFFFFFFFFFFFFFFFFFFF44
:103CB000FFFFFFFFFFFFFFFD5FFFFFFFFFFFFFFFB6
:103CC000FFFFFFFFFFFFFFFFFFFFFFFFF5039BBBB2
:103CD000BBBBBBBBBBBBBBBBBBBBBBBBBBBBBBBB34
:103CE000B9300000000000000000000047ACEFFF0A
:103CF000FECA740000000000000000000000000088
:103D0000000000000016CFFFFFFFFFFFFFFFFC6178
:103D10000000000000000000000000000000003A69
:103D2000FFFFFFFFFFFFFFFFFFFFFFA300000000FB
:103D30000000000000000000002BFFFFFFFFFFFF5E
:103D4000FFFFFFFFFFFFFFB20000000000000000C8
:103D500000000008FFFFFFFFFFFFBA88ABFFFFFF77
:103D6000FFFFFF8000000000000000000002CFFF06
:103D7000FFFFFFFA4000000004AFFFFFFFFFFC2041
:103D800000000000000000005FFFFFFFFFFB3000AD
:103D90000000000003BFFFFFFFFFF5000000000070
:103DA000000008FFFFFFFFFF800000000000000090
:103DB00008FFFFFFFFFF800000000000009FFFFFE3
:103DC000FFFFF60000000000000000006FFFFFFF93
:103DD000FFF9000000000009FFFFFFFFFF80000067
:103DE000002DFFDA40000008FFFFFFFFFF900000FA
:103DF00000008FFFFFFFFFFB000000000CFFFFFC37
:103E0000200000BFFFFFFFFFF800000005FFFFFFDD
:103E1000FFFFF30000000009FFFFFFF400003FFF79
:103E2000FFFFFFFF5000002FFFFFFFFFFFA000007C
:103E3000000008FFFFFFFF20000AFFFFFFFFFFF267
:103E40000000DFFFFFFFFFFF40000000000CFFFF4E
:103E5000FFFFC00004FFFFFFFFFFFD0007FFFFFFA4
:103E6000FFFFFF00000000004FFFFFFFFFF4000016
:103E7000FFFFFFFFFFFF701FFFFFFFFFFFFB0000C3
:103E8000200004EFFFFFFFFFFA0000BFFFFFFFFF6E
:103E9000FFF1AFFFFFFFFFFFFA0000DC98CFFFFF4D
:103EA000FFFFFFFD0000AFFFFFFFFFFFFAFFFFFF77
:103EB000FFFFFFF80000FFFFFFFFFFFFFFFFFF0016
:103EC000008FFFFFFFFFFFFFFFFFFFFFFFFFF80077
:103ED00000FFFFFFFFFFFFFFFFFF00008FFFFFFF5F
:103EE000FFFFFFAFFFFFFFFFFFFA0000DFFFFFFF55
:103EF000FFFFFFFFFD0000AFFFFFFFFFFFFA1FFF07
:103F0000FFFFFFFFFB00009FFFFFFFFFFFFFFFF929
:103F10000000BFFFFFFFFFFFF108FFFFFFFFFFFFF4
:103F200000004FFFFFFFFFFFFFFFF40000FFFFFF58
:103F3000FFFFFF7000DFFFFFFFFFFF40000BFFFFF1
:103F4000FFFFFFFFFFC00004FFFFFFFFFFFD0000BA
:103F50002FFFFFFFFFFFA00001EFFFFFFFFFFFFEAE
:103F600020000AFFFFFFFFFFF2000006FFFFFFFF38
:103F7000FFF200003EFFFFFFFFFFE300003FFFFFF7
:103F8000FFFFFF500000008FFFFFFFFFFB0000015D
:103F9000BFFFFFFFFC200000BFFFFFFFFFF8000096
:103FA00000000AFFFFFFFFFF800000049DFFDA40D2
:103FB000000008FFFFFFFFFF900000000000AFFFC0
:103FC000FFFFFFF60000000000000000006FFFFF91
:103FD000FFFFF900000000000008FFFFFFFFFF8067
:103FE0000000000000000008FFFFFFFFFF8000004E
:103FF00000000000006FFFFFFFFFFB30000000002B
:104000000003BFFFFFFFFFF60000000000000000FC
:1040100003DFFFFFFFFFFA4000000004AFFFFFFFD8
:10402000FFFC2000000000000000000008FFFFFF70
:10403000FFFFFFBA88ABFFFFFFFFFFFF800000001C
:1040400000000000000000001AFFFFFFFFFFFFFF5D
:10405000FFFFFFFFFFFFB2000000000000000000B4
:104060000000000029FFFFFFFFFFFFFFFFFFFFFF32
:10407000A30000000000000000000000000000009D
:1040800005BFFFFFFFFFFFFFFFFC61000000000016
:1040900000000000000000000000000000379CEE5F
:1040A000FFFECA740000000000000000000000AF26
:1040B0007000000000000000000000000000000090
:1040C00000000000000000000000000009FFFB10DD
:1040D00000000000000000000000000000000000E0
:1040E000000000000000000000006FFFFFE3000080
:1040F00000000000000000000000000000000000C0
:104100000000000000000000EFFFFFFF6000000063
:10411000000000000000000000000000000000009F
:10412000000000000000CFFFFFFFFA0000000000C9
:10413000000000000000000000000000000000007F
:10414000000000001CFFFFFFFFD200000000000085
:10415000000000000000000000000000000000005F
:104160000000009FFFFFFFFF50000000000158AD5E
:10417000EFFFECA74000000000000000000000007E
:104180000005FFFFFFFFF800000049DFFFFFFFFF12
:10419000FFFFFFC61000000000000000000000004C
:1041A0002DFFFFFFFFB1018EFFFFFFFFFFFFFFFFAE
:1041B000FFFFFA300000000000000000000000AF28
:1041C000FFFFFFFE9FFFFFFFFFFFFFFFFFFFFFFF60
:1041D000FFFB200000000000000000000006FFFFC1
:1041E000FFFFFFFFFFFFFFFDA88ABFFFFFFFFFFFED
:1041F000F800000000000000000000003EFFFFFF8C
:10420000FFFFFFFFC6100000004AFFFFFFFFFFC2D5
:104210000000000000000000000001BFFFFFFFFFE2
:10422000FFD40000000000003BFFFFFFFFFF500035
:1042300000000000000000000008FFFFFFFFFC007E
:10424000000000000000008FFFFFFFFFF8000000EB
:1042500000000000000000004EFFFFFFFF90000084
:10426000000000000006FFFFFFFFFF9000000000BD
:1042700000000000000002CFFFFFFFFC1002DFFD86
:10428000A40000008FFFFFFFFFF900000000000006
:10429000000000000009FFFFFFFFE400CFFFFFC2A6
:1042A00000000BFFFFFFFFFF800000000000003157
:1042B000000000005FFFFFFFFF709FFFFFFF400057
:1042C00003FFFFFFFFFFF5000000000001EE3000DC
:1042D000000002DFFFFFFFFBAFFFFFFFF20000AFB8
:1042E000FFFFFFFFFF20000000000CFFF7000000B1
:1042F000000BFFFFFFFFFFFFFFFFFC00004FFFFF72
:10430000FFFFFFD0000000007FFFFFA000000000C3
:104310007FFFFFFFFFFFFFFFFF40000FFFFFFFFFDB
:10432000FFF700000001FFFFFFFD2000000004EF89
:10433000FFFFFFFFFFFFFFA0000BFFFFFFFFFFFFDF
:104340001000000AFFFFFFFFF5000000001CFFFF48
:10435000FFFFFFFFFFD0000AFFFFFFFFFFFFA000EE
:10436000000FFFFFFFFFFF90000000008FFFFFFF27
:10437000FFFFFFF00008FFFFFFFFFFFFF000000F4F
:10438000FFFFFFFFFFFC1000000005FFFFFFFFFF26
:10439000FFF00008FFFFFFFFFFFFF000000AFFFF34
:1043A000FFFFFFFFA0000000002DFFFFFFFFFFD079
:1043B0000009FFFFFFFFFFFFA0000001FFFFFFFF5D
:1043C000FFFFC00000000000AFFFFFFFFFA0000CD8
:1043D000FFFFFFFFFFFF100000007FFFFFFFFFFF59
:1043E000F0000000000006FFFFFFFFF7000FFFFFD7
:1043F000FFFFFFF6000000000DFFFFFFFFFFF500CD
:1044000000000000003EFFFFFFFFA05FFFFFFFFF77
:10441000FFB00000000002FFFFFFFFFFFB000000F5
:1044200000000001BFFFFFFFFDDFFFFFFFFFFE10E9
:1044300000000000005FFFFFFFFFFF3000000000F2
:10444000000008FFFFFFFFFFFFFFFFFFF30000007A
:1044500000000008FFFFFFFFFFC000000000000099
:10446000004EFFFFFFFFFFFFFFFF600000000000A6
:1044700000009FFFFFFFFFF80000000000000002A7
:10448000CFFFFFFFFFFFFFF800000000000000006B
:1044900009FFFFFFFFFF600000000000000009FFB0
:1044A000FFFFFFFFFF900000000000000000008FF2
:1044B000FFFFFFFFF800000000000000005FFFFFAB
:1044C000FFFFF80000000000000000000006FFFFF2
:1044D000FFFFFFC20000000000000002DFFFFFFF3F
:1044E000FA00000000000000000000002CFFFFFFA9
:1044F000FFFFA4000000000000000AFFFFFFFFD242
:1045000000000000000000000000008FFFFFFFFF20
:10451000FFFC9889A1000000007FFFFFFFFF500013
:1045200000000000000000000002BFFFFFFFFFFFCF
:10453000FFFFFD3000000003EFFFFFFFF900000068
:10454000000000000000000003AFFFFFFFFFFFFFBF
:10455000FFF5000000001CFFFFFFFFC2000000008D
:1045600000000000000000016CFFFFFFFFFFFFFFE5
:1045700090000000008FFFFFFFFF500000000000D0
:1045800000000000000000047ACEFFFEDC96300040
:1045900000000005FFFFFFFFF80000000000000022
:1045A000000000000000000000000000000000000B
:1045B00000002DFFFFFFFFC1000000000000000011
:1045C00000000000000000000000000000000000EB
:1045D00000AFFFFFFFFC0000000000000000000033
:1045E00000000000000000000000000000000006C5
:1045F000FFFFFFFE000000000000000000000000C0
:1046000000000000000000000000000000003EFF6D
:10461000FFF60000000000000000000000000000A5
:1046200000000000000000000000000001BFFF903B
:10463000000000000000000000000000000000007A
:10464000000000000000000000000007FA00000069
:104650000000000000000000000004BFFB4000005C
:10466000000000000000000000000000000000004A
:104670000000000000005FFFFFF5000000000000E8
:10468000000000000000000000000000000000002A
:104690000001FFFFFFFF100000000000000000000D
:1046A000000000000000000000000000000AFFFF02
:1046B000FFFFA0000000000000000000000000005C
:1046C0000000000000000000003FFFFFFFFFF300BC
:1046D00000000000000000000000000000000000DA
:1046E0000000000000CFFFFFFFFFFC000000000003
:1046F00000000000000000000000000000000000BA
:1047000006FFFFFFFFFFFF60000000000000000049
:104710000000000000000000000000000EFFFFFF8E
:10472000FFFFFFE0000000000000000000000000AC
:1047300000000000000000008FFFFFFFFFFFFFF8F8
:104740000000000000000000000000000000000069
:1047500000000002FFFFFFFFFFFFFFFF200000003F
:104760000000000000000000000000000000000B3E
:10477000FFFFFFFFFFFFFFFFB00000000000000091
:1047800000000000000000000000004FFFFFFFFFDE
:10479000FFFFFFFFF4000000000000000000000029
:1047A00000000000000000DFFFFFFFFFFFFFFFFF32
:1047B000FD000000000000000000000000000000FC
:1047C000000006FFFFFFFFFFFFFFFFFFFF6000008D
:1047D00000000000000000000000000000001EFFBC
:1047E000FFFFFFFFFFFFFFFFFFE1000000000000F1
:1047F000000000000000000000009FFFFFFFFFFF1F
:10480000FFFFFFFFFFF900000000000000000000B4
:10481000000000000002FFFFFFFFA888888AFFFF5A
:10482000FFFF20000000000000000000000000006A
:10483000000BFFFFFFFE00000000EFFFFFFFB000D6
:10484000000000000000000000000000005FFFFF0B
:10485000FFFE00000000EFFFFFFFF400000000007B
:10486000000000000000000000DFFFFFFFFF00006D
:104870000000FFFFFFFFFD0000000000000000003F
:104880000000000007FFFFFFFFFF00000000FFFF28
:10489000FFFFFF70000000000000000000000000AB
:1048A0001FFFFFFFFFFF10000001FFFFFFFFFFF1F1
:1048B0000000000000000000000000009FFFFFFF5C
:1048C000FFFF20000002FFFFFFFFFFF900000000D4
:1048D0000000000000000003FFFFFFFFFFFF3000AB
:1048E0000003FFFFFFFFFFFF30000000000000009B
:1048F0000000000CFFFFFFFFFFFF40000004FFFF70
:10490000FFFFFFFFC0000000000000000000005F8C
:10491000FFFFFFFFFFFF50000005FFFFFFFFFFFF4E
:10492000F500000000000000000000EFFFFFFFFFA7
:10493000FFFF60000006FFFFFFFFFFFFFE0000001B
:1049400000000000000008FFFFFFFFFFFFFF7000F6
:104950000007FFFFFFFFFFFFFF80000000000000D7
:1049600000001FFFFFFFFFFFFFFF80000008FFFFA9
:10497000FFFFFFFFFFF10000000000000000AFFF9D
:10498000FFFFFFFFFFFF90000009FFFFFFFFFFFF9A
:10499000FFFA0000000000000003FFFFFFFFFFFF21
:1049A000FFFFA000000AFFFFFFFFFFFFFFFF300037
:1049B00000000000000CFFFFFFFFFFFFFFFFFBAA4E
:1049C000AABFFFFFFFFFFFFFFFFFC00000000000C6
:1049D000006FFFFFFFFFFFFFFFFFFFFFFFFFFFFF76
:1049E000FFFFFFFFFFFFF6000000000000EFFFFFEA
:1049F000FFFFFFFFFFFFFD5115DFFFFFFFFFFFFF81
:104A0000FFFFFE000000000008FFFFFFFFFFFFFFA9
:104A1000FFFFC000000CFFFFFFFFFFFFFFFFFF8055
:104A2000000000002FFFFFFFFFFFFFFFFFFF200040
:104A30000002FFFFFFFFFFFFFFFFFFF2000000008B
:104A4000BFFFFFFFFFFFFFFFFFFC00000000CFFFE5
:104A5000FFFFFFFFFFFFFFFB00000004FFFFFFFF62
:104A6000FFFFFFFFFFFB00000000BFFFFFFFFFFF96
:104A7000FFFFFFFF4000000DFFFFFFFFFFFFFFFFF5
:104A8000FFFD00000000DFFFFFFFFFFFFFFFFFFF54
:104A9000D000006FFFFFFFFFFFFFFFFFFFFF3000B1
:104AA0000003FFFFFFFFFFFFFFFFFFFFF60001EF27
:104AB000FFFFFFFFFFFFFFFFFFFFD100001DFFFF14
:104AC000FFFFFFFFFFFFFFFFFE1008FFFFFFFFFFDD
:104AD000FFFFFFFFFFFFFE7337EFFFFFFFFFFFFF4B
:104AE000FFFFFFFFFF800EFFFFFFFFFFFFFFFFFF46
:104AF000FFFFFFFFFFFFFFFFFFFFFFFFFFFFFFFFC6
:104B0000FFE00FFFFFFFFFFFFFFFFFFFFFFFFFFFC4
:104B1000FFFFFFFFFFFFFFFFFFFFFFFFFFF00DFFA6
:104B2000FFFFFFFFFFFFFFFFFFFFFFFFFFFFFFFF95
:104B3000FFFFFFFFFFFFFFFFFFD007FFFFFFFFFFAC
:104B4000FFFFFFFFFFFFFFFFFFFFFFFFFFFFFFFF75
:104B5000FFFFFFFFFF7000CFFFFFFFFFFFFFFFFF23
:104B6000FFFFFFFFFFFFFFFFFFFFFFFFFFFFFFFF55
:104B7000FC000008EFFFFFFFFFFFFFFFFFFFFFFF4D
:104B8000FFFFFFFFFFFFFFFFFFFFFFFE80000000B2
:104B90000000000000000000000000000000000015
:104BA0000000000000000000000000000000000005
:104BB00000000000000000003DF9000000000000BF
:104BC00000000000000000000000000000000000E5
:104BD000DFFFA00000000000000000000000000057
:104BE0000000000000000000FFFFFA0000000000CD
:104BF00000000000000000000000000000000000B5
:104C0000FFFFFFA000000000000000000000000007
:104C10000000000000000000FFFFFFFA000000009D
:104C20000000000000000000000000000000000084
:104C3000FFFFFFFFA000CFFFFFFFFFFF700000009E
:104C40000000000007FFFFFFFFFFFFFFFA00FFFF6C
:104C5000FFFFFFFFF6000000000000006FFFFFFFF6
:104C6000FFFFFFFFFFA0FFFFFFFFFFFFFF50000060
:104C700000000005FFFFFFFFFFFFFFFFFFF9FFFF41
:104C8000FFFFFFFFFFF400000000004FFFFFFFFFEA
:104C9000FFFFFFFFFFFFFFFFFFFFFFFFFFFF4000E2
:104CA000000004FFFFFFFFFFFFFFFFFFFFFDFFFF0F
:104CB000FFFFFFFFFFFFF30000003FFFFFFFFFFFCD
:104CC000FFFFFFFFFFF3FFFFFFFFFFFFFFFFFE20E0
:104CD0000002EFFFFFFFFFFFFFFFFFFFFF304788EE
:104CE00088888EFFFFFFFFB0002EFFFFFFFFE888E0
:104CF000FFFFFFFFF3000000000002EFFFFFFD10C9
:104D000001DFFFFFFFFE2000FFFFFFFF300000007C
:104D10000000003FFFFFE2001DFFFFFFFFF3000068
:104D2000FFFFFFF30000000000000003FFFE200073
:104D3000CFFFFFFFFF300000FFFFFF30000000004B
:104D4000000000004FF3000BFFFFFFFFF400000026
:104D5000FFFFF3000000000000000000054000AF6E
:104D6000FFFFFFFF500000009FFF30000000000029
:104D700000000000000009FFFFFFFFF60000000038
:104D800005720000000000000000000000008FFF1E
:104D9000FFFFFF70000000000000000000000000A6
:104DA000000000000007FFFFFFFFF8000000000008
:104DB000000000000000000000000000006FFFFF86
:104DC000FFFF9000000000000572000000000000DE
:104DD0000000000005FFFFFFFFFA00045000000084
:104DE0009FFF300000000000000000004FFFFFFFA9
:104DF000FFB0003FF4000000FFFFF30000000000E0
:104E000000000003FFFFFFFFFC0002EFFF30000087
:104E1000FFFFFF30000000000000003FFFFFFFFF2A
:104E2000D1002EFFFFF30000FFFFFFF300000000A2
:104E3000000002EFFFFFFFFD1001DFFFFFFE20007B
:104E4000FFFFFFFF3000478888888EFFFFFFFFE1EC
:104E5000000BFFFFFFFFE888FFFFFFFFF300FFFFEE
:104E6000FFFFFFFFFFFFFE200002EFFFFFFFFFFF3E
:104E7000FFFFFFFFFF30FFFFFFFFFFFFFFFFF3001C
:104E800000003FFFFFFFFFFFFFFFFFFFFFF3FFFFFC
:104E9000FFFFFFFFFFFF4000000004FFFFFFFFFFD9
:104EA000FFFFFFFFFFFDFFFFFFFFFFFFFFF400001D
:104EB0000000004FFFFFFFFFFFFFFFFFFFFFFFFFAF
:104EC000FFFFFFFFFF50000000000005FFFFFFFF96
:104ED000FFFFFFFFFFF9FFFFFFFFFFFFF6000000EE
:104EE000000000006FFFFFFFFFFFFFFFFFA0CFFFED
:104EF000FFFFFFFF700000000000000007FFFFFF42
:104F0000FFFFFFFFFA0000000000000000000000AB
:104F10000000000000000000FFFFFFFFA0000000F5
:104F20000000000000000000000000000000000081
:104F3000FFFFFFFA0000000000000000000000007A
:104F40000000000000000000FFFFFFA000000000C4
:104F50000000000000000000000000000000000051
:104F6000FFFFFA0000000000000000000000000049
:104F70000000000000000000DFFFA00000000000B3
:104F80000000000000000000000000000000000021
:104F90003DF90000000000000000000000000000DB
:104FA0000000000000000000000000000000000001
:104FB000000000000000000046100000000000009B
:104FC00000000000000000000000000009FFD20007
:104FD00000000000000000000000000000000000D1
:104FE000009FFFFE20000000000000000000000005
:104FF000000000000009FFFFFFE2000000000000C9
:10500000000000000000000000009FFFFFFFFE20E6
:10501000000000000000000000000000000009FF88
:10502000FFFFFFFFE20000000000000000000000A2
:105030000000009FFFFFFFFFFFFE200000000000B8
:105040000000000000000009FFFFFFFFFFFFFFE27C
:105050000000000000000000000000009FFFFFFFB4
:10506000FFFFFFFFFE200000000000000000000026
:1050700009FFFFFFFFFFFFFFFFFFE200000000004E
:1050800000000000009FFFFFFFFFD9FFFFFFFFFEB2
:1050900020000000000000000009FFFFFFFFFD10DE
:1050A0009FFFFFFFFFE200000000000000009FFFE5
:1050B000FFFFFFD10009FFFFFFFFFE2000000000FF
:1050C000000009FFFFFFFFFD1000009FFFFFFFFF33
:1050D000E20000000000009FFFFFFFFFD100000082
:1050E00009FFFFFFFFFE200000000009FFFFFFFF98
:1050F000FD10000000009FFFFFFFFFE20000000026
:105100009FFFFFFFFFD1000000000009FFFFFFFF2E
:10511000FE20000009FFFFFFFFFD1000000000005F
:10512000009FFFFFFFFFE200009FFFFFFFFFD10096
:1051300000000000000009FFFFFFFFFE2009FFFF45
:10514000FFFFFD1000000000000000009FFFFFFFB8
:10515000FFE11FFFFFFFFFD1000000000000000083
:105160000009FFFFFFFFF82FFFFFFFFD1000000009
:10517000000000000000009FFFFFFFF80AFFFFFF94
:10518000D1000000000000000000000009FFFFFF48
:10519000E200BFFFFD100000000000000000000062
:1051A00000009FFFFE30000BFFD100000000000058
:1051B0000000000000000009FFE3000000450000BF
:1051C000000000000000000000000000003510009A
:1051D000000045000000000000000000000000008A
:1051E0000000351000000BFFD1000000000000009F
:1051F00000000000000009FFE30000BFFFFD1000F9
:1052000000000000000000000000009FFFFE300AC8
:10521000FFFFFFD1000000000000000000000009B7
:10522000FFFFFFE22FFFFFFFFD1000000000000066
:10523000000000009FFFFFFFF81FFFFFFFFFD100EE
:10524000000000000000000009FFFFFFFFF809FF59
:10525000FFFFFFFD1000000000000000009FFFFFA7
:10526000FFFFE1009FFFFFFFFFD1000000000000F3
:105270000009FFFFFFFFFE200009FFFFFFFFFD10F9
:105280000000000000009FFFFFFFFFE20000009F02
:10529000FFFFFFFFD1000000000009FFFFFFFFFE3E
:1052A0002000000009FFFFFFFFFD10000000009F2D
:1052B000FFFFFFFFE200000000009FFFFFFFFFD1A4
:1052C00000000009FFFFFFFFFE20000000000009B2
:1052D000FFFFFFFFFD1000009FFFFFFFFFE2000048
:1052E00000000000009FFFFFFFFFD10009FFFFFF4C
:1052F000FFFE200000000000000009FFFFFFFFFD8F
:10530000109FFFFFFFFFE200000000000000000010
:105310009FFFFFFFFFD9FFFFFFFFFE2000000000FF
:10532000000000000009FFFFFFFFFFFFFFFFFFE29B
:1053300000000000000000000000009FFFFFFFFFD2
:10534000FFFFFFFE20000000000000000000000042
:1053500009FFFFFFFFFFFFFFE20000000000000069
:105360000000000000009FFFFFFFFFFFFE20000085
:10537000000000000000000000000009FFFFFFFF28
:10538000FFE200000000000000000000000000003C
:10539000009FFFFFFFFE2000000000000000000053
:1053A00000000000000009FFFFFFE2000000000015
:1053B0000000000000000000000000009FFFFE2031
:1053C00000000000000000000000000000000000DD
:1053D0000009FFD2000000000000000000000000F3
:1053E0000000000000000046100000000000000067
:1053F000000000000000000220000000000000008B
:10540000000000000000000000000000000000009C
:105410000000000000AFFA000000000000000000E3
:10542000000000000000000000000000000000007C
:1054300000000BFFFFB000000000000000000000B3
:10544000000000000000000000000000000000005C
:10545000BFFFFFFB00000000000000000000000094
:10546000000000000000000000000000000BFFFF33
:10547000FFFFB00000007FFFFFFFFFFFFFFFFFFF08
:10548000FFFFFD3000000000000000BFFFFFFFFF36
:10549000FB000003FFFFFFFFFFFFFFFFFFFFFFFF1A
:1054A000FFD00000000000000BFFFFFFFFFFFFB078
:1054B0000005FFFFFFFFFFFFFFFFFFFFFFFFFFF004
:1054C000000000000000BFFFFFFFFFFFFFFB000127
:1054D000EFFFFFFFFFFFFFFFFFFFFFFFFFF00000F9
:1054E0000000000BFFFFFFFFFFFFFFFFB0002EFFDC
:1054F000FFFFFFFFFFFFFFFFFFFFFFF000000000C7
:1055000000CFFFFFFFFFFFFFFFFFFC0002CFFFFF09
:10551000FFFFFFFFFFFFFFFFFFF0000000000CFF99
:10552000FFFFFFFFFFFFFFFFFFC0000000000000C4
:10553000000000000FFFFFF0000000008FFFFFFFE2
:105540007FFFFFF7FFFFFFF80000000000000000F2
:1055500000000FFFFFF000000000AFFFFFF80FFF9B
:10556000FFF08FFFFFFA00000000000000000000C5
:105570000FFFFFF0000000005FFFFF900FFFFFF044
:1055800009FFFFF5000000000000000000000FFF11
:10559000FFF00000000007FFFA000FFFFFF000AF70
:1055A000FF70000000000000000000000FFFFFF08F
:1055B00000000000004960000FFFFFF000069400AB
:1055C000000000000000000000000FFFFFF00000DE
:1055D0000000000000000FFFFFF0000000000000CE
:1055E00000000000000000000FFFFFF000000000BE
:1055F000000000000FFFFFF00000000000000000AE
:105600000000000000000FFFFFF00000000000009D
:1056100000000FFFFFF0000000000000000000008D
:10562000000000000FFFFFF000000000000000007D
:105630000FFFFFF00000000000000000000000006D
:1056400000000FFFFFF000000000000000000FFF4F
:10565000FFF000000000000000000000000000005B
:105660000FFFFFF000000000000000000FFFFFF040
:1056700000000000000000000000000000000FFF1C
:10568000FFF000000000000000000FFFFFF000002E
:105690000000000000000000004960000FFFFFF064
:1056A00000069400000000000FFFFFF00000000063
:1056B00000000000000007FFFA000FFFFFF000AF3E
:1056C000FF70000000000FFFFFF00000000000006E
:1056D000000000005FFFFF900FFFFFF009FFFFF5E4
:1056E000000000000FFFFFF00000000000000000BD
:1056F0000000AFFFFFF80FFFFFF08FFFFFFA000081
:1057000000000FFFFFF0000000000000000000009C
:105710008FFFFFFF7FFFFFF7FFFFFFF80000000094
:105720000FFFFFF0000000000000000000000CFF71
:10573000FFFFFFFFFFFFFFFFFFC0000000000FFFA4
:10574000FFFFFFFFFFFFFFFFFFFFFC2000CFFFFF7A
:10575000FFFFFFFFFFFFFC00000000000FFFFFFF47
:10576000FFFFFFFFFFFFFFFFFFE2000BFFFFFFFF59
:10577000FFFFFFFFB000000000000FFFFFFFFFFF73
:10578000FFFFFFFFFFFFFFFE1000BFFFFFFFFFFF58
:10579000FFFB0000000000000FFFFFFFFFFFFFFF07
:1057A000FFFFFFFFFFFF50000BFFFFFFFFFFFFB0FA
:1057B0000000000000000DFFFFFFFFFFFFFFFFFFE5
:1057C000FFFFFFFF300000BFFFFFFFFFFB000000F7
:1057D0000000000003DFFFFFFFFFFFFFFFFFFFFFF1
:1057E000FFF70000000BFFFFFFFFB000000000000C
:1057F00000000000000000000000000000000000A9
:1058000000000000BFFFFFFB0000000000000000E0
:105810000000000000000000000000000000000088
:1058200000000BFFFFB000000000000000000000BF
:105830000000000000000000000000000000000068
:1058400000AFFA00000000000000000000000000AF
:105850000000000000000000000000000000000246
:10586000200000000000008DFFFFFFFFFFFFFFFE94
:1058700020000000000000000000000000000CFFFD
:10588000FFFFFFFFFFFFFFFFE2000000000000003E
:105890000000000000008FFFFFFFFFFFFFFFFFFF82
:1058A000FE20000000000000000000000000DFFFFC
:1058B000FFFFFFFFFFFFFFFFFFE20000000000000F
:1058C000000000000000FFFFFFFFFFFFFFFFFFFFE2
:1058D000FFFE200000000000000000000000FFFFAD
:1058E000FFFFFFFFFFFFFFFFFFFFE20000000000E0
:1058F000000000000000FFFFFFFFFFFFFFFFFFFFB2
:10590000FFFFFFFFFFFFFFFFFFFFFFFFD800FFFFCD
:10591000FFFFFFFFFFFFFFFFFFFFFFFFFFFFFFFF97
:10592000FFFFFFFFFFC0FFFFFFFFFFFFFFFFFFFFC6
:10593000FFFFFFFFFFFFFFFFFFFFFFFFFFF8FFFF7E
:10594000FFFFFFFFFFFFFFFFFFFFFFFFFFFFFFFF67
:10595000FFFFFFFFFFFDFFFFFFFFFFFFFFFFFFFF59
:10596000FFFFFFFFFFFFFFFFFFFFFFFFFFFFFFFF47
:10597000FFFFFFFFFFFFFFFFFFFFFFFFFFFFFFFF37
:10598000FFFFFFFFFFFFFFFFFFFFFFFFFFFFFFFF27
:10599000FFFFFFFFFFFFFFFFFFFFFFFFFFFFFFFF17
:1059A000FFFFFFFFFFFFFFFFFFFFFFFFFFFFFFFF07
:1059B000FFFFFFFFFFFFFFFFFFFFFFFFFFFFFFFFF7
:1059C000FFFFFFFFFFFFFFFFFFFFFFFFFFFFFFFFE7
:1059D000FFFFFFFFFFFFFFFFFFFFFFFFFFFFFFFFD7
:1059E000FFFFFFFFFFFFFFFFFFFFFFFFFFFFFFFFC7
:1059F000FFFFFFFFFFFFFFFFFFFFFFFFFFFFFFFFB7
:105A0000FFFFFFFFFFFFFFFFFFFFFFFFFFFFFFFFA6
:105A1000FFFFFFFFFFFFFFFFFFFFFFFFFFFFFFFF96
:105A2000FFFFFFFFFFFFFFFFFFFFFFFFFFFFFFFF86
:105A3000FFFFFFFFFFFFFFFFFFFFFFFFFFFFFFFF76
:105A4000FFFFFFFFFFFFFFFFFFFFFFFFFFFFFFFF66
:105A5000FFFFFFFFFFFFFFFFFFFFFFFFFFFFFFFF56
:105A6000FFFFFFFFFFFFFFFFFFFFFFFFFFFFFFFF46
:105A7000FFFFFFFFFFFFFFFFFFFFFFFFFFFFFFFF36
:105A8000FFFFFFFFFFFFFFFFFFFFFFFFFFFFFFFF26
:105A9000FFFFFFFFFFFFFFFFFFFFFFFFFFFFFFFF16
:105AA000FFFFFFFFFFFFFFFFFFFFFFFFFFFFFFFF06
:105AB000FFFFFFFFFFFFFFFFFFFFFFFFFFFFFFFFF6
:105AC000FFFFFFFFFFFFFFFFFFFFFFFFFFFFFFFFE6
:105AD000FFFFFFFFFFFFFFFFFFFFFFFFFFFFFFFFD6
:105AE000FFFFFFFFFFFFFFFFFFFFFFFFFFFFFFFFC6
:105AF000FFFFFFFFFFFFFFFFFFFFFFFFFFFFFFFFB6
:105B0000FFFFFFFFFFFFFFFFFFFFFFFFFFFFFFFFA5
:105B1000FFFFFFFFFFFFFFFFFFFFFFFFFFFFFFFF95
:105B2000FFFFFFFFFFFFFFFFFFFFFFFFFFFFFFFF85
:105B3000FFFFFFFFFFFFFFFFFFFFFFFFFFFFFFFF75
:105B4000FFFFFFFFFFFFFFFFFFFFFFFFFFFFFFFF65
:105B5000FFFFFFFFFFFFFFFFFFFFFFFFFFFFFFFF55
:105B6000FFFFFFFFFFFFDFFFFFFFFFFFFFFFFFFF65
:105B7000FFFFFFFFFFFFFFFFFFFFFFFFFFFD8FFFA7
:105B8000FFFFFFFFFFFFFFFFFFFFFFFFFFFFFFFF25
:105B9000FFFFFFFFFFF80CFFFFFFFFFFFFFFFFFF0F
:105BA000FFFFFFFFFFFFFFFFFFFFFFFFFFC0008DB5
:105BB000FFFFFFFFFFFFFFFFFFFFFFFFFFFFFFFFF5
:105BC000FFFFFFFFD8000000000000000000000001
:105BD000004EE40000000000000000000000000093
:105BE000000000000000000004FFFF400000000073
:105BF00000000000000000000000000000000000A5
:105C00004FFFFFF400000000000000000000000053
:105C10000000000000000004FFFFFFFF4000000044
:105C20000000000000000000000000000000004F25
:105C3000FFFFFFFFF4000000000000000000000074
:105C400000000000000004FFFFFFFFFFFF40000016
:105C500000000000000000000000000000004FFFF6
:105C6000FFFFFFFFFFF40000000000000000000045
:105C7000000000000004FFFFFFFFFFFFFFFF4000E8
:105C8000000000000000000000000000004FFFFFC7
:105C9000FFFFFFFFFFFFF400000000000000000016
:105CA0000000000004FFFFFFFFFFFFFFFFFFFF40BA
:105CB0000000000000000000000000004FFFFFFF98
:105CC000FFFFFFFFFFFFFFF40000000000000000E7
:105CD00000000004FFFFFFFFFFFFFFFFFFFFFFFFCC
:105CE00040000000000000000000004FFFFFFFFF29
:105CF000FFFFFFFFFFFFFFFFF400000000000000B8
:105D0000000004FFFFFFFFFFFFFFFFFFFFFFFFFF9C
:105D1000FF4000000000000000004FFFFFFFFFFFFA
:105D2000FFFFFFFFFFFFFFFFFFF400000000000088
:105D30000000EFFFFFFFFFFFFFFFFFFFFFFFFFFF81
:105D4000FFFE0000000000000000FFFFFFFFFFFF5C
:105D5000FFFFFFFFFFFFFFFFFFFF0000000000004D
:105D600000007FFFFFFFFFFFFFFFFFFFFFFFFFFFC1
:105D7000FFF700000000000000000000000000FF2E
:105D8000FFFFFFFFFF000000000000000000000018
:105D900000000000000000FFFFFFFFFFFF00000009
:105DA000000000000000000000000000000000FFF4
:105DB000FFFFFFFFFF0000000000000000000000E8
:105DC00000000000000000FFFFFFFFFFFF000000D9
:105DD000000000000000000000000000000000FFC4
:105DE000FFFFFFFFFF0000000000000000000000B8
:105DF00000000000000000FFFFFFFFFFFF000000A9
:105E0000000000000000000000000000000000FF93
:105E1000FFFFFFFFFF000000000000000000000087
:105E200000000000000000FFFFFFFFFFFF00000078
:105E3000000000000000000000000000000000FF63
:105E4000FFFFFFFFFF000000000000000000000057
:105E500000000000000000FFFFFFFFFFFF00000048
:105E6000000000000000000000000000000000FF33
:105E7000FFFFFFFFFF000000000000000000000027
:105E800000000000000000FFFFFFFFFFFF00000018
:105E9000000000000000000000000000000000FF03
:105EA000FFFFFFFFFF0000000000000000000000F7
:105EB00000000000000000FFFFFFFFFFFF000000E8
:105EC000000000000000000000000000000000FFD3
:105ED000FFFFFFFFFF0000000000000000003DFF8B
:105EE000FFFFFFFFFFF000FFFFFFFFFFFF000FFFBF
:105EF000FFFFFFFFFFD3DFFFFFFFFFFFFFF100DF2B
:105F0000FFFFFFFFFD001FFFFFFFFFFFFFFDFFFF84
:105F1000FFFFFFFFFFF5003DFFFFFFFFD3005FFF27
:105F2000FFFFFFFFFFFFFFFFFFFFFFFFFFFC000082
:105F3000000000000000CFFFFFFFFFFFFFFFFFFF9B
:105F4000FFFFFFFFFFFF9000000000000009FFFFC0
:105F5000FFFFFFFFFFFFFFFFFFFFFFFFFFFFFC5102
:105F60000000000015CFFFFFFFFFFFFFFFFFFFFF57
:105F7000FFFFFFFFFFFFFFFFFFFFFFFFFFFFFFFF31
:105F8000FFFFFFFFFFFFFFFFFFFFFFFFFFFFFFFF21
:105F9000FFFFFFFFFFFFFFFFFFFFFFFFFFFFFFFF11
:105FA000FFFFFFFFFFFFFFFFFFFFFFFFFFFFFEAE53
:105FB000FFFEAEFFFFFFFFFFFFFFFFFFFFFFFFFF43
:105FC000FFFFFFFFFFFFE102FFD001EFFFFFFFFF39
:105FD000FFFFFFFFFFFFFFFFFFFFFFFFFFFFA0002F
:105FE000DF8000AFFFFFFFFFFFFFFFFFFFFFFFFFAF
:105FF000FFFFFFFFFFFFE102FFD001EFFFFFFFFF09
:10600000FFFFFFFFFFFFFFFFFFFFFFFFFFFFFEAEF2
:10601000FFFEAEFFFFFFDFFFFFFFFFFFFFFFFFFF02
:10602000FFFFFFFFFFFFFFFFFFFFFFFFFFFD3DFF44
:10603000FFFFFFFFFFFFFFFFFFFFFFFFFFFFFFFF70
:10604000FFFFFFFFFFD30000000000000000000082
:106050000000000000000000000000000000000040
:106060000000000000000000000000000000000030
:106070007FEA630000000000000000000000000054
:1060800000000000000000002FFFFFFFB8400000EC
:106090000000000000000000000000000000000000
:1060A00009FFFFFFFFFFFD8100000000000000006E
:1060B000000000000000000000FFFFFFFFFFFFFFE7
:1060C000C000000000000000000000000000000010
:1060D000006FFFFFFFFFFFFFFF0000000000000058
:1060E0000000000000000000000DFFFFFFFFFFFFA9
:1060F000FFF00000000000000000000000000000B1
:106100000004FFFFFFFFFFFFFFFE00000000000094
:1061100000000000000000000000BFFFFFFFFFFFC5
:10612000FFFFD000000000000000000000000000A1
:1061300000002FFFFFFFFFFFFFFFFD00000000003A
:106140000000000000000000000009FFFFFFFFFF4B
:10615000FFFFFFB000000000000000000000000092
:10616000000000FFFFFFFFFFFFFFFFF9000000003E
:1061700000000000000000000000006FFFFFFFFFB4
:10618000FFFFFFFF700000000000000000000000A3
:106190000000000BFFFFFFFFFFFFFFFFF400000008
:1061A0000000000000000000000000009FFFFFFF53
:1061B000FFFFFFFFFF1000000000000000000000D4
:1061C0000000000000CFFFFFFFFFFFFFFFE0000027
:1061D00000000000000000000000000000009FFF21
:1061E000FFFFFFFFFFFA00000000000000000000BA
:1061F000000000000000007FFFFFFFFFFFFF6000C6
:10620000000000000000000000000000000000008E
:106210004FFFFFFFFFFFF100000000000000000043
:106220000000000000000000002DFFFFFFFFFC0049
:10623000000000000000000000000000000000005E
:1062400000007FFFFFFFFF60000000000000000073
:10625000000000000000000000001EFFFFFFFFF133
:10626000000000000000000000000000000000002E
:10627000000008FFFFFFFFFA000000000000000020
:106280000000000000000000000002FFFFFFFFFF11
:1062900020000000000000000000000000000000DE
:1062A000000000BFFFFFFFFFB00000000000000083
:1062B00000000000000000000000006FFFFFFFFF73
:1062C000F3000000000000000000000000000000DB
:1062D0000000003FFFFFFFFFFA0000000000000089
:1062E00000000000000000000000001DFFFFFFFF95
:1062F000FF1000000000000000000000000000008F
:106300000000000CFFFFFFFFFF7000000000000016
:1063100000000000000000000000000BFFFFFFFF76
:10632000FFD00000000000000000006B91000000A2
:106330000000000BFFFFFFFFFFF200000000000065
:10634000000018EFFFD000000000001CFFFFFFFF5F
:10635000FFF50000000000000003AFFFFFFFA000FA
:106360000000002DFFFFFFFFFFF90000000000000C
:10637000006DFFFFFFFFFF700000006FFFFFFFFFDA
:10638000FFFB00000000000018EFFFFFFFFFFFFF12
:10639000500002BFFFFFFFFFFFFC000000000000F5
:1063A0006FFFFFFFFFFFFFFFFF2007FFFFFFFFFF64
:1063B000FFFD1000000000000FFFFFFFFFFFFFFFC9
:1063C000FFFD7EFFFFFFFFFFFFFD1000000000004C
:1063D00000EFFFFFFFFFFFFFFFFFFFFFFFFFFFFFDC
:1063E000FFFC100000000000000AFFFFFFFFFFFF9E
:1063F000FFFFFFFFFFFFFFFFFFFB000000000000AB
:1064000000007FFFFFFFFFFFFFFFFFFFFFFFFFFF1A
:10641000FFF9000000000000000003FFFFFFFFFF86
:10642000FFFFFFFFFFFFFFFFFFF500000000000080
:106430000000000FFFFFFFFFFFFFFFFFFFFFFFFF59
:10644000FFD200000000000000000000BFFFFFFFBF
:10645000FFFFFFFFFFFFFFFFFF70000000000000D5
:106460000000000008FFFFFFFFFFFFFFFFFFFFFF2F
:10647000FA1000000000000000000000004FFFFFC5
:10648000FFFFFFFFFFFFFFFFB30000000000000061
:10649000000000000001FFFFFFFFFFFFFFFFFFFA0A
:1064A00030000000000000000000000000000DFFB0
:1064B000FFFFFFFFFFFFFC61000000000000000085
:1064C000000000000000008FFFFFFFFFFFEA6100F7
:1064D00000000000000000000000000000000001BB
:1064E000CFFEDDB9741000000000000000000000C5
:1064F00000000000000000000004ADFFDA400000D2
:1065000000000000000000000000000000002CFF60
:10651000FFFFFFC2000000000000000000157751DF
:106520000000004FFFFFFFFFFFF40000000000002D
:1065300000019FFFFFFB20002FFFFFFFFFFFFFF287
:1065400000000000000002DFFFFFFFFF400CFFFF24
:10655000FFFFFFFFFFC0000000000002EFFFFFFF92
:10656000FFFF04FFFFFFFFFFFFFFFF4000000000F1
:1065700002EFFFFFFFFFFF80AFFFFFF7117FFFFF7D
:10658000FA0000000003EFFFFFFFFFFF800DFFFF99
:10659000F700007FFFFFD000000003EFFFFFFFFFC9
:1065A000FF8000FFFFFF100001FFFFFF000000035E
:1065B000EFFFFFFFFFFF80000FFFFFF100001FFF55
:1065C000FFF0000003EFFFFFFFFFFF800000DFFF91
:1065D000FF700007FFFFFD000003FFFFFFFFFFFF4D
:1065E0008000000AFFFFFF7117FFFFFF900003FF0D
:1065F000FFFFFFFFFF800000004FFFFFFFFFFFFFD7
:10660000FFF90003FFFFFFFFFFFF8000000000CF46
:10661000FFFFFFFFFFFFFFF803FFFFFFFFFFFF800C
:106620000000000002FFFFFFFFFFFFFFFFFAFFFF78
:10663000FFFFFFFF80000000000004FFFFFFFFFFDF
:10664000FFFFFFFFFFFFFFFFFF80000000000000D3
:1066500002CFFFFFFFFFFFFFFFFFFFFFFFFF8000F5
:10666000000000000000004ADFFFFFFFFFFFFFFF08
:10667000FFFFFF8000000000000000000000003F5E
:10668000FFFFFFFFFFFFFFFF800000000000000092
:1066900000000000003FFFFFFFFFFFFFFF80000042
:1066A00000000000000000000000003FFFFFFFFFAF
:1066B000FFFF80000000000000000000000000005C
:1066C00003FFFFFFFFFFFFF80000000000000000D5
:1066D000000000000003FFFFFFFFFFFFFFF80000C6
:1066E0000000000000000000000003FFFFFFFFFFAC
:1066F000FFFFFFF800000000000000000004ADFFF5
:10670000FFFFFFFFFFFFFFFFFFF80000000000009A
:1067100000002CFFFFFFFFFFFFFFFFFFFFFFFFF861
:10672000000000000000004FFFFFFFFFFFFFFFFF22
:10673000FFFFFFFFFFF80000000000002FFFFFFF3A
:10674000FFFFFFFFFFAFFFFFFFFFFFF800000000AC
:10675000000CFFFFFFFFFFFFFFFF803FFFFFFFFF7A
:10676000FFF80000000004FFFFFFFFFFFFFFFF90A6
:10677000003FFFFFFFFFFFF800000000AFFFFFF743
:10678000117FFFFFF900003FFFFFFFFFFFF8000050
:10679000000DFFFFF700007FFFFFD000003FFFFF6D
:1067A000FFFFFFF8000000FFFFFF100001FFFFFFE9
:1067B0000000003EFFFFFFFFFFF800000FFFFFF1AA
:1067C00000001FFFFFF00000003EFFFFFFFFFFF88B
:1067D0000000DFFFFF700007FFFFFD000000003E2C
:1067E000FFFFFFFFFFF8000AFFFFFF7117FFFFFF2A
:1067F000A0000000003EFFFFFFFFFFF8004FFFFF7B
:10680000FFFFFFFFFFF400000000002EFFFFFFFF6F
:10681000FFF800CFFFFFFFFFFFFFFC0000000000BC
:10682000002EFFFFFFFFFFF002FFFFFFFFFFFFFF54
:10683000200000000000002EFFFFFFFFF40004FF17
:10684000FFFFFFFFFF400000000000000019FFFFF6
:10685000FFB2000002CFFFFFFFFC2000000000009D
:1068600000000001577510000000004ADFFDA40081
:106870000000000000000000000000000000000018
:10688000000000003DFFFFFFFFFFFFFFFF000FB113
:10689000000000000000000000DFFFFFFFFFFFFF1F
:1068A000FFFF000FFE200000000000000000FFFFBF
:1068B000FFFFFFFFFFFFFF000FFFE20000000000EF
:1068C000000000FFFFFFFFFFFFFFFFFF000FFFFEC5
:1068D0002000000000000000FFFFFFFFFFFFFFFFA0
:1068E000FF000FFFFFE200000000000000FFFFFFBD
:1068F000FFFFFFFFFFFF000FFFFFFE200000000073
:106900000000FFFFFFFFFFFFFFFFFF000FFFFFFF84
:10691000E1000000000000FFFFFFFFFFFFFFFFFF9F
:10692000000FFFFFFFFB000000000000FFFFFFFF64
:10693000FFFFFFFFFF000FFFFFFFFF3DFFFFFFF027
:1069400000FFFFFFFFFFFFFFFFFF00000000000050
:10695000DFFFFFFFF000FFFFFFFFFFFFFFFFFF2054
:106960000000000000FFFFFFFFF000FFFFFFFFFF40
:10697000FFFFFFFFC20000000000FFFFFFFFF0006D
:10698000FFFFFFFFFFFFFFFFFFFFFFFFFFFFFFFF17
:10699000FFFFFFF000FFFFFFFFFFFFFFFFFFFFFF15
:1069A000FFFFFFFFFFFFFFFFF000FFFFFFFFFFFF05
:1069B000FFFFFFFFFFFFFFFFFFFFFFFFFFF000FFF5
:1069C000FFFFFFFFFFFFFFFFFFFFFFFFFFFFFFFFD7
:1069D000FFFFF000FFFFFFFFFFFFFFFFFFFFFFFFD5
:1069E000FFFFFFFFFFFFFFF000FFFFFFFFFFFFFFC5
:1069F000FFFFFFFFFFFFFFFFFFFFFFFFF000FFFFB5
:106A0000FFFFFFFFFFFFFFFFFFFFFFFFFFFFFFFF96
:106A1000FFF000FFFFFFFFFFFFFFFFFFFFFFFFFF94
:106A2000FFFFFFFFFFFFF000FFFFFFFFFFFFFFFF84
:106A3000FFFFFFFFFFFFFFFFFFFFFFF000FFFFFF74
:106A4000FFFFFFFFFFFFFFFFFFFFFFFFFFFFFFFF56
:106A5000F000FFFFFFFFFFFFFFFFFFFFFFFFFFFF54
:106A6000FFFFFFFFFFF000FFFFFFFFFFFFFFFFFF44
:106A7000FFFFFFFFFFFFFFFFFFFFF000FFFFFFFF34
:106A8000FFFFFFFFFFFFFFFFFFFFFFFFFFFFFFF025
:106A900000FFFFFFFFFFFFFFFFFFFFFFFFFFFFFF05
:106AA000FFFFFFFFF000FFFFFFFFFFFFFFFFFFFF04
:106AB000FFFFFFFFFFFFFFFFFFF000FFFFFFFFFFF4
:106AC000FFFFFFFFFFFFFFFFFFFFFFFFFFFFF000E4
:106AD000FFFFFFFFFFFFFFFFFFFFFFFFFFFFFFFFC6
:106AE000FFFFFFF000FFFFFFFFFFFFFFFFFFFFFFC4
:106AF000FFFFFFFFFFFFFFFFF000FFFFFFFFFFFFB4
:106B0000FFFFFFFFFFFFFFFFFFFFFFFFFFF000FFA3
:106B1000FFFFFFFFFFFFFFFFFFFFFFFFFFFFFFFF85
:106B2000FFFFF000FFFFFFFFFFFFFFFFFFFFFFFF83
:106B3000FFFFFFFFFFFFFFF000FFFFFFFFFFFFFF73
:106B4000FFFFFFFFFFFFFFFFFFFFFFFFF000FFFF63
:106B5000FFFFFFFFFFFFFFFFFFFFFFFFFFFFFFFF45
:106B6000FFF000FFFFFFFFFFFFFFFFFFFFFFFFFF43
:106B7000FFFFFFFFFFFFF000FFFFFFFFFFFFFFFF33
:106B8000FFFFFFFFFFFFFFFFFFFFFFF100DFFFFF42
:106B9000FFFFFFFFFFFFFFFFFFFFFFFDFFFFFFFF07
:106BA000F5003DFFFFFFFFFFFFFFFFFFFFFFFFFFC0
:106BB000D3FFFFFFFFFC000000000000000000000A
:106BC000000000000000FFFFFFFFFF90000000003A
:106BD0000000000000000000000000FFFFFFFFFFBA
:106BE000FC51000000000000000000000000000058
:106BF000FFFFFFFFFFFFFFFFFFFFFFFFFFFFFF00A4
:106C00000000000000FFFFFFFFFFFFFFFFFFFFFF8F
:106C1000FFFFFFFF000000000000FFFFFFFFFFFF7E
:106C2000FFFFFFFFFFFFFFFFFF000000000000FF6E
:106C3000FFFFFFFFFFFFFFFFFFFFFFFFFFFF000062
:106C400000000000DFFFFFFFFFFFFFFFFFFFFFFF70
:106C5000FFFFFD0000000000003DFFFFFFFFFFFF02
:106C6000FFFFFFFFFFFFFFD3000000000000008DCB
:106C7000FFFFFFFFFFFFFFFFFFFFFFFFFFE9100028
:106C80000000000CFFFFFFFFFFFFFFFFFFFFFFFF04
:106C9000FFFFFFD2000000008FFFFFFFFFFFFFFF9D
:106CA000FFFFFFFFFFFFFFFFFE20000000DFFFFFF1
:106CB000FFFFFFFFFFFFFFFFFFFFFFFFFFFFE20000
:106CC0000000FFFFFFFFFFFFFFFFFFFFFFFFFFFFD2
:106CD000FFFFFFFE200000FFFFFFFFFFFFFFFFFFA2
:106CE000FFFFFFFFFFFFFFFFFFE20000FFFFFF309E
:106CF0000000000000000000000008FFFFFFFE2071
:106D000000FFFFFF00000000000000000000000086
:106D1000FFFFFFFFE200FFFFFF0000000000000098
:106D20000000000000FFFFFFFFFE20FFFFFF00004C
:106D300000000000000000000000FFFFFFFFFFD187
:106D4000FFFFFF000000000000000000000000FF47
:106D5000FFFFFFFFF9FFFFFF000000000000000041
:106D600000000000FFFFFFFFFFFEFFFFFF0000002D
:106D7000000000000000000000FFFFFFFFFFFFFF1A
:106D8000FFFF000000000000000000000000FFFF07
:106D9000FFFFFFFFFFFFFF000000000000000000FA
:106DA000000000FFFFFFFFFFFFFFFFFF00000000EC
:106DB0000000000000000000FFFFFFFFFFFFFFFFDB
:106DC000FF000000000000000000000000FFFFFFC7
:106DD000FFFFFFFFFFFF3000000000000000000089
:106DE0000003FFFFFFFFFFFFFFFFFFFFFFFFFFFFAE
:106DF000FFFFFFFFFFFFFFFFFFFFFFFFFFFFFFFFA3
:106E0000FFFFFFFFFFFFFFFFFFFFFFFFFFFFFFFF92
:106E1000FFFFFFFFFFFFFFFFFFFFFFFFFFFFFFFF82
:106E2000FFFFFFFFFFFFFFFFFFFFFFFFFFFFFFFF72
:106E3000FFFFFFFFFFFFFFFFFFFFFFFFFFFFFFFF62
:106E4000FFFFFFFFFFFFFFFFFFFFFFFFFFFFFFFF52
:106E5000FFFFFFFFFFFFFFFFFFFFFFFFFFFFFFFF42
:106E6000FFFFFFFFFFFFFFFFFFFFFFFFFFFFFF83AE
:106E70000038FFFFFFFFFFFFFFFFFFFFFFFFFFFFE8
:106E8000FFFFFFD20000002DFFFFFFFFFFFFFFFF0E
:106E9000FFFFFFFFFFFFFFFF2000000002FFFFFFDB
:106EA000FFFFFFFFFFFFFFFFFFFFFFFFF8000000F6
:106EB00000008FFFFFFFFFFFFFFFFFFFFFFFFFFF50
:106EC000FFF300000000003FFFFFFFFFFFFFFFFF99
:106ED000FFFFFFFFFFFFF000000000000FFFFFFFBC
:106EE000FFFFFFFFFFFFFFFFFFFFFFF000000000BD
:106EF000000FFFFFFFFFFFFFFFFFFFFFFFFFFFFF91
:106F0000F300000000003FFFFFFFFFFFFFFFFFFF58
:106F1000FFFFFFFFFFF800000000008FFFFFFFFFF3
:106F2000FFFFFFFFFFFFFFFFFFFFFF20000000024A
:106F3000FFFFFFFFFFFFFFFFFFFFFFFFFFFFFFFF61
:106F4000D20000002DFFFFFFFFFFFFFFFFFFFFFF4D
:106F5000FFFFFFFFFFFF830038FFFFFFFFFFFFFF83
:106F6000FFFFFFFFFFFFFFFFFFFFFFFFFFFFFFFF31
:106F7000FFFFFFFFFFFFFFFFFFFFFFFFFFFFFFFF21
:106F8000FFFFFFFFFFFFFFFFFFFFFFFFDFFFFFFF31
:106F9000FFFFFFFFFFFFFFFFFFFFFFFFFFFFFFFF01
:106FA000FD8FFFFFFFFFFFFFFFFFFFFFFFFFFFFF63
:106FB000FFFFFFFFFFF80CFFFFFFFFFFFFFFFFFFDB
:106FC000FFFFFFFFFFFFFFFFFFFFC0008DFFFFFF81
:106FD000FFFFFFFFFFFFFFFFFFFFFFFFFFFFD800E7
:106FE0003999999999999999999999999999999971
:106FF0009999999993EFFFFFFFFFFFFFFFFFFFFFB5
:10700000FFFFFFFFFFFFFFFFFFFEFFFFFFFFFFFF91
:10701000FFFFFFFFFFFFFFFFFFFFFFFFFFFFFFFF80
:10702000FFFFFFFFFFFFFFFFFFFFFFFFFFFFFFFF70
:10703000FFFFFFFFFFFFFFFFFFFFFFFFFFFFFFFF60
:10704000FFFFFFFFFFFFFFFFFFFFFFFFFFFFFFFF50
:10705000FFFFFFFFFFFFFFFFFFFFFFFFFFFFAFFF90
:10706000FFFFFFFFFFFFFFFFFFFFFFFFFFFFFFFF30
:10707000FFFFFA022222222222222222222222227E
:1070800022222222222222200000000000000000F2
:1070900000000000000000000000000000000000F0
:1070A00000000000000000000000000000000000E0
:1070B00000000000000000000000000000000000D0
:1070C00000000000000000000000000000000000C0
:1070D00000000000000000000000000000000000B0
:1070E00000000000000000000000000000000000A0
:1070F0000000000000000000000000000000000090
:10710000000000000000000000000000000000007F
:1071100000000000000000000000003999999999D2
:1071200099999999999999999999999999999993D5
:10713000EFFFFFFFFFFFFFFFFFFFFFFFFFFFFFFF6F
:10714000FFFFFFFFFEFFFFFFFFFFFFFFFFFFFFFF50
:10715000FFFFFFFFFFFFFFFFFFFFFFFFFFFFFFFF3F
:10716000FFFFFFFFFFFFFFFFFFFFFFFFFFFFFFFF2F
:10717000FFFFFFFFFFFFFFFFFFFFFFFFFFFFFFFF1F
:10718000FFFFFFFFFFFFFFFFFFFFFFFFFFFFFFFF0F
:10719000FFFFFFFFFFFFFFFFFFAFFFFFFFFFFFFF4F
:1071A000FFFFFFFFFFFFFFFFFFFFFFFFFFFA0222CE
:1071B00022222222222222222222222222222222AF
:1071C000222220000000000000000000000000005B
:1071D00000000000000000000000000000000000AF
:1071E000000000000000000000000000000000009F
:1071F000000000000000000000000000000000008F
:10720000000000000000000000000000000000007E
:10721000000000000000000000000000000000006E
:10722000000000000000000000000000000000005E
:10723000000000000000000000000000000000004E
:10724000000000000000000000000000000000003E
:107250000000000000003999999999999999999994
:107260009999999999999999999993EFFFFFFFFFA6
:10727000FFFFFFFFFFFFFFFFFFFFFFFFFFFFFFFE1F
:10728000FFFFFFFFFFFFFFFFFFFFFFFFFFFFFFFF0E
:10729000FFFFFFFFFFFFFFFFFFFFFFFFFFFFFFFFFE
:1072A000FFFFFFFFFFFFFFFFFFFFFFFFFFFFFFFFEE
:1072B000FFFFFFFFFFFFFFFFFFFFFFFFFFFFFFFFDE
:1072C000FFFFFFFFFFFFFFFFFFFFFFFFFFFFFFFFCE
:1072D000FFFFFFFFAFFFFFFFFFFFFFFFFFFFFFFF0E
:1072E000FFFFFFFFFFFFFFFFFA02222222222222DE
:1072F0002222222222222222222222222220008D27
:10730000FFFFFFFFFFFFFFFFFFFFFFFFFFFFFFFF8D
:10731000FFFFFFFFD8000CFFFFFFFFFFFFFFFFFF96
:10732000FFFFFFFFFFFFFFFFFFFFFFFFFFC08FFF1C
:10733000FFFFFFFFFFFFFFFFFFFFFFFFFFFFFFFF5D
:10734000FFFFFFFFFFF8DFFFFFFFFFFFFFFFFFFF74
:10735000FFFFFFFFFFFFFFFFFFFFFFFFFFFDFFFF3F
:10736000FFFFFFFFFFFFFFFFFFFFFFFFFFFFFFFF2D
:10737000FFFFFFFFFFFFFFFFFFFFFFFFFFFFFFFF1D
:10738000FFFFFFFFFFFFFFFFFFFFFFFFFFFFFFFF0D
:10739000FFFFFFFFFFFFFFFFFFFFFFFFFFFFFFFFFD
:1073A000FFFFFFFFFFFF9FFFFFFFFFFFFFFFFFFF4D
:1073B000FFFFFFFFFFFFFFFFFFFFFFFFFFF909FFD9
:1073C000FFFFFFFFFFFFFFFFFFFFFFFFFFFFFFFFCD
:1073D000FFFFFFFFFF90005FFFFFFFFFFFFFFFFFCB
:1073E000FFFFFFFFFFFFFFFFFFFFFFFFF5000002B2
:1073F000CFFFFFFFFFFFFFFFFFFFFFFFFFFFFFFFCD
:10740000FFFFFFFC2000100009FFFFFFFFFFFFFF51
:10741000FFFFFFFFFFFFFFFFFFFFFF900002FA00EB
:10742000005EFFFFFFFFFFFFFFFFFFFFFFFFFFFF0C
:10743000FFFFF50000AFFFD30002CFFFFFFFFFFF0C
:10744000FFFFFFFFFFFFFFFFFFFC20002DFFFFFFFF
:10745000700008FFFFFFFFFFFFFFFFFFFFFFFFFFC1
:10746000FF800006FFFFFFFFFB10004EFFFFFFFF46
:10747000FFFFFFFFFFFFFFFFE40001AFFFFFFFFF84
:10748000FFE40001BFFFFFFFFFFFFFFFFFFFFFFB68
:1074900010003EFFFFFFFFFFFFFF800007FFFFFF21
:1074A000FFFFFFFFFFFFFF700007FFFFFFFFFFFF72
:1074B000FFFFFC10003EFFFFFFFFFFFFFFFFE300A9
:1074C00001BFFFFFFFFFFFFFFFFFFFE50001AFFF71
:1074D000FFFFFFFFFFFA10004EFFFFFFFFFFFFFF60
:1074E000FFFFFFFF900006FFFFFFFFFFFF600009A7
:1074F000FFFFFFFFFFFFFFFFFFFFFFFFFD20002D4E
:10750000FFFFFFFFD20002DFFFFFFFFFFFFFFFFFD4
:10751000FFFFFFFFFFF600009FFFFFF900006FFF76
:10752000FFFFFFFFFFFFFFFFFFFFFFFFFFFF9000D9
:10753000029EE9200009FFFFFFFFFFFFFFFFFFFFA3
:10754000FFFFFFFFFFFFFC200000000002CFFFFF56
:10755000FFFFFFFFFFFFFFFFFFFFFFFFFFFFFFF842
:10756000000000007FFFFFFFFFFFFFFFFFFFFFFFA7
:10757000FFFFFFFFFFFFFFFFE730138EFFFFFFFF5F
:10758000FFFFFFFFFFFFFFFFFFFFFFFFFFFFFFFF0B
:10759000FFFFFFFFFFFFFFFFFFFFFFFFFFFFFFFFFB
:1075A000FFFFFFFFFFFFFFFFFFFFFFFFFFFFFFFFEB
:1075B000FFFFFFFFFFFFFFFFFFFFFFFFFFFFFFFFDB
:1075C000FFFFFFFFFFFFFFFFFFFFFFFFFFFFFFFFCB
:1075D000FFFFFFFFFFFFFFFFFFFFFFFFFFFFFFFFBB
:1075E000FFFFFFFFFFFFFFFFFFFFFFFFFFFFFFFFAB
:1075F000FFFFFFFFFFFFFFFFFFFFFFFFFFFFDFFFBB
:10760000FFFFFFFFFFFFFFFFFFFFFFFFFFFFFFFF8A
:10761000FFFFFFFFFFFD8FFFFFFFFFFFFFFFFFFFEC
:10762000FFFFFFFFFFFFFFFFFFFFFFFFFFF80CFF64
:10763000FFFFFFFFFFFFFFFFFFFFFFFFFFFFFFFF5A
:10764000FFFFFFFFFFC0008DFFFFFFFFFFFFFFFFFA
:10765000FFFFFFFFFFFFFFFFFFFFFFFFD80000005E
:107660002DFFFFFFFFFFFFFFD20000000000000022
:10767000CFFFFFFFFFFFFFFFFC0000000000000145
:10768000FFFFFFFFFFFFFFFFFE0000000000000301
:10769000FFFFFFFFFFFFFFFFFA00000000000005F3
:1076A000FFFFFFFFFFFFFFFFF500000000000007E6
:1076B000FFFFFFFFFFFFFFFFF000000000000009D9
:1076C000FFFFFFFFFFFFFFFFB00000000000000B07
:1076D000FFFFFFFFFFFFFFFF600000000000000D45
:1076E000FFFFFFFFFFFFFFFF100000000000000F83
:1076F000FFFFFFFFFFFFFFFB000000000000002F67
:10770000FFFFFFFFFFFFFFF6000000000000004F3B
:10771000FFFFFFFFFFFFFFF1000000000000006F10
:10772000FFFFFFFFFFFFFFC0000000000000008F11
:10773000FFFFFFFFFFFFFF7000000000000000AF31
:10774000FFFFFFFFFFFFFF2000000000000000CF51
:10775000FFFFFFFFFFFFFFFFFFFFFFFFFD3000FF09
:10776000FFFFFFFFFFFFFFFFFFFFFFFFFFD001FF56
:10777000FFFFFFFFFFFFFFFFFFFFFFFFFFF003FF24
:10778000FFFFFFFFFFFFFFFFFFFFFFFFFFA005FF62
:10779000FFFFFFFFFFFFFFFFFFFFFFFFFF1007FFE0
:1077A000FFFFFFFFFFFFFFFFFFFFFFFFF70009FFE6
:1077B000FFFFFFFFFFFFFFFFFFFFFFFFD0000BFFFB
:1077C000FFFFFFFFFFFFFFFFFFFFFFFF50000DFF69
:1077D000FFFFFFFFFFFFFFFFFFFFFFFB00000FFFAB
:1077E000FFFFFFFFFFFFFFFFFFFFFFF200000DFFA6
:1077F000FFFFFFFFFFFFFFFFFFFFFF90000003DF22
:10780000FFFFFFFFFFFFFFFFFFFFFE100000000074
:107810000000000000BFFFFFFFFFF60000000000B7
:107820000000000000FFFFFFFFFFD000000000008D
:107830000000000003FFFFFFFFFF4000000000000A
:107840000000000006FFFFFFFFFB0000000000003B
:10785000000000000AFFFFFFFFF200000000000030
:10786000000000000EFFFFFFFF800000000000008E
:10787000000000002FFFFFFFFE00000000000000DE
:10788000000000005FFFFFFFF600000000000000A6
:10789000000000009FFFFFFFC0000000000000008C
:1078A00000000000DFFFFFFF3000000000000000CC
:1078B00000000001FFFFFFFA0000000000000000D0
:1078C00000000005FFFFFFF10000000000000000C5
:1078D00000000008FFFFFF70000000000000000033
:1078E0000000000CFFFFFD00000000000000000091
:1078F0000000000FFFFFF500000000000000000086
:107900000000004FFFFFB00000000000000000007A
:107910000000008FFFFF20000000000000000000BA
:10792000000000BFFFF900000000000000000000A0
:10793000000000EFFFE10000000000000000000078
:10794000000000DFFF6000000000000000000000F9
:107950000000003DF90000000000000000000000F1
:10796000000000007CFFC7000000000000000000D5
:1079700000000000000000001DFFFFFFD10000001C
:1079800000000000000000000000000000CFFFFF2A
:10799000FFFC00000000000000000000003DFFFFB1
:1079A000FFFFFFFFDDFFFFFFFFFFFFD30000000031
:1079B0000000DFFFFFFFFFFFF6006FFFFFFFFFFF8D
:1079C000FD000000000000FFFFFFFFFFFFD0000DE3
:1079D000FFFFFFFFFFFF000000000000FFFFFFFFB1
:1079E000FFFFD0000DFFFFFFFFFFFF0000000000C2
:1079F00000FFFFFFFFFFFFF6006FFFFFFFFFFFFF2E
:107A0000000000000000FFFFFFFFFFFFFFDDFFFFA2
:107A1000FFFFFFFFFF000000000000FFFFFFFFFF70
:107A2000FFFFFFFFFFFFFFFFFFFF00000000000060
:107A3000FFFFFFFFFFFFFFFFFFFFFFFFFFFFFF0055
:107A40000000000000FFFFFFFFFFFFFFFFFFFFFF41
:107A5000FFFFFFFF000000000000FFFFFFFFFFFF30
:107A6000FFC510000000000000000000000000FF43
:107A7000FFFFFFFFFFF90000000000000000000012
:107A800000000000FFFFFFFFFFFFC000000000003C
:107A9000000000000000000000FFFFFFFFFFFF509C
:107AA00003DFFFFFFFFFFFFF000FB1000000FFFF3C
:107AB000FFFFFFFF100DFFFFFFFFFFFFFF000FFEA7
:107AC000200000FFFFFFFFFFFF000FFFFFFFFFFF92
:107AD000FFFF000FFFE20000FFFFFFFFFFFF000FAF
:107AE000FFFFFFFFFFFFFF000FFFFE2000FFFFFF74
:107AF000FFFFFF000FFFFFFFFFFFFFFF000FFFFF74
:107B0000E200FFFFFFFFFFFF000FFFFFFFFFFFFF90
:107B1000FF000FFFFFFE20FFFFFFFFFFFF000FFF33
:107B2000FFFFFFFFFFFF000FFFFFFFE1FFFFFFFF72
:107B3000FFFF000FFFFFFFFFFFFFFF000FFFFFFF33
:107B4000FBFFFFFFFFFFFF000FFFFFFFFFFFFFFF38
:107B5000000FFFFFFFFFFFFFFFFFFFFF000FFFFF13
:107B6000FFFFFFFFFF000000000000FFFFFFFFFF1F
:107B7000FF000FFFFFFFFFFFFFFF200000000000DE
:107B8000FFFFFFFFFFFF000FFFFFFFFFFFFFFFC231
:107B90000000000000FFFFFFFFFFFF000FFFFFFFDF
:107BA000FFFFFFFFFFFFFFFFFFFFFFFFFFFFFFFFE5
:107BB000000FFFFFFFFFFFFFFFFFFFFFFFFFFFFFC4
:107BC000FFFFFFFFFF000FFFFFFFFFFFFFFFFFFFB4
:107BD000FFFFFFFFFFFFFFFFFFFF000FFFFFFFFFA4
:107BE000FFFFFFFFFFFFFFFFFFFFFFFFFFFFFF00A4
:107BF0000FFFFFFFFFFFFFFFFFFFFFFFFFFFFFFF85
:107C0000FFFFFFFF000FFFFFFFFFFFFFFFFFFFFF73
:107C1000FFFFFFFFFFFFFFFFFF000FFFFFFFFFFF63
:107C2000FFFFFFFFFFFFFFFFFFFFFFFFFFFF000F53
:107C3000FFFFFFFFFFFFFFFFFFFFFFFFFFFFFFFF54
:107C4000FFFFFF000FFFFFFFFFFFFFFFFFFFFFFF33
:107C5000FFFFFFFFFFFFFFFF000FFFFFFFFFFFFF23
:107C6000FFFFFFFFFFFFFFDFFFFFFFFFFF000FFF33
:107C7000FFFFFFFFFFFFFFFFFFFFFFFF3DFFFFFFD6
:107C8000FFFF000FFFFFFFFFFFFFFFFFFFFFFFFFF3
:107C9000FF000000000000000FFFFFFFFFFFFFFFDD
:107CA000FFFFFFFFFFFF000000000000000FFFFFCD
:107CB000FFFFFFFFFFFFFFFFFFFFFF0000000000CF
:107CC00000000FFFFFFFFFFFFFFFFFFFFFFFFFFFB2
:107CD000000000000000000FFFFFFFFFFFFFFFFF9D
:107CE000FFFFFFFFFF000000000000000FFFFFFF8D
:107CF000FFFFFFFFFFFFFFFFFFFF0000000000008E
:107D0000000FFFFFFFFFFFFFFFFFFFFFFFFFFF0071
:107D10000000000000000FFFFFFFFFFFFFFFFFFF5D
:107D2000FFFFFFFF000000000000000DFFFFFFFF4E
:107D3000FFFFFFFFFFFFFFFFFD000000000000004E
:107D400003DFFFFFFFFFFFFFFFFFFFFFFFD3000089
:107D50000000000000000008EE80000000000000AD
:107D60000000000000000000000000008FFFF8008D
:107D70000000000000000000000000000000000003
:107D800000EFFFFE00000000000000000000000007
:107D9000000000000000FFFFFF00000000000000E6
:107DA0000000000000000000000000FFFFFF0000D6
:107DB0000000000000000000000000000000049E21
:107DC000FFFFFFEA4000000000000000000000008C
:107DD000000006DFFFFFFFFFFFFE60000000000065
:107DE00000000000000001BFFFFFFFFFFFFFFFFCDE
:107DF00020000000000000000000002EFFFFFFFF39
:107E0000FFFFFFFFFFE30000000000000000000292
:107E1000EFFFFFFFFFFFFFFFFFFFFF30000000004D
:107E2000000000001EFFFFFFFFFFFFFFFFFFFFFF3F
:107E3000E10000000000000000AFFFFFFFFFFFFFB8
:107E4000FFFFFFFFFFFA0000000000000004FFFF3B
:107E5000FFFFFFFFFFFFFFFFFFFFFF4000000000ED
:107E600000000BFFFFFFFFFFFFFFFFFFFFFFFFFF14
:107E7000B00000000000002FFFFFFFFFFFFFFFFF2B
:107E8000FFFFFFFFFFF20000000000007FFFFFFF89
:107E9000FFFFFFFFFFFFFFFFFFFFF70000000000F5
:107EA00000BFFFFFFFFFFFFFFFFFFFFFFFFFFFFB25
:107EB000000000000000DFFFFFFFFFFFFFFFFFFFEC
:107EC000FFFFFFFFFD000000000000EFFFFFFFFFCE
:107ED000FFFFFFFFFFFFFFFFFFFF000000000000AC
:107EE000FFFFFFFFFFFFFFFFFFFFFFFFFFFFFF00A1
:107EF0000000000001FFFFFFFFFFFFFFFFFFFFFF8C
:107F0000FFFFFFFF000000000001FFFFFFFFFFFF7A
:107F1000FFFFFFFFFFFFFFFFFF100000000002FF59
:107F2000FFFFFFFFFFFFFFFFFFFFFFFFFFFF20003F
:107F300000000004FFFFFFFFFFFFFFFFFFFFFFFF49
:107F4000FFFFFF400000000007FFFFFFFFFFFFFFF4
:107F5000FFFFFFFFFFFFFFFF70000000000AFFFFB1
:107F6000FFFFFFFFFFFFFFFFFFFFFFFFFFA000007E
:107F700000000EFFFFFFFFFFFFFFFFFFFFFFFFFF00
:107F8000FFFFE0000000002FFFFFFFFFFFFFFFFFEC
:107F9000FFFFFFFFFFFFFFF2000000008FFFFFFF6A
:107FA000FFFFFFFFFFFFFFFFFFFFFFFFF8000000E5
:107FB00000EFFFFFFFFFFFFFFFFFFFFFFFFFFFFFE0
:107FC000FFFE00000005FFFFFFFFFFFFFFFFFFFFB9
:107FD000FFFFFFFFFFFFFF5000001EFFFFFFFFFF3F
:107FE000FFFFFFFFFFFFFFFFFFFFFFFFE10001DFDC
:107FF000FFFFFFFFFFFFFFFFFFFFFFFFFFFFFFFF91
:10800000FFFD100CFFFFFFFFFFFFFFFFFFFFFFFF64
:10801000FFFFFFFFFFFFFFC08FFFFFFFFFFFFFFF1F
:10802000FFFFFFFFFFFFFFFFFFFFFFFFF8EFFFFF77
:10803000FFFFFFFFFFFFFFFFFFFFFFFFFFFFFFFF50
:10804000FFFEEFFFFFFFFFFFFFFFFFFFFFFFFFFF51
:10805000FFFFFFFFFFFFFE8FFFFFFFFFFFFFFFFFA1
:10806000FFFFFFFFFFFFFFFFFFFFFFF808EFFFFF2E
:10807000FFFFFFFFFFFFFFFFFFFFFFFFFFFFFFFE11
:108080008000000000000000000000000000000070
:1080900000000000000000000000000000000000E0
:1080A00000000000000000000000000000000000D0
:1080B00000000000000000000000000000000000C0
:1080C000000000000000000FFFFFFFFFFFF00000B6
:1080D0000000000000000000000000000CFFFFFF97
:1080E000FFFFC000000000000000000000000000D2
:1080F0000007FFFFFFFFFF7000000000000000000E
:1081000000000000000000DFFFFFFFFD0000000096
:108110000000000000000000000000001DFFFFFF45
:10812000C10000000000000000000000000000008E
:1081300000007CFFC6000000000000000000008D71
:10814000FFFFFFFFFFFFFFFFFFFFFFFFFFFFFFFF3F
:10815000FFFFFFFFFFFFFFD8000CFFFFFFFFFFFF48
:10816000FFFFFFFFFFFFFFFFFFFFFFFFFFFFFFFF1F
:10817000FFFFFFC08FFFFFFFFFFFFFFFFFFFFFFFBE
:10818000FFFFFFFFFFFFFFFFFFFFFFFFFFFFF8DF26
:10819000FFFFFFFFFFFFFFFFFFFFFFFFFFFFFFFFEF
:1081A000FFFFFFFFFFFFFFFFFFFDFFFFFFFFFFFFE1
:1081B000FFFFFFFFFFFFFFFFFFFFFFFFFFFFFFFFCF
:1081C000FFFFFFFFFFFFFFFFFFFFFFFFFFFFFFFFBF
:1081D000FFFFFFFFFFFFFFFFFFFFFFFFFFFFFFFFAF
:1081E000FFFFFF300003FFF300003FFF300003FFFD
:1081F000F300003FFF300003FFFFFFFFFFFF000021
:1082000000FFF000000FFF000000FFF000000FFF74
:10821000000000FFFFFFFFFFFF000000FFF0000075
:108220000FFF000000FFF000000FFF000000FFFF45
:10823000FFFFFFFF000000FFF000000FFF00000045
:10824000FFF000000FFF000000FFFFFFFFFFFF0037
:108250000000FFF000000FFF000000FFF000000F23
:10826000FF000000FFFFFFFFFFFF300003FFF300F0
:10827000003FFF300003FFF300003FFF300003FF2B
:10828000FFFFFFFFFFFFFFFFFFFFFFFFFFFFFFFFFE
:10829000FFFFFFFFFFFFFFFFFFFFFFFFFFFFFFFFEE
:1082A000FFFFFFFFFFFFFFFFFFFFFFFFFFFFFFFFDE
:1082B000FFFFFFFFFFFFFFFFFFFFFFFFFFFFFFFFCE
:1082C000FFFFFFFFFFFFFFFFFFFFFFFFFFFFFFFFBE
:1082D000FFFFFFFFFFFFFFFFB00001DFF800001E00
:1082E000FF800001EFF800000BFFFFFFFFFFFFFF23
:1082F000FFFFFF800000BFF400000BFF400000BF45
:10830000F4000008FFFFFFFFFFFFFFFFFFFF8000FB
:1083100000BFF400000BFF400000BFF4000008FFA6
:10832000FFFFFFFFFFFFFFFFFF800000BFF4000023
:108330000BFF400000BFF4000008FFFFFFFFFFFF3E
:10834000FFFFFFFF800000BFF400000BFF400000B4
:10835000BFF4000008FFFFFFFFFFFFFFFFFFFFB0BC
:108360000001DFF800001EFF800001EFF800000BA5
:10837000FFFFFFFFFFFFFFFFFFFFFFFFFFFFFFFF0D
:10838000FFFFFFFFFFFFFFFFFFFFFFFFFFFFFFFFFD
:10839000FFFFFFFFFFFFFFFFFFFFFFFFFFFFFFFFED
:1083A000FFFFFFFFFFFFFFFFFFFFFFFFFFFFFFFFDD
:1083B000FFFFFFFFFFFFFFFFFFFFFFFFFFFFFFFFCD
:1083C000FFFFFFFFFFFFFFFFFF300003FFF3000091
:1083D0000000000000000000003FFF300003FFFF2E
:1083E000FFFFFFFF000000FFF000000000000000A2
:1083F000000000000FFF000000FFFFFFFFFFFF0075
:108400000000FFF000000000000000000000000F6E
:10841000FF000000FFFFFFFFFFFF000000FFF00074
:10842000000000000000000000000FFF000000FF3F
:10843000FFFFFFFFFF000000FFF000000000000052
:1084400000000000000FFF000000FFFFFFFFFFFF24
:10845000300003FFF30000000000000000000000F7
:108460003FFF300003FFFFFFFFFFFFFFFFFFFFFFA6
:10847000FFFFFFFFFFFFFFFFFFFFFFFFFFFFFFFF0C
:10848000FFFFFFFFFFFFFFFFFFFFFFFFFFFFFFFFFC
:10849000FFFFFFFFFFFFFFFFFFFFFFFFFFFFDFFF0C
:1084A000FFFFFFFFFFFFFFFFFFFFFFFFFFFFFFFFDC
:1084B000FFFFFFFFFFFFFFFFFD8FFFFFFFFFFFFF3E
:1084C000FFFFFFFFFFFFFFFFFFFFFFFFFFFFFFFFBC
:1084D000FFFFFFF80CFFFFFFFFFFFFFFFFFFFFFFA6
:1084E000FFFFFFFFFFFFFFFFFFFFFFFFFFFFC000DA
:1084F0008DFFFFFFFFFFFFFFFFFFFFFFFFFFFFFFFE
:10850000FFFFFFFFFFFFFFFFD8000000000000009B
:10851000000000000000000000000000000000005B
:10852000000000000000000000000000000000004B
:1085300000000000000000018DFC50000000000061
:108540000000000000000000000000000000000229
:108550009FFFFFF800000000000000000000000086
:108560000000000000000003BFFFFFFFFF500000FD
:1085700000000000000000000000000000000004F7
:10858000CFFFFFFFFFFFC000000000000000000061
:108590000000000000000006DFFFFFFFFFFFFFF00C
:1085A00000000000000000000000000000000017B4
:1085B000EFFFFFFFFFFFFFFFD00000000000000003
:1085C0000000000000000018FFFFFFFFFFFFFFFF9B
:1085D000FF80000000000000000000000000002AF2
:1085E000FFFFFFFFFFFFFFFFFFFF10000000000085
:1085F000000000000000004BFFFFFFFFFFFFFFFF38
:10860000FFFFF90000000000000000000000005C17
:10861000FFFFFFFFFFFFFFFFFFFFFFF20000000073
:10862000000000000000006DFFFFFFFFFFFFFFFFE5
:10863000FFFFFFFFA0000000000000000000018E0F
:10864000FFFFFFFFFFFFFFFFFFFFFFFFFF30000007
:10865000000000000000029FFFFFFFFFFFFFFFFF81
:10866000FFFFFFFFFFFC000000000000000003AF61
:10867000FFFFFFFFFFFFFFFFFFFFFFFFFFFFF40014
:1086800000000000000004BFFFFFFFFFFFFFFFFF2F
:10869000FFFFFFFFFFFFFFD000000000000005DF2D
:1086A000FFFFFFFFFFFFFFFFFFFFFFFFFFFFFFFFDA
:1086B00060000000000007EFFFFFFFFFFFFFFFFF6C
:1086C000FFFFFFFFFFFFFFFFFE000000000018FF9D
:1086D000FFFFFFFFFFFFFFFFFFFFFFFFFFFFFFFFAA
:1086E000FFF70000000019FFFFFFFFFFFFFFFFFF84
:1086F000FFFFFFFFFFFFFFFFFFFFF100000001DFB3
:10870000FFFFFFFFFFFFFFFFFFFFFFFFFFFFFFFF79
:10871000FFFFFF8000000008FFFFFFFFFFFFFFFFDC
:10872000FFFFFFFFFFFFFFFFFFFFFFFF1000000045
:108730000EFFFFFFFFFFFFFFFFFFFFFFFFFFFFFF3A
:10874000FFFFFFFFFA000000000FFFFFFFFFFFFF2A
:10875000FFFFFFFFFFFFFFFFFFFFFFFFFFF2000034
:1087600000000EFFFFFFFFFFFFFFFFFFFFFFFFFF08
:10877000FFFFFFFFFFFFB00000000008FFFFFFFF4B
:10878000FFFFFFFFFFFFFFFFFFFFFFFFFFFFFF40B8
:108790000000000000DFFFFFFFFFFFFFFFFFFFFF04
:1087A000FFFFFFFFFFFFFFFC00000000000019EFCC
:1087B000FFFFFFFFFFFFFFFFFFFFFFFFFFFFFFFFC9
:1087C000F5000000000000000000000000000000B4
:1087D00000FFFFFFFFFFFFFFFFD0000000000000D1
:1087E00000000000000000000000FFFFFFFFFFFF8F
:1087F000FFFF60000000000000000000000000001B
:10880000000000FFFFFFFFFFFFFFFE000000000071
:10881000000000000000000000000000FFFFFFFF5C
:10882000FFFFFFF800000000000000000000000053
:108830000000000000FFFFFFFFFFFFFFF10000004E
:108840000000000000000000000000000000FFFF2A
:10885000FFFFFFFFFF90000000000000000000008D
:1088600000000000000000FFFFFFFFFFFFFF2000EF
:1088700000000000000000000000000000000000F8
:10888000FFFFFFFFFFFFFA000000000000000000F4
:10889000000000000000000000FFFFFFFFFFFFF3EB
:1088A00000000000000000000000000000000000C8
:1088B0000000FFFFFFFFFFFFB0000000000000000E
:1088C0000000000000000000000000FFFFFFFFFFAD
:1088D000FF40000000000000000000000000000059
:1088E00000000000FFFFFFFFFFFD00000000000090
:1088F00000000000000000000000000000FFFFFF7B
:10890000FFFFF50000000000000000000000000074
:10891000000000000000FFFFFFFFFFE0000000007C
:10892000000000000000000000000000000000FF48
:10893000FFFFFFFF700000000000000000000000CB
:108940000000000000000000FFFFFFFFFF0000002C
:108950000000000000000000000000000000000017
:1089600000FFFFFFFFF80000000000000000000013
:1089700000000000000000000000EFFFFFFFF1001A
:1089800000000000000000000000000000000000E7
:108990000000008FFFFFFF800000000000000000CB
:1089A0000000000000000000000000000BFFFFFCC2
:1089B00000000000000000000000000000000000B7
:1089C0000000000000007DFC7000000000000000BE
:1089D0000000000000000000000000000000000097
:1089E0000000000000000000000000003DFFFFFF4D
:1089F000FFFFFFFFFFFFF000FB1000000000DFFFA4
:108A0000FFFFFFFFFFFFFFFFF000FFE2000000009D
:108A1000FFFFFFFFFFFFFFFFFFFFF000FFFE200053
:108A20000000FFFFFFFFFFFFFFFFFFFFF000FFFF62
:108A3000E2000000FFFFFFFFFFFFFFFFFFFFF0006E
:108A4000FFFFFE200000FFFFFFFFFFFFFFFFFFFF14
:108A5000F000FFFFFFE20000FFFFFFFFFFFFFFFF4F
:108A6000FFFFF000FFFFFFFE2000FFFFFFFFFFFF03
:108A7000FFFFFFFFF000FFFFFFFFE200FFFFFFFF30
:108A8000FFFFFFFFFFFFF000FFFFFFFFFE20FFFFE4
:108A9000FFFFFFFFFFFFFFFFF000FFFFFFFFFFE112
:108AA000FFFFFFFFFFFFFFFFFFFFF000FFFFFFFFE4
:108AB000FFFBFFFFFFFFFFFFFFFFFFFFF000FFFFD8
:108AC000FFFFFFFFFFFFFFFFFFFFFFFFFFFFF000C4
:108AD000000000000000FFFFFFFFFFFFFFFFFFFFA0
:108AE000F200000000000000FFFFFFFFFFFFFFFF9C
:108AF000FFFFFC20000000000000FFFFFFFFFFFF62
:108B0000FFFFFFFFFFFFFFFFFFFFFFFFFFFFFFFF75
:108B1000FFFFFFFFFFFFFFFFFFFFFFFFFFFFFFFF65
:108B2000FFFFFFFFFFFFFFFFFFFFFFFFFFFFFFFF55
:108B3000FFFFFFFFFFFFFFFFFFFFFFFFFFFFFFFF45
:108B4000FFFFFFFFFFFFFFFFFFFFFFFFFFFFFFFF35
:108B5000FFFFFFFFFFFFFFFFFFFFFFFFFFFFFFFF25
:108B6000FFFFFFFFFFFFFFFFFFFFFFFFFFFFFFFF15
:108B7000FFFFFFFFFFFFFFFFFFFFFFFFFFFFFFFF05
:108B8000FFFFFFFFFFFFFFFFFFFFFFFFFFFFFFFFF5
:108B9000FFFFFFFFFFFFFFFFFFFFFFFFFFFFFFFFE5
:108BA000FFFFFFFFFFFFFFFFFFFFFFFFFFFFFFFFD5
:108BB000FFFFFFFFFFFFFFFFFFFFFFFFFFFFFFFFC5
:108BC000FFFFFFFFFFFFFFFFFFFFFFFFFFFFFFFFB5
:108BD000FFFFFFFFFFFFFFFFFFFFFFFFFFFFFFFFA5
:108BE000FFFFFFFFFFFFFFFFFFFFFFFFFFFFFFFF95
:108BF000FFFFFFFFFFFFFFFFFFFFFFFFFFFFFFFF85
:108C0000FFFFFFFFFFFFFFFFFFFFFFFFFFFFFFFF74
:108C1000FFFFFFFFFFFFFFFFFFFFFFFFFFFFFFFF64
:108C2000FFFFFFFFFFFFFFFFFFFFFFFFFFFFFFFF54
:108C3000FFFFFFFFFFFFFFFFFFFFFFFFFFFFFFFF44
:108C4000FFFFFFFFFFFFFFFFFFFFFFFFFFFFFFFF34
:108C5000FFFFFFFFFFFFFFFFFFFFFFFFFFFFFFFF24
:108C6000FFFFFFFFFFFFFFFFFFFFFFFFFFFFFFFF14
:108C7000FFFFFFFFFFFFFFFFFFFFFFFFFFFFFFFF04
:108C8000FFFFFFFFFFFFFFFFFFFFFFFFFFFFFFFFF4
:108C9000FFFFFFFFFFFFFFFFFFFFFFFFFFFFFFFFE4
:108CA000FFFFFFFFFFFFFFFFFFFFFFFFFFFFFFFFD4
:108CB000FFFFFFFFFFFFFFFFFFFFFFFFFFFFFFFFC4
:108CC000FFFFFFFFFFFFFFFFFFFFFFFFFFFFFFFFB4
:108CD000FFFFFFFFFFFFFFFFFFFFFFFFFFFFFFFFA4
:108CE000FFFFFFFFFFFFFFFFFFFFFFFFFFFFFFFF94
:108CF000FFFFFFFFFFFFFFFFFFFFFFFFFFFFFFFF84
:108D0000FFFFFFFFFFFFFFFFFFFFFFFFFFFFFFFF73
:108D1000FFFFFFFFFFFFFFFFFFFFFFFFFFFFFFFF63
:108D2000FFFFFFFFFFFFFFFFDFFFFFFFFFFFFFFF73
:108D3000FFFFFFFFFFFFFFFFFFFD3DFFFFFFFFFF07
:108D4000FFFFFFFFFFFFFFFFFFFFFFD3000000005B
:108D50000000000000000000000000000000000013
:108D60000000000000000000000000000000000003
:108D700000000000000000000000000000000000F3
:108D800000000000000000000000000000000000E3
:108D900000000368BDEFFFFFFEDB8630000000002F
:108DA0000000000000000000000000000000038C34
:108DB000FFFFFFFFFFFFFFFFFFFFC83000000000C5
:108DC000000000000000000000000039EFFFFFFF7E
:108DD000FFFFFFFFFFFFFFFFFFFE9300000000000B
:108DE00000000000000000006DFFFFFFFFFFFFFF1D
:108DF000FFFFFFFFFFFFFFFFFFD6000000000000A6
:108E000000000000007EFFFFFFFFFFFFFFFFFFFFEE
:108E1000FFFFFFFFFFFFFFFFE70000000000000073
:108E200000006EFFFFFFFFFFFFFFFFFFFFFFFFFFE1
:108E3000FFFFFFFFFFFFFFE6000000000000003C17
:108E4000FFFFFFFFFFFFFFFFFFFFFFFFFFFFFFFF32
:108E5000FFFFFFFFFFFFC3000000000007FFFFFF51
:108E6000FFFFFFFFFFFFECA998899ACEFFFFFFFFEE
:108E7000FFFFFFFFFF7000000001CFFFFFFFFFFFBC
:108E8000FFFFB740000000000000047BFFFFFFFF72
:108E9000FFFFFFFC1000004EFFFFFFFFFFFFFA5037
:108EA0000000000000000000000005AFFFFFFFFF12
:108EB000FFFFE40005FFFFFFFFFFFFE710000000DA
:108EC000000000000000000000017EFFFFFFFFFF28
:108ED000FF507FFFFFFFFFFFE600000000000000E3
:108EE0000000000000000000006EFFFFFFFFFFF722
:108EF000FFFFFFFFFFF8100000000000000000006F
:108F000000000000000000018FFFFFFFFFFFAFFF28
:108F1000FFFFFD3000000000000000000000000026
:108F200000000000000003DFFFFFFFFA0BFFFFFF60
:108F300090000000000000000000000000000000A1
:108F4000000000000009FFFFFFB000BFFFF60000B7
:108F50000000000000147ACEEFFEECA741000000F4
:108F6000000000006FFFFB00000BFE30000000005F
:108F700000017CFFFFFFFFFFFFFFFFC710000000A5
:108F8000000003EFB000000041000000000003AF4C
:108F9000FFFFFFFFFFFFFFFFFFFFFA3000000000B1
:108FA000001400000000000000000002BFFFFFFFEF
:108FB000FFFFFFFFFFFFFFFFFFFA200000000000A0
:108FC0000000000000000000008FFFFFFFFFFFFF18
:108FD000FFFFFFFFFFFFFFFFF800000000000000A1
:108FE0000000000000002DFFFFFFFFFFFFFFFFFF5D
:108FF000FFFFFFFFFFFFFFD20000000000000000A6
:1090000000000004FFFFFFFFFFFFFFFFFFFFFFFF68
:10901000FFFFFFFFFFFF4000000000000000000016
:10902000004FFFFFFFFFFFFFFFCA9889ACFFFFFF64
:10903000FFFFFFFFF4000000000000000000006FD1
:10904000FFFFFFFFFFD73000000000037DFFFFFFA1
:10905000FFFFF6000000000000000000000DFFFF11
:10906000FFFFB300000000000000003BFFFFFFFF18
:10907000D00000000000000000000001DFFFFFD36F
:10908000000000000000000000003DFFFFFD100098
:10909000000000000000000000001DFFF8000000BC
:1090A0000000000000000000009FFFD10000000051
:1090B000000000000000000001CE50000000000091
:1090C0000000000000000005EC100000000000009F
:1090D0000000000000000000000000000000000090
:1090E0000000000000000000000000000000000080
:1090F0000000000000000000000000000000000070
:10910000000000000000000000000000000000005F
:1091100000000000000000000007CFFC700000000D
:10912000000000000000000000000000000000003F
:1091300000000000000002DFFFFFFD200000000033
:10914000000000000000000000000000000000001F
:10915000000000000DFFFFFFFFD000000000000036
:1091600000000000000000000000000000000000FF
:1091700000007FFFFFFFFFF700000000000000007D
:1091800000000000000000000000000000000000DF
:10919000CFFFFFFFFFFC0000000000000000000008
:1091A0000000000000000000000000000000FFFFC1
:1091B000FFFFFFFF000000000000000000000000B3
:1091C000000000000000000000000000FFFFFFFFA3
:1091D000FFFF000000000000000000000000000091
:1091E00000000000000000000000CFFFFFFFFFFCB8
:1091F000000000000000000000000000000000006F
:1092000000000000000000007FFFFFFFFFF70000EC
:10921000000000000000000000000000000000004E
:109220000000000000000DFFFFFFFFD00000000065
:10923000000000000000000000000000000000002E
:109240000000000002DFFFFFFD2000000000000022
:10925000000000000000000000000000000000000E
:1092600000000007CFFC70000000000000000000BC
:1092700000000000008DFFFFFFFFFFFFFFFFFFFF6B
:10928000FFFFFFFFFFFFFFFFFFFFFFFFFFFFFD806F
:1092900000000CFFFFFFFFFFFFFFFFFFFFFFFFFFCF
:1092A000FFFFFFFFFFFFFFFFFFFFFFFFFFFC0000CF
:1092B0008FFFFFFFFFFFFFFFFFFFFFFFFFFFFFFF2E
:1092C000FFFFFFFFFFFFFFFFFFFFFFFF8000DFFF4C
:1092D000FFFFFFFFFFFFFFFFFFFFFFFFFFFFFFFF9E
:1092E000FFFFFFFFFFFFFFFFFFFFD000FFFFFFFFBC
:1092F000FFFFFFFFFFFFFFFFFFFFFFFFFFFFFFFF7E
:10930000FFFFFFFFFFFFFFFFF000FFFFFFFFFFFF7B
:10931000FFFFFFFFFFFFFFFFFFFFFFFFFFFFFFFF5D
:10932000FFFFFFFFFFFFF000FFFFFF000000000056
:10933000000000000000000000000000000000002D
:10934000000FFFFFFFD3FFFFFF0000000000000041
:109350000000000000000000000000000000000FFE
:10936000FFFFFFFDFFFFFF00000000000000000006
:10937000000000000000000000000000000FFFFFE0
:10938000FFFFFFFFFF000FFFFFFFFFFFFFFFFFFFDC
:10939000FFFFFFFFFFFFFFFFFFFF000FFFFFFFFFCC
:1093A000FFFFFF000FFFFFFFFFFFFFFFFFFFFFFFBC
:1093B000FFFFFFFFFFFFFFFF000FFFFFFFFFFFFFAC
:1093C000FF000FFFFFFFFFFFFFFFFFFFFFFFFFFF9C
:1093D000FFFFFFFFFFFF000FFFFFFFFFFFFFFF008B
:1093E0000FFFFFFFFFFFFFFFFFFFFFFFFFFFFFFF7D
:1093F000FFFFFFFF000000FFFFFFFFFFFF000FFF69
:10940000FFFFFFFFFFFFFFFFFFFFFFFFFFFFFFFF6C
:10941000FFFF000000FFFFFFFFFFFF000FFFFFFF48
:10942000FFFFFFFFFFFFFFFFFFFFFFFFFFFFFFFF4C
:10943000000000FFFFFFFFFFFF000FFFFFFFFFFF28
:10944000FFFFFFFFFFFFFFFFFFFFFFFFFFFF00002A
:1094500000FFFFFFFFFFFF000FFFFFFFFFFFFFFF0A
:10946000FFFFFFFFFFFFFFFFFFFFFFFF000000FF09
:10947000FFFFFFFFFF000FFFFFFFFFFFFFFFFFFFEB
:10948000FFFFFFFFFFFFFFFFFFFF000000FFFFFFE9
:10949000FFFFFF000FFFFFFFFFFFFFFFFFFFFFFFCB
:1094A000FFFFFFFFFFFFFFFF000FFFFFFFFFFFFFBB
:1094B000FF000FFFFFFFFFFFFFFFFFFFFFFFFFFFAB
:1094C000FFFFFFFFFFFF000FFFFFFFFFFFFFFF009A
:1094D0000FFFFFFFFFFFFFFFFFFFFFFFFFFFFFFF8C
:1094E000FFFFFFFF000FFFFFFFFFFFFFFF00000078
:1094F000000000000000000000000000000000006C
:109500000000000FFFFFFFFFFFFFFF000000000053
:10951000000000000000000000000000000000004B
:10952000000FFFFFFFFDFFFFFF0000000000000035
:109530000000000000000000000000000000000F1C
:10954000FFFFFFD3FFFFFFFFFFFFFFFFFFFFFFFF57
:10955000FFFFFFFFFFFFFFFFFFFFFFFFFFFFFFFF1B
:10956000F000FFFFFFFFFFFFFFFFFFFFFFFFFFFF19
:10957000FFFFFFFFFFFFFFFFFFFFFFFFFFFFF00009
:10958000DFFFFFFFFFFFFFFFFFFFFFFFFFFFFFFF0B
:10959000FFFFFFFFFFFFFFFFFFFFFFFFD0008FFF79
:1095A000FFFFFFFFFFFFFFFFFFFFFFFFFFFFFFFFCB
:1095B000FFFFFFFFFFFFFFFFFFFF80000CFFFFFF2C
:1095C000FFFFFFFFFFFFFFFFFFFFFFFFFFFFFFFFAB
:1095D000FFFFFFFFFFFFFFFC0000008DFFFFFFFF0D
:1095E000FFFFFFFFFFFFFFFFFFFFFFFFFFFFFFFF8B
:1095F000FFFFFFFFFD800000008DFFFFFFFFFFFF6B
:10960000FFFFFFFFFFFFFFFFFFFFFFFFFFFFFFFF6A
:10961000FFFFFD8000000CFFFFFFFFFFFFFFFFFFCC
:10962000FFFFFFFFFFFFFFFFFFFFFFFFFFFFFFFF4A
:10963000FFFC00008FFFFFFFFFFFFFFFFFFFFFFFAB
:10964000FFFFFFFFFFFFFFFFFFFFFFFFFFFFFFFF2A
:109650008000DFFFFFFFFFFFFFFFFFFFFFFFFFFFB8
:10966000FFFFFFFFFFFFFFFFFFFFFFFFFFFFD00038
:10967000FFFFFFFFFFFFFFFFFFFFFFFFFFFFFFFFFA
:10968000FFFFFFFFFFFFFFFFFFFFFFFFF000FFFFF8
:10969000FFFFFFFFFFFFFFFFFFFFFFFFFFFFFFFFDA
:1096A000FFFFFFFFFFFFFFFFFFFFF000FFFFFF00D7
:1096B00000000000000000000000000000000000AA
:1096C00000000000000FFFFFFFD3FFFFFF000000BE
:1096D000000000000000000000000000000000008A
:1096E0000000000FFFFFFFFDFFFFFF000000000074
:1096F000000000000000000000000000000000006A
:10970000000FFFFFFFFFFFFFFF000FFFFFFFFFFF47
:10971000FFFFFFFFFFFFFFFFFFF000000000000F53
:10972000FFFFFFFFFFFFFF000FFFFFFFFFFFFFFF38
:10973000FFFFFFFFFFFFFFF000000000000FFFFF33
:10974000FFFFFFFFFF000FFFFFFFFFFFFFFFFFFF18
:10975000FFFFFFFFFFF000000000000FFFFFFFFF13
:10976000FFFFFF000FFFFFFFFFFFFFFFFFFFFFFFF8
:10977000FFFFFFF000000000000000FFFFFFFFFF01
:10978000FF000FFFFFFFFFFFFFFFFFFFFFFFFFFFD8
:10979000FFF000000000000000FFFFFFFFFFFF00E0
:1097A0000FFFFFFFFFFFFFFFFFFFFFFFFFFFFFF0C8
:1097B00000000000000000FFFFFFFFFFFF000FFFA1
:1097C000FFFFFFFFFFFFFFFFFFFFFFFFFFF00000B6
:1097D0000000000000FFFFFFFFFFFF000FFFFFFF83
:1097E000FFFFFFFFFFFFFFFFFFFFFFF00000000094
:1097F000000000FFFFFFFFFFFF000FFFFFFFFFFF65
:10980000FFFFFFFFFFFFFFFFFFF000000000000071
:1098100000FFFFFFFFFFFF000FFFFFFFFFFFFFFF46
:10982000FFFFFFFFFFFFFFF000000000000FFFFF42
:10983000FFFFFFFFFF000FFFFFFFFFFFFFFFFFFF27
:10984000FFFFFFFFFFF000000000000FFFFFFFFF22
:10985000FFFFFF000FFFFFFFFFFFFFFFFFFFFFFF07
:10986000FFFFFFF000000000000FFFFFFFFFFFFF02
:10987000FF000000000000000000000000000000E9
:10988000000000000000000FFFFFFFFFFFFFFF00D0
:1098900000000000000000000000000000000000C8
:1098A00000000000000FFFFFFFFDFFFFFF000000B2
:1098B00000000000000000000000000000000000A8
:1098C0000000000FFFFFFFD3FFFFFFFFFFFFFFFFC1
:1098D000FFFFFFFFFFFFFFFFFFFFFFFFFFFFFFFF98
:1098E000FFFFFFFFF000FFFFFFFFFFFFFFFFFFFF96
:1098F000FFFFFFFFFFFFFFFFFFFFFFFFFFFFFFFF78
:10990000FFFFF000DFFFFFFFFFFFFFFFFFFFFFFF95
:10991000FFFFFFFFFFFFFFFFFFFFFFFFFFFFFFFF57
:10992000D0008FFFFFFFFFFFFFFFFFFFFFFFFFFFE5
:10993000FFFFFFFFFFFFFFFFFFFFFFFFFFFF8000B5
:109940000CFFFFFFFFFFFFFFFFFFFFFFFFFFFFFF1A
:10995000FFFFFFFFFFFFFFFFFFFFFFFC0000008D89
:10996000FFFFFFFFFFFFFFFFFFFFFFFFFFFFFFFF07
:10997000FFFFFFFFFFFFFFFFFD800000008DFFFFE7
:10998000FFFFFFFFFFFFFFFFFFFFFFFFFFFFFFFFE7
:10999000FFFFFFFFFFFFFD8000000CFFFFFFFFFF49
:1099A000FFFFFFFFFFFFFFFFFFFFFFFFFFFFFFFFC7
:1099B000FFFFFFFFFFFC00008FFFFFFFFFFFFFFF28
:1099C000FFFFFFFFFFFFFFFFFFFFFFFFFFFFFFFFA7
:1099D000FFFFFFFF8000DFFFFFFFFFFFFFFFFFFF35
:1099E000FFFFFFFFFFFFFFFFFFFFFFFFFFFFFFFF87
:1099F000FFFFD000FFFFFFFFFFFFFFFFFFFFFFFFA5
:109A0000FFFFFFFFFFFFFFFFFFFFFFFFFFFFFFFF66
:109A1000F000FFFFFFFFFFFFFFFFFFFFFFFFFFFF64
:109A2000FFFFFFFFFFFFFFFFFFFFFFFFFFFFF00054
:109A3000FFFFFF0000000000000000000000000029
:109A40000000000000000000000FFFFFFFD3FFFF39
:109A5000FF00000000000000000000000000000007
:109A6000000000000000000FFFFFFFFDFFFFFF00F0
:109A700000000000000000000000000000000000E6
:109A800000000000000FFFFFFFFFFFFFFF000FFFC0
:109A9000FFFFFFFFFFFFFFFFFF00000000000000CF
:109AA0000000000FFFFFFFFFFFFFFF000FFFFFFFA2
:109AB000FFFFFFFFFFFFFF000000000000000000AD
:109AC000000FFFFFFFFFFFFFFF000FFFFFFFFFFF84
:109AD000FFFFFFFFFF000000000000000000000F7C
:109AE000FFFFFFFFFFFFFF000FFFFFFFFFFFFFFF75
:109AF000FFFFFF000000000000000000000000FF6A
:109B0000FFFFFFFFFF000FFFFFFFFFFFFFFFFFFF54
:109B1000FF000000000000000000000000FFFFFF49
:109B2000FFFFFF000FFFFFFFFFFFFFFFFFFFFF0033
:109B30000000000000000000000000FFFFFFFFFF2A
:109B4000FF000FFFFFFFFFFFFFFFFFFFFF00000011
:109B5000000000000000000000FFFFFFFFFFFF000B
:109B60000FFFFFFFFFFFFFFFFFFFFF0000000000F0
:109B700000000000000000FFFFFFFFFFFF000FFFDD
:109B8000FFFFFFFFFFFFFFFFFF00000000000000DE
:109B90000000000000FFFFFFFFFFFF000FFFFFFFBF
:109BA000FFFFFFFFFFFFFF000000000000000000BC
:109BB000000FFFFFFFFFFFFFFF000FFFFFFFFFFF93
:109BC000FFFFFFFFFF000000000000000000000F8B
:109BD000FFFFFFFFFFFFFF000FFFFFFFFFFFFFFF84
:109BE000FFFFFF000000000000000000000FFFFF6B
:109BF000FFFFFFFFFF00000000000000000000006A
:109C000000000000000000000000000FFFFFFFFF49
:109C1000FFFFFF0000000000000000000000000047
:109C20000000000000000000000FFFFFFFFDFFFF2D
:109C3000FF00000000000000000000000000000025
:109C4000000000000000000FFFFFFFD3FFFFFFFF39
:109C5000FFFFFFFFFFFFFFFFFFFFFFFFFFFFFFFF14
:109C6000FFFFFFFFFFFFFFFFF000FFFFFFFFFFFF12
:109C7000FFFFFFFFFFFFFFFFFFFFFFFFFFFFFFFFF4
:109C8000FFFFFFFFFFFFF000DFFFFFFFFFFFFFFF12
:109C9000FFFFFFFFFFFFFFFFFFFFFFFFFFFFFFFFD4
:109CA000FFFFFFFFD0008FFFFFFFFFFFFFFFFFFF62
:109CB000FFFFFFFFFFFFFFFFFFFFFFFFFFFFFFFFB4
:109CC000FFFF80000CFFFFFFFFFFFFFFFFFFFFFF15
:109CD000FFFFFFFFFFFFFFFFFFFFFFFFFFFFFFFC97
:109CE0000000008DFFFFFFFFFFFFFFFFFFFFFFFFF3
:109CF000FFFFFFFFFFFFFFFFFFFFFFFFFD800000F3
:109D0000008DFFFFFFFFFFFFFFFFFFFFFFFFFFFFD4
:109D1000FFFFFFFFFFFFFFFFFFFFFD8000000CFFC5
:109D2000FFFFFFFFFFFFFFFFFFFFFFFFFFFFFFFF43
:109D3000FFFFFFFFFFFFFFFFFFFC00008FFFFFFFA4
:109D4000FFFFFFFFFFFFFFFFFFFFFFFFFFFFFFFF23
:109D5000FFFFFFFFFFFFFFFF8000DFFFFFFFFFFFB1
:109D6000FFFFFFFFFFFFFFFFFFFFFFFFFFFFFFFF03
:109D7000FFFFFFFFFFFFD000FFFFFFFFFFFFFFFF21
:109D8000FFFFFFFFFFFFFFFFFFFFFFFFFFFFFFFFE3
:109D9000FFFFFFFFF000FFFFFFFFFFFFFFFFFFFFE1
:109DA000FFFFFFFFFFFFFFFFFFFFFFFFFFFFFFFFC3
:109DB000FFFFF000FFFFFF000000000000000000B8
:109DC000000000000000000000000000000FFFFF86
:109DD000FFD3FFFFFF0000000000000000000000B4
:109DE00000000000000000000000000FFFFFFFFD6A
:109DF000FFFFFF0000000000000000000000000066
:109E00000000000000000000000FFFFFFFFFFFFF49
:109E1000FF000FFFFFFFFFFFF00000000000000049
:109E2000000000000000000FFFFFFFFFFFFFFF002A
:109E30000FFFFFFFFFFFF000000000000000000028
:109E400000000000000FFFFFFFFFFFFFFF000FFFFC
:109E5000FFFFFFFFF0000000000000000000000016
:109E60000000000FFFFFFFFFFFFFFF000FFFFFFFDE
:109E7000FFFFF000000000000000000000000000F4
:109E8000000000FFFFFFFFFFFF000FFFFFFFFFFFCE
:109E9000F0000000000000000000000000000000D2
:109EA00000FFFFFFFFFFFF000FFFFFFFFFFFF000BE
:109EB000000000000000000000000000000000FFA3
:109EC000FFFFFFFFFF000FFFFFFFFFFFF00000009D
:109ED00000000000000000000000000000FFFFFF85
:109EE000FFFFFF000FFFFFFFFFFFF000000000007B
:109EF0000000000000000000000000FFFFFFFFFF67
:109F0000FF000FFFFFFFFFFFF00000000000000058
:109F1000000000000000000000FFFFFFFFFFFF0047
:109F20000FFFFFFFFFFFF000000000000000000037
:109F300000000000000FFFFFFFFFFFFFFF000FFF0B
:109F4000FFFFFFFFF0000000000000000000000025
:109F50000000000FFFFFFFFFFFFFFF000FFFFFFFED
:109F6000FFFFF00000000000000000000000000003
:109F7000000FFFFFFFFFFFFFFF00000000000000D9
:109F80000000000000000000000000000000000FC2
:109F9000FFFFFFFFFFFFFF000000000000000000C8
:109FA000000000000000000000000000000FFFFFA4
:109FB000FFFDFFFFFF0000000000000000000000A8
:109FC00000000000000000000000000FFFFFFFD3B2
:109FD000FFFFFFFFFFFFFFFFFFFFFFFFFFFFFFFF91
:109FE000FFFFFFFFFFFFFFFFFFFFFFFFF000FFFF8F
:109FF000FFFFFFFFFFFFFFFFFFFFFFFFFFFFFFFF71
:10A00000FFFFFFFFFFFFFFFFFFFFF000DFFFFFFF8E
:10A01000FFFFFFFFFFFFFFFFFFFFFFFFFFFFFFFF50
:10A02000FFFFFFFFFFFFFFFFD0008FFFFFFFFFFFDE
:10A03000FFFFFFFFFFFFFFFFFFFFFFFFFFFFFFFF30
:10A04000FFFFFFFFFFFF80000CFFFFFFFFFFFFFF91
:10A05000FFFFFFFFFFFFFFFFFFFFFFFFFFFFFFFF10
:10A06000FFFFFFFC0000008DFFFFFFFFFFFFFFFF72
:10A07000FFFFFFFFFFFFFFFFFFFFFFFFFFFFFFFFF0
:10A08000FD800000008DFFFFFFFFFFFFFFFFFFFFD0
:10A09000FFFFFFFFFFFFFFFFFFFFFFFFFFFFFD8051
:10A0A00000000CFFFFFFFFFFFFFFFFFFFFFFFFFFB1
:10A0B000FFFFFFFFFFFFFFFFFFFFFFFFFFFC0000B1
:10A0C0008FFFFFFFFFFFFFFFFFFFFFFFFFFFFFFF10
:10A0D000FFFFFFFFFFFFFFFFFFFFFFFF8000DFFF2E
:10A0E000FFFFFFFFFFFFFFFFFFFFFFFFFFFFFFFF80
:10A0F000FFFFFFFFFFFFFFFFFFFFD000FFFFFFFF9E
:10A10000FFFFFFFFFFFFFFFFFFFFFFFFFFFFFFFF5F
:10A11000FFFFFFFFFFFFFFFFF000FFFFFFFFFFFF5D
:10A12000FFFFFFFFFFFFFFFFFFFFFFFFFFFFFFFF3F
:10A13000FFFFFFFFFFFFF000FFFFFF000000000038
:10A14000000000000000000000000000000000000F
:10A15000000FFFFFFFD3FFFFFF0000000000000023
:10A160000000000000000000000000000000000FE0
:10A17000FFFFFFFDFFFFFF000000000000000000E8
:10A18000000000000000000000000000000FFFFFC2
:10A19000FFFFFFFFFF0000000000000000000000C4
:10A1A00000000000000000000000000FFFFFFFFFA4
:10A1B000FFFFFF00000000000000000000000000A2
:10A1C0000000000000000000000FFFFFFFFFFFFF86
:10A1D000FF00000000000000000000000000000080
:10A1E000000000000000000FFFFFFFFFFFFFFF0067
:10A1F000000000000000000000000000000000005F
:10A2000000000000000000FFFFFFFFFFFF00000054
:10A21000000000000000000000000000000000003E
:10A220000000000000FFFFFFFFFFFF000000000034
:10A23000000000000000000000000000000000001E
:10A24000000000FFFFFFFFFFFF0000000000000014
:10A2500000000000000000000000000000000000FE
:10A2600000FFFFFFFFFFFF000000000000000000F4
:10A27000000000000000000000000000000000FFDF
:10A28000FFFFFFFFFF0000000000000000000000D3
:10A2900000000000000000000000000000FFFFFFC1
:10A2A000FFFFFF00000000000000000000000000B1
:10A2B0000000000000000000000FFFFFFFFFFFFF95
:10A2C000FF0000000000000000000000000000008F
:10A2D000000000000000000FFFFFFFFFFFFFFF0076
:10A2E000000000000000000000000000000000006E
:10A2F00000000000000FFFFFFFFFFFFFFF00000056
:10A30000000000000000000000000000000000004D
:10A310000000000FFFFFFFFFFFFFFF000000000035
:10A32000000000000000000000000000000000002D
:10A33000000FFFFFFFFDFFFFFF0000000000000017
:10A340000000000000000000000000000000000FFE
:10A35000FFFFFFD3FFFFFFFFFFFFFFFFFFFFFFFF39
:10A36000FFFFFFFFFFFFFFFFFFFFFFFFFFFFFFFFFD
:10A37000F000FFFFFFFFFFFFFFFFFFFFFFFFFFFFFB
:10A38000FFFFFFFFFFFFFFFFFFFFFFFFFFFFF000EB
:10A39000DFFFFFFFFFFFFFFFFFFFFFFFFFFFFFFFED
:10A3A000FFFFFFFFFFFFFFFFFFFFFFFFD0008FFF5B
:10A3B000FFFFFFFFFFFFFFFFFFFFFFFFFFFFFFFFAD
:10A3C000FFFFFFFFFFFFFFFFFFFF80000CFFFFFF0E
:10A3D000FFFFFFFFFFFFFFFFFFFFFFFFFFFFFFFF8D
:10A3E000FFFFFFFFFFFFFFFC0000008DFFFFFFFFEF
:10A3F000FFFFFFFFFFFFFFFFFFFFFFFFFFFFFFFF6D
:10A40000FFFFFFFFFD8000000000000000000000D3
:10A41000000000000000000000110000000000002B
:10A42000000000000000000000000000000000002C
:10A4300000000000000006DFFE70000000000000C9
:10A44000000000000000000000000000000000000C
:10A450000000000008FFFFFFB00000000000000047
:10A4600000000000000000000000000000000000EC
:10A47000000003FFFFFFFF7000000000000000006D
:10A48000000000000000000000000000000005BD0A
:10A49000DCEFFFFFFFFE00000000000000000000F6
:10A4A0000000000000000000000000001CFFFFFF93
:10A4B000FFFFFFFFF10000000000000000000000AF
:10A4C000000000000000000000000DFFFFFFFFFF84
:10A4D000FFFFFF000000000000000000000000007F
:10A4E000000000000000000009FFFE999CFFFFFF34
:10A4F000FFC000000000000000000000000000009D
:10A5000000000000000003FFFC00002FFFFFFFF42D
:10A51000000000000000000000000000000000003B
:10A520000000000000BFFF1000004FFFFFF7000019
:10A53000000000000000000000000000000000001B
:10A540000000003FFF8000000018CCA300000000C6
:10A5500000000000000000000000000000000000FB
:10A56000000AFFE000000000000000000000000002
:10A57000000000000000000015662000000000023E
:10A58000FFF80000000000000000000000000000D4
:10A590000000000000019FFFFFD3000000009FFFAC
:10A5A0001000000000000000000000000006600035
:10A5B00000000001DFFFFFFFF50000001FFF90001B
:10A5C000000000000000000000000000EFD30000C9
:10A5D0000000CFFFFFFFFFF3000009FFF2000000C3
:10A5E000000000000000000000000FFFF910000054
:10A5F0006FFFFFFFFFFFB00005FFF9000000000044
:10A60000000000000000000000FFFFFE60000CFFE3
:10A61000FFFFFFFFFF7679FFFF97777777777777F1
:10A62000777777777777777FFFFFFFC300FFFFFFAD
:10A63000FFFFFFFFFFFFFFFFFFFFFFFFFFFFFFFF2A
:10A64000FFFFFFFFFFFFFFFFFFFFF90FFFFFFFFF10
:10A65000FFFFFFFFFFFFFFFFFFFFFFFFFFFFFFFF0A
:10A66000FFFFFFFFFFFFFFFFFFF1DFFFFFFFFFFF28
:10A67000FEEEEEEEEEEFFFFFEEEEEEEEEEEEEEEEC7
:10A68000EEEEEEFFFFFFFFA109FFFFFFFFFFFE0061
:10A69000000000002EFFF20000000000000000009B
:10A6A000000FFFFFFD40001FFFFFFFFFFF700000D6
:10A6B0000000002FFFA000000000000000000000CC
:10A6C000FFFFF70000005FFFFFFFFFB0000000008A
:10A6D00000008FFF200000000000000000000FFFBE
:10A6E000A1000000005FFFFFFFA0000000000000CD
:10A6F00001EFF900000000000000000000CD400064
:10A700000000000017BDC930000000000000000874
:10A71000FFF1000000000000000000000000000049
:10A7200000000000000000000000000000001FFF0B
:10A730008000000000000000000000000000000099
:10A7400000000000000000000000000000AFFF104B
:10A750000001DEEEEEEED800000000000000000078
:10A76000000000000000000000000002FFFA0000EE
:10A770004FFFFFFFFFC000000000000000000000CE
:10A78000000000000000000000000AFFF60004FFC7
:10A79000FFFFFFFC000000000000000000000000C0
:10A7A0000000000000000000001DFFFA88AFFFFF5E
:10A7B000FFFFC000000000000000000000000000DB
:10A7C00000000000000000003FFFFFFFFFFFFFFF51
:10A7D000FC0000000000000000000000000000007D
:10A7E000000000000000003EFFFFFFFFFFFFFFC072
:10A7F0000000000000000000000000000000000059
:10A8000000000000000017BCCDFFFFFFFFFC0000B0
:10A810000000000000000000000000000000000038
:10A82000000000000000004FFFFFFFFFC00000001D
:10A830000000000000000000000000000000000018
:10A84000000000000004FFFFFFFFFC00000000000C
:10A8500000000000000000000000000000000000F8
:10A86000000000002FFFFFFFFFB00000000000000D
:10A8700000000000000000000000000000000000D8
:10A880000000001222222220000000000000000030
:10A89000000000000048BDEFFFECA7300000000002
:10A8A000000000000003AFFFFFFFFFFFFFFE81007D
:10A8B00000000000000001AFFFFFFFFFFFFFFFFFF0
:10A8C000FE600000000000003EFFFFFFFFEEFFFF04
:10A8D000FFFFFFFA000000000005FFFFFFFFFFE29F
:10A8E000EFFFFFFFFFFFB0000000003FFFFFFFFF93
:10A8F000FFE03FFFFFFFFFFFF900000001EFFFFF58
:10A90000FFFFFFE004FFFFFFFFFFFF5000000AFF13
:10A91000FFFFFFFFFFE0005FFFFFFFFFFFE0000022
:10A920002FFFFFFFFFFFFFE00006FFFFFFFFFFF627
:10A9300000009FFFFFFFFFFFFFE000007FFFFFFF22
:10A94000FFFD0000FFFFFFFFFFFFFFE0000008FF2B
:10A95000FFFFFFFF3005FFFFFFFFFFFFFFE00000ED
:10A96000009FFFFFFFFF800AFFFFFFFFFFFFFFE0E9
:10A970000071000AFFFFFFFFC00EFFFFFFF8AFFFEF
:10A98000FFE000AC1000BFFFFFFFF01FFFFFFF80E4
:10A990000AFFFFE000AFD1000CFFFFFFF34FFFFF06
:10A9A000FA0000AFFFE0009FFD1001DFFFFFF67F20
:10A9B000FFFFFF50000AFFE0009FFE1000CFFFFFE7
:10A9C000F89FFFFFFFF500009FE0009FE2000BFFF4
:10A9D000FFFFFABFFFFFFFFF500009E0009E2000CD
:10A9E0009FFFFFFFFBCFFFFFFFFFF500007000722E
:10A9F0000008FFFFFFFFFDEFFFFFFFFFFF4000002C
:10AA00000000006FFFFFFFFFFEEFFFFFFFFFFFF4FF
:10AA10000000000005FFFFFFFFFFFEFFFFFFFFFF3D
:10AA2000FFFF400000003FFFFFFFFFFFFFFFFFFFB2
:10AA3000FFFFFFFFF4000002EFFFFFFFFFFFFFFF3C
:10AA4000FFFFFFFFFFFFFD000008FFFFFFFFFFFF0D
:10AA5000FFFFFFFFFFFFFFFFD1000000AFFFFFFF81
:10AA6000FFFFFFFFFFFFFFFFFFFD100000000BFFD8
:10AA7000FFFFFFFFFFEFFFFFFFFFFFD10000000020
:10AA800000CFFFFFFFFFFEDFFFFFFFFFFD10000015
:10AA90000010001DFFFFFFFFFECFFFFFFFFFD100F3
:10AAA00001B000850001DFFFFFFFFDAFFFFFFFFDED
:10AAB00010001DE0009F50001EFFFFFFFB8FFFFFF7
:10AAC000FFD10001DFE0009FF40002EFFFFFFA6F0B
:10AAD000FFFFFD10001DFFE0009FFF20004FFFFF64
:10AAE000F83FFFFFFD1002EFFFE0009FF80001DFDD
:10AAF000FFFFF50FFFFFFFD12EFFFFF000AF80003B
:10AB00001DFFFFFFF30CFFFFFFFDEFFFFFF000A8AD
:10AB10000001CFFFFFFFF008FFFFFFFFFFFFFFF087
:10AB20000030001CFFFFFFFFB002FFFFFFFFFFFF31
:10AB3000FFF0000001CFFFFFFFFF6000CFFFFFFF2E
:10AB4000FFFFFFF000001CFFFFFFFFFF10005FFF93
:10AB5000FFFFFFFFFFF00000CFFFFFFFFFF9000046
:10AB60000DFFFFFFFFFFFFF0000CFFFFFFFFFFF2F5
:10AB7000000003FFFFFFFFFFFFF000CFFFFFFFFF1D
:10AB8000FF900000006FFFFFFFFFFFF00CFFFFFFD3
:10AB9000FFFFFD0000000007FFFFFFFFFFF1CFFFF9
:10ABA000FFFFFFFFF300000000005FFFFFFFFFFC5F
:10ABB000FFFFFFFFFFFF40000000000002BFFFFF9C
:10ABC000FFFFFFFFFFFFFFC20000000000000004C6
:10ABD000BFFFFFFFFFFFFFFFB40000000000000009
:10ABE00000000158BDEFFFEDB9510000000000006A
:10ABF000000000000000AFFFFFFFFFFFFA000000B1
:10AC00000000000000000000000008FFFFFFFFFF41
:10AC1000FFFF800000000000000000000000001F97
:10AC2000FFFFFFFFFFFFFFF10000000000008FFFAC
:10AC3000FFFFFFFFFFFFFFFFFFFFFFFFFFFFFFFF24
:10AC4000FFFFF8FFFFFFFFFFFFFFFFFFFFFFFFFF1B
:10AC5000FFFFFFFFFFFFFFFFFFFFFFFFFFFFFFFF04
:10AC6000FFFFFFFFFFFFFFFFFFFFFFFFFFFFFFFFF4
:10AC7000FFFFFFFFFFFFFFFFFFFFFFFFFFFFFFFFE4
:10AC8000FFFFFFFFFFFFFFFFFFFFFFFFFFFFFFFFD4
:10AC9000FFFFFFFFFFFFFF8FFFFFFFFFFFFFFFFF34
:10ACA000FFFFFFFFFFFFFFFFFFFFFFF800000000B7
:10ACB0000000000000000000000000000000000094
:10ACC0000000000000000000000000000000000084
:10ACD0000000000000000000000000000000000074
:10ACE0000000000000000000000000000FFFFFFF58
:10ACF000FFFFFFFFFFFFFFFFFFFFFFFFFFFFF00072
:10AD0000000FFFFFFFFFFFFFFFFFFFFFFFFFFFFF42
:10AD1000FFFFFFF000000FFFFFFFFFFFFFFFFFFF40
:10AD2000FFFFFFFFFFFFFFFFF000000FFFFFFFFF30
:10AD3000FFFFFFFFFFFFFFFFFFFFFFFFFFF0000030
:10AD40000FFFFFFFFFFFFFFFFFFFFFFFFFFFFFFF03
:10AD5000FFFFF000000FFFFFFFFFFFFFFFFFFFFF00
:10AD6000FFFFFFFFFFFFFFF000000FFFFFFFD22DEF
:10AD7000FFFFFD22DFFFFFD22DFFFFFFF000000FDE
:10AD8000FFFFFF8008FFFFF8008FFFFF8008FFFF35
:10AD9000FFF000000FFFFFFF8008FFFFF8008FFFAC
:10ADA000FF8008FFFFFFF000000FFFFFFF8008FF9C
:10ADB000FFF8008FFFFF8008FFFFFFF000000FFF8C
:10ADC000FFFF8008FFFFF8008FFFFF8008FFFFFFF5
:10ADD000F000000FFFFFFF8008FFFFF8008FFFFF6C
:10ADE0008008FFFFFFF000000FFFFFFF8008FFFF5C
:10ADF000F8008FFFFF8008FFFFFFF000000FFFFF4C
:10AE0000FF8008FFFFF8008FFFFF8008FFFFFFF0C3
:10AE100000000FFFFFFF8008FFFFF8008FFFFF809B
:10AE200008FFFFFFF000000FFFFFFF8008FFFFF8A3
:10AE3000008FFFFF8008FFFFFFF000000FFFFFFF04
:10AE40008008FFFFF8008FFFFF8008FFFFFFF00082
:10AE5000000FFFFFFF8008FFFFF8008FFFFF800853
:10AE6000FFFFFFF000000FFFFFFF8008FFFFF8006B
:10AE70008FFFFF8008FFFFFFF000000FFFFFFF8044
:10AE800008FFFFF8008FFFFF8008FFFFFFF00000C2
:10AE90000FFFFFFF8008FFFFF8008FFFFF8008FF14
:10AEA000FFFFF000000FFFFFFF8008FFFFF8008F9B
:10AEB000FFFF8008FFFFFFF000000FFFFFFF80088B
:10AEC000FFFFF8008FFFFF8008FFFFFFF000000F7B
:10AED000FFFFFF8008FFFFF8008FFFFF8008FFFFE4
:10AEE000FFF000000FFFFFFF8008FFFFF8008FFF5B
:10AEF000FF8008FFFFFFF000000FFFFFFF8008FF4B
:10AF0000FFF8008FFFFF8008FFFFFFF000000FFF3A
:10AF1000FFFF8008FFFFF8008FFFFF8008FFFFFFA3
:10AF2000F000000FFFFFFF8008FFFFF8008FFFFF1A
:10AF30008008FFFFFFF000000FFFFFFF8008FFFF0A
:10AF4000F8008FFFFF8008FFFFFFF000000FFFFFFA
:10AF5000FFD22DFFFFFD22DFFFFFD22DFFFFFFF00D
:10AF600000000FFFFFFFFFFFFFFFFFFFFFFFFFFFDF
:10AF7000FFFFFFFFF000000FFFFFFFFFFFFFFFFFDE
:10AF8000FFFFFFFFFFFFFFFFFFF000000DFFFFFFD0
:10AF9000FFFFFFFFFFFFFFFFFFFFFFFFFFFFD000EF
:10AFA0000008FFFFFFFFFFFFFFFFFFFFFFFFFFFFA7
:10AFB000FFFFFF80000000CFFFFFFFFFFFFFFFFF4D
:10AFC000FFFFFFFFFFFFFFFC0000000008DFFFFFA7
:10AFD000FFFFFFFFFFFFFFFFFFFFFFFD80000000FF
:10AFE0000000000000000000000000000000000061
:10AFF000004CFFA200000000000000000000000064
:10B000000000000000000000007FFFFFF4000000CF
:10B010000000000000000000000000000000000030
:10B02000008FFFFFFFF400000000000000000000A0
:10B030000000000000000000008FFFFFFFFFF40091
:10B040000000000000000000000000000000000000
:10B05000008FFFFFFFFFFFF4000000000000000072
:10B060000000000000000000008FFFFFFFFFFFFF57
:10B07000F4000000000000000000000000000000DC
:10B08000006FFFFFFFFFFFFFFFF400000000000064
:10B0900000000000000000000000CFFFFFFFFFFFE6
:10B0A000FFFFF200000000000000000000000000B0
:10B0B000001000CFFFFFFFFFFFFFFFA00000000018
:10B0C0000000000000000000008E2000CFFFFFFF06
:10B0D000FFFFFFFF00000000000000000000000074
:10B0E000008FFE2000CFFFFFFFFFFFFFF0000000FA
:10B0F0000000000000000000008FFFFE2000CFFFD6
:10B10000FFFFFFFFFC000000000000000000000047
:10B11000008FFFFFFE2000CFFFFFFFFFFF4000007A
:10B120000000000000000000008FFFFFFFFE200075
:10B13000CFFFFFFFFF7000000000000000000000D4
:10B14000008FFFFFFFFFFE2000CFFFFFFF8000000A
:10B150000000000000000000008FFFFFFFFFFFFE67
:10B160002000CFFFFF800000000000000000000072
:10B17000008FFFFFFFFFFFFFFE2000CFFF800000DA
:10B180000000000000000000008FFFFFFFFFFFFF36
:10B19000FFFE2000CF800000000000000000000043
:10B1A000008FFFFFFFFFFFFFFFFFFE20006000009A
:10B1B0000000000000000000008FFFFFFFFFFFFF06
:10B1C000FFFFFFFE20000000000000000000000064
:10B1D000008FFFFFFFFFFFFFFFFFFFFFFE100000DC
:10B1E0000000000000000000008FFFFFFFFFFFFFD6
:10B1F000FFFFFFFFFF8000000000000000000000D4
:10B20000008FFFFFFFFFFFFFFFFFFFFFFF8000003A
:10B210000000000000000000008FFFFFFFFFFFFFA5
:10B22000FFFFFFFFFF8000000000000000000000A3
:10B23000008FFFFFFFFFFFFFFFFFFFFFFF8000000A
:10B240000000000000000000008FFFFFFFFFFFFF75
:10B25000FFFFFFFFFF800000000000000000000073
:10B26000008FFFFFFFFFFFFFFFFFFFFFFF800000DA
:10B270000000000000000000008FFFFFFFFFFFFF45
:10B28000FFFFFFFFFF800000000000000000000043
:10B29000008FFFFFFFFFFFFFFFFFFFFFFF800000AA
:10B2A0000000000000000000008FFFFFFFFFFFFF15
:10B2B000FFFFFFFFFF800000000000000000000013
:10B2C000008FFFFFFFFFFFFFFFFFFFFFFF8000007A
:10B2D0000000000000000000008FFFFFFFFFFFFFE5
:10B2E000FFFFFFFFFF8000000000000000000000E3
:10B2F000008FFFFFFFFFFFFFFFFFFFFFFF8000004A
:10B300000000000000000000008FFFFFFFFFFFFFB4
:10B31000FFFFFFFFFF8000000000000000000000B2
:10B32000007FFFFFFFFFFFFFFFFFFFFFFF80000029
:10B330000000000000000000000DFFFFFFFFFFFF06
:10B34000FFFFFFFFFF800000000000000000000082
:10B350000000FFFFFFFFFFFFFFFFFFFFFF80000078
:10B36000000000000000000000001FFFFFFFFFFFC3
:10B37000FFFFFFFFFF800000000000000000000052
:10B38000000003FFFFFFFFFFFFFFFFFFFF80000044
:10B3900000000000000000000000005FFFFFFFFF52
:10B3A000FFFFFFFFFF800000000000000000000022
:10B3B00000000006FFFFFFFFFFFFFFFFFF80000010
:10B3C0000000000000000000000000008FFFFFFFF1
:10B3D000FFFFFFFFFF8000000000000000000000F2
:10B3E000000000000AFFFFFFFFFFFFFFFF800000DB
:10B3F00000000000000000000000000000CFFFFF80
:10B40000FFFFFFFFFF8000000000000000000000C1
:10B4100000000000000EFFFFFFFFFFFFFF800000A5
:10B420000000000000000000000000000000FFFF1E
:10B43000FFFFFFFFFF800000000000000000000091
:10B440000000000000000DFFFFFFFFFFFD70000087
:10B450000000000000000000000000000000003DAF
:10B46000FECA86531000000000000000000000002B
:10B4700000000000000000000000000000000000CC
:10B4800000000000000000000000000000000000BC
:10B4900000000000000000004BEFFFFFFFFFFFFF78
:10B4A000FFFFFFFFFFFFFFFFFFFFFFFC700000003B
:10B4B00000000000000AFFFFFFFFFFFFFFFFFFFF8C
:10B4C000FFFFFFFFFFFFFFFFFFFFFD200000000069
:10B4D000000000BFFFFFFFFFFFFFFFFFFFFFFFFFB9
:10B4E000FFFFFFFFFFFFFFFFFFD000000000000095
:10B4F0000BFFFFFFFFFFFFFFFFFFFFFFFFFFFFFF50
:10B50000FFFFFFFFFFFFFFF7000000000000BFFF8D
:10B51000FFFFFFFFFFFFFFFFFFFFFFFFFFFFFFFF3B
:10B52000FFFFFFFFFFFC00000000000BFFFFFFFF1D
:10B53000FFFFFFFFFFFFFFFFFFFFFFFFFFFFFFFF1B
:10B54000FFFFFFFF0000000000BFFFFFFFFFFFFF46
:10B55000FFFFFFFFFFFFFFFFFFFFFFFFFFFFFFFFFB
:10B56000FFFF000000000BFFFFFFFFFFFFFFFFFFDB
:10B57000A8FFFFFFFFFFFF8AFFFFFFFFFFFFFFFFA7
:10B5800000000000BFFFFFFFFFFFFFFFFFF8004FBD
:10B59000FFFFFFFFF4008FFFFFFFFFFFFFFF000033
:10B5A000000BFFFFFFFFFFFFFFFFFF800004FFFF17
:10B5B000FFFF400008FFFFFFFFFFFFFF000000BF8D
:10B5C000FFFFFFFFFFFFFFFFFA0000004FFFFFF448
:10B5D000000000AFFFFFFFFFFFFF00000BFFFFFFBA
:10B5E000FFFFFFFFFFFFF800000004FFFF40000027
:10B5F000008FFFFFFFFFFFFF0000BFFFFFFFFFFF08
:10B60000FFFFFFFFFF400000004FF400000004FFB9
:10B61000FFFFFFFFFFFF000CFFFFFFFFFFFFFFFF2C
:10B62000FFFFFFF400000004400000004FFFFFFF99
:10B63000FFFFFFFF00CFFFFFFFFFFFFFFFFFFFFF49
:10B64000FFFF4000000000000004FFFFFFFFFFFFBE
:10B65000FFFF0CFFFFFFFFFFFFFFFFFFFFFFFFFFED
:10B66000F40000000000004FFFFFFFFFFFFFFFFF9F
:10B670009FFFFFFFFFFFFFFFFFFFFFFFFFFFFF40F9
:10B680000000000004FFFFFFFFFFFFFFFFFFEFFFD1
:10B69000FFFFFFFFFFFFFFFFFFFFFFFFFFF40000C3
:10B6A00000004FFFFFFFFFFFFFFFFFFFEFFFFFFF68
:10B6B000FFFFFFFFFFFFFFFFFFFFFFF400000000A1
:10B6C0004FFFFFFFFFFFFFFFFFFF9FFFFFFFFFFF9A
:10B6D000FFFFFFFFFFFFFFFFFF400000000004FF30
:10B6E000FFFFFFFFFFFFFFFF0CFFFFFFFFFFFFFF5D
:10B6F000FFFFFFFFFFFFF40000000000004FFFFF0F
:10B70000FFFFFFFFFFFF00CFFFFFFFFFFFFFFFFF78
:10B71000FFFFFFFF4000000000000004FFFFFFFFED
:10B72000FFFFFFFF000CFFFFFFFFFFFFFFFFFFFF1B
:10B73000FFF400000004400000004FFFFFFFFFFF88
:10B74000FFFF0000CFFFFFFFFFFFFFFFFFFFFF40F6
:10B750000000004FF400000004FFFFFFFFFFFFFFA9
:10B7600000000BFFFFFFFFFFFFFFFFFFF8000000DF
:10B7700004FFFF400000008FFFFFFFFFFFFF0000FE
:10B7800000BFFFFFFFFFFFFFFFFFFA0000004FFFBA
:10B79000FFF4000000AFFFFFFFFFFFFF0000000B02
:10B7A000FFFFFFFFFFFFFFFFFF800004FFFFFFFF22
:10B7B000400008FFFFFFFFFFFFFF00000000BFFF8A
:10B7C000FFFFFFFFFFFFFFF8004FFFFFFFFFF40049
:10B7D0008FFFFFFFFFFFFFFF000000000BFFFFFFD9
:10B7E000FFFFFFFFFFFFA8FFFFFFFFFFFF8AFFFF35
:10B7F000FFFFFFFFFFFF0000000000BFFFFFFFFF94
:10B80000FFFFFFFFFFFFFFFFFFFFFFFFFFFFFFFF48
:10B81000FFFFFFFF00000000000BFFFFFFFFFFFF27
:10B82000FFFFFFFFFFFFFFFFFFFFFFFFFFFFFFFF28
:10B83000FFFF000000000000BFFFFFFFFFFFFFFF52
:10B84000FFFFFFFFFFFFFFFFFFFFFFFFFFFFFFFC0B
:10B850000000000000000BFFFFFFFFFFFFFFFFFFE6
:10B86000FFFFFFFFFFFFFFFFFFFFFFFFFFF70000EE
:10B870000000000000BFFFFFFFFFFFFFFFFFFFFF13
:10B88000FFFFFFFFFFFFFFFFFFFFFFD000000000F3
:10B890000000000AFFFFFFFFFFFFFFFFFFFFFFFFAA
:10B8A000FFFFFFFFFFFFFFFFFD2000000000000083
:10B8B00000004BEFFFFFFFFFFFFFFFFFFFFFFFFF5A
:10B8C000FFFFFFFFFFFC7000000000000008FFFF0B
:10B8D000FFFFFFFFFFFFFFFC600000000000008F84
:10B8E000FFFFFFFFFFFFFFFFFFFFFC100000000056
:10B8F00008FFFFFFFFFFFFFFFFFFFFFFFFC000008C
:10B9000000008FFFFFFFFFFFFFFFFFFFFFFFFFF6BE
:10B9100000000008FFFFFFFFFFFFFFFFFFFFFFFF2B
:10B92000FFFC0000008FFFFFFFFFFFFFFFFFFFFF97
:10B93000FFFFFFFF000008FFFF80000FFF0000BFB8
:10B94000F40000FFFFFF00008FFFFF80000FFF00EB
:10B9500000BFF40000FFFFFF0008FFFFFF80000FA3
:10B96000FF0000BFF40000FFFFFF008FFFFFFF801C
:10B97000000FFF0000BFF40000FFFFFF08FFFFFF04
:10B98000FF80000FFF0000BFF40000FFFFFF8FFFEC
:10B99000FFFFFF80000FFF0000BFF40000FFFFFF6C
:10B9A000FFFFFFFFFF80000FFF0000BFF40000FF5C
:10B9B000FFFFFFFFFFFFFF80000FFF0000BFF4004D
:10B9C00000FFFFFFFFFFFFFFFF80000FFF0000BF32
:10B9D000F40000FFFFFFFFFFFFFFFFFFFFFFFFFF80
:10B9E000FFFFFFFFFFFFFFFFFFFFFFFFFFFFFFFF67
:10B9F000FFFFFFFFFFFFFFFFFFFFFFFFFFFFFFFF57
:10BA0000FFFFFFFFFFFFFFFFFFFFFFFFFFFFFFFF46
:10BA1000FFFFFFFFFFFFFFFFFFFFFFFFFFFFFFFF36
:10BA2000FFFFFFFFFFFFFFFFFFFFFFFFFFFFFFFF26
:10BA3000FFFFFFFFFFFFFFFFFFFFFFFFFFFFFFFF16
:10BA4000FFFFFFFFFFFFFFFFFFFFFFFFFFFFFFFF06
:10BA5000FFFFFFFFFFFFFFFFFFFFFFFFFFFFFFFFF6
:10BA6000FFFFFFFFFFFFFFFFFFFFFFFFFFFFFFFFE6
:10BA7000FFFFFFFFFFFFFFFFFFFFFFFFFFFFFFFFD6
:10BA8000FFFFFFFFFFFFFFFFFFFFFFFFFFFFFFFFC6
:10BA9000FFFFFFFFFFFFFFFFFFFFFFFFFFFFFFFFB6
:10BAA000FFFFFFFFFFFFFFFFFFFFFFFFFFFFFFFFA6
:10BAB000FFFFFFFFFFFFFFFFFFFFFFFFFFFFFFFF96
:10BAC000FFFFFFFFFFFFFFFFFFFFFFFFFFFFFFFF86
:10BAD000FFFFFFFFFFFFFFFFFFFFFFFFFFFFFFFF76
:10BAE000FFFFFFFFFFFFFFFFFFFFFFFFFFFFFFFF66
:10BAF000FFFFFFFFFFFFFFFFFFFFFFFFFFFFFFFF56
:10BB0000FFFFFFFFFFFFFFFFFFFFFFFFFFFFFFFF45
:10BB1000FFFFFFFFFFFFFFFFFFFFFFFFFFFFFFFF35
:10BB2000FFFFFFFFFFFFFFFFFFFFFFFFFFFFFFFF25
:10BB3000FFFFFFFFFFFFFFFFFFFFFFFFFFFFFFFF15
:10BB4000FFFFFFFFFFFFFFFFFFFFFFFFFFFFFFFF05
:10BB5000FFFFFFFFFFFFFFFFFFFFFFFFFFFFFFFFF5
:10BB6000FFFFFFFFFFFFFFFFFFFFFFFFFFFFFFFFE5
:10BB7000FFFFFFFFFFFFFFFFFFFFFFFFFFFFFFFFD5
:10BB8000FFFFFFFFFFFFFFFFFFFFFFFFFFFFFFFFC5
:10BB9000FFFFFFFFFFFFFFFFFFFFFFFFFFFFFFFFB5
:10BBA000FFFFFFFFFFFFFFFFFFFFFFFFFFFFFFFFA5
:10BBB000FFFFFFFFFFFFFFFFFFFFFFFFFFFFFFFF95
:10BBC000FFFFFFFFFFFFFFFFFFFFFFFFFFFFCFFFB5
:10BBD000FFFFFFFFFFFFFFFFFFFFFFFFFFFFFFFC78
:10BBE0006FFFFFFFFFFFFFFFFFFFFFFFFFFFFFFFF5
:10BBF000FFF60CFFFFFFFFFFFFFFFFFFFFFFFFFF51
:10BC0000FFFFFFC001CFFFFFFFFFFFFFFFFFFFFFB1
:10BC1000FFFFFFFFFC100006CFFFFFFFFFFFFFFF4E
:10BC2000FFFFFFFFFFFC60000000000000000000BD
:10BC30000000000000000000000000000000000004
:10BC400000000000000000000000000000000000F4
:10BC5000000000000000001CB00000000000000018
:10BC60000000000000000000000000000000001DB7
:10BC7000FF100000000000000000000000000000B5
:10BC8000000000000000001DFFF1000000000000A7
:10BC90000000000000000000000000000000001D87
:10BCA000FFFF100000000000000000000000000086
:10BCB000000000000000001DFFFFF1000000000078
:10BCC0000000000000000000000000000000001D57
:10BCD000FFFFFF1000000000008FD40000000000F4
:10BCE0000000000000000006FFFFFFF10000000060
:10BCF00000AFFFE0000000000000000000000000B6
:10BD00006FFFFFFF1000000000BFFFFF10000000EA
:10BD1000000000000000000006FFFFFFF10000002F
:10BD200001CFFFFFF1000000000000000000000054
:10BD3000006FFFFFFF10000001DFFFFFFF1000009A
:10BD400000000000000000000006FFFFFFF10000FF
:10BD500002DFFFFFFFF10000000000000000000014
:10BD600000006FFFFFFF100002EFFFFFFFFF10005A
:10BD70000000000000000000000006FFFFFFF100CF
:10BD800003EFFFFFFFFFF1000000000000000000D4
:10BD90000000006FFFFFFF1004FFFFFFFFFFFFCC5D
:10BDA000CCCCCCCCCCCCCCCCCCCCCCCDFFFFFFF114
:10BDB00005FFFFFFFFFFFFFFFFFFFFFFFFFFFFFF8D
:10BDC000FFFFFFFFFFFFFFFF14FFFFFFFFFFFFFF6E
:10BDD000FFFFFFFFFFFFFFFFFFFFFFFFFFFFFFFF73
:10BDE000F1DFFFFFFFFFFFFFFFFFFFFFFFFFFFFF91
:10BDF000FFFFFFFFFFFFFFFFFF1DFFFFFFFFFFFF35
:10BE0000FFFFFFFFFFFFFFFFFFFFFFFFFFFFFFFF42
:10BE1000FFF14FFFFFFFFFFFFFFFFFFFFFFFFFFFF0
:10BE2000FFFFFFFFFFFFFFFFFFFF005FFFFFFFFFC1
:10BE3000FFFFFFFFFFFFFFFFFFFFFFFFFFFFFFFF12
:10BE4000FFFFC0004FFFFFFFFFFFFCCCCCCCCCCCF2
:10BE5000CCCCCCCCCCCCCCCCCCCB9100003EFFFF1E
:10BE6000FFFFFF10000000000000000000000000C5
:10BE70000000000000002EFFFFFFFFF100000000A7
:10BE80000000000000000000000000000000002D85
:10BE9000FFFFFFFF10000000000000000000000096
:10BEA00000000000000000001DFFFFFFF100000087
:10BEB0000000000000000000000000000000000082
:10BEC000001CFFFFFF100000000000000000000049
:10BED000000000000000000000000BFFFFF1000068
:10BEE0000000000000000000000000000000000052
:10BEF0000000000AFFFE000000000000000000003B
:10BF000000000000000000000000000008FD4000EC
:10BF10000000000000000000000000000000000021
:10BF200000000000000000000000F00C0000000015
:10BF30000000E00C072203007700C0120D0E03146E
:10BF4000D200C02120220100F202D01D1B2E01FAD6
:10BF50005F05702826220100E507F0201F2302FF5D
:10BF6000040A100A050E0314270A30100B2D04F7DB
:10BF70001F0B40100B2D01F7170C3013131300117A
:10BF8000CC0CF01B16160306BE0DE00A070E02F9D4
:10BF9000EF0D60120E05020B120EE00A07070200F9
:10BFA0002B0EE010152EFEFB0E1000201C220200AE
:10BFB000EA11C0110D220000C712901B1A220000C6
:10BFC0008114701B1A2200003B1620201F22010042
:10BFD0004A18901B1A220000041AA01D1B220200FE
:10BFE000CF1BB01C1A220100891DF01E1B2202006B
:10BFF000541FA01D1B2201001F21E00A071A020086
:10C000007A21E00A072102F9EE21F01B1616030639
:10C01000E022F01B160F03098523F01B16160306FA
:10C020007724801B192200002026A0312E2B02F736
:10C03000FD2920232522FF00722C50241D220500FB
:10C040005F2EB0221F2202006E30A02721220500A1
:10C050009F323020192205004834801E1822050026
:10C06000E035102520220200003800271D2205009F
:10C07000ED39E00E05220500423AA0181522FF0016
:10C08000A73B80221E220500A53D801C182205002A
:10C090003D3FD02D24220500A14100271D2205008F
:10C0A0008E435028252202000346A0221C220500B0
:10C0B000DF475028262902F9EA4AE0221C2205001F
:10C0C000C64CD01D1B220100914E301C1C220000CA
:10C0D0006D50F0251E2204006B5230222422FF00F6
:10C0E000CF54103634220100435850202022000043
:10C0F000635A101F2122FF00945C901F1D22020032
:10C10000815E00100B2D05F7795FE010152EFEFB08
:10C110005C6100100B2D00F75462001C161403071D
:10C1200030630018180400FD6063D01C0D07051D66
:10C130008E63B01C171A0200B964C0201B240400CF
:10C140009F66701B181A0200D767C0201B240200CC
:10C15000BD69601D1A1A02000F6BF0101324000055
:10C16000656C20211B2302F73E6EB02019240400C9
:10C170000070600D072503008270A00D102EFBF7E4
:10C18000F271901D1A240400C673600D052404008A
:10C190002074C0322B1A04004F76B020191A040004
:10C1A0009477801E1B1A0200F378C0201B2304F72B
:10C1B000CC7AC0201B2302F7A57CB0130F1A040011
:10C1C000687D1018161A0100867EE0131320000007
:10C1D000B67F8020191A0400FB80D01A1C1AFF00B9
:10C1E0006782202B2B1A00009684801A1A1A0000EE
:10C1F000E885D01A1D23FEF7E4870019171A0100FD
:10C200000F89E0100E2D02F74A8A600E052D05F702
:10C21000BB8AE0100F2D00F70D8CF01B1809020DE2
:10C22000798C201410100213F98C100F09090309DE
:10C23000228D0030303100FABA91003030240000F5
:10C240001A950030302A00FD0A9900303024000091
:10C250006A9C0021212200019B9E0030303000FAB0
:10C260001BA300302E3001FA6BA70036362A00FDE2
:10C27000D9AB0030303000FA59B000363624000017
:10C2800025B40030303000FAA5B80018182600FF99
:10C290006DBA0024242600FF19BD0036362E00FB9F
:10C2A000F3C100303024000053C50021213000FAD2
:10C2B0006BC8002A1E2C06FCFFCA002A2A3200F98D
:10C2C00019CF002A2A2B00FDA0D2002A2A2A00FD1D
:10C2D00012D6002A1E2C06FCA6D8002A2C2AFFFD06
:10C2E00042DC001E1A2A02FD64DE001E1A2A02FD2C
:10C2F00086E0002A2A2A00FDF8E3002A2A0A000D17
:10C30000CAE400363624000096E8003C3C3000FACF
:10C3100036EE00363830FFFA76F30030302C00FC71
:10C3200096F7002A2A1A0005B8F9002A2A1A0005E9
:10C33000DAFB003C3C2600FF4E00013030240000B8
:10C34000AE030130303000FA2E0801303131FFFAEF
:10C35000DF0C012A2B2A00FD6610012A2A3000FA80
:10C360005614012A2A2A00FDC817012A2A2600FF8E
:10C37000E61A013030240000461E011E2030FFFA6C
:10C380004621012A2A3000FA3625012A2A3000FAED
:10C390002629013636240000F22C01303232FFF912
:10C3A000D4310124243000FA3435013C3C2C00FD0A
:10C3B0005C3A013C3C1E0003E03D013C3C1E000396
:10C3C0006441013C3C1E0003E844013C3C1E000368
:10C3D0006C48013C3C1E0003F04B013C3D2600FF35
:10C3E0007750012A243003FAD753012A2A3000FA61
:10C3F000C75701303131FFF9785C013C3C24000023
:10C40000B0600124243000FA10645130311F000361
:10C410000000721F51EF58EF5BEF5CEF5DEF61EFD3
:10C4200063EF65EF69EF6CEF71EF76EF77EF78EF21
:10C430008EEF93EF98EF9BEF9CEF9DEFA1EFA2EFB4
:10C44000A3EFA4EFB7EFB8EFBEEFC0EFC1EFC4EFBB
:10C45000C7EFC8EFC9EFCBEFE3EFE5EF14F015F04E
:10C4600017F019F030F037F03AF043F06CF074F058
:10C47000ABF03BF190F191F192F193F194F1D7F19E
:10C48000E3F13DF254F2AAF412F7F2F720000000B3
:10C490005F0001000000000000000000000002003A
:10C4A000B0000000F3F7600010C4040800000000B2
:10C4B0003E00030000000102000304050206070815
:10C4C000090A090A0B0C000D0E0F101112130C149F
:10C4D000140000001516171819161A1B1C1D1D1E16
:10C4E0001F201D1D1621222303241E252526272853
:10C4F000292A2B002C002D2E2F303132332D3434AD
:10C5000035302D2D2E2E36373839333A3A3B3A3CDA
:10C51000290000093D0900000000000000000000A3
:10C52000000000000000000000000000000000000B
:10C5300000000000000000000000000000000000FB
:10C5400000000000000000000000000000000000EB
:10C550000000000001020003040502060708090AA2
:10C56000090A0B0C0D0E0F10110C121314151500E7
:10C57000000016171819171919191719191A191966
:10C58000191917191719031B1C1D1D1E1F20212205
:10C5900023002400252627272700272628292626AA
:10C5A0002A2A272A272A2B2C2D2E2E2F2E30000028
:10C5B0002309310900000000000000000000000015
:10C5C000000000000000000000000000000000006B
:10C5D000000000000000000000000000000000005B
:10C5E000000000000000000000000000000000004B
:10C5F000000200000000000000020000080000002F
:10C600000005000000000000000000000000000025
:10C610000000020000000000000000000000000018
:10C620000002230015EF00000000D6D20524110DF2
:10C63000E1052602200819000000000000000000AB
:10C6400000002E06FB0000000000000000000000BB
:10C65000000F00E90000000000F10D0F0000F800DD
:10C66000FB0800F800F8FCF100000000F80000F6FC
:10C67000F40000F800F1000000000000000000F8E5
:10C68000F800F400EB00A30000F1000F170100F127
:10C690000808190FF30F0000D4000000000000008C
:10C6A00000000000E40000000000000000000000A6
:10C6B000000000EBF7DA00E1FB00000000021E00C2
:10C6C000E9FAFE0200F30000FBC7000000000000D2
:10C6D0000000000000C3FA1D000000000000000080
:10C6E00000000000E1000000000000000000001950
:10C6F00000080000F1000000000000000000000041
:10C700000000000000001D06020000000000000004
:10C710000000000000000000000000000000000019
:10C720000000000000000000000000000000000009
:10C73000E400000000000000000000000000000015
:10C7400000000000000000050F0817F800000FF8B7
:10C75000E79705150F02F6001C0019001900B90033
:10C76000F7170019F80F08000002F80000F33D0069
:10C770003D001700200A0D17000000E40000000033
:10C7800002FB0005F2F6F10500F8000000E10000F0
:10C79000000000000000000000CE000000000000CB
:10C7A00000000000000000000002D600D0000000E1
:10C7B00000FB004CF7F60808F900F6080000D70067
:10C7C00000000000000000000000B60008000000AB
:10C7D000000000000000000000D0002E0000E40077
:10C7E0001900CCB6CCF1170000CD0009EE00F40022
:10C7F00000000000000000000000001417A200006C
:10C8000000000000000000000000240005000000FF
:10C8100000000505F7F100FEFEF80000FB00000037
:10C82000F100FA00EEF100EDE7E7F100F100F100B0
:10C83000000000FA0000080005F8000200000008EF
:10C84000FB000000FB0808FE000000F100FE0000F5
:10C8500000000002000AFB00F700F30000FB0017D5
:10C860000000F80000000000FE02FBFB0000F800E2
:10C87000F8000000000000000000FCFC00F8F700D9
:10C8800000000000020000FB00F8F8F800000000C3
:10C890000000000000FB00000000FBF600F400E9CF
:10C8A000FBE90F0000F1080F1500EDFEF700FEDCBC
:10C8B00008FB05D708000002D800D7FABDFB00DA54
:10C8C000000F16000A000000000200F2F600E90066
:10C8D0000000F8000000F80000000000FCFC00FC74
:10C8E000F600000000000000F8F800FBF7FA000076
:10C8F000F80000000000000000000000FAFA00F755
:10C9000000FB00F1080000F7040808000000000028
:10C9100000FB0000000000050000F800F8FBF70035
:10C920000000000000000600FA00000000F8F4001B
:10C93000F10017FB02E7000015DAD8E0F10800FA71
:10C94000CEF200F200F10CF2CF00EB000004FE0684
:10C95000FB000801E9E300DAEEF0EEE9F7EBFEF1A7
:10C96000EB05000200F800000005000800000000D0
:10C9700000000000000000F800FC00FEF800F3EFEB
:10C98000EFFE00E9000000000000FA0000000003D4
:10C99000FB0000000800000000000000002500006F
:10C9A0000000000005000000F8000000000000008A
:10C9B00000000000F200080000000000000000007D
:10C9C00000000000FB000000F100000000DAE900B8
:10C9D0000000F4DA0000F80800EB0000000000009E
:10C9E00000000000F40000F1000000000000000062
:10C9F000000000000800F200000000090005F1F14D
:10CA000000F8F8F7000000000000E900F800F4F872
:10CA100000EFEDE9FA00F100E9000000003D000040
:10CA2000040000F6000800DF0000000000B9F21961
:10CA300017FAE00008F400DAFCF608CAF80A000C5D
:10CA4000E5F4E4E7E00000D2002C0000FC00000068
:10CA5000FCFCF8EBE7FEB90000000000000000005D
:10CA600002000000000000000000000000000000C4
:10CA700000F800FCF8F40000F100F80000000000ED
:10CA800000000000000000000000FE00F100000FA8
:10CA9000FE0A00EF08FBFEECF800F6F8FB00F4F3EA
:10CAA0000000FAFEFBF3F70000F80008FB00EF00BF
:10CAB0000000F100F300F3F30800000000000000A4
:10CAC00000F10800F500FBF7E8FBFBFBFEFBF7FEBF
:10CAD0000000000000F8FAFA0000000009FB00FB6B
:10CAE000000000FBF7FBF9F7F900061FFE00EB0062
:10CAF000FB0F00F8E0F60C0100DCF308F30500FB87
:10CB0000FAE700F4040000F30000000808F1F10067
:10CB1000F3F8F4F8F800F304F1F317000000000054
:10CB200000000000080000000000000000000000FD
:10CB3000000000000000000000000000F300000002
:10CB400000000000000000000000000000000000E5
:10CB500000000000000000000000000000000000D5
:10CB60000000000000000000FB00000000000000CA
:10CB700000000000000000000000000000000000B5
:10CB8000000000000000FAF80000000000000000B3
:10CB900000000000F40000F60000F8F800000000BB
:10CBA000F800000000FC0000000000FB0000000096
:10CBB000F400F1000000E70005EF0F02FBDC0000CD
:10CBC000EFF800E1EDEA0000DFF8E1E3DB00EC0064
:10CBD0000633F600EEF8FEF8F3EBF2E4E1EEF800CF
:10CBE00000FB00020000CAF91711EFE40002E800A0
:10CBF000DAFBF80FB9F6020000CEF7D8F8C800004B
:10CC0000CA002D0200FB00000000FCFBE3FB00CE8D
:10CC100000000000E700F900FEEADC0000FCF4E997
:10CC2000F800FB00000000DDF8E7E7FAF3EDF8F3A9
:10CC300000F1F9E7F400F7F1F8F1000400FBE70078
:10CC40000F00F200000000090005F11F00F8F8F7DE
:10CC5000000000000000E900F800F4F800EFEDE942
:10CC6000FA00F1061F000000003D0000040000F67D
:10CC700000080000000000000000FE0000000000AE
:10CC8000FBF10000000000FC000000F8F80000F1DB
:10CC9000F80000F1000DFC0000000000000400009E
:10CCA00000000C0F06F900E7F40017E7E7F1F11FA9
:10CCB0000E08BDFB0FF800F808F8E500F808F6FAD2
:10CCC000E9FA0000170F00EA00D6F616F6E302F6BE
:10CCD000E7E7F81F0800F400EB000619EEE4E1EDC9
:10CCE000170002C8FA08F3FBEE00EFE4F4F4FA00D0
:10CCF00000EEF0F8001712F8D600D6F500E5D3FEE6
:10CD0000E7F3E7EA150000F600F1F900F8F2000D8C
:10CD1000E7080000D700F8EFF3FBE9EDE7EE00E9E4
:10CD2000F8EEF1E9F800000224F300E9F800F8F168
:10CD3000EEEBEAE3F6F10F00F400DAF7050FE7E4B3
:10CD4000F1E719F804B9F20FEFF3E400E9E0F7F8BE
:10CD5000FAF8F0E9FE00001716FBCE00D2EE12E35F
:10CD6000CCF1E5E0DAE70F00000000F7000008F77B
:10CD70000F05F10F0000E8FE00FE000202FA0000BD
:10CD800000000000F80000000006170200F7000095
:10CD90000000FBFBF7000000020600000000060098
:10CDA000FA001D000E0202F6000F0000000600004F
:10CDB0000000000000000000001700160000000046
:10CDC00000000000000000000000D200F80D001775
:10CDD00000004C09F1F10808FB02DA000025D2003E
:10CDE00000000000000000000000CC1D6C000000EE
:10CDF000000000000000000000D200000000000061
:10CE00000000000000000000000000000000000022
:10CE100000000000F40000F1F90000000000000034
:10CE2000000000000000000000000000FB00EB001C
:10CE3000000200000863F1FA1915EB080000080869
:10CE4000F600000000000000000000009C1600003A
:10CE5000000000000000000000000000000000EAE8
:10CE6000000000EB00000000EFFC000000EF00F706
:10CE700000DC0000000000000000000000CD000009
:10CE8000000002000000000000F80000F100F400C3
:10CE9000EB000000F308F70000EBF8EE0000EB00F9
:10CEA000F800DC00F80000C2F1E1F8E40000CD0079
:10CEB000EBFC0000000000000000F4F2FAF30000B8
:10CEC0000000EF00EF0AF80F00FBEEFBF3F100F7B4
:10CED000FCFB05EBFE000000BCFAF500EF00FBDCFC
:10CEE000F90000FBFA000000000500FBF3FB0D0059
:10CEF0000000000000000000000000000000000032
:10CF00000000000000000000000000000000000021
:10CF1000000000000000000000000A000000000007
:10CF200000EF00FB000000F108000000EBF8F1004A
:10CF300000EA00F800DC00000000B600F1E4DA00CE
:10CF400000CD00FBF40000000000000000F8F4FC3D
:10CF5000F40200000DF6001826F8F8E909260D1174
:10CF6000EB09200916111500000000000000000068
:10CF700000003024F2F800FA3D213D0000000800D6
:10CF8000001C0000F4000000000000000000FB0096
:10CF9000000000000000000B00000000BFF7FAE1F5
:10CFA000DA0000CD000000000000000000000000DA
:10CFB0000000000000F4000000000000000000FB82
:10CFC00000000000000000000B00000000BFF7FAA6
:10CFD000E1DA0000E10000000000000000000000B5
:10CFE0000000000000000000FA000000EE0800F859
:10CFF000060E08E900FEFA08000600000000ED0039
:10D00000F9FBF100F9E10030F800EFFB00FBF30061
:10D01000F8EAF1F7000000F4000000000000000052
:10D0200000FB00000000000000000B00000000BF3B
:10D03000F7FAE1DA0000CD00000000000026000051
:10D040000000000000000000F400E7F7F917F9F80D
:10D05000E102FB02FBEB021102060206EEE1F70021
:10D06000E3F1EBE0E200F4F1F7F6FAFBF7FB00FB8B
:10D07000FE0C000CFB001800000000000000000087
:10D08000000000FBF8F80000EB00FC00F3000000DB
:10D090000000000000000000D200000000000000BE
:10D0A00000000000F8F800F600000000FA0000F3AD
:10D0B000F80800F3F1FB00EAFBEFFBF700F30000D8
:10D0C000000000000000000000CD00190000F20088
:10D0D000000000F600F80000FC0000FB00EE00007D
:10D0E00020F6E7E8050808FEEA050C05170519FB18
:10D0F000EB0000E10000E9EB0000F100F6F300F4C2
:10D1000000F400FB0C00FAE9F81C0000F900F10043
:10D11000000AEE0008F8060100E700FBFE00F80830
:10D12000FA000000E1F7EF00E90000DC001CF80065
:10D13000F2000500F800F8E900F80800000000FB24
:10D14000000008F6020000F7FB00F70000000000F6
:10D15000000000000000000000000000D0001100EE
:10D1600000FA000000000200F8F80000000F0012B2
:10D170000000000000D0D40221170DE10520001CA2
:10D18000000F000000000000000000000029000067
:10D19000000000000000000000000000000000008F
:10D1A000F0C50408B4C4040852C504083D310000A9
:10D1B0001858030820BF04088CC40408A0D1040830
:10D1C00010000228E8010020D5C3010815C301089A
:10D1D0003400090000FC0200B0D104080000000087
:10D1E0000000000006F2ECE83699D661963ABE24BB
:10D1F0005E05FA05B1046A4D098EE7CE47FF00FED1
:10D20000C0FCA4FAA97AF163F39C8AEA8EE3D3EC1A
:10D210007AFE5DFF0FEA12F376F4DAFD3DFF37AADE
:10D2200059BB9BCCFCE53EF7B87AB993FBB43DD62D
:10D230003EEF585B397C5B9D5DC65EEF3E45BE654B
:10D240005F96FFBE9FE7BE2D1E4EBF863FB7BFE76E
:10D250003B269C4EFD865EB7BFE73325B54D58860D
:10D26000FBB69EE7CD653086B4A639CFBDEF6C9E88
:10D27000B0AE14C779DFDDF70AD72EDF73E7B8F752
:10D28000DCFF6BFF8EFFB3FFD8FFFCFF45FEA9FE5E
:10D2900010FF76FFDCFF24FDA9FD70FE16FF9CFF4A
:10D2A00088FB4CFC52FD77FE5CFF6C8B4FA454BD99
:10D2B00079D65DEF937C3595F8B5DBCE7EEFF7BD83
:10D2C0001CE77DEFBEF7DFFFC6E165D145C1E3B0E6
:10D2D000CCD8CBC0AAA869883589F478D368B1487E
:10D2E000B65975513441D230553AF331B2290F193C
:10D2F0005C1CBA1B3813340ADC045A04B703B302AB
:10D300007805B40411040C034F04CD034B036802E9
:10D310000845673CE62BE41A887DE76C45544333A7
:10D3200046C6A5ADE49CA283C6FE05FE44FDE2F31D
:10D3300080FD00FD60FC60FB60FCE0F360EB80E2E0
:10D3400083F243E202DAA1B9686A065AA549243990
:10D350006F53CC4229328721AE730C6308420421FB
:10D3600000003C027804B306EE08280B610D990F0B
:10D37000D01106143A166C189D1ACB1CF71E2121E9
:10D3800048236C258E27AC29C72BDF2DF32F0332C2
:10D39000103418361C381C3A173C0E3EFF3FEC4147
:10D3A000D443B64593476A493C4B084DCD4E8D500A
:10D3B0004652F953A5554B57EA58825A135C9C5D67
:10D3C0001F5F9A600D627963DD6439668D67D96885
:10D3D0001D6A596B8C6CB76DD96EF36F04710C724A
:10D3E0000B730174EE74D275AD767F77477806794A
:10D3F000BB79677A0A7BA27B327CB77C337DA57DC3
:10D400000D7E6C7EC07E0B7F4B7F827FAF7FD27F95
:10D41000EB7FFA7FFF7F0000AC1A0308ED4D010897
:10D4200000000000000000003D5001080000000066
:10D4300001040000AC1A0308055C0108795C0108CE
:10D4400000000000995C010804010D0000060000C6
:10D45000AC1A03083F600108000000000000000053
:10D4600000000000D127D12744020000AC1A0308B5
:10D47000E560010835610108000000005161010804
:10D480000401820085030000AC1A030849730108F7
:10D49000817301080000000005760108D127D1271B
:10D4A000C4020000AC1A030861B9010815BA0108EA
:10D4B0000000000041BA01088200D12705040000E5
:10D4C000AC1A030805C1010837C1010800000000BB
:10D4D00075BC01080000000080020000AC1A0308BF
:10D4E0003DD30108C1DD010800000000FDDD010899
:10D4F000D127D127C0030000AC1A030831EB010883
:10D50000CDEB0108000000001DEC0108D127D12758
:10D51000C0040000AC1A0308EDFF01080000000081
:10D520000000000009000208D127D127C002000036
:10D53000AC1A0308596D020800000000000000004A
:10D54000E56D0208D1278200C5020000F8D4040866
:10D55000000000000000000000000000C16F020891
:10D5600000000000C004000034D4040885740208E0
:10D570000000000000000000F57402080000000038
:10D5800085070000AC1A0308DB8B0208058C020833
:10D5900000000000198C020834001E008402000004
:10D5A000AC1A0308E18D0208258E02080000000075
:10D5B0007D8E0208D127D12785030000AC1A03080D
:10D5C00095960208639902080000000089990208F4
:10D5D0000401820004060000FFFFFFFFFFFFFFFFC2
:10D5E000FFFFFFFFFFFFFFFFFFFFFFFFFFFFFFFF4B
:10D5F000FFFFFFFFFFFFFFFFFFFFFFFFFFFFFFFF3B
:10D60000FFFFFFFFFFFFFFFFFFFFFFFFFFFFFFFF2A
:10D61000FFFFFFFFFFFFFFFFFFFFFFFFFFFFFFFF1A
:10D62000FFFFFFFFFFFFFFFFFFFFFFFFFFFFFFFF0A
:10D63000FFFFFFFFFFFFFFFFFFFFFFFFFFFFFFFFFA
:10D64000FFFFFFFFFFFFFFFFFFFFFFFFFFFFFFFFEA
:10D65000FFFFFFFFFFFFFFFFFFFFFFFFFFFFFFFFDA
:10D66000FFFFFFFFFFFFFFFFFFFFFFFFFFFFFFFFCA
:10D67000FFFFFFFFFFFFFFFFFFFFFFFFFFFFFFFFBA
:10D68000FFFFFFFFFFFFFFFFFFFFFFFFFFFFFFFFAA
:10D69000FFFFFFFFFFFFFFFFFFFFFFFFFFFFFFFF9A
:10D6A000FFFFFFFFFFFFFFFFFFFFFFFFFFFFFFFF8A
:10D6B000FFFFFFFFFFFFFFFFFFFFFFFFFFFFFFFF7A
:10D6C000FFFFFFFFFFFFFFFFFFFFFFFFFFFFFFFF6A
:10D6D000FFFFFFFFFFFFFFFFFFFFFFFFFFFFFFFF5A
:10D6E000FFFFFFFFFFFFFFFFFFFFFFFFFFFFFFFF4A
:10D6F000FFFFFFFFFFFFFFFFFFFFFFFFFFFFFFFF3A
:10D70000FFFFFFFFFFFFFFFFFFFFFFFFFFFFFFFF29
:10D71000FFFFFFFFFFFFFFFFFFFFFFFFFFFFFFFF19
:10D72000FFFFFFFFFFFFFFFFFFFFFFFFFFFFFFFF09
:10D73000FFFFFFFFFFFFFFFFFFFFFFFFFFFFFFFFF9
:10D74000FFFFFFFFFFFFFFFFFFFFFFFFFFFFFFFFE9
:10D75000FFFFFFFFFFFFFFFFFFFFFFFFFFFFFFFFD9
:10D76000FFFFFFFF0000000000000000FFFFFFFFC1
:10D77000FFFFFFFFFFFFFFFFFFFFFFFFFFFFFFFFB9
:10D78000FFFFFFFFFFFFFFFFFFFFFFFFFFFFFFFFA9
:10D79000FFFFFFFFFFFFFFFFFFFFFFFFFFFFFFFF99
:10D7A000FFFFFFFFFFFFFFFFFFFFFFFFFFFFFFFF89
:10D7B000FFFFFFFFFFFFFFFFFFFFFFFFFFFFFFFF79
:10D7C000FFFF000000000000000000000000FFFF5D
:10D7D000FFFF00000000FFFFFFFFFFFFFFFFFFFF55
:10D7E000FFFFFFFF00000000FFFFFFFFFFFF000043
:10D7F0000000FFFFFFFFFFFFFFFFFFFFFFFFFFFF37
:10D80000FFFFFFFF00000000FFFFFFFFFFFFFFFF24
:10D81000FFFFFFFFFFFFFFFFFFFFFFFFFFFFFFFF18
:10D82000000000000000FFFFFFFFFFFFFFFFFFFF02
:10D83000FFFF00000000FFFFFFFF00000000FFFFF0
:10D84000FFFFFFFF00000000FFFFFFFFFFFF0000E2
:10D850000000FFFFFFFFFFFFFFFFFFFFFFFFFFFFD6
:10D86000FFFFFFFF00000000FFFFFFFFFFFFFFFFC4
:10D87000FFFFFFFFFFFFFFFFFFFFFFFFFFFFFFFFB8
:10D8800000000000FFFFFFFFFFFFFFFFFFFFFFFFA4
:10D89000FFFFFFFFFFFFFFFFFFFF00000000FFFF94
:10D8A000FFFFFFFF00000000FFFFFFFFFFFF000082
:10D8B0000000FFFFFFFFFFFFFFFFFFFFFFFFFFFF76
:10D8C000FFFFFFFF00000000FFFFFFFFFFFFFFFF64
:10D8D000FFFFFFFFFFFFFFFFFFFFFFFFFFFF000056
:10D8E00000000000FFFFFFFFFFFFFFFFFFFFFFFF44
:10D8F000FFFF00000000FFFF00000000000000002C
:10D90000FFFFFFFF00000000FFFFFFFFFFFF000021
:10D910000000FFFF00000000FFFFFFFFFFFF00000F
:10D920000000FFFF000000000000000000000000F9
:10D93000FFFFFFFFFFFFFFFFFFFFFFFFFFFF0000F5
:10D9400000000000FFFFFFFF000000000000FFFFDD
:10D95000FFFF00000000FFFF0000000000000000CB
:10D96000FFFFFFFF000000000000000000000000BB
:10D970000000FFFF00000000FFFFFFFFFFFF0000AF
:10D980000000FFFF00000000000000000000000099
:10D99000FFFFFFFFFFFFFFFFFFFFFFFFFFFF000095
:10D9A00000000000FFFFFFFF000000000000FFFF7D
:10D9B000FFFF00000000FFFFFFFF00000000FFFF6F
:10D9C000FFFFFFFF0000000000000000000000005B
:10D9D0000000FFFF00000000FFFFFFFFFFFF00004F
:10D9E0000000FFFF00000000FFFFFFFF000000003D
:10D9F0000000FFFFFFFFFFFFFFFFFFFFFFFF000033
:10DA000000000000FFFFFFFFFFFF00000000FFFF1E
:10DA1000FFFF00000000FFFFFFFF00000000FFFF0E
:10DA2000FFFFFFFF00000000FFFFFFFFFFFF000000
:10DA30000000FFFF00000000FFFFFFFFFFFF0000EE
:10DA40000000FFFF00000000FFFFFFFFFFFF0000DE
:10DA50000000FFFFFFFFFFFFFFFFFFFFFFFFFFFFD4
:10DA600000000000FFFFFFFFFFFF00000000FFFFBE
:10DA7000FFFF00000000FFFFFFFF00000000FFFFAE
:10DA8000FFFFFFFF00000000FFFFFFFFFFFF0000A0
:10DA90000000FFFF00000000FFFFFFFFFFFF00008E
:10DAA0000000FFFF00000000FFFFFFFF000000007C
:10DAB0000000FFFFFFFFFFFFFFFFFFFFFFFFFFFF74
:10DAC0000000000000000000000000000000FFFF58
:10DAD000FFFF00000000FFFFFFFF00000000FFFF4E
:10DAE000FFFFFFFF00000000FFFFFFFFFFFF000040
:10DAF0000000FFFF000000000000FFFF000000002A
:10DB00000000FFFF000000000000FFFF0000000019
:10DB1000FFFFFFFFFFFFFFFFFFFFFFFFFFFFFFFF15
:10DB2000FFFF000000000000000000000000FFFFF9
:10DB3000FFFF00000000FFFFFFFF000000000000EB
:10DB40000000FFFF00000000FFFFFFFFFFFF0000DD
:10DB50000000FFFFFFFF00000000000000000000C9
:10DB60000000FFFF000000000000000000000000B7
:10DB7000FFFFFFFFFFFFFFFFFFFFFFFFFFFFFFFFB5
:10DB8000FFFFFFFFFFFFFFFFFFFFFFFFFFFFFFFFA5
:10DB9000FFFFFFFFFFFFFFFFFFFFFFFFFFFFFFFF95
:10DBA000FFFFFFFFFFFFFFFFFFFFFFFFFFFFFFFF85
:10DBB000FFFFFFFFFFFFFFFFFFFFFFFFFFFFFFFF75
:10DBC000FFFFFFFFFFFFFFFFFFFFFFFFFFFFFFFF65
:10DBD000FFFFFFFFFFFFFFFFFFFFFFFFFFFFFFFF55
:10DBE000FFFFFFFFFFFFFFFFFFFFFFFFFFFFFFFF45
:10DBF000FFFFFFFFFFFFFFFFFFFFFFFFFFFFFFFF35
:10DC0000FFFFFFFFFFFFFFFFFFFFFFFFFFFFFFFF24
:10DC1000FFFFFFFFFFFFFFFFFFFFFFFFFFFFFFFF14
:10DC2000FFFFFFFFFFFFFFFFFFFFFFFFFFFFFFFF04
:10DC3000FFFFFFFFFFFFFFFFFFFFFFFFFFFFFFFFF4
:10DC4000FFFFFFFFFFFFFFFFFFFFFFFFFFFFFFFFE4
:10DC5000FFFFFFFFFFFFFFFFFFFFFFFFFFFFFFFFD4
:10DC6000FFFFFFFFFFFFFFFFFFFFFFFFFFFFFFFFC4
:10DC7000FFFFFFFFFFFFFFFFFFFFFFFFFFFFFFFFB4
:10DC8000FFFFFFFFFFFFFFFFFFFFFFFFFFFFFFFFA4
:10DC9000FFFFFFFFFFFFFFFFFFFFFFFFFFFFFFFF94
:10DCA000FFFFFFFFFFFFFFFFFFFFFFFFFFFFFFFF84
:10DCB000FFFFFFFFFFFFFFFFFFFFFFFFFFFFFFFF74
:10DCC000FFFFFFFFFFFFFFFFFFFFFFFFFFFFFFFF64
:10DCD000FFFFFFFFFFFFFFFFFFFFFFFFFFFFFFFF54
:10DCE000FFFFFFFFFFFFFFFFFFFFFFFFFFFFFFFF44
:10DCF000FFFFFFFFFFFFFFFFFFFFFFFFFFFFFFFF34
:10DD0000FFFFFFFFFFFFFFFFFFFFFFFFFFFFFFFF23
:10DD1000FFFFFFFFFFFFFFFFFFFFFFFFFFFFFFFF13
:10DD2000FFFFFFFFFFFFFFFFFFFFFFFFFFFFFFFF03
:10DD3000FFFFFFFFFFFFFFFFFFFFFFFFFFFFFFFFF3
:10DD4000FFFFFFFFFFFFFFFFFFFFFFFFFFFFFFFFE3
:10DD5000FFFFFFFFFFFFFFFF04C0800280070000FE
:10DD6000D8D50408FFFFFFFFFFFFFFFFFFFFFFFF06
:10DD7000FFFFFFFFFFFFFFFFFFFFFFFFFFFFFFFFB3
:10DD8000FFFFFFFFFFFFFFFFFFFFFFFFFFFFFFFFA3
:10DD9000FFFFFFFFFFFFFFFFFFFFFFFFFFFFFFFF93
:10DDA000FFFFFFFFFFFFFFFFFFFFFFFFFFFFFFFF83
:10DDB000FFFFFFFFFFFFFFFFFFFFFFFFFFFFFFFF73
:10DDC000FFFFFFFFFFFFFFFFFFFFFFFFFFFFFFFF63
:10DDD000FFFFFFFFFFFFFFFFFFFFFFFFFFFFFFFF53
:10DDE000FFFFFFFFFFFFFFFFFFFFFFFFFFFFFFFF43
:10DDF000FFFFFFFFFFFFFFFFFFFFFFFFFFFFE31836
:10DE000005210421052105210521052105210521E3
:10DE100005210521052105210521052104210421D4
:10DE20000000FFFFFFFFFFFFFFFFFFFFFFFFFFFF00
:10DE3000FFFFFFFFFFFFFFFFFFFFFFFFFFFFFFFFF2
:10DE4000FFFFFFFFFFFFFFFFFFFFFFFFFFFFFFFFE2
:10DE5000FFFFFFFFFFFFFFFFFFFFFFFFFFFFFFFFD2
:10DE6000FFFFFFFFFFFFFFFFFFFFFFFFFFFFFFFFC2
:10DE7000FFFFFFFFFFFFFFFFFFFFFFFFFFFFFFFFB2
:10DE8000FFFFFFFFFFFFFFFFFFFFFFFFFFFFFFFFA2
:10DE9000FFFFFFFF042104210421042104210421A8
:10DEA000042104210421042104210421042104214A
:10DEB00004210421042104210421E318FFFFFFFFB2
:10DEC000FFFFFFFFFFFFFFFFFFFFFFFFFFFFFFFF62
:10DED000FFFFFFFFFFFFFFFFFFFFFFFFFFFFFFFF52
:10DEE000FFFFFFFFFFFFFFFFFFFFFFFFFFFFFFFF42
:10DEF000FFFFFFFFFFFFFFFFFFFFFFFFFFFFFFFF32
:10DF0000FFFFFFFFFFFFFFFFFFFFFFFFFFFFFFFF21
:10DF1000FFFFFFFFFFFFFFFFFFFFFFFFFFFFFFFF11
:10DF2000FFFFFFFFFFFFFFFFFFFFFFFF0421252192
:10DF300004210421042104210421042104210421B9
:10DF4000042104210421042104210421E4200421CA
:10DF500025210421FFFFFFFFFFFF04210421FFFF14
:10DF6000FFFFFFFFFFFFFFFFFFFFFFFF0421052172
:10DF70000058FFFFFFFFFFFFFFFFFFFFFFFFFFFF57
:10DF8000FFFFFFFFFFFF041904216529FFFFFFFFCB
:10DF9000FFFFFFFFFFFF05210421042104210421CD
:10DFA000E518FFFFFFFFFFFFFFFFFFFFFFFF04215B
:10DFB0000421E420FFFFFFFFFFFFFFFFFFFFFFFF44
:10DFC000FFFFFFFF04212521042104210421042156
:10DFD0000421042104210421042104210421042119
:10DFE000042104210000042125210421FFFFFFFF5B
:10DFF000FFFFE4200421FFFFFFFFFFFFFFFFFFFF04
:10E00000FFFFFFFF042125290421FFFFFFFFFFFF82
:10E01000FFFFFFFFFFFFFFFFFFFFFFFFA631042110
:10E02000E4200000FFFFFFFFFFFF04210421252162
:10E030000421042104210421042104212421FFFFBF
:10E04000FFFFFFFFFFFF04212521E420FFFFFFFF6B
:10E05000FFFFFFFFFFFFFFFFFFFFFFFF0421252161
:10E060000421042104210421042104210421042188
:10E070000421042104210421042104210421042178
:10E0800025210421FFFFFFFFFFFF04210421FFFFE3
:10E09000FFFFFFFFFFFFFFFFFFFFFFFFA3180421AC
:10E0A0000421FFFFFFFFFFFFFFFFFFFFFFFFFFFF59
:10E0B000FFFFFFFF042125210421FFFFFFFF25298A
:10E0C0000421252104210421E4200421E518042150
:10E0D00004210421E4202519FFFFFFFFFFFF042195
:10E0E00025210421FFFFFFFFFFFFFFFFFFFFFFFFD1
:10E0F000FFFFFFFF04212521042104210421042125
:10E1000004210421042104210421042104210421E7
:10E11000042104210521042104210421FFFFFFFF24
:10E12000FFFF0421E420FFFFFFFFFFFFFFFFFFFFD2
:10E13000FFFFFFFFFFFF04192521E420FFFFFFFF82
:10E14000FFFFFFFFFFFFFFFFFFFFFFFF0421042191
:10E150000000FFFFFFFF042125210421FFFFFFFF37
:10E16000FFFFFFFFFFFFFFFFFFFF04210421252921
:10E17000FFFFFFFFFFFF042125210421FFFFFFFF19
:10E18000FFFFFFFFFFFFFFFFFFFFFFFF66014501EE
:10E19000250125012501250104190421042104215B
:10E1A0000421042104210421042104210421042147
:10E1B00004210421FFFFFFFFFFFF0421E420FFFFF4
:10E1C000FFFFFFFFFFFFFFFFFFFFFFFFFFFFE42059
:10E1D0000421E420FFFFFFFFFFFFFFFFFFFFFFFF22
:10E1E000FFFF042125210421FFFFFFFF042125213A
:10E1F0000421FFFFFFFFFFFFFFFFFFFFFFFFFFFF08
:10E20000FFFFFFFFFFFFFFFFFFFFFFFFFFFF0421F7
:10E2100025210421FFFFFFFFFFFFFFFFFFFFFFFF9F
:10E22000FFFFFFFF00F000F800F000F000F800F83A
:10E2300000F80419042104210421042104210421EB
:10E24000042104210421042104210421FFFFFFFFF4
:10E25000FFFF0421E420FFFFFFFFFFFFFFFFFFFFA1
:10E26000FFFFFFFFFFFFFFFF042104210421FFFF49
:10E27000FFFFFFFFFFFFFFFFFFFF04210421E31863
:10E28000FFFFFFFF042104216529FFFFFFFFFFFFC0
:10E29000FFFFFFFFFFFFFFFFFFFFFFFFFFFFFFFF8E
:10E2A000FFFFFFFFFFFF042125210421FFFFFFFFE8
:10E2B000FFFFFFFFFFFFFFFFFFFFFFFF00D800F89A
:10E2C00000E800E800E800E800D00511042104217E
:10E2D0000421042104210421042104210421042116
:10E2E00004210421FFFFFFFFFFFF0421E420FFFFC3
:10E2F000FFFFFFFFFFFFFFFFFFFFFFFFFFFFFFFF2E
:10E30000042125210419FFFFFFFFFFFFFFFFFFFF8F
:10E31000E42025210421FFFFFFFFE4200421042144
:10E32000FFFFFFFFFFFFFFFFFFFFFFFFFFFFFFFFFD
:10E33000FFFFFFFFFFFFFFFFFFFFFFFFFFFF0421C6
:10E3400025210421FFFFFFFFFFFFFFFFFFFFFFFF6E
:10E35000FFFFFFFF00D800E800D800D800D800D8A1
:10E3600000D00411042104210421042104210421EA
:10E37000042104210421042104210421FFFFFFFFC3
:10E38000FFFF0421E420FFFFFFFFFFFFFFFFFFFF70
:10E39000FFFFFFFFFFFFFFFFFFFF042104212529EF
:10E3A000FFFFFFFFFFFFFFFF04210421E520FFFF28
:10E3B000FFFF052125210421FFFFFFFFFFFFFFFFD6
:10E3C000FFFFFFFFFFFFFFFFFFFFFFFFFFFFFFFF5D
:10E3D000FFFFFFFFFFFF042125210421FFFFFFFFB7
:10E3E000FFFFFFFFFFFFFFFFFFFFFFFF00D800E879
:10E3F00000D800D800D800D800D00411042104218E
:10E4000004210421042104210421042104210421E4
:10E4100004210421FFFFFFFFFFFF0421E420FFFF91
:10E42000FFFFFFFFFFFFFFFFFFFFFFFFFFFFFFFFFC
:10E43000FFFF042125210421FFFFFFFFFFFFE31859
:10E440000421E420FFFFFFFFFFFFE420252104213A
:10E45000FFFFFFFFFFFFFFFFFFFFFFFFFFFFFFFFCC
:10E46000FFFF042104210421FFFFFFFFFFFF042120
:10E4700025210421FFFFFFFFFFFFFFFFFFFFFFFF3D
:10E48000FFFFFFFF00D800F000E000E000E000E048
:10E4900000C80411042104210421042104210421C1
:10E4A000042104210421042104210421FFFFFFFF92
:10E4B000FFFF0421E420FFFFFFFFFFFFFFFFFFFF3F
:10E4C000FFFFFFFFFFFFFFFFFFFF00000421E4202D
:10E4D0000000FFFFFFFF04212521E420FFFFFFFFD5
:10E4E000FFFF241904210421FFFFFFFFFFFFFFFFAF
:10E4F000FFFFFFFFFFFFFFFFFFFF04212521042196
:10E50000FFFFFFFFFFFF042125210421FFFFFFFF85
:10E51000FFFFFFFFFFFFFFFFFFFFFFFF00D800E847
:10E5200000D800D800D800D800E00511041904195B
:10E5300004190419041904210421042104210421CB
:10E5400004210421FFFFFFFFFFFF0421E420FFFF60
:10E55000FFFFFFFFFFFFFFFFFFFFFFFFFFFFFFFFCB
:10E56000FFFFFFFF042125210421FFFF25290421AE
:10E570000421FFFFFFFFFFFFFFFF0600E420E42070
:10E58000FFFFFFFFFFFFFFFFFFFFFFFFFFFFFFFF9B
:10E59000FFFF042104210421FFFFFFFFFFFF0421EF
:10E5A00025210421FFFFFFFFFFFFFFFFFFFFFFFF0C
:10E5B000FFFFFFFF00D000D800D800D800E000D84F
:10E5C00000006288A37083708370837804490421FB
:10E5D000042104210421042104210421FFFFFFFF61
:10E5E000FFFF0421E420FFFFFFFFFFFFFFFFFFFF0E
:10E5F000FFFFFFFFFFFFFFFFFFFFFFFFA518042145
:10E60000E420FFFFE42025210421FFFFFFFFFFFF9F
:10E61000FFFFFFFF042125210421FFFFFFFFFFFF74
:10E62000FFFFFFFFFFFFFFFFFFFF04210421042185
:10E63000FFFFFFFFFFFF042125210421FFFFFFFF54
:10E64000FFFFFFFFFFFFFFFFFFFFFFFF00D800E816
:10E6500000D800D800D800D800D800E000E800E0DA
:10E6600000E000E800F84501042104210421042110
:10E6700004210421FFFFFFFFFFFF0421E420FFFF2F
:10E68000FFFFFFFFFFFFFFFFFFFFFFFFFFFFFFFF9A
:10E69000FFFFFFFFFFFF04192521E41804210421D7
:10E6A0000000FFFFFFFFFFFFFFFFFFFFA528042182
:10E6B0000421E420FFFFFFFFFFFFFFFFFFFFFFFF3D
:10E6C000FFFF042104210421FFFFFFFFFFFF0421BE
:10E6D00025210421FFFFFFFFFFFFFFFFFFFFFFFFDB
:10E6E000FFFFFFFF00D800F000E000E000E000E0E6
:10E6F00000D800D800E800E000E000E800E82509C4
:10E70000042104210421042104210421FFFFFFFF2F
:10E71000FFFF04210421FFFFFFFFFFFFFFFFFFFFBB
:10E72000FFFFFFFFFFFFFFFFFFFFFFFFFFFFE420F3
:10E730000421042104210421FFFFFFFFFFFFFFFF4D
:10E74000FFFFFFFFFFFF0421042104210421042116
:10E75000FFFFFFFFFFFF0000042104210521E4204B
:10E76000FFFFFFFFFFFF042125210421FFFFFFFF23
:10E77000FFFFFFFFFFFFFFFFFFFFFFFF00D800E8E5
:10E7800000D800D800D800D800D800D800E000D8C1
:10E7900000D800E800E8250904210421042104210F
:10E7A00004210421FFFFFFFFFFFFE42004210421D7
:10E7B000E420E420E420E420E420042104210421D6
:10E7C000FFFFFFFFFFFFFFFF042145290421C318BE
:10E7D000FFFFFFFFFFFFFFFFFFFFFFFFFFFFFFFF49
:10E7E000E418042125210421E4200421042104212A
:10E7F0002521042104210000FFFFFFFFFFFF04216A
:10E80000252104210421E420E420E420E420E42064
:10E810000421042100D800E800D800D800D800D88E
:10E8200000D800D800E000D800D800E800E82509AA
:10E83000042104210421042105210421FFFFFFFFFD
:10E84000FFFF04210421E420E420E420E420E4206C
:10E85000E420E4200421E420FFFFFFFFFFFFFFFF8F
:10E86000042105210421FFFFFFFFFFFFFFFFFFFF42
:10E87000FFFFFFFFFFFFFFFFFFFFFFFFE42004217B
:10E8800004210421E420E4200421A518FFFFFFFF58
:10E89000FFFFFFFFFFFFE42004210421E420E42028
:10E8A000E420E420E420E4200421042100D800F83E
:10E8B00000E800E800E800E800D800D800F000E830
:10E8C00000E800F800E8050925210421042125219C
:10E8D00004210421FFFFFFFFFFFFFFFFFFFFFFFFFA
:10E8E000FFFFFFFFFFFFFFFFFFFFFFFFFFFFFFFF38
:10E8F000FFFFFFFFFFFFFFFFFFFFFFFFFFFFFFFF28
:10E90000FFFFFFFFFFFFFFFFFFFFFFFFFFFFFFFF17
:10E91000FFFFFFFFFFFFFFFFFFFFFFFFFFFFFFFF07
:10E92000FFFFFFFFFFFFFFFFFFFFFFFFFFFFFFFFF7
:10E93000FFFFFFFFFFFFFFFFFFFFFFFFFFFFFFFFE7
:10E94000FFFFFFFF00D800E000D800D800D800D8B3
:10E9500000D800D800E000D800D800E000E0450171
:10E9600004210421042104210421FFFFFFFFFFFFF4
:10E97000FFFFFFFFFFFFFFFFFFFFFFFFFFFFFFFFA7
:10E98000FFFFFFFFFFFFFFFFFFFFFFFFFFFFFFFF97
:10E99000FFFFFFFFFFFFFFFFFFFFFFFFFFFFFFFF87
:10E9A000FFFFFFFFFFFFFFFFFFFFFFFFFFFFFFFF77
:10E9B000FFFFFFFFFFFFFFFFFFFFFFFFFFFFFFFF67
:10E9C000FFFFFFFFFFFFFFFFFFFFFFFFFFFFFFFF57
:10E9D000FFFFFFFFFFFFFFFFFFFFFFFFFFFFFFFF47
:10E9E000FFFFFFFFFFFFFFFFFFFFFFFFFFFFFFFF37
:10E9F000FFFFFFFFFFFFFFFFFFFFFFFFFFFFFFFF27
:10EA0000FFFFFFFFFFFFFFFFFFFFFFFFFFFFFFFF16
:10EA1000FFFFFFFFFFFFFFFFFFFFFFFFFFFFFFFF06
:10EA2000FFFFFFFFFFFFFFFFFFFFFFFFFFFFFFFFF6
:10EA3000FFFFFFFFFFFFFFFFFFFFFFFFFFFFFFFFE6
:10EA4000FFFFFFFFFFFFFFFFFFFFFFFFFFFFFFFFD6
:10EA5000FFFFFFFFFFFFFFFFFFFFFFFFFFFFFFFFC6
:10EA6000FFFFFFFFFFFFFFFFFFFFFFFFFFFFFFFFB6
:10EA7000FFFFFFFFFFFFFFFFFFFFFFFFFFFFFFFFA6
:10EA8000FFFFFFFFFFFFFFFFFFFFFFFFFFFFFFFF96
:10EA9000FFFFFFFFFFFFFFFFFFFFFFFFFFFFFFFF86
:10EAA000FFFFFFFFFFFFFFFFFFFFFFFFFFFFFFFF76
:10EAB000FFFFFFFFFFFFFFFFFFFFFFFFFFFFFFFF66
:10EAC000FFFFFFFFFFFFFFFFFFFFFFFFFFFFFFFF56
:10EAD000FFFFFFFFFFFFFFFFFFFFFFFFFFFFFFFF46
:10EAE000FFFFFFFFFFFFFFFFFFFFFFFFFFFFFFFF36
:10EAF000FFFFFFFFFFFFFFFFFFFFFFFFFFFFFFFF26
:10EB0000FFFFFFFFFFFFFFFFFFFFFFFFFFFFFFFF15
:10EB1000FFFFFFFFFFFFFFFFFFFFFFFFFFFFFFFF05
:10EB2000FFFFFFFFFFFFFFFFFFFFFFFFFFFFFFFFF5
:10EB3000FFFFFFFFFFFFFFFFFFFFFFFFFFFFFFFFE5
:10EB4000FFFFFFFFFFFFFFFFFFFFFFFFFFFFFFFFD5
:10EB5000FFFFFFFFFFFFFFFFFFFFFFFFFFFFFFFFC5
:10EB6000FFFFFFFFFFFFFFFFFFFFFFFFFFFFFFFFB5
:10EB7000FFFFFFFFFFFFFFFFFFFFFFFFFFFFFFFFA5
:10EB8000FFFFFFFFFFFFFFFFFFFFFFFFFFFFFFFF95
:10EB9000FFFFFFFFFFFFFFFFFFFFFFFFFFFFFFFF85
:10EBA000FFFFFFFF04300103400E000064DD040896
:10EBB000FFFFFFFFFFFFFFFFFFFFFFFFFFFFFFFF65
:10EBC000FFFFFFFFFFFFFFFFFFFFFFFFFFFFFFFF55
:10EBD000FFFFFFFFFFFFFFFFFFFFFFFFFFFFFFFF45
:10EBE000FFFFFFFFFFFFFFFFFFFFFFFFFFFFFFFF35
:10EBF000FFFFFFFFFFFFFFFFFFFFFFFFFFFFFFFF25
:10EC0000FFFFFFFFFFFFFFFFFFFFFFFFFFFFFFFF14
:10EC1000FFFFFFFFFFFFFFFFFFFFFFFFFFFFFFFF04
:10EC2000FFFFFFFFFFFFFFFFFFFFFFFFFFFFFFFFF4
:10EC3000FFFFFFFFFFFFFFFFFFFFFFFFFFFFFFFFE4
:10EC4000FFFFFFFFFFFFFFFFFFFFFFFFFFFFFFFFD4
:10EC5000FFFFFFFFFFFFFFFFFFFFFFFFFFFFFFFFC4
:10EC6000FFFFFFFFFFFFFFFFFFFFFFFFFFFFFFFFB4
:10EC7000FFFFFFFFFFFFFFFFFFFFFFFFFFFFFFFFA4
:10EC8000FFFFFFFFFFFFFFFFFFFFFFFFFFFFFFFF94
:10EC9000FFFFFFFFFFFFFFFFFFFFFFFFFFFFFFFF84
:10ECA000FFFFFFFFFFFFFFFFFFFFFFFFFFFFFFFF74
:10ECB000FFFFFFFFFFFFFFFFFFFFFFFFFFFFFFFF64
:10ECC000FFFFFFFFFFFFFFFFFFFFFFFFFFFFFFFF54
:10ECD000FFFFFFFFFFFFFFFFFFFFFFFFFFFFFFFF44
:10ECE000FFFFFFFFFFFFFFFFFFFFFFFFFFFFFFFF34
:10ECF000FFFFFFFFFFFFFFFFFFFFFFFFFFFFFFFF24
:10ED0000FFFFFFFFFFFFFFFFFFFFFFFFFFFFFFFF13
:10ED1000FFFFFFFFFFFFFFFFFFFFFFFFFFFFFFFF03
:10ED2000FFFFFFFFFFFFFFFFFFFFFFFFFFFFFFFFF3
:10ED3000FFFFFFFFFFFFFFFFFFFFFFFFFFFFFFFFE3
:10ED4000FFFFFFFFFFFFFFFFFFFFFFFFFFFFFFFFD3
:10ED5000FFFFFFFFFFFFFFFFFFFFFFFFFFFFFFFFC3
:10ED6000FFFFFFFFFFFFFFFFFFFFFFFFFFFFFFFFB3
:10ED7000FFFFFFFFFFFFFFFFFFFFFFFFFFFFFFFFA3
:10ED8000FFFFFFFFFFFFFFFFFFFFFFFFFFFFFFFF93
:10ED9000FFFFFFFFFFFFFFFFFFFFFFFFFFFFFFFF83
:10EDA000FFFFFFFFFFFFFFFFFFFFFFFFFFFFFFFF73
:10EDB000FFFFFFFFFFFFFFFFFFFFFFFFFFFFFFFF63
:10EDC000FFFFFFFFFFFFFFFFFFFFFFFFFFFFFFFF53
:10EDD000FFFFFFFFFFFFFFFFFFFFFFFFFFFFFFFF43
:10EDE000FFFFFFFFFFFFFFFFFFFFFFFFFFFFFFFF33
:10EDF000FFFFFFFFFFFFFFFFFFFFFFFFFFFFFFFF23
:10EE0000FFFFFFFFFFFFFFFFFFFFFFFFFFFFFFFF12
:10EE1000FFFFFFFFFFFFFFFFFFFFFFFFFFFFFFFF02
:10EE2000FFFFFFFFFFFFFFFFFFFFFFFFFFFFFFFFF2
:10EE3000FFFFFFFFFFFFFFFFFFFFFFFFFFFFFFFFE2
:10EE4000FFFFFFFFFFFFFFFFFFFFFFFFFFFFFFFFD2
:10EE5000FFFFFFFFFFFFFFFFFFFFFFFFFFFFFFFFC2
:10EE6000FFFFFFFFFFFFFFFFFFFFFFFFFFFFFFFFB2
:10EE7000FFFFFFFFFFFFFFFFFFFFFFFFFFFFFFFFA2
:10EE8000FFFFFFFFFFFFFFFFFFFFFFFFFFFFFFFF92
:10EE9000FFFFFFFFFFFFFFFFFFFFFFFF7DD77DCFDE
:10EEA0007DCF7DCF7DCF7DCF7DCF9DCF7DCFFFFF30
:10EEB000FFFFFFFFFFFFFFFFFFFFFFFFFFFFFFFF62
:10EEC000FFFFFFFFFFFFFFFFFFFFFFFFFFFFFFFF52
:10EED000FFFFFFFFFFFFFFFFFFFFFFFFFFFFFFFF42
:10EEE000FFFFFFFFFFFFFFFFFFFFFFFFFFFFFFFF32
:10EEF000FFFFFFFFFFFFFFFFFFFFFFFFFBBF7DCF18
:10EF00007DCF7DCF7DCF9EDF9DD79EDFBEDFBEE76D
:10EF1000BEE7DFF7FFFFFFFFFFFFFFFFFFFFFFFF82
:10EF2000FFFFFFFFFFFFFFFFFFFFFFFFFFFFFFFFF1
:10EF3000FFFFFFFFFFFFFFFFFFFFFFFFFFFFFFFFE1
:10EF4000FFFFFFFFFFFFFFFFFFFFFFFFFFFFFFFFD1
:10EF5000FFFFFFFFFFFFFFFFFFFFFFFFFFFF7DD76B
:10EF60007DCF7DCF7DCF7DCF7DCF9DCF7DCF9DD7F9
:10EF7000BEDFBEDFBEE7BEE79DCF9DCFFFFFFFFF39
:10EF8000FFFFFFFFFFFFFFFFFFFFFFFFFFFFFFFF91
:10EF9000FFFFFFFFFFFFFFFFFFFFFFFFFFFFFFFF81
:10EFA000FFFFFFFFFFFFFFFFFFFFFFFFFFFFFFFF71
:10EFB000FFFFFFFFFFFFFFFFFFFFFFFFFFFFFFFF61
:10EFC0009ED77DCF7DCF7DCF7DCF7DCF7DCF9DD790
:10EFD000BEDFBEDFBEDFBEE7BEDFBEDF9DD79DDF8B
:10EFE0009DD7FFFFFFFFFFFFFFFFFFFFFFFFFFFFBB
:10EFF000FFFFFFFFFFFFFFFFFFFFFFFFFFFFFFFF21
:10F00000FFFFFFFFFFFFFFFFFFFFFFFFFFFFFFFF10
:10F01000FFFFFFFFFFFFFFFFFFFFFFFFFFFFFFFF00
:10F020008649A6516D7B0F840F840F840F840F8453
:10F030000F840F8C0F8C0F8C0F8C509438BE9DD783
:10F040009DD7BEDF7DCF9DCFFFFFFFFFFFFFFFFFFF
:10F05000FFFFFFFFFFFFFFFFFFFFFFFFFFFFFFFFC0
:10F06000FFFFFFFFFFFFFFFFFFFFFFFFFFFFFFFFB0
:10F07000FFFFFFFFFFFFFFFFFFFFFFFFFFFFFFFFA0
:10F08000FFFFA651E7598C9B4EAC4EB44EB44EB424
:10F090004EB44EB44EB44EB44EB44EB44EB4EDA3D2
:10F0A0000A7B8D7B7CCF7DCF7DCF7DCFFFFFFFFFA8
:10F0B000FFFFFFFFFFFFFFFFFFFFFFFFFFFFFFFF60
:10F0C000FFFFFFFFFFFFFFFFFFFFFFFFFFFFFFFF50
:10F0D000FFFFFFFFFFFFFFFFFFFFFFFFFFFFFFFF40
:10F0E000FFFFFFFF4549E759AFBC2EAC6B8B4B8B45
:10F0F0004B8B4B8B4B8B4B8B4B8B4B8B4B8B4B8B60
:10F100004B8BEDA3D0C48C93508C7DCF7DCF7DCF26
:10F110007DCFFFFFFFFFFFFFFFFFFFFFFFFFFFFFB1
:10F12000FFFFFFFFFFFFFFFFFFFFFFFFFFFFFFFFEF
:10F13000FFFFFFFFFFFFFFFFFFFFFFFFFFFFFFFFDF
:10F14000FFFFFFFF9DCF7DCFAE7BCC9BEDA34B8B15
:10F150000DA40DA40DA40DA40DA40DA40DA40DA427
:10F160000DA40DA40DA4AC934B8BD0C4896A7CCFA5
:10F170007DCF7DCF9DCFFFFFFFFFFFFFFFFFFFFF95
:10F18000FFFFFFFFFFFFFFFFFFFFFFFFFFFFFFFF8F
:10F19000FFFFFFFFFFFFFFFFFFFFFFFFFFFFFFFF7F
:10F1A000FFFFFFFF7DCF7DCF7DCF7DCF8D7B6EB409
:10F1B0004B8B0DA46B8BCC930DA40DA40DA4EC9BD9
:10F1C000EC9B0DA40DA40DA40DA40DA44B8B8FB42A
:10F1D000EA7ABABE7DCF7DCF7DCFFFFFFFFFFFFF75
:10F1E000FFFFFFFFFFFFFFFFFFFFFFFFFFFFFFFF2F
:10F1F000FFFFFFFFFFFFFFFFFFFFFFFFFFFFFFFF1F
:10F20000FFFFFFFFFFFF7DCF7DCF7DCF7DCF7DCF88
:10F210006D7B8FB44B8B0DA4A9720A7B0DA40DA43A
:10F220008C93509C2F9C8C930DA40DA40DA40DA425
:10F23000AC93EDA32B8399BE7DCF7DCF7DCFFFC750
:10F24000FFFFFFFFFFFFFFFFFFFFFFFFFFFFFFFFCE
:10F25000FFFFFFFFFFFFFFFFFFFFFFFFFFFFFFFFBE
:10F26000FFFFFFFFFFFFFFFF9DCF7DCF7DCF7DCF56
:10F270007DCF7DCF6D7B8FB42B8B0DA40DA40DA402
:10F280000DA40DA46C83FEFFFEFF4C830DA40DA402
:10F290000DA40DA4CC9BEDA32B8399BE7DCF7DCF78
:10F2A0007DCF9DCF7CCFFFFFFFFFFFFFFFFFFFFF65
:10F2B000FFFFFFFFFFFFFFFFFFFFFFFFFFFFFFFF5E
:10F2C000FFFFFFFFFFFFFFFFFFFF7CCF7DCF7DCF65
:10F2D0007DCF7DCF7DCF7DCF6D7B8FB42B8B0DA46C
:10F2E0000DA40DA40DA40DA46C8B5BEF7CF74C83D7
:10F2F0000DA40DA40DA40DA4EC9B2DAC2B8399BEE5
:10F300007DCF7DCF7DCF7DCF7DCF7DCFFFFFFFFF39
:10F31000FFFFFFFFFFFFFFFFFFFFFFFFFFFFFFFFFD
:10F32000FFFFFFFFFFFFFFFFFFFFFFFFFFFF7DCF9F
:10F330007DCF7DCF7DCF7DCF7DCF7DCF6D7B8FB4DA
:10F340002B8B0DA40DA40DA40DA40DA46C8BB9DE04
:10F3500057D62B830DA40DA40DA40DA4CC9BCD9B3F
:10F360002B8399BE7DCF7DCF7DCF7DCF7DCF7DCFD0
:10F370007DCFFFFFFFFFFFFFFFFFFFFFFFFFFFFF4F
:10F38000FFFFFFFFFFFFFFFFFFFFFFFFFFFFFFFF8D
:10F390007DCF7DCF7DCF7DCF7DCF7DCF7DCF7DCF0D
:10F3A0006D7B8FB42B8B0DA40DA40DA40DA40DA407
:10F3B0006C8BB9DE58D64B830DA40DA40DA40DA4FF
:10F3C0000DA48FBC2B8399BE7DCF7DCF7DCF7DCF0C
:10F3D0007DCF7DCF7DCF7DCFFFFFFFFFFFFFFFFF05
:10F3E000FFFFFFFFFFFFFFFFFFFFFFFFFFFFFFFF2D
:10F3F0009DCF7DCF9DCFBEDF7DCF7DCF7DCF7DCF1C
:10F400007DCF7DCF6D7B8FB42B8B0DA40DA40DA470
:10F410000DA40DA46C8BB9DE58D64B830DA40DA49E
:10F420000DA40DA40DA4AFBC2B8399BE7DCF7DCFC1
:10F430007DCF7DCF7DCF7DCF7DCF9DCFFFFFFFFFE8
:10F44000FFFFFFFFFFFFFFFFFFFFFFFFFFFFFFFFCC
:10F45000FFFF7DCF7DCFBEE7BEE7BEE77DCF7DCF8F
:10F460007DCF7DCF7DCF7DCF6D7B8FB42B8B0DA4DA
:10F470000DA40DA40DA40DA46C8BB9DE57D64B833F
:10F480000DA40DA40DA40DA40DA4AFBC2B8399BE97
:10F490007DCF7DCF7DCF7DCF7DCF7DCF7DCF7DCF0C
:10F4A0007DD7FFFFFFFFFFFFFFFFFFFFFFFFFFFF16
:10F4B000FFFFFFFFFFFFBEE7BEE7DEEFBEDFDEE7D9
:10F4C000BEDFBEE77DCF7DCF7DCF7DCF6D7B8FB49F
:10F4D0002B8B0DA40DA40DA40DA40DA46C8BB9DE73
:10F4E00037D62B830DA40DA40DA40DA40DA4AFBC81
:10F4F0002B8399BE7DCF7DCFF7AD7DCF7DCF7DCFE7
:10F500007DCF7DCF9DCFFFFFFFFFFFFFFFFFFFFF01
:10F51000FFFFFFFFFFFFFFFFDFEF9DD79DD7BEE798
:10F52000BEE7BEE7BEE7BEE77DCF7DCF7DCF7DCF17
:10F530006D7B8FB42B8B0DA40DA40DA40DA40DA475
:10F540006C8BB9DE17CE2B830DA40DA40DA40DA4D6
:10F550000DA4AFBC2B8399BE7DCF7DCF349D7DCFD5
:10F560007DCF7DCF7DCF7DCF9DCFFFFFFFFFFFFF05
:10F57000FFFFFFFFFFFFFFFFFFFFFFFF7DCF7DCFFF
:10F580007DCFBEE79DCF7DCF7DCF7DCF7DCF7DCFA2
:10F5900058B65094AA6A8FB42B8B0DA40DA40DA459
:10F5A0000DA40DA46C8BB9DE17CE2B830DA40DA476
:10F5B0000DA40DA4AC938FBC2B8399BE7CCF59B600
:10F5C000549D99BE7DCF7DCF7DCF99BE7DCFFFFF6E
:10F5D000FFFFFFFFFFFFFFFFFFFFFFFFFFFFFFFF3B
:10F5E0009DCF7DCF7DCF7DCF7DCF7DCF7DCF7DCF9B
:10F5F0007DCFBABEB19CFEFF8D8B8FB42B8B0DA43B
:10F600000DA40DA40DA40DA46C8BB9DE17CE2B8315
:10F610000DA40DA40DA40DA4EDA32B8B2B7B909416
:10F620000B9CEAC44AD5AABCCB93F6ADD6AD17AEB7
:10F630009DD7FFFFFFFFFFFFFFFFFFFFFFFFFFFF64
:10F64000FFFFFFFF7DCF7DCF7DCF7DCF7DCF7DCFF6
:10F650007DCF7CCFFBC6B2949DF7FEFF8D8B8FB420
:10F660002B8B0DA40DA40DA40DA40DA46C8BB9DEE1
:10F67000DAE64C830DA40DA40DA40DA40DA4AFBC1B
:10F68000C8722AD509CD2AD52AD52AD5AAE5AAB481
:10F6900054A59DCFFFFFFFFFFFFFFFFFFFFFFFFF11
:10F6A000FFFFFFFFFFFFFFFF9DCF7DCF7DCF7DCF12
:10F6B0007DCF7DCFFBC60F8C34B56D7BFEFFFEFF8B
:10F6C0008D8B8FB42B8B0DA40DA40DA40DA4AC9326
:10F6D000509CB9DEDAE60F94AC930DA40DA40DA4F2
:10F6E0000DA4AFBC4AD54AD56BFE6BFE6BFE6BFE1C
:10F6F0004BF66BFE0B9CFBC69DCFFFFFFFFFFFFF92
:10F70000FFFFFFFFFFFFFFFFFFFFFFFFFFFF7DCFBB
:10F710007DCF7DCF3BC7F39C8E7B9DF7FEFFFEFF29
:10F72000B9DE58D68D8B8FB42B8B0DA40DA40DA4F0
:10F730000DA48D8BFEFF71B4D2BCFEFF8C8B0DA48B
:10F740000DA4CC9BCB6A6F736E73AA934BFE6BFEBA
:10F750006BFE6BFE6BFE6BFEEBEDD19C9DCFFFFF56
:10F76000FFFFFFFFFFFFFFFFFFFFFFFFFFFFFFFFA9
:10F77000FFFF5DD79DCF3CC7108C5CF7FEFFFEFFFF
:10F780003BEF37D617CEFEFF8D8B8FB42B8B0DA49E
:10F790000DA40DA40DA42F9CFEFFABAACBAAFEFFC7
:10F7A0000F940DA40DA4CB6AF97C1A7D1A7D977471
:10F7B000EA9B6AD5EA9B8AB44BFE6BFE6BFE4E94C5
:10F7C0007DCF7DCFFFFFFFFFFFFFFFFFFFFFFFFFAD
:10F7D000FFFFFFFFFFFFFFFFFFFFEF833BEFFEFF9A
:10F7E0005CF717CEB9DEFEFFFEFFFEFF8D8B8FB4F8
:10F7F0002B8B0DA40DA40DA40DA46C8BFEFFF7D5CF
:10F8000037D6DEFF6C838B8B6B8B4F6B1A7D1A7D2B
:10F810001A7D1A7D4D73D173F97C76744B7B6BFE28
:10F820006BFE4E94D6AD2C730842FFFFFFFFFFFF27
:10F83000FFFFFFFFFFFFFFFFFFFFFFFFFFFFAA6AC2
:10F840009CF7FEFFFAE6FEFFFEFFFEFFFEFFFEFF57
:10F850008D8B8FB44B8B0DA40DA40DA40DA4AC9374
:10F86000CE8B99DE78D68D8BCB6AF373716BF36B8D
:10F870001A7DF97C1A7D1A7D1A7D1A7D1A7D1A7DF2
:10F880005674AABC2BF6D19C7DCF7DCFFFFFFFFF26
:10F89000FFFFFFFFFFFFFFFFFFFFFFFFFFFFFFFF78
:10F8A000FFFFC7513094FEFFFEFFFEFFFEFFFEFF8D
:10F8B000FEFFFEFFEE934EB44B8B0DA40DA40DA4E2
:10F8C0000DA40DA4EC9B4B8BAA6AEC6AB26B1A7D5B
:10F8D0001A7DB874146CD87C1A7D1A7D1A7D1A7D35
:10F8E0001A7DF97C3574A96A0FDE7CCF7DCF7DCF80
:10F8F000FFFFFFFFFFFFFFFFFFFFFFFFFFFFFFFF18
:10F90000FFFFFFFFFFFFFFFF28622C7BCE8BB29C27
:10F91000D29CD29CD29CF3A495B54B8B8FB40A8316
:10F92000AC930DA40DA40DA40DA4EB7277741A7DF5
:10F930001A7DF97C146CB26B1A7D1A7D1A7D1A7DC2
:10F940001A7D1A7D1A7D35741A7DF97C6E6B3CC761
:10F950007DCFFFFFFFFFFFFFFFFFFFFFFFFFFFFF69
:10F96000FFFFFFFFFFFFFFFFFFFFFFFFFFFFFFFFA7
:10F97000FFFF9DCF7DCF7DCF7DCF7DCF7CCFAA6A8E
:10F980002EACD0C40DA46B938C938C938C930E6B84
:10F990001A7D1A7DF46B356C1A7D1A7D1A7D1A7DDD
:10F9A0001A7D1A7D1A7D1A7D1A7D1A7D1A7D1A7D9F
:10F9B0007674349D7DCFFFFFFFFFFFFFFFFFFFFF4A
:10F9C000FFFFFFFFFFFFFFFFFFFFFFFFFFFFFFFF47
:10F9D000FFFFFFFFFFFF5DCF7DCF7DCF7DCF7DCFD1
:10F9E0007DCFFABECB6A2B83CC9BEDA3EDA3EDA319
:10F9F000EDA30E6B1A7D1A7DB87C1A7D1A7D1A7DD7
:10FA00001A7D1A7D1A7D1A7D1A7D1A7D1A7D1A7D3E
:10FA10001A7D1A7D56741084FFFFFFFFFFFFFFFF62
:10FA2000FFFFFFFFFFFFFFFFFFFFFFFFFFFFFFFFE6
:10FA3000FFFFFFFFFFFFFFFFFFFFFFFF7DCF7DCF3A
:10FA40007DCF7DCF7DCF7DCF7DCF38B6139DF39C0D
:10FA5000F39CF39CF39C4D7335741A7D1A7D1A7DCB
:10FA60001A7D1A7D1A7D1A7D1A7D1A7D1A7D1A7DDE
:10FA70001A7D1A7D1A7DD87C8C5A2549FFFFFFFF1D
:10FA8000FFFFFFFFFFFFFFFFFFFFFFFFFFFFFFFF86
:10FA9000FFFFFFFFFFFFFFFFFFFFFFFFFFFFFFFF76
:10FAA000FFD77DCF7DCF7DCF7DCF7DCF7DCF7DCF6C
:10FAB0007DCF7DCF7DCF7DCF7DCF7DCF349DF07B42
:10FAC0008F73D07BD07BD07BD07B779DB89DD07B54
:10FAD000AF738C5A4B524B524B522952A449FFFFE1
:10FAE000FFFFFFFFFFFFFFFFFFFFFFFFFFFFFFFF26
:10FAF000FFFFFFFFFFFFFFFFFFFFFFFFFFFFFFFF16
:10FB0000FFFFFFFFFFFFBDC77DCF7DCF7DCF7DCF47
:10FB10007DCF7DCF7DCF7DCF7DCF7DCF7DCF7DCF85
:10FB20007DCF7DCF5DD77DCF7DCF7DCF7DCF7DCF8D
:10FB30007DCF7DCF7DCFFFFFFFFFFFFFFFFFFFFFEB
:10FB4000FFFFFFFFFFFFFFFFFFFFFFFFFFFFFFFFC5
:10FB5000FFFFFFFFFFFFFFFFFFFFFFFFFFFFFFFFB5
:10FB6000FFFFFFFFFFFFFFFFFFFFFFFF5DD77DCF21
:10FB70007DCF7DCF7DCF7DCF7DCF7DCF7DCF7DCF25
:10FB80007DCF7DCF7DCFFFFFFFFFFFFF9DCF7DCFDF
:10FB90009DCF9DCF7DCFFFFFFFFFFFFFFFFFFFFF4B
:10FBA000FFFFFFFFFFFFFFFFFFFFFFFFFFFFFFFF65
:10FBB000FFFFFFFFFFFFFFFFFFFFFFFFFFFFFFFF55
:10FBC000FFFFFFFFFFFFFFFFFFFFFFFFFFFFFFFF45
:10FBD000FFFFFFFF7DCF7DCF7DCF7DCF7DCF7DCF61
:10FBE0007DCF7DCF7DCFFFFFFFFFFFFFFFFFFFFF3B
:10FBF000FFFFFFFFFFFFFFFFFFFFFFFFFFFFFFFF15
:10FC0000FFFFFFFFFFFFFFFFFFFFFFFFFFFFFFFF04
:10FC1000FFFFFFFFFFFFFFFFFFFFFFFFFFFFFFFFF4
:10FC2000FFFFFFFFFFFFFFFFFFFFFFFFFFFFFFFFE4
:10FC3000FFFFFFFFFFFFFFFFFFFFFFFFFFFF9CCF67
:10FC40009DCF7DCFFFFFFFFFFFFFFFFFFFFFFFFF08
:10FC5000FFFFFFFFFFFFFFFFFFFFFFFFFFFFFFFFB4
:10FC6000FFFFFFFFFFFFFFFFFFFFFFFFFFFFFFFFA4
:10FC7000FFFFFFFFFFFFFFFFFFFFFFFFFFFFFFFF94
:10FC8000FFFFFFFFFFFFFFFFFFFFFFFFFFFFFFFF84
:10FC9000FFFFFFFFFFFFFFFFFFFFFFFFFFFFFFFF74
:10FCA000FFFFFFFFFFFFFFFFFFFFFFFFFFFFFFFF64
:10FCB000FFFFFFFFFFFFFFFFFFFFFFFFFFFFFFFF54
:10FCC000FFFFFFFFFFFFFFFFFFFFFFFFFFFFFFFF44
:10FCD000FFFFFFFFFFFFFFFFFFFFFFFFFFFFFFFF34
:10FCE000FFFFFFFFFFFFFFFFFFFFFFFFFFFFFFFF24
:10FCF000FFFFFFFFFFFFFFFFFFFFFFFFFFFFFFFF14
:10FD0000FFFFFFFFFFFFFFFFFFFFFFFFFFFFFFFF03
:10FD1000FFFFFFFFFFFFFFFFFFFFFFFFFFFFFFFFF3
:10FD2000FFFFFFFFFFFFFFFFFFFFFFFFFFFFFFFFE3
:10FD3000FFFFFFFFFFFFFFFFFFFFFFFFFFFFFFFFD3
:10FD4000FFFFFFFFFFFFFFFFFFFFFFFFFFFFFFFFC3
:10FD5000FFFFFFFFFFFFFFFFFFFFFFFFFFFFFFFFB3
:10FD6000FFFFFFFFFFFFFFFFFFFFFFFFFFFFFFFFA3
:10FD7000FFFFFFFFFFFFFFFFFFFFFFFFFFFFFFFF93
:10FD8000FFFFFFFFFFFFFFFFFFFFFFFFFFFFFFFF83
:10FD9000FFFFFFFFFFFFFFFFFFFFFFFFFFFFFFFF73
:10FDA000FFFFFFFFFFFFFFFFFFFFFFFFFFFFFFFF63
:10FDB000FFFFFFFFFFFFFFFFFFFFFFFFFFFFFFFF53
:10FDC000FFFFFFFFFFFFFFFFFFFFFFFFFFFFFFFF43
:10FDD000FFFFFFFFFFFFFFFFFFFFFFFFFFFFFFFF33
:10FDE000FFFFFFFFFFFFFFFFFFFFFFFFFFFFFFFF23
:10FDF000FFFFFFFFFFFFFFFFFFFFFFFFFFFFFFFF13
:10FE0000FFFFFFFFFFFFFFFFFFFFFFFFFFFFFFFF02
:10FE1000FFFFFFFFFFFFFFFFFFFFFFFFFFFFFFFFF2
:10FE2000FFFFFFFFFFFFFFFFFFFFFFFFFFFFFFFFE2
:10FE3000FFFFFFFFFFFFFFFFFFFFFFFFFFFFFFFFD2
:10FE4000FFFFFFFFFFFFFFFFFFFFFFFFFFFFFFFFC2
:10FE5000FFFFFFFFFFFFFFFFFFFFFFFFFFFFFFFFB2
:10FE6000FFFFFFFFFFFFFFFFFFFFFFFFFFFFFFFFA2
:10FE7000FFFFFFFFFFFFFFFFFFFFFFFFFFFFFFFF92
:10FE8000FFFFFFFFFFFFFFFFFFFFFFFFFFFFFFFF82
:10FE9000FFFFFFFFFFFFFFFFFFFFFFFFFFFFFFFF72
:10FEA000FFFFFFFFFFFFFFFFFFFFFFFFFFFFFFFF62
:10FEB000FFFFFFFFFFFFFFFFFFFFFFFFFFFFFFFF52
:10FEC000FFFFFFFFFFFFFFFFFFFFFFFFFFFFFFFF42
:10FED000FFFFFFFFFFFFFFFFFFFFFFFFFFFFFFFF32
:10FEE000FFFFFFFFFFFFFFFFFFFFFFFFFFFFFFFF22
:10FEF000FFFFFFFFFFFFFFFFFFFFFFFFFFFFFFFF12
:10FF0000FFFFFFFFFFFFFFFFFFFFFFFFFFFFFFFF01
:10FF1000FFFFFFFFFFFFFFFFFFFFFFFFFFFFFFFFF1
:10FF2000FFFFFFFFFFFFFFFFFFFFFFFFFFFFFFFFE1
:10FF3000FFFFFFFFFFFFFFFF04C84006881300001C
:10FF4000B0EB0408FFFFFFFFFFFFFFFFFFFFFFFF16
:10FF5000FFFFFFFFFFFFFFFFFFFFFFFFFFFFFFFFB1
:10FF6000FFFFFFFFFFFFFFFFFFFFFFFFFFFFFFFFA1
:10FF7000FFFFFFFFFFFFFFFFFFFFFFFFFFFFFFFF91
:10FF8000FFFFFFFFFFFFFFFFFFFFFFFFFFFFFFFF81
:10FF9000FFFFFFFFFFFFFFFFFFFFFFFFFFFFFFFF71
:10FFA000FFFFFFFFFFFFFFFFFFFFFFFFFFFFFFFF61
:10FFB000FFFFFFFFFFFFFFFFFFFFFFFFFFFFFFFF51
:10FFC000FFFFFFFFFFFF9EF7BBDED7BD14A5F39C2D
:10FFD00014A555AD18C61CE7DFFFFFFFFFFFFFFFAD
:10FFE000FFFFFFFFFFFFFFFFFFFFFFFFFFFFFFFF21
:10FFF000FFFFFFFFFFFFFFFF1CE7F4A40C630842B5
:020000040805ED
:10000000252904210421E318E318E42004216631A2
:10001000494A8E73B6B59EF7FFFFFFFFFFFFFFFF54
:10002000FFFFFFFFFFFFFFFFFFFFFFFF59CE8E73B4
:1000300086310421E31804214529A6310842294AC2
:100040002842E841863104210421E3180421284292
:10005000718C5DEFFFFFFFFFFFFFFFFFFFFFFFFF63
:100060007DEFAF7B652904212421A6310C63B29476
:1000700039CEFCE67EF7DFFFBEF75DEFBBDEB7BD36
:10008000518C694A65290421E420E84114A5FFFF49
:10009000FFFFFFFFFFFFF8C5E84124210421E739F6
:1000A000718CFBDEFFFFFFFFFFFFFFFFFFFFFFFF86
:1000B000FFFFFFFFFFFFFFFFFFFFFFFF39CE8E7344
:1000C0008631E42004210C63FCE6FFFF1CE72421B9
:1000D0000421452930843DEFFFFFFFFFFFFFDFFFD5
:1000E000BBDE96B5F39C9294929414A5F8C53CE7B8
:1000F000FFFFFFFFFFFFFFFF79CEEB5A2421C3185C
:10010000AA52DFFFFFFFB39CA63118C6FFFFFFFF17
:10011000FFFF7AD61084294A45290421E420E318F8
:10012000C318E4200421C739CB5AD39C5DEFFFFFED
:10013000FFFFFFFF7294A73979CEFFFFFFFFFFFF9C
:100140007DEFFFFFFFFFDBDE6D6B4529C318042148
:100150004529A739294A8A52694AE8418631E31874
:10016000E4202421C7399294DFFFFFFFFFFF7EF7D1
:10017000FFFFFFFFFFFFFFFFFFFFDFFFD39C6631A5
:10018000042104210842CF7BB7BD1CE7BEF7DFFF87
:10019000FFFF9EF7BAD614A50C63863104212421F3
:1001A000694A39CEFFFFFFFFFFFFFFFFFFFFFFFFA1
:1001B000FFFFDFFFCB5AA3188631B2947EF7FFFF13
:1001C000FFFFFFFFFFFFFFFFFFFFFFFFFFFFFFFF3F
:1001D000FFFF7AD64D6B0421E31834A5FFFFFFFF24
:1001E000FFFFFFFFFFFFFFFFFFFFFFFF9EF7AE7365
:1001F000FBDEFFFFFFFFFFFF3DEFD7BDD39C308449
:10020000518C34A559CEDFFFFFFFFFFFFFFF14A580
:10021000518CFFFFFFFFFFFFFFFFFFFFFFFFFFFF0F
:10022000FFFFFFFFFFFFFFFFFFFFFFFFDBDEAE7300
:10023000C7390421E318C318C318E3184529694ACC
:10024000D39C9EF7FFFFFFFFFFFFFFFFFFFFFFFFB6
:10025000FFFFFFFFFFFFFFFFFFFFFFFFFFFFFFFFAE
:10026000FFFFF4A42529E42045292529494ACB5A32
:100270008A52E8412529E4200421294ADBDEFFFFD8
:10028000FFFFFFFFFFFFFFFFFFFFFFFFFFFFFFFF7E
:10029000FFFFFFFFFFFFFFFFFFFFF8C54529863186
:1002A000518CBAD6FFFFFFFFFFFF9EF7D7BD4D6B06
:1002B000E318AA527EF7FFFFFFFFFFFFFFFFFFFFDC
:1002C000FFFFFFFFFFFFFFFFFFFFFFFFFFFFFFFF3E
:1002D000FFFFFFFF39CEDBDEFFFFFFFFBFFF76B57D
:1002E00018C6FFFFFFFFFFFFB6B57EF7FFFFFFFF5A
:1002F000FFFFFFFFFFFFFFFFFFFFFFFFFFFFFFFF0E
:10030000FFFFFFFFFFFFFFFFFFFFFFFFFFFFFFFFFD
:10031000FFFF3CE7294AE3180421AF7BFFFFFFFF03
:10032000FFFFFFFFFFFFFFFFFFFFFFFFFFFFFFFFDD
:10033000FFFFFFFFFFFFFFFFFFFFFFFFFFFFFFFFCD
:10034000FFFFFFFFFFFFFFFFFFFF9294E420A739AD
:10035000863145299AD6FFFFFFFFFFFFFFFFFFFF12
:10036000FFFFFFFFFFFFFFFFFFFFFFFFFFFFFFFF9D
:10037000FFFFFFFFFFFFFFFFFFFFFFFFFFFFFFFF8D
:10038000FFFFB39CE4208631A6312421BBDEFFFFB2
:10039000FFFFFFFFFFFFFFFFFFFFFFFFFFFFFFFF6D
:1003A000FFFFFFFFFFFFFFFFFFFFFFFFFFFFFFFF5D
:1003B000FFFFFFFFFFFFFFFFFFFF7DEF494AE42044
:1003C00024211084FFFFFFFFFFFFFFFFFFFFFFFF60
:1003D000FFFFFFFFFFFFFFFFFFFFFFFFFFFFFFFF2D
:1003E000FFFFFFFFFFFFFFFFFFFFFFFFFFFFFFFF1D
:1003F000FFFFFFFFDFFFF7BD59CEFFFFFFFFFFFF4E
:10040000FFFFFFFFFFFFFFFFFFFFFFFFFFFFFFFFFC
:10041000FFFFFFFFFFFFFFFFFFFFFFFFFFFFFFFFEC
:10042000FFFFFFFFFFFFFFFFFFFFFFFFFFFFFFFFDC
:10043000FFFFFFFFFFFFFFFFFFFFFFFFFFFFFFFFCC
:10044000FFFFFFFFFFFFFFFFFFFFFFFF0470E00262
:100450000805000044FF040800003BFE40000000C7
:100460007DFD7000000008D403E2000007A101A98F
:100470000000002D00003C00000E00000F000000F6
:100480003B00000950005A00000F0000000E200041
:1004900001D000D300004B00000006B00000A2060F
:1004A000B000009500002BFFF400007FFE1000025A
:1004B000FFF900A7002D0000C10000000000099016
:1004C000F00008B48D40000000000000E0F00000E3
:1004D000576000000000000000F0E1000000000094
:1004E000000000000001E0A9000000000000000082
:1004F000000009901CFFFFFFFFFFFFFFFFFFFFFB56
:10050000000099000000000000000009900000D1E8
:10051000000000000000000001D00000F00000001A
:10052000000000000000F00000F0000000000000EB
:10053000000000F00000C200000000000000000207
:10054000B000008B00000000000000000B80003EA7
:10055000FFFFFFFFFFFFFFFFFFFFFE20B9000000CE
:100560000000000000000009A0F0000000000000F2
:100570000000000000F0F00000000000000000009B
:100580000000F0E00000000000000000000000E0BB
:10059000990000000000000000000009A00AFFFF11
:1005A000FFFFFFFFFFFFFFFFFA000000000004AFA6
:1005B000FFD50000000000000000004E50003E107B
:1005C0000000000000000000B4000009600000000E
:1005D000002AFFFFFFF3000007FFFFFFFB20A90039
:1005E00000000000000000000009C0F00000000052
:1005F00000000000000000F0F0000000295661003B
:1006000000000000F0F0000000D000092000000011
:1006100000F0F00000AF500003FFFFB00000F0F06A
:100620000000B40000000000B00000F0F70004E09B
:100630000000000000C40007C0FBFFFC40000000F9
:1006400000002AFFFCF0E0000000000000000000B5
:100650000000E0970000000000000000000005A07E
:100660000AFFFD00000CFFE000008BBE200000B57B
:1006700000005B05900001E310000001D00000299C
:10068000DD1000069000000003B000000000000034
:100690000D3000000002D10000000000001DB40079
:1006A00000006BFFCA4000000000005DD5000AC4D6
:1006B0003330000000000000003D700F000000001B
:1006C00000000000000001F00F0000000000005AD0
:1006D00050000000F00D10000000017D95BC3000BE
:1006E00005B00990001369DD810004DB503E200055
:1006F0009EFFEB862000000004AED4000002AFFF96
:10070000E918EFFD707DFFE900000B910019FB1067
:1007100002CDC20019A0000F000002F100001F105E
:100720000000F0000F000000F000000F000000F0DB
:10073000000F000000F000000F000000F0003F85F7
:100740001006F200005F200000F006D747E4057DA8
:10075000300297D30000F00D30003D0003C00000D0
:100760001B0000F00F00000F0000E000000A100066
:10077000F02C00000F0000A40000066000F03B0019
:10078000000E000077000001A000F06800003B00B0
:10079000004B000000E000F09500003A00002D0042
:1007A0000000B200F0C200006700000F000000B3BC
:1007B00000F0F000009400001F000000C000F0F303
:1007C0000000D00001C900002B5000F0AF977D5011
:1007D00008CF90000FA30000F005FC83000FF1008C
:1007E000000F000000F004E000002FF000000F00F8
:1007F0000000F00B7000007EF000000F000000F021
:100800003E000000D9F000000F000000F0C500001D
:1008100003F3F000000F000000F0F0000009D0F03A
:1008200000000F000000F0D300003F40E100001F77
:10083000100000F03D5005E9008C2002CEB20019F6
:10084000A0019EFE700007DFFC709DFFE9000AFF1B
:10085000FFFFFFFFFFFFFFFFFFFA00A900000000FE
:1008600000000000000009A0F100000000000000EE
:1008700000000001F0F00000000000000000000097
:1008800000F0F00000000000000000000000F0A2F6
:100890000000000000000000000002A0291000007D
:1008A000000000000000001A2000CFFFF30000F05D
:1008B0000003FFFFC00007E500000000700000001B
:1008C00004E7000D500000000000000000004D0093
:1008D0000F000000000000000000000F000F0000EB
:1008E00040000030000070000F000F0000D000003A
:1008F000F00000F0000F000F0005800003F0000082
:10090000FB200F000F000D000008F0000004D00FC6
:10091000000F009600000DE0000000A30F000F0084
:10092000E000005BB0000000730F000F00E000006B
:10093000D392000000930F000F005C100BFFFC101F
:100940000002E00F000F0004CDD60007EFFFFE50BD
:100950000F000F000000000000000000000F000F5B
:10096000000000000000000000000F000F00000069
:10097000000000000000000F000A5000000000000E
:10098000000000005A0003E5000000000000000025
:1009900005E300003AFFFFFFFFFFFFFFFFFB400002
:1009A0000000B0011A1A01015201B0011A1A010126
:1009B000A402B0011A1A0101F603B0011A1A0101CA
:1009C0007051895BDE5D7F8900000000705100007E
:1009D00010380000C00905080000000004000300F2
:1009E00051290008B92800081C0000000000000080
:1009F0009C03002000000000000000005361000084
:100A000057650000546800004D6F000046720000FA
:100A100053750000547500004A756E6500000000B3
:100A20004D61726368000000417072696C000000E3
:100A3000446563656D626572000000005365707403
:100A4000656D6265720000004E6F76656D6265725D
:100A5000000000004F63746F626572004175677536
:100A6000737400004D6179004A756C7900000000D4
:100A70004A616E756172790046656272756172795C
:100A800000000000323032330A323032320A323063
:100A900032310A323032300A323031390A323031B2
:100AA000380A323031370A323031360A3230313595
:100AB0000A323031340A323031330A323031320ABC
:100AC000323031310A323031300A323030390A3284
:100AD0003030380A323030370A323030360A32306D
:100AE00030350A323030340A323030330A32303066
:100AF000320A323030310A323030300A3139393945
:100B00000A313939380A313939370A313939360A2F
:100B1000313939350A313939340A313939330A3101
:100B20003939320A313939310A313939300A3139F2
:100B300038390A313938380A313938370A313938D1
:100B4000360A313938350A313938340A31393833CF
:100B50000A313938320A313938310A313938300AF4
:100B6000313937390A313937380A313937370A31AB
:100B70003937360A313937350A313937340A31399C
:100B800037330A313937320A313937310A31393797
:100B9000300A313936390A313936380A313936377F
:100BA0000A313936360A313936350A313936340A9E
:100BB000313936330A313936320A313936310A3170
:100BC0003936300A313935390A313935380A31394F
:100BD00035370A313935360A313935350A31393543
:100BE000340A313935330A313935320A3139353140
:100BF0000A313935300A313934390A313934380A51
:100C0000313934370A313934360A313934350A3119
:100C10003934340A313934330A313934320A31390A
:100C200034310A313934300A313933390A31393300
:100C3000380A313933370A313933360A31393335E5
:100C40000A313933340A313933330A313933320A0C
:100C5000313933310A313933300A313932390A31D5
:100C60003932380A313932370A313932360A3139B4
:100C700032350A313932340A313932330A313932B4
:100C8000320A313932310A313932300A31393139A7
:100C90000A313931380A313931370A313931360AB6
:100CA000313931350A313931340A313931330A3188
:100CB0003931320A313931310A313931300A313979
:100CC00030390A313930380A313930370A31393060
:100CD000360A313930350A313930340A3139303356
:100CE0000A313930320A31393031000030310A30BE
:100CF000320A30330A30340A30350A30360A303797
:100D00000A30380A30390A31300A31310A313200BA
:100D10000A00000020000000210000002200000066
:100D20003123000023000000240000002500000003
:100D30002700000028000000290000002A00000011
:100D40002B0000002C0000002B2F2D002D00000098
:100D50002E0000002F0000003000000031000000D5
:100D600032000000330000003400000035000000B5
:100D70003600000037000000380000003900000095
:100D80003A0000003B0000003C0000003D00000075
:100D90003E0000003F000000400000004100000055
:100DA00042000000414243004300000044000000B4
:100DB0004500000046000000470000004800000019
:100DC000490000004A0000004B0000004C000000F9
:100DD0004D0000004E0000004F00000050000000D9
:100DE00051000000520000005300000054000000B9
:100DF0005500000056000000570000005800000099
:100E0000590000005A0000005B0000005C00000078
:100E10005D0000005F000000610000006200000053
:100E20006162630063000000640000006500000070
:100E30006600000067000000690000006A00000012
:100E40006B0000006D0000006E0000006F000000ED
:100E500070000000710000007200000073000000CC
:100E600074000000750000007600000077000000AC
:100E700078000000790000007A0000007B0000008C
:100E80007D000000EF808C00EF819300EF819400E3
:100E9000EF959A00EF849C00EFA2A20000000000F2
:100EA00042746E310000000042746E320000000097
:100EB00042746E330000000042746E340000000083
:100EC00042746E35000000005B5732355136345D98
:100ED00020E5BC80E5A78BE58699E585A5206964BA
:100EE0003D25752C2073697A653D256C7520E5AD2F
:100EF00097E88A822C20E8B5B7E5A78BE59CB0E59A
:100F00009D803D3078253036580A00005B573235D9
:100F10005136345D20E58699E585A5E5AE8CE688F9
:100F200090EFBC8169643D25752C204352433136D6
:100F30003D3078253034582C20E59CB0E59D803D2F
:100F40003078253036587E3078253036580A000003
:100F5000700F050800000020C003000040050008D5
:100F600028110508C003002000D40000A8280008AC
:100F7000412D0102030404100906070809020406B2
:100F80000884A24A04691801541AAA01C15AFF012F
:100F90004102202D0266011E100A050808041A14D9
:100FA000041119041A04041A0C041EFC0905087023
:100FB000081A78041A20041A28041A64041A180457
:100FC0001A68041A5C041A3C041A54041A48041AD5
:100FD00030042EEC0C0508844849EE111FD81C0380
:100FE00008D81D041A1E041A1F0429109904411A56
:100FF00088201A88201A88201B2C20082910990480
:1010000001640617D4C3B2A16F1812F1AB0208CD68
:10101000A8020871A9020849AA020891101ABD0C79
:101020001AF9041A21101EA00E0508A8041AB0040B
:101030001E100D0508B8081AC0041A9C048112F08D
:101040003440010580C1F6CFD3BBD10896BDD42D65
:101050008C43A359993DD97A063BA578D1C065C583
:10106000B03D6EDBF73AF3624DC1CCEC73BBA0C16F
:1010700086BD39B77E433752363B7EFE7B3DF187D6
:1010800039C1F3C9AA3DD40CA93BC4667AC12ECBA1
:10109000B73DEC8497B9CEE5A4C1CA17B4BAE3FE54
:1010A000833D996E80C18010493ADACA8BBD4BE40A
:1010B0007A438F39AFBDEA784CB9B35FA743438E0B
:1010C000ADBDDE214538E294A14326370ABB85ED4C
:1010D00087BD2F7E82439738F2BAE82E893D07EA12
:1010E0004CC108CAADBDA30653BA9CB2A643E50ADB
:1010F000AFBD5DA365BAF702A743C32A5EBB8A8E64
:10110000843DE5C1C6C05AFF0111021AA039200171
:101110001F180A58040508A0090508CC0461150128
:08112000089403C22000000046
:0400000508000131BD
:00000001FF
