:020000040800F2
:1000000008E40020DD0100081F2B0008091D00087E
:10001000212A000889110008F93B000800000000AF
:100020000000000000000000000000004501000882
:10003000111200080000000089010008D5360008F0
:10004000F7010008F7010008F7010008F7010008B0
:10005000F7010008F7010008F7010008F7010008A0
:10006000F7010008F7010008F7010008F701000890
:10007000F7010008F7010008F7010008F701000880
:10008000F7010008F7010008F7010008F701000870
:10009000F7010008F7010008F7010008F701000860
:1000A000F7010008F7010008F7010008F701000850
:1000B000F7010008F7010008F7010008F701000840
:1000C000F7010008F7010008F7010008F701000830
:1000D000F701000889370008F70100080538000813
:1000E000F7010008F7010008F7010008F701000810
:1000F000F7010008F7010008F7010008F701000800
:10010000F7010008F7010008F7010008F7010008EF
:10011000F7010008F7010008F7010008F7010008DF
:10012000F7010008F7010008F7010008F7010008CF
:10013000DFF80CD000F01CFC0048004765CB02083B
:1001400008E40020224B19680868B0E8F00F80F33B
:100150000988BFF36F8F4FF0000080F311884EF0D5
:100160000D0E70470000000006480068006880F32C
:10017000088862B661B6BFF34F8FBFF36F8F00DFA1
:1001800000BF00BF08ED00E0EFF30980BFF36F8F01
:100190000F4B1A6820E9F00F106008B54FF05000BF
:1001A00080F31188BFF34F8FBFF36F8F32F0BEFF24
:1001B0004FF0000080F31188BDE808401968086816
:1001C000B0E8F00F80F30988BFF36F8F704700BF6E
:1001D00028000020EFF305807047000006488047A4
:1001E00006480047FEE7FEE7FEE7FEE7FEE7FEE71C
:1001F000FEE7FEE7FEE7FEE72937000831010008C9
:100200002DE9F05F0546002092469B46884606464B
:10021000814640241BE0284641464746224600F0DE
:10022000D0FA53465A46C01A914110D31146184687
:10023000224600F0B7FA2D1A67EB01084F46224616
:100240000120002100F0AEFA17EB00094E41201EFC
:10025000A4F10104DFDC484631462A464346BDE8A6
:10026000F09F000038B5D0E90221491E01EB4101A1
:1002700002EBC1014268C1EB011102EB810102688E
:10028000C1EB011102EB8102D0E9043101EB410124
:1002900003EB81013023A1F5527191FBF3F4174D6B
:1002A0006C4302EBC41291FBF3F403FB14110092B4
:1002B0001A2902DB124B1A4400920C2291FBF2F332
:1002C000104C6343009C04EBC313009391FBF2F3C7
:1002D00002FB13110C4A08E0491E40F2A324535CB0
:1002E0006343009C04EBC31300930029F4DC014634
:1002F000684600F07DFA009838BD00003F0C0F0002
:100300008051010067C203007C29050840EA01030F
:100310009B0703D009E008C9121F08C0042AFAD2BB
:1003200003E011F8013B00F8013B521EF9D270477F
:10033000D2B201E000F8012B491EFBD27047002227
:10034000F6E710B513460A4604461946FFF7F0FFD4
:10035000204610BD421E12F8013F002BFBD111F8C0
:10036000013B02F8013B002BF9D1704730B505463F
:100370002A460B4612F8010B13F8014B08B1A042B4
:10038000F8D01CB1002802D06D1CF1E7284630BD22
:10039000421C10F8011B0029FBD1801A704710B5D0
:1003A000002200E0521C835C8C5CA34201D1002B34
:1003B000F8D1D8B2E1B2401A10BD30B504460020E1
:1003C000034600E05B1C934203D2E05CCD5C401B23
:1003D000F8D030BD034611F8012B00F8012B002A9C
:1003E000F9D11846704700000FB400B58DB010A9C0
:1003F00009900B9000914FF0FF300A9000200C9074
:1004000005480690054807906A4609A80F9900F02C
:1004100049FA0DB05DF814FBC1080008DF080008B8
:100420002DE9FF5F1D464FF0FF3BD5E901469146A0
:100430005F464FF00008A9697F1C01988847296A28
:10044000824688470028F6D1BAF1FF3F0CD024F449
:10045000C064002E19DD600614D5BAF12B0F09D047
:10046000BAF12D0F0ED103E0584604B0BDE8F09F5D
:1004700044F48064A9697F1C01988847761E8246EF
:10048000002E02DDBAF1300F03D0B9F1000F26D0F3
:1004900032E0A969761E44F400747F1C01988847F5
:1004A0008246002E05DDBAF1780F06D0BAF1580F5A
:1004B00003D0B9F1000F10D01EE0B9F1000F02D047
:1004C000B9F1100F18D1A969761E24F400747F1CAD
:1004D000019888478246102002E0082000E00A20A8
:1004E000814609E008FB0908A969761E44F40074F6
:1004F0007F1C019888478246002E05DD49465046FC
:1005000000F0BCF90028EDDAE96901988847A005F8
:1005100002D46FF00100A8E7E00725D1600613D5EB
:10052000600502D5C8F1000000E0404629680A1DB8
:100530002A600968220501D5087015E0220701D557
:10054000088011E008600FE02868011D296000683C
:10055000210502D580F8008006E0210702D5A0F829
:10056000008001E0C0F8008038467EE72DE9FF5F9B
:10057000D2E901A74FF00008916999461446DDF8C9
:1005800038B0464601988847054659EA0B0005D021
:1005900009E0A169761C019888470546216A28462A
:1005A00088470028F5D1681C03D05FEACA7005D0DF
:1005B00015E04FF0FF3004B0BDE8F09F2068011D4A
:1005C0002160D0F800800AE05FEACA7001D108F823
:1005D000015BA169761C7F1E019888470546002FA4
:1005E0001ADD681C18D0B9F1000F0DD0E81705EB23
:1005F000D060421120F01F0059F822102A1A012061
:1006000090400142E0D107E0BBF1000FDCD1216A4C
:10061000284688470028D7D0E16901988847BBF170
:10062000000F07D1002E05DD5FEACA7002D100215C
:1006300088F80010A068B84203DDBBF1000F03D0BA
:1006400017B16FF00100B6E73046B4E7F0B480EAC6
:100650000102D40F4200B2EB410F02D2024608461B
:1006600011464A0042D0C30DDDB2C1F3C752AD1AE4
:10067000202D35DAC1F3160141F4000204B15242D3
:10068000C5F1200602FA06F12A411044B3EBD05F0F
:1006900023D0C4B1012DA0EBC35009DCF0BC4FF056
:1006A000004202EAC352DBB200F5000000F031B9AB
:1006B000400000F1807000EBC350A0F1807040EA70
:1006C000D170490009E0490841EAC071A0EBC3506C
:1006D00000F50000400800EBC350F0BC00F010B97A
:1006E0006142012202EB4101001BF6E7F0BC7047BA
:1006F00081F00041AAE780F00040A7E780EA01020C
:1007000010B502F00043400022D04A001FD0010E75
:1007100001EB1261C0F35600C2F3560240F4000030
:1007200042F40002A0FB022000047F39140400D030
:10073000401C50EA124001D44000491EC2B20C06CF
:1007400004EBD010401C4008802A02D003E00020B7
:1007500010BD20F00100002900DA0020184310BD70
:10076000C10F80EAE0700844CA079623002100F018
:10077000D0B800F0004220F00040C10DC0F31600D8
:1007800040F400007F2901DA00207047962903DC3D
:10079000C1F19601C84001E096398840002AF4D0A2
:1007A00040427047202A04DB203A00FA02F1002080
:1007B00070479140C2F1200320FA03F3194390409F
:1007C0007047202A04DB203A21FA02F0002170470A
:1007D00021FA02F3D040C2F12002914008431946A9
:1007E00070470000014900F003B80000D8DF002086
:1007F00010B500683C22B0FBF2F302FB1303B0FB20
:10080000F2F00B60B0FBF2F302FB1303B0FBF2F06B
:1008100018224B60B0FBF2F302FB1303B0FBF2F0C3
:10082000021D8B600723B2FBF3F403FB142280004C
:1008300040F2B55300F66C308A61B0FBF3F2B0FBC6
:10084000F3F403FB1400443280084A61C8613B287A
:1008500002D3920700D0401C0022074C13460A61C5
:10086000E25C824203D8801A5B1C0B61F8E7401CF3
:10087000C860084610BD0000882905083A2800D243
:10088000303820F02002412A01D3A2F137008842FB
:1008900001D34FF0FF3070470268114413780160B4
:1008A00018467047D1600449516104491162002122
:1008B0001161114600F074B8990800089509000804
:1008C000426842B1016811F8013B23B1521EC0E9F0
:1008D0000012184670470121C160881E70474268A7
:1008E0005AB1C368016843B983688B4205D0491E79
:1008F000521CC0E90012002070474FF0FF307047D3
:100900000029A8BF7047401C490008BF20F0010023
:10091000704710B4B0FA80FC00FA0CF050EA010401
:1009200004BF10BC704749B1CCF1200421FA04F493
:1009300011FA0CF118BF012121430843A3EB0C016C
:10094000CB1D4FEA00614FEA102042BF002010BCCF
:10095000704700EBC35010440029A4BF10BC70477F
:10096000401C490008BF20F0010010BC7047000087
:10097000064C074D06E0E06840F0010394E80700EC
:1009800098471034AC42F6D3FFF7D6FBD02F0508BA
:10099000F02F0508C0B24FF4F05100F097B90000F5
:1009A0002DE9F34F8BB04FF0000801F10C000C461D
:1009B0004FF0010B46460DF1080A019062690121D2
:1009C00001989047051E2DD0252D2CD0216A8847EF
:1009D000C0B16269012101989047216A88470028C7
:1009E000F7D1411E62690198904700E0761CA16929
:1009F0000B988847216A88470028F7D1E1690B984E
:100A00008847DBE7A1690B9888470746A84201D1D0
:100A1000761CD3E7E1690B9888477F1C02D1B8F1B7
:100A2000000F6FD046E1002762693D4639460198C4
:100A300090472A2804D16269012101989047012535
:100A4000DFF884926269012101989047A0F130019A
:100A50000A290AD24F45E5DC07EB870100EB410785
:100A6000303FDFD445F01005ECE7E90601D46FF024
:100A700000476C280AD04C2814D0682815D06A2862
:100A80000DD074281CD07A281AD01DE0626901218B
:100A9000019890476C2802D045F0040514E045F019
:100AA00002050DE045F020050AE062690121019888
:100AB0009047682802D045F0080505E045F4006538
:100AC0006269012101989047C4E9015765283DD02A
:100AD00019DC58287AD00CDC452837D004DC2528CE
:100AE00026D0412831D131E046282FD047282CD1BB
:100AF0002CE05B2877D0612828D063287CD064283C
:100B000023D15AE0D0E06F2848D008DC66281DD0F9
:100B100067281BD0692821D06E2816D127E07028BD
:100B200045D0732868D0752847D078280DD14DE07E
:100B3000A1690B988847054625283FF469AFE1690C
:100B40000B9888476D1C3FF46AAFB3E023466A46B2
:100B50006FF001000B99AFF300809EE045F040007C
:100B60006060A80723464FF0000236D43EE0E80755
:100B70007FF447AF2068011D21600068290501D579
:100B800006701BE7290701D5068017E7A90703D5DB
:100B9000F117C0E9006111E706600FE745F040007A
:100BA0006060A80723464FF0080216D41EE040F606
:100BB0000E0125EA0100606016E045F0400060602B
:100BC000A80723464FF00A0207D40FE045F0400083
:100BD0006060A80708D5234610226FF001000B992A
:100BE000AFF3008059E007E0234610226FF00100C8
:100BF0000B99FFF715FC50E04FF000094F464B46AC
:100C0000632802D05B2806D040E0E80601D401202A
:100C1000A06001273AE062690121019890475E28AF
:100C200005D14FF001096269494601989047216951
:100C300039B900210A46534643F82120491C0829A6
:100C4000FADBB0B3216969B9C11700EBD162531166
:100C50000AEB830122F01F02821A01200B689040E8
:100C600003430B6062690121019890475D28E8D138
:100C7000B9F1000F09D00020514651F82020D2438D
:100C800041F82020401C0828F7DB02AB22460097E1
:100C90006FF001000B99FFF769FC00280CDA401C8B
:100CA00008D1BBF1000F05D04FF0FF300DB0BDE80B
:100CB000F08FFFE74046F9E7E90701D108F10108A5
:100CC00006444FF0000B79E6CCCCCC0C7F2801D940
:100CD000002208E0064A02EB5002C007127800D159
:100CE000120902F00F0201209040084070470000F6
:100CF0009429050870B58C1810F8015B15F00703EE
:100D000001D110F8013B2A1106D110F8012B03E0A4
:100D100010F8016B01F8016B5B1EF9D12B0705D4AC
:100D20000023521E0DD401F8013BFAE710F8013BF5
:100D3000CB1A921C03E013F8015B01F8015B521E11
:100D4000F9D5A142D8D3002070BD000008B50146F6
:100D500000200090034800900098084400900098FC
:100D6000008808BD006C004008B500220092044ACB
:100D70000092009A02440092009A116008BD00009F
:100D8000006C004010B5044621460648FFF7E2FA21
:100D900005A10448FFF7DEFA02490448006820F084
:100DA00057FE10BDD8D700200A000000880300209D
:100DB00010B50446012221460548006816F0D9FF07
:100DC000224604A10548006820F09AFE10BD0000EC
:100DD0008C030020256425250000000090030020DE
:100DE00038B505460C46204601F03EFC002003467F
:100DF0004FF4FA7209210090204628F025F9284680
:100E000022F00CFE01A003F035FC38BD55493A2014
:100E1000E887AAE6A380E5AE8CE688902C20E588DA
:100E200087E68DA2E588B0E4B8BBE7958CE99DA282
:100E30000A00000010B504460023032201213948AE
:100E4000006832F03BFB0023032202213548006892
:100E500032F034FB2CF080FB50B933A003F00AFCD5
:100E60002CF0CAFB2CF01AFC38A003F003FC02E0C3
:100E70003CA003F0FFFB0023032211462948006831
:100E800032F01CFB322032F031F80023032204211F
:100E90002448006832F012FB39A003F0EBFB4FF45A
:100EA000FA7032F023F800F0B5F93CA003F0E2FB51
:100EB0000023032205211B48006832F0FFFA32208C
:100EC00032F014F83BA003F0D5FB01F0FCFD4FF429
:100ED000FA7032F00BF80023032206211148006853
:100EE00032F0ECFA4FF4FA7032F000F800230322EB
:100EF00007210C48006832F0E1FA34A003F0BAFB95
:100F000038A003F0B7FB00230322FF210548006847
:100F100032F0D4FA4FF4FA7031F0E8FF002032F0EA
:100F200021F810BD7C030020426F6F743A20466F99
:100F30006E74206E6F7420666F756E642C206275FF
:100F4000726E696E672E2E2E0A000000426F6F745B
:100F50003A20466F6E74206275726E20646F6E6503
:100F60002E0A0000426F6F743A20466F6E7420653F
:100F700078697374732C20736B69702E0A000000FB
:100F8000426F6F743A2054657374696E67204553DD
:100F900050383236362E2E2E0A000000426F6F7403
:100FA0003A2045535038323636204154204F4B2E8C
:100FB0000A000000426F6F743A2054657374696EC2
:100FC00067205254432E2E2E0A000000426F6F7489
:100FD0003A2054657374696E6720574946492E2E2E
:100FE0002E0A0000426F6F743A20E887AAE6A380B9
:100FF000E7BB93E69D9F0A007CB5002022F0FEFC33
:10100000044600BFFF221146104618F0B2FD0090C2
:10101000BDF800100846002201460190204626F047
:1010200095FF20461FF00CFD054649A1284620F0FB
:101030000FFD00224949284627F088F81E22322158
:10104000284626F0FCFD20461FF0FAFC064644A187
:10105000304620F0FDFC00224449304627F076F867
:1010600061221B21304626F0EAFD204616F03CFDA9
:101070003F4908600F22C8213D48006826F031FE34
:1010800075221B213A48006826F0D9FD00BF0022D6
:101090001146104618F06DFD0090BDF8001008468E
:1010A0000022014601903248006826F04FFF0520DB
:1010B00027F050F90022014601902D48006826F0E3
:1010C00045FF00212A48006816F0DAFD642200215D
:1010D0002748006816F0E8FD00224FF4FA71244812
:1010E000006826F01AFF002211462148006816F019
:1010F00040FE20461FF0A4FC1E4908601EA11D48AA
:10110000006820F0A5FC002218491A48006827F062
:101110001DF87522E6211748006826F090FD20464C
:101120001FF08EFC1549086000221549134800681D
:1011300027F00CF896221B211048006826F07FFD4E
:101140004FF400710F48FFF7FAF820467CBD00000D
:101150005A656E53746F6E65730000008CF004085E
:10116000424F4F54696E67202E2E2E002C21050809
:101170008C0300209003002030250000880300200D
:10118000C0760308D8D7002000BFFEE707480068F4
:1011900040F0807005490860002005494860084615
:1011A000006840F00100086070470000FCED00E0BE
:1011B000001000E00148406870470000001000E0A7
:1011C00031B5002310480068104DB0FBF5F0009DCC
:1011D00000FB05F400BFFFF7EDFF024611E0FFF74B
:1011E000E9FF014691420CD0914202D9881A03448A
:1011F00003E0C2F1FF30084403440A46A34200D38F
:1012000000E0ECE700BF38BD1400002040420F00B2
:101210007047000010B500244FF400710B4800F037
:1012200048FA0B48FFF7CCFF0CE04FF4FA730022AA
:1012300008A109A000F012F800B110BD00F0A2F85A
:10124000601CC4B20A2CF0DB00BFF6E7000C0140C2
:1012500040420F004F4B0000415400002DE9F04187
:1012600006460C4615461F462748B0F800046FF3A3
:101270000E002549A1F80004324624A1254802F0B9
:1012800038FC1CB915B90120BDE8F0814FF47A7122
:1012900007FB01F0FFF794FF00201B49B1F8001491
:1012A000C1F30E01184A505411461BA003F0E2F995
:1012B000B4B1ADB121461448FFF758F808B1012088
:1012C00000E0002040B929460F48FFF74FF808B169
:1012D000012000E0002008B10120D5E70020D3E77D
:1012E00044B121460848FFF741F808B10120CBE797
:1012F0000020C9E729460448FFF738F808B1012063
:10130000C2E70020C0E70000D4CF002025730D0AFB
:1013100000000000004800402573000008B50121CE
:10132000082001F0D9FE4FF48070ADF800001020C5
:101330008DF8030003208DF802006946074800F08D
:1013400022F90121082001F0C7FE4FF40070ADF82A
:1013500000006946014800F016F908BD000C014084
:1013600010B5FFF7DBFF00F021F84FF400710448DF
:1013700000F09FF94FF48071014800F09AF910BD18
:10138000000C014010B54FF40071064800F08FF9D1
:101390000548FFF715FF4FF40071024800F089F986
:1013A00010BD0000000C014020A1070000B585B071
:1013B0000121880401F080FE0121082001F08CFE4B
:1013C0004FF48060ADF8100018208DF81300032052
:1013D0008DF8120004A91A4800F0D5F84FF4006007
:1013E000ADF8100004208DF8130004A9144800F093
:1013F000CAF84FF4E13000900020ADF80400ADF8D9
:101400000600ADF80800ADF80C000C20ADF80A009D
:1014100069460C4802F0F8FA012240F225510948C9
:1014200002F0CDFA012240F22441064802F0C7FA48
:1014300000F00AF80121034802F022FA05B000BDCD
:10144000000C01400048004008B527208DF800003E
:1014500007208DF8010000208DF8020001208DF892
:101460000300684601F05CFB08BD000051B182003A
:10147000A2F1C042126842F001038200A2F1C04210
:10148000136009E08200A2F1C0421268034B1A40C7
:101490008300A3F1C0431A6070470000FEFF0F00F5
:1014A000D0E901121143C268114302691143426934
:1014B000114382691143C2691143026A1143426AAE
:1014C0001143826A1143C26A1143026B11430268DD
:1014D0009200A2F1C0421160816808290BD1016815
:1014E0008900A1F1C041096841F04002016889000A
:1014F000A1F1C0410A60416B0968426B526841EA40
:101500000211426B926841EA0221426B928941EAE0
:101510000241426B128A41EA0251426B127D41EA5A
:101520000261426B926911430268521C9200A2F15F
:10153000C0421160C16AB1F5804F1BD1816B09684F
:10154000826B526841EA0211826B926841EA022181
:10155000826B128A41EA0251826B127D41EA02617A
:10156000826B9269114302689200A2F1C042C2F8F4
:10157000041107E06FF0704201688900A1F1C041D9
:10158000C1F8042170472DE9F041024600250026EC
:10159000002000230024002791F803C00CF00F0561
:1015A00091F803C00CF0100CBCF1000F03D091F8BF
:1015B00002C04CEA050591F800C0BCF1000F31D023
:1015C000146800202BE04FF0010C0CFA00F3B1F886
:1015D00000C00CEA03069E4220D183004FF00F0C9E
:1015E0000CFA03F7BC4305FA03FC4CEA040491F837
:1015F00003C0BCF1280F06D14FF0010C0CFA00FC1F
:10160000C2F814C00AE091F803C0BCF1480F05D13C
:101610004FF0010C0CFA00FCC2F810C0401C082866
:10162000D1D31460B1F800C0BCF1FF0F34DD5468B1
:1016300000202EE000F1080C4FF0010808FA0CF32E
:10164000B1F800C00CEA03069E4221D183004FF09E
:101650000F0C0CFA03F7BC4305FA03FC4CEA040434
:1016600091F803C0BCF1280F05D100F1080C08FA6D
:101670000CF8C2F8148091F803C0BCF1480F07D1F0
:1016800000F1080C4FF0010808FA0CF8C2F81080BD
:10169000401C0828CED35460BDE8F08102460020EB
:1016A00093680B400BB1012000E0002070474161BE
:1016B00070470161704700000348007808B90120B5
:1016C00070470020FCE70000C403002010B504466A
:1016D0000D480470012C02D0022C0ED106E00B48FC
:1016E0000B4908600BA002F0C5FF07E0124808494B
:1016F000086012A002F0BEFF00E010BD00BF012094
:101700001749087000BFF8E7BC030020D42805087B
:10171000C00300205B485454505D203D3D3D2054A3
:10172000696D65205461736B205374617274203D40
:101730003D3D0D0A00000000E02805085B485454B8
:10174000505D203D3D3D20576561746865722054B1
:1017500061736B205374617274203D3D3D0D0A002E
:10176000C403002010B59AB0C6480078092870D28A
:10177000DFE800F005063183A8F5F3F2F1007DE122
:10178000C148B0F800046FF30E00BF49A1F800048F
:101790000846B0F8000420F40040A1F80004BB485B
:1017A00000688388B9480068B9A1026801A802F0FE
:1017B00071FF01A9BD4802F030FA0220B14908705A
:1017C0000020BB490870BB4908804FF48061BA48CB
:1017D000FEF7B5FD52E1AC48B0F80004C00B00289C
:1017E00038D00020A849B1F80014C1F30E01A64A70
:1017F0005054B2A11046FEF7B9FD20B9B0A1A248DD
:10180000FEF7B4FD30B1B2A002F034FF03209D49D1
:1018100008700AE0B4A19C48FEF7A8FD28B1B4A066
:1018200002F028FF0820974908709749B7A002F0F6
:1018300021FF9548B0F800046FF30E009249A1F81B
:1018400000040846B0F8000420F40040A1F80004A9
:1018500012E012E1642031F049FB95480078401C09
:1018600093490870084600783C2805DDA8A002F0DE
:1018700001FF08208349087000E18348B0F80004A4
:101880006FF30E008049A1F800040846B0F8000488
:1018900020F40040A1F800047C4909688868FEF73C
:1018A00077FD04462246A2A112A802F0F3FE12A977
:1018B0007E4802F0B2F904207249087000207C4989
:1018C0000870DBE07048B0F80004C00B78B300206B
:1018D0006D49B1F80014C1F30E016B4A505498A140
:1018E0001046FEF743FD18B10520664908700AE06E
:1018F0007DA16548FEF73AFD28B192A002F0BAFE3C
:10190000082060490870604980A002F0B3FE5E487C
:10191000B0F800046FF30E005B49A1F8000408461C
:10192000B0F8000420F40040A1F8000412E0FFE742
:10193000642031F0DBFA5E480078401C5C49087096
:10194000084600781E2805DD84A002F093FE0820DA
:101950004C49087092E085E06CE010E0FFE74B48EE
:1019600000688168514802F058F90620454908701E
:1019700000204F49087080A002F07CFE7EE04248C3
:10198000B0F80004C00B002841D03F48B0F8000474
:10199000C0F30E0400203C4908555CA002F06AFE2A
:1019A00044480088204440F2FF31884211DA42491D
:1019B000404A1288881822463349FEF7A7FC3D4862
:1019C000008820443B49088000203B49394A12885E
:1019D00088546FA12C48FEF7C9FC28B16EA002F014
:1019E00049FE0720274908702748B0F800046FF324
:1019F0000E002549A1F800040846B0F8000420F4C0
:101A00000040A1F8000400202949087011E064207A
:101A100031F06CFA26480078401C254908700846C9
:101A20000078642805DD62A002F024FE0820154934
:101A3000087023E065A002F01DFE6B4800780128C5
:101A400002D101F0B5F805E067480078022801D11D
:101A500001F00AFA0020644908700C49086009493D
:101A600008700BE061A002F005FE00205E490870DE
:101A7000064908600349087000E000BF00BF1AB0C3
:101A800010BD0000C4030020D4CF0020C0030020FC
:101A900041542B43495053544152543D22544350D6
:101AA000222C222573222C25640D0A0000480040B8
:101AB000C5030020C6030020D8DB00204F4B0000E8
:101AC000414C524541445920434F4E4E45435400EA
:101AD0005B485454505D2054435020436F6E6E65F4
:101AE0006374204F4B0D0A004552524F52000000C4
:101AF0005B485454505D2054435020436F6E6E65D4
:101B00006374204641494C0D0A0000002573000013
:101B10005B485454505D2054435020436F6E6E65B3
:101B200063742054696D656F75740D0A00000000C0
:101B300041542B43495053454E443D25640D0A0002
:101B40003E0000005B485454505D204349505345CB
:101B50004E44204572726F720D0A00005B48545467
:101B6000505D205761697420223E222054696D65C2
:101B70006F75740D0A0000005B485454505D20528C
:101B80006571756573742053656E740D0A000000ED
:101B9000434C4F53454400000D0A2D2D2D20485431
:101BA000545020446F6E65202D2D2D0D0A0000002D
:101BB0005B485454505D20526573706F6E7365209E
:101BC00054696D656F75740D0A0000005B485454CC
:101BD000505D2052657175657374205355434345BC
:101BE00053530D0A00000000BC0300205B4854540E
:101BF000505D2052657175657374204641494C45AE
:101C0000440D0A0010B5FFF7ADFD10BD67E0344884
:101C1000B0F80004C00B002838D000203049B1F8DB
:101C20000014C1F30E012E4A50542EA11046FEF7A7
:101C30009DFB18B10120FFF749FD18E02BA12848B2
:101C4000FEF794FB18B10220FFF740FD0FE029A139
:101C50002348FEF78BFB18B10120FFF737FD06E0A4
:101C6000FFF72AFD18B11E49244801F0D6FF1C4891
:101C7000B0F800046FF30E001949A1F800040846FB
:101C8000B0F8000420F40040A1F80004FFF714FDB0
:101C900010B9FFF7B7FF1FE01948B0F80004C00BF8
:101CA000D0B100201649B1F80014C1F30E01144A56
:101CB00050541146134801F0B0FF1148B0F8000429
:101CC0006FF30E000E49A1F800040846B0F80004B6
:101CD00020F40040A1F80004052031F007F996E750
:101CE000D6D3002054494D450000000057454154CB
:101CF000000000004854545000000000004800401C
:101D0000D4CF00200038014002A002F0B3FC00BF95
:101D1000FEE70000486172644661756C7400000063
:101D200010B504462CB14FF480510548FFF7BFFCB5
:101D300004E04FF480510248FFF7BBFC10BD0000E7
:101D40000014014001B502E00098401E0090009888
:101D50000028F9D108BD00B597B03C2108A8FEF7CE
:101D6000EEFA1C2101A8FEF7EAFA0121080201F0AF
:101D700093F9012001900420039080060790002031
:101D800002900490059006900890099008200A900F
:101D900010200B9000200C900E900F9010904FF49C
:101DA00080501190002012901390149001A815906B
:101DB000169008A8FFF774FB01210020FFF756FBDF
:101DC00017B000BD2DE9F84F05460E461746984658
:101DD000DDF828B0781B401C1FFA80F9A8EB06003C
:101DE000401C1FFA80FA09FB0AF0009053464A464D
:101DF0003146284600F060F92C2000F007FC002452
:101E000004E03BF8140000F005FC641C00988442D8
:101E1000F7D3BDE8F88F000008B50121602001F07C
:101E20005BF903208DF8020018208DF803004FF4B1
:101E30008040ADF8000069465B48FFF7A4FB4FF413
:101E40000040ADF8000069465748FFF79CFB0120B1
:101E5000ADF8000069465448FFF795FB0220ADF845
:101E6000000069465048FFF78EFB8020ADF8000067
:101E700069464E48FFF787FB4FF48070ADF80000CD
:101E800069464A48FFF77FFB4FF40070ADF8000049
:101E900069464648FFF777FB4FF48060ADF80000D5
:101EA00069464248FFF76FFB4FF40060ADF8000051
:101EB00069463E48FFF767FB4FF48050ADF80000DD
:101EC00069463A48FFF75FFB4FF40050ADF8000059
:101ED00069463648FFF757FB4FF48040ADF80000E5
:101EE00069463248FFF74FFB4FF40040ADF8000061
:101EF00069462E48FFF747FB4FF48070ADF80000AD
:101F000069462948FFF73FFB4FF40070ADF8000029
:101F100069462548FFF737FB4FF48060ADF80000B5
:101F200069462148FFF72FFB03208DF80200182097
:101F30008DF803001020ADF8000069461A48FFF73D
:101F400022FB2020ADF8000069461748FFF71BFB75
:101F50008020ADF8000069461348FFF714FB4FF4EA
:101F60000060ADF8000069460F48FFF70CFB102039
:101F70008DF8030003208DF802000220ADF8000068
:101F800069460A48FFF7FFFA10208DF80300032086
:101F90008DF802004FF48050ADF800006946024809
:101FA000FFF7F1FA08BD00000014014000180140DD
:101FB00010B50446072C00DD10BD314804702046E2
:101FC00004EBD0714910A4EB410139B9F0202D493F
:101FD00008804FF4A0702C49088006E04FF4A070F0
:101FE00028490880F02028490880362000F00EFBA0
:101FF0002648008849F24131884205D1082141EA4A
:10200000441000F007FB0AE02048008848F25251D3
:10201000884204D1002141EA441000F0FBFA2A2052
:1020200000F0F4FA002000F0F5FA002000F0F2FAD7
:1020300014490988491EC1F3072000F0EBFA114941
:102040000978491EC8B200F0E5FA2B2000F0DEFA4C
:10205000002000F0DFFA002000F0DCFA0A490988CD
:10206000491EC1F3072000F0D5FA07490978491E37
:10207000C8B200F0CFFA2C2000F0C8FA00BF9BE7EE
:10208000A8020020A4020020A6020020AA0200202C
:1020900010B5FFF7C1FEFFF75EFE0120FFF740FE1F
:1020A00000F0A0FA00F038F802480078FFF780FF4F
:1020B00010BD0000A80200202DE9F04104460D46A5
:1020C00016461F462A2000F0A1FA201200F0A2FABC
:1020D000E0B200F09FFAA119491EC1F30F2000F0F1
:1020E00099FAA119491EC8B200F094FA2B2000F009
:1020F0008DFA281200F08EFAE8B200F08BFAE91996
:10210000491EC1F30F2000F085FAE919491EC8B233
:1021100000F080FABDE8F08110B500F025FAFE4924
:1021200008800846008849F2413188427ED1CF209C
:1021300000F06CFA002000F06DFA812000F06AFADD
:10214000302000F067FAED2000F060FA642000F023
:1021500061FA032000F05EFA122000F05BFA8120A1
:1021600000F058FAE82000F051FA852000F052FA09
:10217000102000F04FFA782000F04CFACB2000F04D
:1021800045FA392000F046FA2C2000F043FA0020EE
:1021900000F040FA342000F03DFA062000F03AFA50
:1021A000F72000F033FA202000F034FAEA2000F0A3
:1021B0002DFA002000F02EFA002000F02BFAB120BA
:1021C00000F024FA002000F025FA1B2000F022FA8B
:1021D000B62000F01BFA0A2000F01CFAA22000F042
:1021E00019FAC02000F012FA352000F013FAC120CD
:1021F00000F00CFA112000F00DFAC52000F006FAEC
:10220000452000F007FA452000F004FAC72000F04E
:10221000FDF9A22000F0FEF9F22000F0F7F900200D
:1022200000F0F8F9262000F0F1F900E096E0012036
:1022300000F0F0F9E02000F0E9F90F2000F0EAF9F1
:10224000262000F0E7F9242000F0E4F90B2000F04C
:10225000E1F90E2000F0DEF9092000F0DBF954204E
:1022600000F0D8F9A82000F0D5F9462000F0D2F906
:102270000C2000F0CFF9172000F0CCF9092000F075
:10228000C9F90F2000F0C6F9072000F0C3F90020BB
:1022900000F0C0F9E12000F0B9F9002000F0BAF92F
:1022A000192000F0B7F91B2000F0B4F9042000F069
:1022B000B1F9102000F0AEF9072000F0ABF92A20A8
:1022C00000F0A8F9472000F0A5F9392000F0A2F9A4
:1022D000032000F09FF9062000F09CF9062000F092
:1022E00099F9302000F096F9382000F093F90F208A
:1022F00000F090F9362000F089F9C82000F08AF942
:102300002A2000F083F9002000F084F9002000F07A
:1023100081F9002000F07EF9EF2000F07BF92B20FE
:1023200000F074F9002000F075F9002000F072F957
:10233000012000F06FF93F2000F06CF93A2000F026
:1023400065F9552000F066F9112000F05FF9734837
:10235000FFF7F8FC292000F059F901E16E480088E8
:1023600048F252518842F8D1CF2000F04FF90020B6
:1023700000F050F9C12000F04DF9302000F04AF98A
:10238000ED2000F043F9642000F044F9032000F050
:1023900041F9122000F03EF9812000F03BF9E820DD
:1023A00000F034F9852000F035F9102000F032F902
:1023B000782000F02FF9CB2000F028F9392000F028
:1023C00029F92C2000F026F9002000F023F9342010
:1023D00000F020F9022000F01DF9F72000F016F9B6
:1023E000202000F017F9EA2000F010F9002000F09A
:1023F00011F9002000F00EF9C02000F007F92120AB
:1024000000F008F9C12000F001F9112000F002F9F4
:10241000C52000F0FBF82D2000F0FCF8332000F080
:10242000F9F8362000F0F2F8002000F0F3F83A2036
:1024300000F0ECF8552000F0EDF8B12000F0E6F8DF
:10244000002000F0E7F8172000F0E4F8B62000F0D4
:10245000DDF80A2000F0DEF8A22000F0DBF8F6201C
:1024600000F0D4F8012000F0D5F8302000F0D2F8C8
:10247000F22000F0CBF8002000F0CCF8262000F08D
:10248000C5F8012000F0C6F8E02000F0BFF8D02029
:1024900000F0C0F8002000F0BDF8022000F0BAF80B
:1024A000072000F0B7F80B2000F0B4F81A2000F075
:1024B000B1F8312000F0AEF8542000F0ABF8402025
:1024C00000F0A8F8292000F0A5F8122000F0A2F8EA
:1024D000122000F09FF8122000F09CF8172000F066
:1024E00099F8E12000F092F8D02000F093F8002055
:1024F00000F090F8022000F08DF8072000F08AF834
:10250000052000F087F8252000F084F82D2000F049
:1025100081F8442004E00000AA020020FCBF020071
:1025200000F078F8452000F075F81C2000F072F8F3
:10253000182000F06FF8162000F06CF81C2000F056
:1025400069F81D2000F066F8112000F05FF80548DA
:10255000FFF7F8FB292000F059F82C2000F056F87E
:1025600010BD0000FCBF020010B50024042000F0E4
:102570004DF800BF1748008800BF1648008800F0DB
:102580002BF804464FF6FF7000EA042400F024F80C
:10259000044348F25250844201D1204610BDD3205A
:1025A00000F034F800BF0B48008800BF09480088DD
:1025B00000F012F804464FF6FF7000EA042400F021
:1025C0000BF8044349F24130844201D12046E5E74B
:1025D0000020E3E700000260014800887047000027
:1025E0000000026010B502210748FFF760F840F6CE
:1025F000FF20FFF7A7FB02210348FFF75AF840F638
:10260000FF20FFF79FFB10BD001801404FF0C041B5
:102610000880704701490880704700000000026090
:1026200070B506460D4629463046FDF79FFE044626
:102630000CB9002070BD2846FDF7AAFE044409A18C
:102640002046FDF793FE04460CB90020F2E7641C17
:1026500000E0641C20782028FBD020782228F8D0C5
:102660002046E7E73A0000002DE9FC5F044600BF82
:10267000FF221146104617F064FA0090BDF80010D2
:102680000846002201460190204625F05FFC2046C6
:102690001EF0D6F95449086054A1534800681FF051
:1026A000D7F9002253495048006825F04FFD3222E7
:1026B00050214D48006825F0C2FA20461EF0C0F9AE
:1026C0004D4908604DA14C4800681FF0C1F9002237
:1026D0004D494948006825F039FD642211464648B5
:1026E000006825F0ACFA204621F088F90546022260
:1026F0004FF4A071284625F0F4FA882200212846DC
:1027000025F09DFA00BF00221146104617F019FA75
:102710000090BDF8001008460022014601902846AE
:1027200025F014FC20461EF08BF9064637A13046F2
:102730001FF08EF900223449304625F007FD8C2227
:102740001E21304625F07BFA20461EF079F9074617
:1027500031A138461FF07CF900222B49384625F07C
:10276000F5FC8C22B421384625F069FA20461CF08D
:1027700065FD80462A4940461DF009FCDC224FF4E5
:102780008771404625F05BFA20461CF057FD8146D4
:10279000244948461DF0FBFB0A229621484625F0B5
:1027A0004EFA20461CF04AFD82461F4950461DF055
:1027B000EEFB9622FA21504625F041FA20461CF005
:1027C0003DFD8346194958461DF0E1FB0A2211469A
:1027D000584625F034FA002242F21071144829F0CC
:1027E00077FBBDE8FC9F0000800300202D2D3A2DD3
:1027F0002D0000008CF00408840300202D2D2D2DC9
:102800002F2D2D2F2D2D00002C210508526F6F6DBF
:102810002D54656D700000004F7574646F6F720009
:10282000C8280508981B050884160508F002050845
:10283000352800083EB5044601A800F029F99DF8A6
:1028400009309DF8082009A10B4800681FF058F9CD
:102850009DF8070000909DF80630BDF8042007A100
:102860000A4800681FF04CF93EBD00002530326474
:102870003A253032640000008003002025303464A3
:102880002F253032642F253032640000840300206D
:1028900008B51DF091FE25F0A9FD25F0CBFDFEF752
:1028A000ABFB04462546284617F09DFF00BF0020DD
:1028B00021F0A4F806465FE029F07EFB00236A467B
:1028C000591E184630F04EFF012852D10098C0B270
:1028D00005282CD008DC01280DD0022812D00328AE
:1028E00017D0042843D11BE0062827D007282CD076
:1028F000FF283CD130E021A0FEF744FA0020FEF78B
:1029000057FA35E023A0FEF73DFA0A20FEF750FA09
:102910002EE026A0FEF736FA1920FEF749FA27E046
:1029200025A0FEF72FFA1E20FEF742FA20E02AA08B
:10293000FEF728FA3720FEF73BFA19E02AA0FEF747
:1029400021FA4B20FEF734FA12E02AA0FEF71AFA19
:102950005520FEF72DFA0BE02CA0FEF713FA6420A9
:10296000FEF726FA31462046FEF73AFA00E000BFAD
:1029700000BF052030F0BAFA9EE700005B424F4FDF
:10298000545D20E5BC80E5A78BE887AAE6A3802EEE
:102990002E2E00005B424F4F545D20E6A380E6B52B
:1029A0008BE5AD97E5BA932E2E2E00005B4F4B5D65
:1029B00020573235513634005B424F4F545D20E78B
:1029C000AD89E5BE85204553503832363620E4B80F
:1029D0008AE7BABF2E2E2E005B4F4B5D2045535029
:1029E00038323636000000005B4F4B5D20525443B6
:1029F000000000005B424F4F545D20E8BF9EE68E12
:102A0000A52057692D46692E2E2E00005B4F4B5D89
:102A100020E887AAE6A380E5AE8CE6889000000057
:102A200000BFFEE710B50420FEF790F945F65A21E5
:102A3000884222D0012000F0E7FB00BF412000F0D7
:102A4000C5FB0028FAD04FF4807000F0FDFB012098
:102A500000F0F4FB00F056FC00F04AFC47F6FF7073
:102A600000F036FC00F044FC084800F038F845F669
:102A70005A210420FEF778F907E000F043FC012119
:102A8000084600F007FC00F033FC10BD9CF404087D
:102A900038B5044600F0F4FB00F5E14000906846CC
:102AA000FDF7A0FE0546A88A00F26C702080287C05
:102AB000401CA070287BE070287A20712879607112
:102AC0002878A07138BD10B501214FF0C05000F03A
:102AD000F3FA012000F066F8FFF7A4FF10BD30B54F
:102AE0008BB004462088A0F26C700590A078401E40
:102AF0000490E07803902079029060790190A079A9
:102B00000090002008906846FDF7ACFBA0F5E14579
:102B1000284600F0CFFB00F0EBFB0BB030BD704758
:102B200070B5002100230F22C47804B3154C24682B
:102B300004F4E064C4F5E064210AC1F10403CA406E
:102B4000447804FA03F184781440214309010E4CBF
:102B50000678A155047804F01F050124AC400578DF
:102B60006D11AD0005F1E025C5F8004109E00478DC
:102B700004F01F050124AC40044D0678761145F899
:102B8000264070BD0CED00E000E400E080E100E0D4
:102B900002490143024A1160704700000000FA0533
:102BA0000CED00E0014908627047000000000E4291
:102BB00030B59DB05DA15F48FDF7D8FB0446002C01
:102BC00071D0A41D002004E0215C0DAA1154411C09
:102BD000C8B2215C39B1215C0D2904D0215C0A29DD
:102BE00001D03F28F0DB00210DAA115406A807A947
:102BF00008AA09ABCDE90132CDE903100BA80AAB55
:102C00000CAA4DA100900DA8FDF7EEFB062870D18F
:102C10000898083008900898182805DB0898183894
:102C200008900A98401C0A904AA001F023FD0DA9C3
:102C300053A001F01FFD56A10BA8FDF7B0FB08B98A
:102C4000012047E053A10BA8FDF7A9FB08B902201A
:102C500040E051A10BA8FDF7A2FB08B9032039E021
:102C60004EA10BA8FDF79BFB08B9042032E04CA154
:102C70000BA8FDF794FB08B905202BE049A10BA890
:102C8000FDF78DFB08B9062024E047A10BA8FDF74E
:102C900086FB08B907201DE044A10BA8FDF77FFBC8
:102CA00010B9082016E029E041A10BA8FDF777FB39
:102CB00008B909200EE03FA10BA8FDF770FB08B989
:102CC0000A2007E03CA10BA8FDF769FB08B90B201F
:102CD00000E00C200546DDE907210698CDE9001249
:102CE00002902A4635A0DDE9091301F0C3FC08E093
:102CF000FFE70DA93CA001F0BDFC02E040A001F0FF
:102D0000B9FC47A10B48FFF78BFC044644B14022B5
:102D10000DA9204600F0AEFC0DA944A001F0AAFCCC
:102D200046A001F0A7FC1DB030BD000044617465F1
:102D30003A200000D8DB00202533732025326420A0
:102D400025337320253464202532643A2532643AD1
:102D5000253264000D0A3D3D3D3D3D3D3D3D3D3D3F
:102D60003D204E6574776F726B2054696D65203D10
:102D70003D3D3D3D3D3D3D3D3D3D0D0A00000000DA
:102D80002020474D54202020203A2025730D0A0092
:102D90004A616E00466562004D61720041707200CA
:102DA0004D6179004A756E004A756C004175670087
:102DB000536570004F6374004E6F760020204265AB
:102DC000696A696E673A20253034642D2530326493
:102DD0002D2530326420253032643A253032643A71
:102DE000253032640D0A00005B54494D455D205288
:102DF000617720446174653A2025730D0A00000054
:102E00005B54494D455D204E6F20446174652068D8
:102E1000656164657220666F756E640D0A0000005E
:102E2000226F726967696E220000000020204950FD
:102E300020202020203A2025730D0A003D3D3D3DF5
:102E40003D3D3D3D3D3D3D3D3D3D3D3D3D3D3D3DB2
:102E50003D3D3D3D3D3D3D3D3D3D3D3D3D3D3D3DA2
:102E60000D0A0D0A0000000030B5A5B03D4AD2E9B8
:102E700001311068D268CDE922312492219040229C
:102E80003849103111A8FDF741FA364B5033D3E9D8
:102E90000020D3E902130EAC0BC40D92314B60330A
:102EA0000FCB09AC0FC420222E49703101A8FDF7C9
:102EB0002DFA2DA12F48FFF7B3FB044624B11022B1
:102EC00021A9204600F0D6FB2BA12A48FFF7A8FB3A
:102ED000044624B1102209A9204600F0CBFB2AA108
:102EE0002448FFF79DFB044624B110220DA920467B
:102EF00000F0C0FB27A11F48FDF738FA054655B181
:102F000028A12846FFF78CFB044624B1402211A9D2
:102F1000204600F0AFFB25A11648FFF781FB0446D1
:102F200024B1202201A9204600F0A4FB23A001F037
:102F3000A1FB2DA001F09EFB09AA21A930A001F060
:102F400099FB11A937A001F095FB0DA93AA001F05A
:102F500091FB01A93EA001F08DFB44A001F08AFB8A
:102F600025B030BDEC2805082274656D705F4322E2
:102F700000000000D8DB0020224665656C734C69B8
:102F80006B654322000000002268756D69646974F6
:102F90007922000022776561746865724465736305
:102FA000220000002276616C756522002277696E2E
:102FB0006473706565644B6D706822000D0A3D3D59
:102FC0003D3D3D3D3D3D3D3D3D205765617468655E
:102FD00072205265706F7274203D3D3D3D3D3D3D18
:102FE0003D3D3D0D0A0000002020436974792020FA
:102FF00020202020203A20586927616E0D0A000009
:10300000202054656D70657261747572653A202573
:1030100073204320286665656C732025732043293F
:103020000D0A000020205765617468657220202019
:10303000203A2025730D0A00202048756D696469C7
:1030400074792020203A20257325250D0A000000E0
:10305000202057696E64205370656564203A2025EE
:1030600073206B6D2F680D0A000000003D3D3D3D53
:103070003D3D3D3D3D3D3D3D3D3D3D3D3D3D3D3D80
:103080003D3D3D3D3D3D3D3D3D3D3D3D3D3D3D3D70
:103090000D0A0D0A0000000029B1064A52690243D8
:1030A000044B5A6104E0034A52698243014B5A615E
:1030B000704700000010024029B1064AD26902435D
:1030C000044BDA6104E0034AD2698243014BDA61BE
:1030D000704700000010024029B1064A926902437D
:1030E000044B9A6104E0034A92698243014B9A615E
:1030F000704700000010024030B50021002200247B
:1031000000232D4D6D6805F00C0121B1042905D077
:10311000082923D105E0294D056022E0274D0560EF
:103120001FE0254D6D6805F47012234D6D6805F4A0
:103130008034022505EB92421CB9214D55430560B0
:103140000BE01D4D6D6805F400351DB11C4D554358
:10315000056002E0194D5543056002E0174D05601A
:1031600000BF00BF144D6D6805F0F0010909154D51
:103170006B5C0568DD4045600F4D6D6805F4E061EE
:10318000090A104D6B5C4568DD4085600A4D6D682D
:1031900005F46051C90A0B4D6B5C4568DD40C560A4
:1031A000054D6D6805F44041890B074D6B5CC568A2
:1031B000B5FBF3F5056130BD0010024000127A0046
:1031C00000093D00000000201000002010B501465D
:1031D0000022002300204A11012A02D1094C236851
:1031E00006E0022A02D1074C236A01E0054C636A1B
:1031F00001F01F02012494401C400CB1012000E0AA
:10320000002010BD0010024000210B4A11700A4A34
:10321000203A82F82010012802D0042808D103E0C7
:103220000121054A117004E00521034A117000E0F4
:1032300000BF00BF70470000201002400149086035
:10324000704700003C0442420249096A0143014AB6
:1032500011627047001002400348008840F01000DF
:103260000149088070470000042800400348008896
:103270004FF6EF710840014908807047042800406C
:10328000002103480188001F008841EA0040704780
:103290001C28004029B1064A12880243044B1A80B8
:1032A00004E0034A12888243014B1A8070470000F1
:1032B0000028004000B50246FFF7CEFF100C03497E
:1032C0000880091D0A80FFF7D1FF00BD18280040C3
:1032D00000B50246FFF7C0FFC2F303400349088070
:1032E000091D0A80FFF7C2FF00BD0000082800404A
:1032F00000BF0348008800F020000028F9D0704784
:1033000004280040074800884FF6F7710840054937
:10331000088000BF0348008800F008000028F9D0AA
:10332000704700000428004021B1028842F04002AA
:10333000028004E002884FF6BF731A400280704793
:1033400000B587B001210803FFF7C6FE0121142054
:10335000FFF7C2FE0120ADF8040010208DF8070031
:1033600003208DF8060001A92848FEF70CF920205B
:10337000ADF8040018208DF8070003208DF8060032
:1033800001A92348FEF7FFF84020ADF8040004200F
:103390008DF8070001A91E48FEF7F5F88020ADF86A
:1033A000040018208DF8070003208DF8060001A9FD
:1033B0001748FEF7E8F801211448FEF77AF90020D3
:1033C000ADF808004FF48270ADF80A000020ADF8A7
:1033D0000C000220ADF80E000120ADF810004002F4
:1033E000ADF812000820ADF814000020ADF816006A
:1033F0000720ADF8180002A9064800F07DF8012169
:103400000448FFF791FF07B000BD00000010014025
:1034100000080140003001402DE9F0410024002562
:103420000026002701210F48FEF741F99F2000F0F8
:103430001BF8FF2000F018F80546FF2000F014F8F4
:103440000646FF2000F010F8074601210548FEF768
:1034500030F9280440EA062040EA07042046BDE887
:10346000F08100000010014010B504464FF4805078
:103470001849086009E017490868411E154A11609B
:1034800018B9002000F05CF810BD0221124800F0CD
:1034900025F80028EFD021460F4800F02BF84FF414
:1034A00080500C49086009E00A490868411E094A31
:1034B000116018B9012000F043F8E5E70121064842
:1034C00000F00CF80028EFD0034800F010F8C0B26C
:1034D000DAE70000840200200030014002460020AC
:1034E00013890B400BB1012000E00020704701461A
:1034F000888970478181704710B50022028802F4E4
:1035000041520B884C8823438C882343CC88234327
:103510000C8923434C8923438C892343CC8923433F
:103520001A430280838B4FF2FF74234083830B8AFC
:10353000038210BD10B504462046FFF795FF10BD6D
:1035400010B50446214602A001F094F8FF2010BDFA
:103550005B535049204552524F525D2054696D656E
:103560006F75742120636F64653D25640D0A00004A
:1035700010B500F001F810BD0CB5002001900090CE
:103580003348006840F480303149086000BF30485B
:10359000006800F4003000900198401C01900098F1
:1035A00018B90198B0F5A06FF1D12948006800F46E
:1035B000003010B10120009001E000200090009840
:1035C000012843D12348006840F0100021490860D9
:1035D0000846006820F0030008600846006840F0D4
:1035E000020008601A484068194948600846406867
:1035F00048600846406840F480604860084640687B
:1036000020F47C1048600846406840F4E8104860A8
:103610000846006840F08070086000BF0C480068F1
:1036200000F000700028F9D00948406820F003003D
:10363000074948600846406840F00200486000BF03
:103640000348406800F00C000828F9D10CBD0000C8
:10365000001002400020024006E04FF47A702FF084
:1036600045FC02A001F006F8F7E7000072756E2E27
:103670002E2E0A0010B50346002003E01C5C0C54FB
:10368000441CE0B21C5C74B11C5C222C0BD01C5C92
:103690005C2C08D01C5C0D2C05D01C5C0A2C02D0C4
:1036A000541E8442EADC00240C5410BD042808D1C6
:1036B0004FF0E021096941F004014FF0E02211616F
:1036C00007E04FF0E021096921F004014FF0E0220A
:1036D0001161704710B52FF07DFF012801D02FF048
:1036E000A3FE10BD00B585B06846FFF705FD0420B8
:1036F000FFF7DCFF0B49009808604FF47A710098DF
:10370000B0FBF1F04FF0E02148610846006940F05D
:10371000020008610846006940F00100086105B038
:1037200000BD00008002002010B51348006840F082
:1037300001001149086008464068104908400E49D8
:103740004860084600680E4908400B490860084672
:10375000006820F4802008600846406820F4FE00DD
:1037600048604FF41F008860FFF702FF4FF00060D1
:103770000449086010BD0000001002400000FFF87E
:10378000FFFFF6FE08ED00E010B540F225511B48A2
:1037900000F0EBF8D8B1194800F0A2F9C4B218480B
:1037A000B0F80004C0F30E0040F2FF3188420EDA98
:1037B0001349B1F80014C1F30E00411C104AB2F8CD
:1037C000002461F30E020E49A1F800240C5440F2CB
:1037D00024410A4800F0C9F801280DD10848B0F882
:1037E000000420F4004000F500400549A1F8000461
:1037F000024800F075F9C4B210BD00000038014065
:10380000D6D3002010B540F225511B4800F0ADF88A
:10381000D8B1194800F064F9C4B21848B0F80004EF
:10382000C0F30E0040F2FF3188420EDA1349B1F8BE
:103830000014C1F30E00411C104AB2F8002461F3D9
:103840000E020E49A1F800240C5440F224410A480B
:1038500000F08BF801280DD10848B0F8000420F4DE
:10386000004000F500400549A1F80004024800F0BE
:1038700037F9C4B210BD000000480040D4CF00208A
:1038800021B1828942F40052828104E082894DF69E
:10389000FF731A408281704700B587B00121042070
:1038A000FFF71AFC01218803FFF716FC4FF40070A4
:1038B000ADF8180018208DF81B0003208DF81A00B1
:1038C00006A92148FDF75FFE4FF48060ADF81800AF
:1038D00004208DF81B0006A91B48FDF754FE4FF489
:1038E000E13002900020ADF80C00ADF80E00ADF80C
:1038F0001000ADF814000C20ADF8120002A9134816
:1039000000F082F801211148FFF7BAFF012240F2CE
:1039100025510E4800F053F8012240F224410B4893
:1039200000F04DF825208DF8040007208DF80500E3
:1039300000208DF8060001208DF8070001A8FFF790
:10394000EFF807B000BD000000080140003801405A
:1039500002460020B1F5007F00D100BF13880B4064
:103960000BB1012000E00020704770B50246002432
:1039700000230025002040F66A16B14200D100BFA6
:10398000C1F3421501F01F03012606FA03F3012DCE
:1039900002D19689334006E0022D02D1168A3340C7
:1039A00001E0968A33400C12012606FA04F41688C8
:1039B000344013B10CB1012000E0002070BDF0B51F
:1039C0000346002400260025002040F66A17B9426D
:1039D00000D100BF1846C1F3421401F01F060127B1
:1039E00007FA06F5012C01D10C3004E0022C01D1BC
:1039F000103000E014301AB107682F43076002E06E
:103A00000768AF430760F0BD2DE9F04786B0054673
:103A10000E460024A24600BFA1460027B08900B18F
:103A200000BF2F462C8A4CF6FF700440F0880443F8
:103A30002C82AC894EF6F3100440B08831890843DB
:103A4000718908430443AC81AC8A4FF6FF400440BF
:103A5000B0890443AC8201A8FFF74EFB1F488742A0
:103A600002D1DDF810A001E0DDF80CA0A88900F477
:103A7000004040B10AEBCA0000EB0A10316849006F
:103A8000B0FBF1F807E00AEBCA0000EB0A1031685E
:103A90008900B0FBF1F86420B8FBF0F004012009C4
:103AA000642101FB1089A88900F4004040B1322054
:103AB00000EBC900B0FBF1F000F00700044308E0A0
:103AC000322000EB09106421B0FBF1F000F00F0090
:103AD00004432C8106B0BDE8F087000000380140A7
:103AE00001468888C0F308007047C1F3080282804D
:103AF00070470FB470B586B006460CA8019073E00D
:103B00000B9800785C281CD10B98401C0B90007817
:103B10006E2809D072280FD10D213046FFF7E5FF3E
:103B20000B98401C0B900BE00A213046FFF7DDFF9D
:103B30000B98401C0B9003E00B98401C0B9000BFAF
:103B40004BE00B980078252840D10B98401C0B9037
:103B50000078642818D0732833D1019810C80190D8
:103B60000BE021783046FFF7C0FF00BF80213046D0
:103B7000FFF7EEFE0028F9D0641C20780028F0D171
:103B80000B98401C0B9020E0019820C801900A225D
:103B900002A9284612F084FB02AC0BE021783046E3
:103BA000FFF7A3FF00BF80213046FFF7D1FE0028BA
:103BB000F9D0641C20780028F0D10B98401C0B90A1
:103BC00003E00B98401C0B9000BF06E00B9810F828
:103BD000011B0B903046FFF788FF00BF8021304665
:103BE000FFF7B6FE0028F9D00B980078002887D19F
:103BF00006B070BC5DF814FB00BFFEE770B504466C
:103C00000D4629462046FFF770FF00BF8021204661
:103C1000FFF79EFE0028F9D070BD70B506460C4631
:103C2000002500BF615D3046FFF7E8FF6D1C605D59
:103C30000028F7D100BF40213046FFF789FE002859
:103C4000F9D070BD30B502460B464FF6FF7000212B
:103C500015E0555C80EA052000240DE000F40045E5
:103C60002DB141F2210585EA4005A8B203E04FF6E7
:103C7000FF7505EA4000641C082CEFD3491C9942EB
:103C8000E7D330BD30B54FF48050002118E001EB90
:103C900001120D4B9A5C5A2A10D101EB01130A4C08
:103CA0002344D3F8073001EB0114074D2C44D4F81A
:103CB00003401A19824200D9104600BF4A1C11B2B3
:103CC0008029E4DB30BD000054C7002070B54FF4FC
:103CD0000865002404E0204600F008FA04F580544A
:103CE000B4F5805FF7D32A460349002000F03EFA7E
:103CF00000200249087070BD54C700208C020020CB
:103D000010B54FF4086422460249002000F0AAF9D9
:103D100010BD000054C7002010B500F065F9FFF792
:103D2000EFFFFFF7AFFF0849086000200749087060
:103D300007A000F09FFC04480068820A024801685E
:103D40000DA000F097FC10BD880200208C0200201E
:103D50005B5732355136345D20E69687E4BBB6E7D3
:103D6000B3BBE7BB9FE5889DE5A78BE58C96E5AEE9
:103D70008CE688900A0000002020202020202020AF
:103D800020E4B88BE4B880E4B8AAE58FAFE5869963
:103D9000E59CB0E59D803A203078253036582028C3
:103DA0002564204B42290A00F8B506460F46154601
:103DB00007B115B96FF00200F8BD304600F0B8F851
:103DC0000446002C07DBA52004EB04113C4A5054A8
:103DD00001203C490870FFF755FF3B490860084641
:103DE00000682844B0F5000F0AD908460068C0F5FD
:103DF0000002294635A000F03DFC4FF0FF30DBE724
:103E000031482A4631460368404800F033FC2A46D0
:103E100039462D48006800F0A9F910B16FF0030091
:103E2000CAE700F0A1F80446002C05DA38A000F03B
:103E300021FC6FF00100BFE75A2004EB0411204A77
:103E4000505404EB041011460844A0F8016004EB40
:103E500004100844C0F803501B48006804EB041128
:103E60001144C1F8070029463846FFF7EBFE04EB82
:103E70000411134A1144A1F80B00012011490870E4
:103E8000FFF724FF1048006828440F49086004EB3E
:103E900004100B490844D0F807002844401E009045
:103EA00004EB04100844D0F8073004EB0410084475
:103EB000B0F80B2031461D4800F0DCFB00207BE70A
:103EC00054C700208C020020880200205B57323546
:103ED0005136345D20E7A9BAE997B4E4B88DE8B665
:103EE000B3EFBC81E99C80E8A68120256C7520E5B4
:103EF000AD97E88A82EFBC8CE4BB85E589A92025D3
:103F00006C7520E5AD97E88A820A0000A02E0508AE
:103F10005B5732355136345D20E79BAEE5BD95E504
:103F2000B7B2E6BBA1EFBC810A000000E42E050891
:103F30000246002110E001EB01100A4B185C5A28E0
:103F400008D101EB01101844B0F80100904201D1F2
:103F500008467047481C01B28029ECDB4FF0FF3067
:103F6000F7E7000054C70020002109E001EB011031
:103F7000064A105C5A2801D008467047481C01B216
:103F80008029F3DB4FF0FF30F7E7000054C7002033
:103F90002DE9F04107460C4615463846FFF7C8FFA5
:103FA0000646002E03DA4FF0FF30BDE8F08134B151
:103FB00006EB061007490844D0F80700206035B129
:103FC00006EB061003490844D0F8030028600020DF
:103FD000EBE7000054C7002070B5FFF753FE04461E
:103FE0004FF40005281B70BD10B5FFF7A9F901219A
:103FF0000148FDF75EFB10BD001001402DE9F041C6
:1040000004460F4615460DB9BDE8F081B5F5807F31
:1040100001DD4FF4807500F099F801211048FDF79B
:1040200046FB0220FFF786FAC4F30740FFF782FA47
:10403000C4F30720FFF77EFAE0B2FFF77BFA002611
:1040400004E0B85DFFF776FA701C86B2AE42F8DB8A
:1040500001210348FDF72DFB00F068F800BFD3E70E
:10406000001001402DE9F04104460F4616460EB9F6
:10407000BDE8F08101211048FDF719FB0320FFF78F
:1040800059FAC4F30740FFF755FAC4F30720FFF7C6
:1040900051FAE0B2FFF74EFA002504E0FF20FFF7E7
:1040A00049FA78556D1CB542F8D301210248FDF755
:1040B00000FB00BFDCE700000010014010B5FFF777
:1040C000ABF910BD10B501210748FDF7F0FA052046
:1040D000FFF730FAFF20FFF72DFA044601210248CE
:1040E000FDF7E7FA204610BD0010014010B5044668
:1040F00000F02CF801210C48FDF7D9FA2020FFF739
:1041000019FAC4F30740FFF715FAC4F30720FFF7C5
:1041100011FAE0B2FFF70EFA01210348FDF7C9FAE0
:1041200000F004F810BD00000010014010B56FF061
:104130007F4403E0601E041E00D105E0FFF7C2FFCC
:1041400000F001000028F5D100BF10BD10B501211D
:104150000548FDF7ACFA0620FFF7ECF9012102480B
:10416000FDF7A7FA10BD0000001001402DE9FE4F39
:10417000804689469246564644464FF0000B4FF023
:10418000FF3002901EE0E0B201900198C0F580700F
:1041900000900098864201D2304600E00098054623
:1041A000270B0298874203D02046FFF79FFF029714
:1041B000AAB209EB0B012046FFF720FF2C44AB44C9
:1041C000761B00BF002EDED10020BDE8FE8F01B5BA
:1041D000002007E00C2100BF0A1EA1F10103D9B2A3
:1041E000FAD1401C00998842F4D308BD2DE9FC5F48
:1041F00005460C460126684600F0CAF8002865D03E
:10420000BDF90200FCF7ACFA83463248007800EBB7
:10421000400004EBC00041685846FCF76FFA814645
:10422000BDF90000FCF79CFA83462A48007800EBB1
:10423000400054F830105846FCF760FA8246494670
:10424000FCF704FA80462348007800EB400004EBBA
:10425000C00081684046FCF7F9F90746FCF789FA87
:1042600000B22880BDF90200FCF77AFA83461948AB
:10427000007800EB400004EBC00001695846FCF7F1
:104280003DFA8146BDF90000FCF76AFA8346114801
:10429000007800EB400004EBC000C1685846FCF712
:1042A0002DFA82464946FCF7D1F980460948007844
:1042B00000EB400004EBC00041694046FCF7C6F942
:1042C0000746FCF756FA00B2688000E00026304648
:1042D000BDE8FC9FA802002008B501216020FEF780
:1042E000FBFE0120ADF800008DF8020010208DF8D3
:1042F000030069461B48FDF746F90420ADF80000AD
:1043000069461848FDF73FF90820ADF80000012084
:104310008DF8020048208DF8030069461148FDF72A
:1043200032F94FF40050ADF8000001208DF8020082
:1043300010208DF8030069460B48FDF724F94FF46F
:1043400000510948FDF7B3F91020ADF800004820EE
:104350008DF8030069460348FDF715F903A000F046
:1043600089F908BD0018014000140140E8A7A6E63D
:1043700091B8E5889DE5A78BE58C966F6B0A0000E8
:1043800010B50446204600F043F900F0C1F810BD16
:104390002DE9F0478CB00646002528216846FBF73A
:1043A000CEFF00BF0AA90BA800F09EF8BDF92C00B3
:1043B0002DF81500BDF9281005A820F81510681C67
:1043C000C5B210214648FDF769F908B90A2DE9DBA5
:1043D00010214348FDF762F910B1002041490870EF
:1043E0000A2D7BD1BDF90070B846BDF91490CA46BC
:1043F00001240EE03DF91400B84202DA3DF91470D0
:1044000005E03DF91400404501DD3DF91480601CD4
:10441000C4B20A2CEEDB012412E005A830F9140026
:10442000484503DA05A830F9149007E005A830F9EB
:104430001400504502DD05A830F914A0601CC4B278
:104440000A2CEADBBDF90000BDF902100844BDF9F1
:1044500004100844BDF906100844BDF908100844CA
:10446000BDF90A100844BDF90C100844BDF90E103E
:104470000844BDF910100844BDF912100844C01BCF
:10448000A0EB0800C01000B23080BDF91410BDF9D7
:1044900016000144BDF918000144BDF91A00014499
:1044A000BDF91C000144BDF91E000144BDF9200006
:1044B0000144BDF922000144BDF924000144BDF9C5
:1044C00026000844A0EB0900A0EB0A00C01000B2CF
:1044D000708001200CB0BDE8F087FFE70020F9E70D
:1044E000001801406C0300202DE9F04104460D4600
:1044F0009020FFF745FF06B20120FFF768FED020AD
:10450000FFF73EFF07B226802F80BDE8F081000054
:1045100070B5002504211148FDF7C9F801210F48A5
:10452000FDF7C7F8002414E001210C48FDF7BFF89F
:1045300008210A48FDF7B2F80646C4F10B0006FA56
:1045400000F0284385B201210448FDF7B2F8601C51
:10455000C4B20C2CE8DB284670BD000000180140F6
:1045600010B500242748007820B1012811D0022876
:104570003FD12FE010212448FDF790F820B9012009
:1045800020490870002403E000201E490870002420
:1045900034E010211C48FDF781F8A0B91B480068E1
:1045A000401C1A49086008460068022806D9002005
:1045B000086002201349087001240AE00120114913
:1045C0000870002405E00020104908600D490870BB
:1045D000002413E010210C48FDF760F820B90220F8
:1045E00008490870012403E00020064908700024EF
:1045F00004E0002003490870002400BF00BF2046EB
:1046000010BD00006D030020001801407003002061
:1046100070B5054604211648FDF749F801211448F4
:10462000FDF745F800241FE0C4F1070045FA00F04B
:1046300000F0010020B104210D48FDF73AF803E035
:1046400004210B48FDF733F80520FFF7C0FD0121D9
:104650000748FDF72EF80520FFF7B9FD01210448B2
:10466000FDF725F8601CC4B2082CDDDB70BD00002E
:10467000001801400FB4054B10B503A9044A029875
:1046800002F08AFA10BC5DF814FB00004931010801
:10469000D40300200FB4084B10B504A902AA039854
:1046A00002F07AFA044602A9002002F0A6FC204695
:1046B00010BC5DF814FB0000FB6F000802E008C8A6
:1046C000121F08C1002AFAD170477047002001E08C
:1046D00001C1121F002AFBD1704700002DE9F047ED
:1046E00080460D46D8F81040A0680068A84206D859
:1046F000A0680068A16889880844A84202D2002006
:10470000BDE8F08760690068A84202D16069466828
:1047100006E0AAB2A368198A986803F0CDFA0646A3
:10472000701C00B3606800EBC60760694660606992
:1047300005603979628AC2F343225143C81DC1170B
:1047400000EB51714FEAE109787900FB09FA396809
:10475000C1F31301054A1268881852460449FFF74D
:1047600081FC0348CCE70020CAE70000B403002026
:10477000D8D900202DE9F04780460D4616469946C7
:10478000D8F81040A0680068B04206D8A068006859
:10479000A16889880844B04202D20020BDE8F087B1
:1047A00060690068B04202D16069476806E0B2B251
:1047B000A368198A986803F07FFA0746781CD8B175
:1047C000606800EBC701606947606069066008685F
:1047D000000DA880487928810879E88091F90600C1
:1047E000688191F90700A881608A400AAA7B60F37A
:1047F0000302AA730120D1E70020CFE770B5044679
:10480000002508E02168481C20600878303805EB56
:10481000850100EB41052168087800F004F80028C4
:10482000F0D1284670BD0146302903DB392901DC6F
:10483000012070470020FCE710B54021074801F037
:1048400097FB00221E21064827F042FB054908601D
:1048500003F0F0F800200449087010BD88450020DE
:10486000017B0008080200200402002030B5034646
:10487000B1F90040B2F90050AC4202DDB1F900409C
:1048800001E0B2F900401C80B1F90240B2F90250D7
:10489000AC4202DDB1F9024001E0B2F902405C80B5
:1048A000B1F90440B2F90450AC4202DAB1F9044063
:1048B00001E0B2F904409C80B1F90640B2F906501B
:1048C000AC4202DAB1F9064001E0B2F90640DC8000
:1048D0000120B3F90040B3F90450AC4205DCB3F950
:1048E0000240B3F90650AC4200DD002030BDF8B5FF
:1048F00004460D4616460027B4F90000B5F900102D
:10490000884212DBB4F90200B5F9021088420CDBD0
:10491000B4F90400B5F90410884206DCB4F90600C5
:10492000B5F90610884200DC01270FB90020F8BD58
:104930000EB90120FBE72088ADF800006088ADF8D3
:10494000020032466946284600F0A7F808B9002060
:10495000EDE7A088ADF800006088ADF802003246AF
:104960006946284600F099F808B90020DFE720885A
:10497000ADF80000E088ADF80200324669462846EE
:1049800000F08BF808B90020D1E7A088ADF800004E
:10499000E088ADF8020032466946284600F07DF80E
:1049A00008B90020C3E70120C1E70246B2F90000C0
:1049B000B1F90430984213DCB2F90400B1F90030C7
:1049C00098420DDBB2F90200B1F90630984207DCDB
:1049D000B2F90600B1F90230984201DB01207047BC
:1049E0000020FCE7F8B504460D461646B4F904006D
:1049F000B5F90010884211DBB4F90600B5F90210D0
:104A000088420BDBB4F90000B5F90410884205DCDC
:104A1000B4F90200B5F90610884201DD0120F8BDA5
:104A20000EB90020FBE72088ADF800006088ADF8E3
:104A3000020032466946284600F02FF808B10020EF
:104A4000EDE7A088ADF800006088ADF802003246BE
:104A50006946284600F021F808B10020DFE72088E9
:104A6000ADF80000E088ADF80200324669462846FD
:104A700000F013F808B10020D1E7A088ADF80000DD
:104A8000E088ADF8020032466946284600F005F895
:104A900008B10020C3E70120C1E72DE9FC5F05460E
:104AA0000E4614464FF0000AB6F90000B5F90010A2
:104AB000884213DBB6F90000B5F9041088420DDC1A
:104AC000B6F90200B5F90210884207DBB6F9020018
:104AD000B5F90610884201DC4FF0010ABAF1000F67
:104AE00002D10020BDE8FC9F002C01DC0120F9E789
:104AF000284612F0F4FE834600EBDB704710284690
:104B000012F065FE834600EBDB704FEA6008474514
:104B100001DA384600E0404681464C4500DD4C460F
:104B20002888ADF800002888204400B2ADF80400C1
:104B30006888ADF802006888204400B2ADF806002D
:104B4000002231466846FFF7A8FF80B1BDF8040097
:104B5000204400B2ADF80400BDF80600204400B2C5
:104B6000ADF806003146684623F018FCBAE7E8883D
:104B7000001B00B2ADF80200E888ADF80600002284
:104B800031466846FFF789FF80B1BDF80400204434
:104B900000B2ADF80400BDF80200001B00B2ADF891
:104BA00002003146684623F0F9FB9BE7A888001B0A
:104BB00000B2ADF80000A888ADF80400002231462C
:104BC0006846FFF76AFF80B1BDF80000001B00B225
:104BD000ADF80000BDF80200001B00B2ADF8020005
:104BE0003146684623F0DAFB7CE76888ADF80200BE
:104BF0006888204400B2ADF80600002231466846BD
:104C0000FFF74BFF80B1BDF80000001B00B2ADF80C
:104C10000000BDF80600204400B2ADF806003146A1
:104C2000684623F0BBFB5DE701205BE710B5B1F9F7
:104C30000030B2F90040A34202DAB1F9003001E0DD
:104C4000B2F900300380B1F90230B2F90240A34258
:104C500002DAB1F9023001E0B2F902304380B1F971
:104C60000430B2F90440A34202DDB1F9043001E09E
:104C7000B2F904308380B1F90630B2F90640A3429C
:104C800002DDB1F9063001E0B2F90630C38010BD93
:104C90002DE9FF47064627F0BCF881460020039027
:104CA0001EB19B49F068086003E015F003FD9849C8
:104CB000086097490968086923F0CEFA94480068AB
:104CC000406920B192490968486923F0C5FA9049C2
:104CD0000968C86923F0C0FA8D490968086A23F099
:104CE000BBFA8B480068006940B900208849096810
:104CF000A1F8500100BF00BFBDE8FF8723F04AFEC6
:104D000023F090FD82480068B0F8500100284BD095
:104D10007F4800680068007CC0F34000E8B17C4830
:104D2000006815F045FD401E04B27948006815F092
:104D3000D9FC401E07B23B460022114601A8009450
:104D400012F012FE01A8724909680968896B48606F
:104D50006F48006805F0E2FE00BF4FF480716C48B8
:104D6000006830301DF07DFC20216948006800F5A6
:104D700098701DF076FC002065490968A1F8500183
:104D8000484627F039F80390614800680068406A97
:104D900050B15F49096808685D49096809684B6A4C
:104DA0005C490A68039998471DF092F900F0F6F8FB
:104DB00000F0BEF858484569002D53D100BF15F0EA
:104DC00079FC074615F0A9FC04461BF039FE0546A0
:104DD00000227F21284623F0D6F800BF002211468A
:104DE000104614F0EEFD0190BDF8041008460022B4
:104DF00001460290284623F0A9F800BFFF22114681
:104E0000104614F0DEFD0190BDF8041008460022A3
:104E100001460290284623F088F900220321284603
:104E200023F069F900220321284623F03DF90022EE
:104E30000321284623F045F900220321284623F0C8
:104E40004DF900220321284623F062F933A12846B8
:104E50001CF0FEFD00231A46062128461EF09AF893
:104E60002D4845612C49086826F0C6FFB0F5967FAD
:104E700010D22848006841F28831884245D9264836
:104E80004068039908442449486008468068401CEB
:104E900088603AE026F0BDFF1F4908601C480068A2
:104EA000406800684FF47A71B1FBF0F71A48406827
:104EB00010B90120184948601748806808B93C4675
:104EC00008E0154880684FF47A71484312494968F0
:104ED000B0FBF1F40020104948608860BC4200D962
:104EE0003C460D48006920440B4908610846C068EB
:104EF000401CC86027F05AF8C0F1640843462246B7
:104F000007A128461CF0FCFD00BF00BFF4E600002E
:104F1000C0000020BC000020C44300203F0000006F
:104F20002575204650530A257525252043505500E8
:104F300010B5002416E0C4EBC4000C4951F8200061
:104F400030B1C4EBC401094A52F821001DF072F9D6
:104F5000C4EBC401054A02EB81001C211DF081FB5A
:104F6000601CC4B2042CE6DB10BD000064460020C7
:104F70000146094A10680BE042688A4202D0026882
:104F80008A4204D1027E22F00102521C027640695C
:104F90000028F1D170470000940000207047000005
:104FA00010B50421014800F0E3FF10BD7C4500204E
:104FB00010B51C21014800F0DBFF10BD9445002016
:104FC0002DE9FF4F8BB004469A46199DBAF1000FA8
:104FD00011D11898B0F5807F0DD10020208060801D
:104FE0000C98401E00B2A0800D98401E00B2E080D8
:104FF0000FB0BDE8F08FB5F9000040421899484362
:105000000121C1EB202000B22080B5F9020040420E
:10501000189948430121C1EB202000B26080B5F906
:1050200000100C98401A18994843022101EB2020E7
:1050300000B2A080B5F902100D98401A18994843A3
:10504000022101EB202000B2E080BAF1000F14D160
:1050500020882988084400B2208060886988084434
:1050600000B26080A0882988084400B2A080E0884F
:105070006988084400B2E080BAE70A209AFBF0F0A1
:105080000A900A98401C09900A9800EB8000AAEB4D
:10509000400B0A9800B227F0BFF90890099800B2B7
:1050A00027F0BAF907900A985A3000B227F0B4F9FD
:1050B000069009985A3000B227F0AEF90590CBF16E
:1050C0000A0108984143079800FB0B100A2190FB46
:1050D000F1F6CBF10A0106984143059800FB0B104D
:1050E0000A2190FBF1F776117F11B4F90080B4F931
:1050F000029007FB08F006FB1900298801EBA020AD
:1051000000B2ADF8100006FB08F007FB0900698843
:1051100001EBA02000B2ADF81200B4F90480B4F99C
:10512000029007FB08F006FB1900298801EBA0207C
:1051300000B2ADF80C0006FB08F007FB0900698817
:1051400001EBA02000B2ADF80E00B4F90080B4F974
:10515000069007FB08F006FB1900298801EBA02048
:1051600000B2ADF8080006FB08F007FB09006988EB
:1051700001EBA02000B2ADF80A00B4F90480B4F944
:10518000069007FB08F006FB1900298801EBA02018
:1051900000B2ADF8040006FB08F007FB09006988BF
:1051A00001EBA02000B2ADF80600BDF90800BDF982
:1051B0001010884202DABDF9080001E0BDF91000C4
:1051C000BDF90410BDF90C20914202DABDF90410BA
:1051D00001E0BDF90C1088420BDABDF90800BDF9F9
:1051E0001010884202DABDF908000DE0BDF9100088
:1051F0000AE0BDF90400BDF90C10884202DABDF9DD
:10520000040001E0BDF90C002080BDF90800BDF9E3
:105210001010884202DDBDF9080001E0BDF9100060
:10522000BDF90410BDF90C20914202DDBDF9041056
:1052300001E0BDF90C1088420BDDBDF90800BDF995
:105240001010884202DDBDF908000DE0BDF9100024
:105250000AE0BDF90400BDF90C10884202DDBDF979
:10526000040001E0BDF90C00A080BDF90A00BDF901
:105270001210884202DABDF90A0001E0BDF91200FD
:10528000BDF90610BDF90E20914202DABDF90610F3
:1052900001E0BDF90E1088420BDABDF90A00BDF934
:1052A0001210884202DABDF90A000DE0BDF91200C1
:1052B0000AE0BDF90600BDF90E10884202DABDF918
:1052C000060001E0BDF90E006080BDF90A00BDF9DD
:1052D0001210884202DDBDF90A0001E0BDF912009A
:1052E000BDF90610BDF90E20914202DDBDF9061090
:1052F00001E0BDF90E1088420BDDBDF90A00BDF9D1
:105300001210884202DDBDF90A000DE0BDF912005D
:105310000AE0BDF90600BDF90E10884202DDBDF9B4
:10532000060001E0BDF90E00E08000BF60E62DE957
:10533000F74F86B0044620680590B4F90810079826
:10534000A0EB0108B4F90A100898A0EB0109E08964
:10535000B0F5807F13D1206B00FB08F0E16A01FB00
:105360001901606A00EBA10BE06A00FB08F0216BF9
:1053700001FB0901A06A00EBA10004902FE0A089C5
:1053800080B9A06B00FB08F04FEA6018A06B00FB2F
:1053900009F04FEA6019606A00EB080BA06A484404
:1053A00004901CE0A06B00FB08F04FEA6018A06BB3
:1053B00000FB09F04FEA6019206B00FB08F0E16A7E
:1053C00001FB1901606A00EBA12BE06A00FB08F009
:1053D000216B01FB0901A06A00EBA12004904FEAB8
:1053E0002B2604980712B4F90400B04203DC002015
:1053F00009B0BDE8F08F002E01DA0020F8E7B4F91B
:105400000600B84201DC0020F2E7002F01DA00209C
:10541000EEE73420005DC0F3800050B33420005D1F
:10542000C0F3400078B90225B4F90400784368431A
:1054300006FB050A059800EB0A012A4604F1140050
:105440001DF0BDF82CE00325B4F90400784368434F
:1054500006FB050A6A1E059800EB0A0104F1140018
:105460001DF0ADF80AEB0500401E0599095CA17519
:1054700016E04FF0000A0025208A03463AB231B206
:10548000019004F1180019F087FD0290BDF80800A2
:10549000A0823AB231B204F1180019F0DDFCA07517
:1054A0003420005D00F00100B0B14FF47F400021D6
:1054B00000F47C4241EA5211C0F3C402114301914D
:1054C000BDF8042011460291A08ABDF80810884258
:1054D00001D100208CE700BFE07C08B9012087E7FC
:1054E0000FFA8BF1A187049801B2E18731B2402015
:1054F000015339B242200153C4F844A084F8485003
:10550000204600F003F80390039871E72DE9F04F6F
:105510008DB00446D4F8009094F83C000C9094F8B8
:105520003E000B900C9870280BDA4FF0FF35B4F961
:1055300040002844002800DA00250C988030C7B2CB
:1055400013E00C9890280EDD0125B4F940002844A2
:10555000B4F90410884200DB00250C98C0F1FF006C
:105560008030C7B201E00025FF270B9870280CDAC5
:105570004FF0FF36B4F942003044002800DA00262C
:105580000B98803000F0FF0815E00B9890280FDD95
:105590000126B4F942003044B4F90610884200DB19
:1055A00000260B98C0F1FF00803000F0FF0802E0F9
:1055B00000264FF0FF08A08A0A90A07D06900020E8
:1055C0000590049003903420005DC0F38000002813
:1055D0005BD094F84800626C00FB052000EB0901E9
:1055E000022209A81CF0EBFFB4F9040094F848204B
:1055F0005043626C00FB062000EB0901022208A860
:105600001CF0DDFFB4F9040094F848205043626CAC
:1056100000FB062294F8480000FB052000EB09017E
:10562000022207A81CF0CBFF3420005DC0F340002D
:1056300000287ED094F84800616C00FB05110844F6
:10564000401E19F800000590B4F9040094F84810C1
:105650004843616C00FB061194F848000844401E62
:1056600019F800000490B4F9040094F84810484375
:10567000616C00FB061194F8480000FB051108441A
:10568000401E19F80000039053E0208A0090B4F9FE
:1056900042204020005B284401B204F11800009B26
:1056A00019F07AFC0990208A00904220005B304477
:1056B00002B2B4F9401004F11800009B19F06CFC20
:1056C0000890208A00904220005B304402B24020C3
:1056D000005B284401B204F11800009B19F05CFC47
:1056E00007903420005DC0F3400010B3B4F94220AD
:1056F0004020005B284401B204F1180019F0ACFB13
:1057000005904220005B304402B2B4F9401004F12D
:10571000180019F0A1FB04904220005B304402B253
:105720004020005B284401B204F1180019F094FBFA
:105730000390BA46BB463420005DC0F34000E0B39E
:1057400006987843C7F1FF0C059B03FB0C00C0F3E0
:10575000072104987843C7F1FF0C039B03FB0C005F
:10576000C0F3072201FB08F0C8F1FF0302FB0300AE
:10577000030AA375022905DC022A03DC00200DB010
:10578000BDE8F08F022901DC4FF00008022A01DC9D
:105790004FF0FF080698022801DC4FF0000A059838
:1057A000022801DC4FF0FF0A0498022801DC4FF0C8
:1057B000000B0398022803DC00E002E04FF0FF0B2F
:1057C00003E0BA46BB46FF21A175BAF1000F02D132
:1057D000099802900BE0BAF1FF0F02D10A980290EB
:1057E00005E05246DDE9091014F0DCF90290BBF146
:1057F000000F02D1079801900BE0BBF1FF0F02D11F
:105800000898019005E05A46DDE9071014F0CAF93E
:105810000190B8F1000F03D1BDF80400A0820FE0A1
:10582000B8F1FF0F03D1BDF80800A08208E042469E
:10583000DDE9011014F0B6F90090BDF80000A08277
:1058400001209CE72DE9F05F0446B4F9080001024D
:105850006162B4F90A000102A162B4F90C000A21E4
:1058600090FBF1F56F1CB4F90C0005EB8501A0EB82
:105870004106684200B226F0CFFD8046784200B271
:1058800026F0CAFD8146C5F15A0000B226F0C4FDDB
:105890008246C7F15A0000B226F0BEFD8346C6F12B
:1058A0000A0000FB08F009FB06000A2190FBF1F159
:1058B000E162C6F10A0000FB0AF00BFB06000A21B8
:1058C00090FBF1F12163E06A4111E162206B41112B
:1058D0002163A07C19F06FFC3421095D60F30001A5
:1058E00034200155A07C19F049FC3421095D60F396
:1058F000410134200155A07C042805D0A07C052856
:1059000002D0A07C062807D13420005D20F00400DE
:10591000001D3421085505E03420005D20F004010D
:105920003420015521682162A06920F0E000A061C7
:10593000A17CA06961F30400A061A188A06961F362
:105940009420A061E188A06961F35F50A061E089C3
:1059500000EBD071491001F5001191FBF0F2A26348
:10596000FF21A175208AA082BDE8F09F2DE9F743B1
:10597000054616460024134C26F04BFA8046334663
:1059800029462046019A1AF0C5F807465FB900BFBC
:1059900000BF2C2120461CF064FE4FF00040A062A6
:1059A0000020BDE8FE830020A062E06918B94046EF
:1059B00026F022FAE061E06908B90120E0612046A2
:1059C000EFE70000B845002010B51421114800F0A1
:1059D000CFFA1AF051F8044600BF1CB900BF00BF4F
:1059E00000BFFEE700BF14B900BF00BF10BD0A49E9
:1059F00020461AF029F9094920461AF027F90849E2
:105A000020461AF025F9074920461AF01BF900BF75
:105A1000ECE70000A045002095F2010869F70108B5
:105A200085F901085DF2010870B504460D461021A4
:105A300028461CF016FE20680078012804D1208A30
:105A40002880608A68800CE020680078022802D1F3
:105A5000E068686005E020680078042801D10A2029
:105A600068602068406820B12068294642689047F5
:105A700001E000BF00BF70BD2DE9FE430446A66AE9
:105A8000EEB9A18A208A084401B2A182E18A608A23
:105A9000084401B2E18220460CF059FD06460EB9D9
:105AA000BDE8FE8320460FF08BFE00220921304620
:105AB00018F0FAFA6078C0F3400000B1F0E7208AED
:105AC00010B9608A002870D000200290019094F8EC
:105AD0003C0000F00F00032812D130461EF07AFE81
:105AE000074630461EF0FEFD804603200090B4F9C4
:105AF00010103B46424630460CF020F8029012E06F
:105B000030461EF0E9FE074630461EF05DFD804639
:105B10000C200090B4F9121043463A4630460CF07F
:105B20000DF8019000BF30461EF0AEFD054605F0B1
:105B3000010028B9BDF90800002801DD002002900D
:105B400005F0020028B9BDF90800002801DA00209C
:105B5000029005F0040028B9BDF90400002801DD19
:105B60000020019005F0080028B9BDF904000028C4
:105B700001DA0020019001AA02A9204629F094F937
:105B80000023BDF90420BDF90810304621F082FD44
:105B9000A08ABDF80810084401B2A182E08ABDF8CD
:105BA0000410084401B2E18200BF00BF78E72DE98C
:105BB000F84F0446D4F828B0BBF1000F01D1BDE87E
:105BC000F88F94F83C0000F00F0000B9F7E71AF0E6
:105BD00025FB06463068477E4021584620F084FA6F
:105BE00010B900216183218358461EF061FE804672
:105BF00058461EF067FE054694F83C0000F00F0082
:105C00000C2843D1002121831DBBB4F91A00C7F130
:105C100064014843642190FBF1F001B2618358466E
:105C20001EF0D2FC814658461EF056FE82460C20DD
:105C30000090B4F91A104B46524658460BF07EFFBE
:105C40006083B4F91A2000231946584621F022FD3A
:105C500069E0204629F07FF90090002161836A46BF
:105C6000204629F021F9BDF9003041F6FF7251427A
:105C700058460CF015FE8146BDF80000484402B2BB
:105C800001230021584621F005FD4CE094F83C002A
:105C900000F00F00032846D100216183B8F1000F06
:105CA00023D1B4F91800C7F164014843642190FB83
:105CB000F1F001B2218358461EF014FD814658468A
:105CC0001EF088FD824603200090B4F91810534658
:105CD0004A4658460BF032FF2083B4F918100023CF
:105CE0001A46584621F0D6FC1DE0204629F018F946
:105CF00000900021218300226946204629F0D4F833
:105D0000BDF9003041F6FF72514258460CF02EFDAD
:105D10008146BDF80000484401B2012300225846E4
:105D200021F0B8FC00BF208B002860D1608B0028D8
:105D30005DD11DBB58461EF0CFFD814658461EF072
:105D400043FC8246B9F1000F02DCBAF1000F14DD0A
:105D5000B9F1000F06DA01234A460021584621F026
:105D600099FC0AE0BAF1000F07DA0123CAF100003A
:105D700002B20021584621F08DFC00BFB8F1000F9F
:105D800023D158461EF0AEFC814658461EF022FD37
:105D90008246B9F1000F02DCBAF1000F14DDB9F14F
:105DA000000F06DA012300224946584621F072FC12
:105DB0000AE0BAF1000F07DA01230022CAF100005D
:105DC00001B2584621F066FC00BF32460A2158460F
:105DD00018F06AF96078C0F3400000B1EFE694F87B
:105DE0003C0020F00F0184F83C100021A16200BFAC
:105DF000E5E62DE9FF4104460F4614B914F05AFCBC
:105E000004460CB9BDE8FF811FB90020A4F8500179
:105E1000F8E70020ADF80800ADF80A00204614F0BD
:105E200061FC401E00B2ADF80C00204614F0C0FC2E
:105E3000401E00B2ADF80E0002AA39466846FEF7D1
:105E400015FD064606B9DDE72068007CC0F340007A
:105E500060B102982063039860630120A4F85001A8
:105E6000606810B1606826F05DF9CBE72068806952
:105E700018B1206869468269904700250BE004F15B
:105E8000300000EBC50100226846FEF730FD00B18E
:105E9000B8E7681C85B2B4F85001A842EFDCB4F84A
:105EA0005001202809DAB4F8502104F1300101EB47
:105EB000C200694611F0FBFB0BE00020A4F8500182
:105EC000B4F8502104F1300101EBC20002A911F035
:105ED000EEFBB4F85001401CA4F85001606810B10A
:105EE000606826F01FF900BF8CE770B505462846AC
:105EF00000F013F8044600260CE02146284600F086
:105F000024F806462146284600F086F820461CF074
:105F100091F93446002CF0D170BD014609B900203A
:105F200070474868FCE770B5064600243046FFF726
:105F3000F4FF054605E0641C2946304600F005F8EC
:105F40000546002DF7D1204670BD02460B4610686D
:105F5000001D03441868704702460B46106803444E
:105F600018687047014609B9002070478868FCE747
:105F7000002242608260CA1C22F003010160704767
:105F800070B50446216801F108001CF085F805464B
:105F9000A5B100222946204627F03CFC2946204690
:105FA000626827F029FC606820B12A4620466168B3
:105FB00027F030FC6560A06800B9A560284670BD78
:105FC00070B50446216801F108001CF065F805462B
:105FD000A5B100222946204627F00EFC294620467E
:105FE000A26827F017FCA06820B12A462046A168C5
:105FF00027F002FCA560606800B96560284670BDA6
:10600000014609B901207047486818B9886808B97D
:106010000120F8E70020F6E72DE9F04104460D469F
:106020000CB9BDE8F0812046FFF777FFA8420FD1F9
:1060300029462046FFF789FF6060606810B900209C
:10604000A0602FE000222046616827F0E3FB29E0F2
:106050002046FFF787FFA8420FD129462046FFF7C9
:106060007BFFA060A06810B9002060601AE00022E9
:106070002046A16827F0C0FB14E029462046FFF720
:106080006BFF064629462046FFF75FFF07463A4664
:106090003146204627F0B0FB32463946204627F0ED
:1060A000B9FB00BF00BFBCE710B50446206880689C
:1060B00018B120682146826890472068006828B19E
:1060C0002068006820602046FFF7EEFF10BD014603
:1060D000886818B18868B0F9160070470020FCE79E
:1060E0002DE9F04F93B005468B4691469A461C9E8B
:1060F000688C20F00400001D6884A5F82090328987
:10610000594628461FF06CFD1290A5F820A0328950
:10611000594628461FF064FD1190688C20F0040059
:106120006884DDE9111088420CD1DDE91110884244
:1061300008D1BDF84800BDF84410884202D113B020
:10614000BDE8F08FA5F820903289594628461FF007
:1061500047FD1290A5F820A0594628460EF029F9CF
:1061600010903189109A1068129A24F00EFB308931
:10617000602833D147F6FF711298884202D01198F7
:1061800088422BD128461FF052FF0F9000EBD070B1
:10619000471028461FF04BFF0F9000EBD0704FEADE
:1061A000600847F6FF711298884208D1781C08F100
:1061B0000101884200DA01E008F10100129047F67F
:1061C000FF711198884208D1781C08F101018842BA
:1061D00000DA01E008F10100119000BF2448FFF748
:1061E000CFFE044600BF1CB900BF00BF00BFFEE7E2
:1061F00000BF04B9A3E71298E06011982061ACB326
:1062000025603089A080C4F808B0684610F00CFC06
:106210002146684610F0C8FC1649684610F08CFC10
:106220001548029000BF1549684610F093FCFF2204
:106230000021684610F0A6FC3188684610F094FCF6
:106240007188684610F071FCF068069000BF6846DF
:10625000002190F83E2061F3000280F83E2000BF4C
:1062600030690590684610F0B7FC00BF00BF66E7D4
:10627000AC4500200D270308B9290308E9280308C5
:1062800010B514210148FFF773FE10BDAC45002086
:106290002DE9FE4F04460F4690464FF000090025B9
:1062A0006BE1E06800EBC5004068C0F3406000B1FE
:1062B00062E1E16801EBC501496821F07F4021F00E
:1062C000C8FF064626EA070008B9012000E00020C2
:1062D000029026EA080008B9012000E000200190A1
:1062E000DDE90101814272D0E06850F835A04FF03D
:1062F000000B6A4641F61001504623F0DFFE10B154
:106300004FF0010BA9E06A4641F61101504623F017
:10631000D5FE10B14FF0010B9FE06A4641F6120125
:10632000504623F0CBFE10B14FF0010B95E06A46CA
:1063300041F61301504623F0C1FE10B14FF0010B9E
:106340008BE06A4641F61501504623F0B7FE10B1C6
:106350004FF0010B81E06A4641F61401504623F0EC
:10636000ADFE10B14FF0010B77E06A4641F26901D2
:10637000504623F0A3FE10B14FF0010B6DE06A46CA
:1063800043F20C01504623F099FE10B14FF0010B7F
:1063900063E06A4643F20D01504623F08FFE10B1D0
:1063A0004FF0010B59E06A4641F20101504623F0DB
:1063B00085FE10B14FF0010B4FE06A4641F2040137
:1063C000504623F07BFE18B14FF0010B45E0D2E0C0
:1063D0006A4641F20201504623F070FE10B14FF0C0
:1063E000010B3AE06A4641F20301504623F066FE93
:1063F00010B14FF0010B30E06A4641F20501504602
:1064000023F05CFE10B14FF0010B26E06A4641F22A
:106410000601504623F052FE10B14FF0010B1CE074
:106420006A4641F23201504623F048FE10B14FF067
:10643000010B12E06A4643F60F01504623F03EFE80
:1064400010B14FF0010B08E06A4643F60E015046CA
:1064500023F034FE08B14FF0010BBBF1000F02D066
:106460000320BDE8FE8F6A4640F60A01504623F03D
:1064700025FE10B14FF002097CE06A4640F60B01A0
:10648000504623F01BFE10B14FF0020972E06A463D
:1064900043F60F01504623F011FE10B14FF00209F0
:1064A00068E06A4643F60E01504623F007FE10B13D
:1064B0004FF002095EE06A4640F63C01504623F088
:1064C000FDFD10B14FF0020954E06A4640F63D016F
:1064D000504623F0F3FD10B14FF002094AE06A463E
:1064E00040F63A01504623F0E9FD10B14FF00209A1
:1064F00040E06A464FF40461504623F0DFFD10B1DE
:106500004FF0020936E06A4640F64501504623F056
:10651000D5FD10B14FF002092CE06A4640F641016A
:10652000504623F0CBFD10B14FF0020922E06A463D
:1065300040F64201504623F0C1FD10B14FF0020970
:1065400018E06A4640F64301504623F0B7FD10B10B
:106550004FF002090EE06A4640F64901504623F02A
:10656000ADFD10B14FF0020904E0B9F1000F01D107
:106570004FF0010900BF00BF6D1C608CC0F3C50067
:10658000A8423FF68EAE48466BE70000014800681F
:1065900070470000C000002010B5024827F0FAF94B
:1065A00010BD0000C44300200146C1F30412072AB5
:1065B00000DD0722D0B2704710B518210348FFF75D
:1065C000D7FC012025F0C0FC10BD0000584500207C
:1065D0002DE9F04105460F4616460DB9BDE8F0819C
:1065E0002846F9F7D5FE8046394628460A4A1268F9
:1065F00090470746E8193146074A12689047064611
:106600003C4603E0A019285C2855641CA8EB060052
:10661000A042F7D200BFE1E7540200202DE9F0418B
:1066200006460C4617461D4629463046084A12685B
:1066300090472060206830B1296888190021044AF9
:106640001268904700E000203860BDE8F08100004B
:106650004C0200202DE9F04F87B004460F469246C9
:106660009846DDE910560DB1002028801CB90020A5
:1066700007B0BDE8F08F207808B90020F8E70FB91F
:106680000020F5E74FF0000906F0020010B906F00F
:10669000040098B1002000E0401C215C0A2905D0CC
:1066A000215C0D2902D0215C0029F5D1215C01B1CA
:1066B000401C15B14FF0FF312980D9E706F00200E8
:1066C00008B141F6FF7800200690059038E00020E0
:1066D0000490059808B9012000E0002006A904AA4A
:1066E000CDE90062CDE90210059960184346524693
:1066F000394625F0C9FE83460498A8EB00000FFA3E
:1067000080F8049848440FFA80F9BBF1000F00D1DB
:106710001CE005985844059020780A2802D020787B
:106720000D2800D112E00598205C0A2803D00598B6
:10673000205C0D2803D10598401C059006E000BFA1
:106740000598205C10B1B8F1000FC0DC00BF0598BF
:1067500070B905A92046094A12689047834635B1A9
:1067600000225946384617F0E2FD0FFA80F900BFC3
:106770000DB1A5F8009005987AE700004C020020C2
:106780002DE9F04706468846174606B10FB9BDE821
:10679000F0873046F9F7FCFD81463846F9F7F8FDF9
:1067A000044604B9F3E704EB090A414630460B4AB4
:1067B000126890478046554603E0281B305C7055B0
:1067C0006D1E08EB0400A842F7D906EB080022462C
:1067D00039461BF000FF00BFD9E70000540200203B
:1067E000024600200FA31B788B4211D113781BB9EE
:1067F0000123137001200BE01378012B02D1002339
:10680000137005E01378022B02D1002313700120CE
:106810001378012B04D1202901D102231370012008
:10682000704700002300000073B582B0064603984D
:106830000190324600210846019B26F041F90546A9
:10684000002001900024681C1BF026FC044600BFB9
:106850001CB900BF00BF00BFFEE700BF14B9002095
:1068600004B070BD002060553246691C2046039B71
:1068700026F026F92046F3E72DE9F04781460E463B
:1068800014461F46DDF820A035461BE0600800FBDB
:10689000075529464846D047B0F1000809DD04F005
:1068A000010080F00100C0EB5404E81905460646DB
:1068B00008E0B8F1000F02DA6408354602E0284625
:1068C000BDE8F087002CE1D10020F9E72DE9FF4F6A
:1068D00085B08346DDE9158ADDE91349DDE91775E1
:1068E000129E05F00200F8B94FB105F0010030B179
:1068F000B9F1000F02D105F00C0000B17F1E03E0DA
:1069000030222046641C3254544501D2202CF7D347
:1069100003E030222046641C325405F0010018B117
:10692000BC4201D2202CF4D305F01000B0B305F422
:10693000806050B94CB1544501D0BC4205D1641EB1
:106940001CB1B8F1100F00D1641EB8F1100F09D1BD
:1069500005F0200030B9202C04D278222046641C97
:10696000325415E0B8F1100F09D105F0200030B114
:10697000202C04D258222046641C325408E0B8F17E
:10698000020F05D1202C03D262222046641C32540F
:10699000202C03D230222046641C3254202C16D2E4
:1069A000B9F1000F04D02D222046641C32540EE0B1
:1069B00005F0040020B12B222046641C325406E06E
:1069C00005F0080018B120222046641C3254CDE99D
:1069D0000275CDE90064584606A90EC900F0A2F878
:1069E00009B0BDE8F08F2DE9FF4F8FB08046DDE99B
:1069F0001FABDDE91D96219D1C9C00270CB925F0DD
:106A0000100505F4806000B1E4B100BFB4FBF6F1FD
:106A100006FB1141C8B20A2802DA00F1300107E092
:106A200005F0200109B1412100E0612101440A394A
:106A3000CBB239467F1C07AA5354B4FBF6F40CB111
:106A4000202FE3D307A8CDE904AB8DE8810203969C
:106A50000695404610A90EC9FFF738FF13B0BDE8F0
:106A6000F08F2DE9FF4F8FB0DDE9217BDDF89080BD
:106A7000209EDDE91C454FF00009002184EA010059
:106A80006940084301D128F0100808F4806028B15B
:106A9000002184EA0100694008432DD000BF32463E
:106AA0003B4620462946F9F7ABFB02F0FF0ABAF154
:106AB0000A0F02DA0AF1300007E008F0200008B1FE
:106AC000412000E0612050440A38C2B2484609F132
:106AD000010907A90A5432463B4620462946F9F7E0
:106AE0008FFB04460D46002184EA010069400843FB
:106AF00002D0B9F1200FD2D32398CDE9036BCDE9B1
:106B0000050807A91E98CDE9001902900FA80FC823
:106B1000FFF7DCFE13B0BDE8F08F9A4200D2885434
:106B2000704770472DE9FF5F05461446DDE90EA664
:106B3000DDE91087A34607F0020078B907F00100ED
:106B400060B9B14607E02246641C2020039B0199EE
:106B5000A84709F10109C145F5D300BF08E0224665
:106B6000641C711E0E461AF80100039B0199A84788
:106B7000002EF4D107F0020050B105E02246641C5B
:106B80002020039B0199A847A4EB0B004045F5D3B7
:106B9000204604B0BDE8F09F2DE9FF4F8DB00F46B1
:106BA0000546002606E025280BD0DDE90F129047A8
:106BB0006D1C761C28780028F5D111B03046BDE850
:106BC000F08F0024A246A1460122EC4900E00443D4
:106BD00015F8013F203B02FA03F00842F7D128786C
:106BE0002A2810D06FF02F022878A0F1300109294F
:106BF00014D80AEB8A0102EB410144F0020400EBD5
:106C0000010A6D1CF0E701CF5FEA000A03D544F4E6
:106C10000054CAF1000A44F002046D1C28782E28A2
:106C200017D115F8010F44F004042A280ED06FF094
:106C30002F022878A0F1300109290AD809EB89012F
:106C400002EB410100EB01096D1CF2E757F8049BD0
:106C50006D1C28786C280FD006DC4C2817D06828CB
:106C60000DD06A2814D104E0742810D07A280FD1EE
:106C70000DE044F400140AE044F4801401E044F40C
:106C800040146978814202D104F580146D1C6D1C9A
:106C90002A786E2A1FD00CDC632A31D004DC002A4B
:106CA0008BD0582A11D1A3E0642A68D0692A0CD16C
:106CB00065E0732A2ED004DC6F2A73D0702A04D1C9
:106CC0009BE0752A6FD0782A6ED01046DDE90F124E
:106CD0009047761C50E1C4F30250022806D00328E6
:106CE00009D0042801CF09D0066045E101CFF11792
:106CF000C0E9006140E101CF06803DE106703BE163
:106D000017F8040B8DF8000000208DF80100EB4609
:106D1000012003E057F804BB4FF0FF3061074FF04C
:106D2000000102D40DE008F10101884649450FDA5F
:106D30008045F8DB1BF808100029F4D108E008F1C1
:106D4000010188468142FADB1BF808100029F6D1C0
:106D5000DDE90F23AAEB08008146214600F036F951
:106D6000304400EB080604E0DDE90F121BF8010BCC
:106D70009047B8F10108F7D221464846F7E00A21CA
:106D8000C4F302534FF0000B0891022B04D001CF43
:106D9000C117032B09D00AE0FF1D27F00707F7E80A
:106DA000020108E032E01FE020E000B2C117042B2E
:106DB00001D140B2C117031E71F1000307DA4FF091
:106DC000000CD0EB0C006CEB01012D2302E023053D
:106DD00004D52B238DF82430012303E0E30701D0F1
:106DE0002023F7E7984658E00A2110E010210EE032
:106DF00010204FF0000B08900CE010214FF0000B1A
:106E000044F004044FF00809089103E008214FF012
:106E1000000B0891C4F30253022B04D001CF0021D0
:106E2000032B06D006E0FF1D27F00707F7E8020155
:106E300003E080B2042B00D1C0B24FF0000823075A
:106E40002BD5702A07D0DDF820C08CF0100C5CEA3E
:106E50000B0C05D00EE040238DF82430012308E010
:106E600050EA010306D030238DF824308DF8252018
:106E700002239846DDF820C08CF0080C5CEA0B0C6D
:106E80000BD150EA010301D1630706D530238DF8F9
:106E900024304FF00108A9F10109582A04D038A282
:106EA0000B9208AA0A920BE03AA2F9E75B46089A0D
:106EB000F9F7A6F90B9B9B5C0A9A521E0A92137073
:106EC00050EA0102F2D10A98ADEB000000F1200B6C
:106ED000600702D524F4803401E04FF00109D94560
:106EE00002DDA9EB0B0000E0002000EB0B014144A8
:106EF0000890AAEB010AE00306D4DDE90F2321463E
:106F0000504600F063F806444FF0000908E009A974
:106F100011F80900DDE90F12904709F10109761C0B
:106F2000C145F4DBE0030CD5DDE90F2321465046D3
:106F300000F04CF8064404E0DDE90F1230209047E1
:106F4000761C0899481E08900029F5DC08E00A988C
:106F50000A990078491C0A91DDE90F129047761CC6
:106F6000BBF10001ABF1010BF1DC21465046DDE93C
:106F70000F2300F019F806446D1C1BE609280100D8
:106F8000303132333435363738396162636465669F
:106F90000000000030313233343536373839414261
:106FA00043444546000000002DE9F0410446002519
:106FB0001E461746880404D405E039462020B04711
:106FC0006D1C641EF9D52846BDE8F0812DE9F0411D
:106FD000044600251E469046C80301D5302700E030
:106FE0002027880404D505E041463846B0476D1C8B
:106FF000641EF9D52846BDE8F0810A68531C0B6071
:10700000107070472DE9FF4F8BB0074600250C9894
:1070100000B9FA4FEAE20E98007825280AD02A46ED
:107020006D1C0E990878DDE90C13B8470E98401CCA
:107030000E90DBE20E98401C0E90002400BF0E98CC
:1070400000782B2819D004DC20281ED023282CD12E
:1070500023E02D2809D0302827D144F001040E98D0
:10706000401C0E9001200A9022E044F002040E9889
:10707000401C0E9001200A901AE044F004040E987F
:10708000401C0E9001200A9012E044F008040E9873
:10709000401C0E9001200A900AE044F010040E9863
:1070A000401C0E9001200A9002E000200A9000BFD0
:1070B00000BF0A980028C2D180460E990878FDF7D3
:1070C000B2FB20B10EA8FDF799FB804612E00E98A6
:1070D00000782A280ED1189901C91891002804DADD
:1070E00044F00204C0F1000800E080460E99491CFB
:1070F0000E9100BF4FF000090E9800782E281FD186
:1071000044F480640E98401C0E900E990878FDF7A8
:107110008AFB20B10EA8FDF771FB814610E00E98A6
:1071200000782A280CD1189901C91891002801DD8E
:10713000014600E0002189460E99491C0E9100BFCE
:107140000E9800786C280AD004DC682816D06A28CB
:1071500035D128E0742820D07A2830D129E044F4B1
:1071600080740E98401C0E900E9800786C2804D104
:1071700044F400740E98401C0E9021E044F080040A
:107180000E98401C0E900E980078682804D144F0A8
:1071900040040E98401C0E9012E044F480740E9847
:1071A000401C0E900CE044F400740E98401C0E90AD
:1071B00006E044F480740E98401C0E9000E000BF7E
:1071C00000BF0E98007869281DD00EDC622821D0FF
:1071D00006DC25287ED050281AD058287BD115E00F
:1071E000632879D06428F9D10CE0732875D004DCC9
:1071F0006F280ED07028F1D109E0752804D07828C6
:10720000ECD102E000BF00BF00BF00BF00BF00BF65
:1072100000BF00BF0E980078782803D00E98007841
:10722000582801D1102623E00E980078702803D04A
:107230000E98007850280CD1102644F0100444F425
:1072400080740E984078562812D10E98401C0E90EB
:107250000EE00E9800786F2801D1082608E00E98FD
:107260000078622801D1022602E00A2624F01004E8
:107270000E980078582803D00E980078502801D135
:1072800044F020040E980078692805D00E98007804
:10729000642801D024F00C0404F4806008B124F0C8
:1072A00001040E980078692803D00E9800786428AD
:1072B0007CD104F40070B8B31898C01D20F007000A
:1072C0001890D0E900AB189A083218920020CDE946
:1072D000069803E073E17CE1F2E01CE1CDE9046093
:1072E0000894BAEB00017BEB000001DA012000E01A
:1072F0000020002102900846B1EB0A0170EB0B0060
:1073000002DA5046594605E000200146B0EB0A007B
:1073100061EB0B01CDE900012A463846DDE90C138B
:10732000FFF79FFB0546C7E0FFE704F48070D0B18C
:10733000189850F804AB18904FEADA70CDE903982A
:1073400002960594BAF1000F01DD514601E0CAF141
:107350000001CDE900102A463846DDE90C13FFF79D
:1073600042FB0546A8E004F0400028B1189810F848
:10737000041B1890C8B20DE004F0800028B11898E2
:1073800030F8041B189008B204E0189800681899A7
:10739000091D189182464FEADA70CDE903980296EA
:1073A0000594BAF1000F02DD514602E00BE0CAF18C
:1073B0000001CDE900102A463846DDE90C13FFF73D
:1073C00012FB054678E00E980078562818D11898D8
:1073D00050F804AB1890DAF8040000680990099896
:1073E0000090DAF800300D98421B0C98411938468D
:1073F000FFF708FE0544002009905DE0236B0008BC
:1074000004F40070D0B11898C01D20F00700CDE939
:107410000698089418900020CDE90460029018990D
:1074200003C9189A08321892CDE900012A46384655
:10743000DDE90C13FFF715FB05463DE004F4807011
:1074400098B10022CDE90398029605941898006837
:107450001899091DCDE9000218912A463846DDE940
:107460000C13FFF7C0FA054626E004F0400028B1EF
:10747000189810F8041B1890C8B20DE004F08000B2
:1074800028B1189830F8041B189088B204E01898B6
:1074900000681899091D189182460020CDE900A0C6
:1074A000CDE90398029605942A463846DDE90C1387
:1074B000FFF799FA054600BF0E98401C0E9093E026
:1074C000012604F0020050B905E02A466D1C202078
:1074D000DDE90C13B8473046761C4045F5D31899C2
:1074E00011F8043BD8B22A466D1C1891DDE90C1343
:1074F000B84704F0020050B105E02A466D1C202078
:10750000DDE90C13B8473046761C4045F5D30E989C
:10751000401C0E9068E0189850F804AB1890504644
:10752000B9F1000F01D0494601E04FF0FF310A46A2
:10753000014600E0491C0B781BB1131EA2F10102A9
:10754000F8D10E1A04F4806028B14E4501D23046BD
:1075500000E04846064604F0020050B905E02A461D
:107560006D1C2020DDE90C13B8473046761C4045E1
:10757000F5D306E01AF8010B2A466D1CDDE90C1361
:10758000B8479AF8000040B104F480600028F1D0B8
:10759000B9F10000A9F10109ECD104F0020050B1E9
:1075A00005E02A466D1C2020DDE90C13B847304663
:1075B000761C4045F5D30E98401C0E9014E02A46E8
:1075C0006D1C2520DDE90C13B8470E98401C0E9069
:1075D0000AE02A466D1C0E990878DDE90C13B847BD
:1075E0000E98401C0E9000BF00BF00BF0E980078A0
:1075F00000287FF410AD0D98854201D2284601E0A5
:107600000D98401E02460020DDE90C13B8472846BD
:107610000FB0BDE8F08F2DE9F04104460E4600277B
:1076200074B13146204600F02DF80546B5F5004FFF
:1076300005D20C2D01D9284600E00C20074600BFDA
:107640003846BDE8F081024600BF481E084018B128
:1076500000BF00BF00BFFEE700BF481E1040101A69
:10766000704710B502464B1E13444C1E23EA04001B
:1076700000BF4B1E0B401BB100BF00BF00BFFEE7A9
:1076800000BF10BD024600BF481E084018B100BF31
:1076900000BF00BFFEE700BF481E10444B1E9843CA
:1076A000704700002DE9F04180460E464446012017
:1076B0006086002500270DE056F8270025A1F8F781
:1076C0006EFE10B1681C85B202E0608E401C6086C0
:1076D000781C87B256F8270020B156F827000078AA
:1076E0000028E9D1208EA84201D1BDE8F081A06A2E
:1076F00020B1A06A1AF09EFD0020A062E06A20B1CD
:10770000E06A1AF097FD0020E062E8001AF0C4FC7D
:10771000A06200BFA06A18B900BF00BF00BFFEE7AB
:1077200000BF68001AF0B8FCE06200BFE06A18B958
:1077300000BF00BF00BFFEE700BFA06A08B1E06A5B
:1077400000B900256900E06A1AF08BFF258600BFAA
:10775000CBE700000A0000002DE9F84F81460E46F5
:10776000924699F8090000F00700022801D130463E
:1077700000E050468346564501DD304600E0504665
:107780000746032000EB470020F0030000F110053E
:107790003948006839490968A0EB0108002405EB65
:1077A000080037490968884206D23348046860688F
:1077B00020F0004060603AE031480068854221D8FE
:1077C00013E04FF0FF300090002269462D480EF084
:1077D00047FD002269462C480EF042FD264800680D
:1077E00026490968A0EB010800BF08EB0500244901
:1077F00009688842E5D820480468606820F00040A5
:10780000606014E028461AF047FC044600BF1CB92B
:1078100000BF00BF00BFFEE700BF14B90020BDE8F5
:10782000F88F606820F0004000F100406060324650
:107830005946484601F085FE2060606800F04040EF
:10784000401C6060606820F080406060A781A4F800
:107850000EB06068C00F20B1204600F11001A16099
:1078600008E0054800681030A0600348006828441C
:10787000014908602046D2E7C80000201C02002011
:10788000C40000203125010843630108F0B585B02C
:1078900006460D463446002004900390029094F86A
:1078A0003C0000F0030020B1012838D0022866D047
:1078B00000BF94F83C0000F003005A490978884260
:1078C0001BD02620005D00EB001000EB40001421CF
:1078D00090FBF1F0544908702720005D00EB001088
:1078E00000EB4000142190FBF1F05049087094F82F
:1078F0003C0000F003004B49087002A803A9CDE941
:10790000001005EB45014FF6FF7202EA410004AB9F
:1079100046490A78444909780AF0E0FA5FE094F8A9
:107920003C0000F003003F49097888421AD0A08C3F
:1079300000EB400040024FF4B471B0FBF1F03C4961
:1079400008802720005D00EB001000EB40001421B0
:1079500090FBF1F03549087094F83C0000F003000A
:107960003049087002A803A9CDE90010E9B204ABC0
:107970002E4802782E4800880AF0B0FA2FE094F8DA
:107980003C0000F003002749097888421AD0A08CF7
:1079900000EB400040024FF4B471B0FBF1F0244919
:1079A00008802620005D00EB001000EB4000142151
:1079B00090FBF1F01C49087094F83C0000F00300C3
:1079C0001849087002A803A9EAB204ABCDE9001077
:1079D00015480178164800880AF080FA00BF00BFF9
:1079E0009DF810009DF80C109DF80820D708BDF8F0
:1079F000003067F304038F080093BDF8003067F38D
:107A00004A13C7080093BDF8003067F3CF230093F3
:107A1000BDF800703B460193BDF80410084605B060
:107A2000F0BD00007A0100207801002079010020DB
:107A30007601002010B50120074908700748FEF7BD
:107A40006CFA20B90648006824F060FB03E00448A3
:107A5000006824F067FB10BD040200208845002068
:107A60000802002010B5044694F83E00C0F3400020
:107A700050B9A08F002807DDA08F4FF6FF71884214
:107A800002D0A08F401EA087A08FA8B9606B20B144
:107A900094F83E00C0F3400070B121461748FEF74D
:107AA000BBFAFFF7C7FFE06810B12046E1688847DE
:107AB00020461AF0BFFB1FE0A06B4042E062606B03
:107AC000D0B194F83E10C1F3400111B9216B494285
:107AD000E16294F83E104908C94394F83E2061F3EE
:107AE000410284F83E20E069616AE1616062A06A57
:107AF000616BA162606300BF10BD0000884500207B
:107B00002DE9F04180464248006824F075F90646A8
:107B10004048007880F001003E4908703E48FEF77A
:107B2000FCF904466BE000203C49087094F83E00E4
:107B3000C0F3800037490978884253D0354801782E
:107B40002C34A07C61F38200A07420688719A07C8B
:107B50002C3CC0F3C00010BBE06A00281FDC002FE3
:107B60001DDB94F83E0000F0010060B9206950B1BF
:107B70002046216988470546E0692844E061606A3B
:107B80002844606200BFA06810B12046A168884701
:107B900094F83E0020F00800083084F83E00E06AC7
:107BA0003044E062E06A00281BDBD4E90A10884216
:107BB00001DDA06AE0622046A16988470546206A87
:107BC000A84206D02562606818B12946D4E90002AF
:107BD0009047D4E90A10884202DB2046FFF742FFB3
:107BE00000BF00BF0D48007820B10B48FEF795F9A3
:107BF000044604E021460848FEF7A7F90446002C95
:107C000091D124F006F902490860BDE8F081000036
:107C10000002002005020020884500200402002008
:107C2000F7B582B004460E4614B9049805B0F0BD0D
:107C300000BF6322314620461DF0D2FF0190019D16
:107C400000BFBDB12868A8B100BF642231462046FC
:107C50001DF0C6FF01900198C0B207464FB13A46E9
:107C60002B682846049998470190BDF80400ADF8A8
:107C7000100000BF0498D9E770B504460D4660684F
:107C800018B129466068FFF7F7FF206818B1294648
:107C900020462268904770BD70B505460C46A1B2DB
:107CA00028460FF031FC70BD70B505460C46A1B2F8
:107CB00028460FF07AFC70BD70B503460C460025CF
:107CC000661E0FE0A819411033F81100904201DD43
:107CD0004E1E07E033F81100904201DA4D1C01E01E
:107CE000084670BDB542EDDD4FF0FF30F9E770B5E5
:107CF00004460D4600BF204600F03BF818B100BF17
:107D000000BF00BFFEE700BF284600F050F9001D8D
:107D1000616808446060204600F03AF8204670BD73
:107D200070B505460C46284600F041F904F11001F3
:107D3000884201D3012070BD0020FCE70146A1F17B
:107D4000080070477CB505460C46204600F02FF928
:107D500006466A4601A925F065FA21462846DDE96E
:107D600000320DF0FFFD7CBD0146087900F00100F6
:107D7000704710B50446204600F019F908B90120F3
:107D800010BD0020FCE70146087900F002007047B2
:107D900070B50446204600F097F805462C6028464A
:107DA00070BD7CB506460C46002001900090002571
:107DB0006CB16A4601A9204625F051FA01980928BC
:107DC00005DA6A4601A9304627F0ACF9054685B1C7
:107DD00000BF284600F0EBF8A04203D200BF00BF6E
:107DE00000BFFEE700BF29463046DDE9003226F03D
:107DF000CBFD28467CBD70B504462046FFF7C8FF82
:107E00000546284600F0BEF8204600F0B6F870BDE2
:107E100070B50446204600F057F80546284600F0A5
:107E2000B6F8204600F0BEF870BD70B506460D46A7
:107E3000284600F049F8044600BF1CB900BF00BF47
:107E400000BFFEE700BF2046FFF78EFF90B100BFE6
:107E50002846FFF78EFF18B100BF00BF00BFFEE746
:107E600000BF2146304600F076F821462846FFF74D
:107E70003EFF0546284670BD70B506460D462846AD
:107E8000FFF781FFF0B1284600F057F8044600BF25
:107E90001CB900BF00BF00BFFEE700BF00BF204607
:107EA000FFF762FF18B900BF00BF00BFFEE700BFC9
:107EB0002146304600F04FF829462046FFF717FFCD
:107EC000054600BF284670BD2DE9F0410446204616
:107ED00000F06DF8061F204600F0B8F8074631465E
:107EE00025F04CFD054600BF2046FFF742FF18B1C4
:107EF00000BF00BF00BFFEE700BF2846BDE8F0811D
:107F00002DE9F04106460C461546002794B100BF06
:107F10001DB900BF00BF00BFFEE700BF2A462146D3
:107F2000304600F097F82046FFF772FF204600F039
:107F30008DF807463846BDE8F08110B5044600BF0D
:107F40002046FFF720FF18B900BF00BF00BFFEE7C3
:107F500000BF206810BD7CB505460C46204600F0E9
:107F600026F806466A4601A925F05CF9214628460E
:107F7000DDE9003226F008FD7CBD416841F00101D9
:107F800041607047416841F00201416070474168BB
:107F900021F0020141607047426802F003030B4385
:107FA00043607047416821F001014160704701461C
:107FB000486820F0030070472DE9F04706460C465C
:107FC000304600F043F88046211F25F0D7FC0746D5
:107FD0003046FFF7ECFF211D451A00BF384600F080
:107FE00035F88146384600F031F880460421FFF725
:107FF00038FB814503D000BF00BF00BFFEE700BFD4
:1080000000BF3046FFF7D3FF2919091D884203D06E
:1080100000BF00BF00BFFEE700BF29463846FFF79C
:10802000BBFF00BF3846FFF7C2FF0C2803D200BFDA
:1080300000BF00BFFEE700BF21463046FFF7ACFFA0
:108040003846FFF7D8FE3846BDE8F087014601F113
:10805000080070472DE9F04106460C46154600BF62
:108060002046FFF781FE18B900BF00BF00BFFEE742
:1080700000BF29462046FFF753FE78B12946204627
:10808000FFF79AFF07462046FFF782FE3846FFF7C4
:1080900079FF39463046FFF755FE00BFBDE8F08155
:1080A0002DE9F04106460C46154600BF2046FFF775
:1080B0005BFE18B100BF00BF00BFFEE700BF29464E
:1080C0002046FFF72DFE88B129462046FFF774FFB2
:1080D00007463846FFF75BFF39463046FFF7A5FEF7
:1080E000074639463046FFF72DFE00BFBDE8F08158
:1080F0002DE9F8430646344618F090F8804640468D
:1081000018F0D1F878BB304615F0E1FC38B33046B2
:1081100015F059FB208FE18E884212D0E08E208727
:10812000E08E00906A461C21304615F0BDFF0746E0
:10813000012F02D03846BDE8F88330461EF071FBAF
:1081400000BF404618F0BFF80546042D06D1304662
:108150001CF0C8F90746002116F051FE09E0304630
:1081600015F018FD05E0FFE7208FE08630461EF091
:1081700058FB0120DFE72DE9F0410446204615F0C9
:108180008DFF054628461CF007FA0646284610F0E3
:10819000BBFA074601223946304622F0E5FFBDE82A
:1081A000F0810146C1F3C01070470146C1F3801051
:1081B00070470146C1F3C01070470146C1F300206B
:1081C00070470146C1F3C00070470146C1F340103B
:1081D00070470146C1F3402070470146C1F30030AB
:1081E00070470146C1F30010704700002DE9F04FC1
:1081F00089B004460D46002120461CF068F830B9CD
:108200001C2128461AF02DFA09B0BDE8F08F294646
:10821000204600F00BFB2946204600F07DF80021A7
:1082200020461DF07AFA0890002120461DF0FBFB45
:108230000790002120461DF030F8012800D100E011
:1082400000208146002120461DF0A3FE07460021A4
:1082500020461DF010F9064642F2D170874205D142
:10826000608CC0F3802008B9012000E00020824625
:1082700020461CF0CCF8069000BF4FF000082448C0
:108280000288414620461DF0ABFC03900398C0B223
:1082900000BF8346AA6829692868CDE90209CDE9AB
:1082A00000125A465146089B06980CF00FF9288395
:1082B00042F2D170864205D1608CC0F3402008B9EB
:1082C000012000E00020059020461CF081F8049079
:1082D00000BF4FF000080F480288414620461DF0BD
:1082E0007FFC03900398C0B200BF83460023EA6876
:1082F00069686869CDE90213CDE900025A46079B17
:10830000DDE904010CF0E2F8688300BF7CE70000BF
:10831000DE000020E20000202DE9F34F87B00C467C
:1083200007980BF0F1F8804607981CF070F806905B
:10833000404601F081F920612169480019F0E6FE0C
:1083400020602169480019F0E1FEA060002548E0A6
:108350005848029038F9150041F69A7188423FD189
:108360000020019029E0019907981BF0B0FF0090D0
:10837000514900981DF0C3FE00B11BE000980BF0BE
:10838000E1F88246BAF1010F00D013E000980BF03B
:10839000C9F88346AB4500D00CE000981DF047FEBD
:1083A0000299884201DA029802E000981DF03FFE2F
:1083B000029000BF0198401C019007981BF0A5FF98
:1083C00001998842CFD80298002804DB0298A1685E
:1083D00021F8150003E00021A06820F8151000BF67
:1083E0006D1C2069A842B3D80026B14600251BE0C9
:1083F00038F9150041F69B71884202DB411A0E44A0
:1084000011E041F69A71884206D1A16831F8151041
:1084100049440FFA81F906E0A16821F8150009EB3B
:1084200000010FFA81F96D1C2069A842E0D80021F3
:1084300007981DF072F905902169491EDDE90502D2
:1084400000FB112000B206900698A0EB090007B2CD
:10845000002F00DA00274FF0FF3004900020039037
:10846000002513E038F9150041F69B7188420CDBBA
:10847000421A11B207FB01F2B2FBF6F212B2A36884
:1084800023F815200495039100BF6D1C2069A842B4
:10849000E8D8049800280ADB0398301A7843B0FB28
:1084A000F6F0381A01B2A268049822F8101009B048
:1084B000BDE8F08F01E0FFFF010006002DE9FC5F41
:1084C00005460022114628461FF070FA0021284672
:1084D0001CF057FF8146002128461DF0D8FA484479
:1084E00007B2002128461DF089F848440FFA80FAA7
:1084F00028461CF045FE384450440FFA80FB3B4EA2
:1085000028461BF002FF01904FF000085CE0A868CD
:10851000006850F82840364920461DF0F0FD00B1B3
:1085200050E020461EF0FAF9002839D100212046FB
:108530001CF058FE0090009830B1012807D00228A6
:1085400004D0032815D100E000BF00BF00BFB4F97C
:108550001A10B5F91600081A401CB04201DA30466C
:1085600005E0B4F91A10B5F91600081A401C06B255
:1085700014E0002120461DF04DFD70B904F11400F7
:108580000FF0EDF83844B04201DA304604E004F16F
:1085900014000FF0E4F8384406B200BF00BF10E04A
:1085A000B4F91A10B5F91600081A401CB04201DAE5
:1085B000304605E0B4F91A10B5F91600081A401C47
:1085C00006B200BF08F10108019880459FD3074813
:1085D000864209D006EB0A0006B25E4502DD30464F
:1085E000BDE8FC9F5846FBE75846F9E701E0FFFF6E
:1085F000010004002DE9FC5F0546002211462846D3
:108600001FF0B8F9002128461CF0BBFE824600216D
:1086100028461DF079F950440FFA80F800212846C9
:108620001DF0C9F850440FFA80F928461CF0B8FD37
:108630004844404400B20190724C28461BF065FE4D
:108640008346002128461CF00EFE012866D1002634
:108650005BE0A868006850F826706B4938461DF04A
:108660004EFD00B150E038461EF058F9002839D1CF
:10867000002138461CF0B6FD0090009830B1032868
:1086800005D0062804D0082815D102E000BF00BF9D
:1086900000BFB5F91800B7F91410401A401CA042E9
:1086A00001DA204605E0B5F91800B7F91410401AB0
:1086B000401C04B214E0002138461DF09EFC70B945
:1086C00007F114000FF0BEF84044A04201DA204642
:1086D00004E007F114000FF0B5F8404404B200BF05
:1086E00000BF10E0B5F91800B7F91410401A401C8B
:1086F000A04201DA204605E0B5F91800B7F91410D8
:10870000401A401C04B200BF761C5E45A1D33D4810
:10871000844269D004EB090004B265E000265BE006
:10872000A868006850F82670374938461DF0E7FC05
:1087300000B150E038461EF0F1F880BB0021384609
:108740001CF050FD0090009830B1012805D004289D
:1087500004D0072815D102E000BF00BF00BFB7F961
:108760001800B5F91410401A401CA04201DA204646
:1087700005E0B7F91800B5F91410401A401C04B20E
:1087800015E0002138461DF045FC78B907F11400CA
:108790000FF058F84844A04202DA204605E008E00D
:1087A00007F114000FF04EF8484404B200BF00BFB8
:1087B00010E0B7F91800B5F91410401A401CA04297
:1087C00001DA204605E0B7F91800B5F91410401A8F
:1087D000401C04B200BF761C5E45A1D30948844208
:1087E00002D004EB080004B20648844202D101988A
:1087F000BDE8FC9F0198844201DD2046F8E701981E
:10880000F6E7000001E0FFFF0100040010B5044698
:10881000206819F0F7FC606819F0F4FCA06819F002
:10882000F1FCE06819F0EEFC10BD00002DE9F34FFB
:1088300087B00C4607980BF057FC8046404600F086
:10884000FBFE60616169480019F060FC606061696D
:10885000480019F05BFCE060002548E059480290B0
:1088600038F9150041F69A7188423FD100200190F5
:1088700029E0019907981BF02AFD009052490098C1
:108880001DF03DFC00B11BE000980BF0F5FC8246AA
:10889000BAF1010F00D013E000980BF0DDFC834625
:1088A000AB4500D00CE000981BF026FE02998842F0
:1088B00001DA029802E000981BF01EFE029000BF51
:1088C0000198401C019007981BF01FFD01998842F8
:1088D000CFD80298002804DB0298E16821F815003F
:1088E00003E00020E16821F8150000BF6D1C6069FD
:1088F000A842B3D80026B14600251BE038F9150080
:1089000041F69B71884202DB411A0E4411E041F6A8
:108910009A71884206D1E16831F8151049440FFA7E
:1089200081F906E0E16821F8150009EB00010FFA72
:1089300081F96D1C6069A842E0D8002107981DF0FC
:1089400072F8069007981BF043FD01466269521EBB
:10895000069800FB121000B205900598A0EB0900E4
:1089600007B2002F00DA00274FF0FF3004900020FC
:108970000390002511E038F9150041F69B718842FB
:108980000ADB421A11B207FB01F2B2FBF6F212B295
:10899000E36823F8152000BF6D1C6069A842EAD87F
:1089A000049800280ADB0398301A7843B0FBF6F0ED
:1089B000381A01B2E268049822F8101009B0BDE834
:1089C000F08F000001E0FFFF010006007CB50446C7
:1089D0000D46164628882189084400B2ADF80000EB
:1089E00068886189084400B2ADF80200A88821892E
:1089F000084400B2ADF80400E8886189084400B278
:108A0000ADF80600324669462046636998477CBD4A
:108A1000F8B505460E462C46206B10B1206B007849
:108A200018B9606B08B90120F8BD606B58B12846D1
:108A300022F08FFF0746104909688847616B88421A
:108A400001D30020F0E7206B98B1002000900AE0ED
:108A500069460A4A206B126890470746B74201D11F
:108A60000120E1E700BF206B0099405C0028EFD1B6
:108A7000DAE70120D8E700005C0200204C02002069
:108A80002DE9FF4F8FB00F46209DF87800F00100D0
:108A900008B1FA4800E0FA480E90F87800F00100BA
:108AA00008B1F84800E0F8480D90F87800F00100AF
:108AB00008B9F44800E0F4480C9001200B90B5E0B0
:108AC00000220B9200206A88B5F804C0A2EB0C02C9
:108AD00011B200261AE006EB860CEA6802EB8C0263
:108AE000127C02F0010242B906EB860CEA6802EB46
:108AF0008C029289024410B207E006EB860CEA6809
:108B000002EB8C0212898A1A11B2761C2A69B242CF
:108B1000E1D8002685E006EB860CEA6802EB8C02C1
:108B2000127C02F00102002A7AD191FBF0F80FFAD0
:108B300088F306EB8609D5F80C8008EB8908B8F8AD
:108B40000C8008FB03F80FFA88F206EB8609D5F8CB
:108B50000C8008EB8908B8F9049006EB860AD5F872
:108B60000C8008EB8A08B8F90680904501DD904634
:108B700007E006EB860AD5F80C8008EB8A08B8F9FE
:108B80000680C14508DD06EB8609D5F80C8008EBA8
:108B90008908B8F9048013E006EB8609D5F80C8043
:108BA00008EB8908B8F90680904501DD904607E09A
:108BB00006EB8609D5F80C8008EB8908B8F9068021
:108BC000C44694450BD04FF0010806EB860AD5F851
:108BD0000C9009EB8A09C9F81080CDF82C8006EBBF
:108BE0008609D5F80C8008EB8908A8F808C006EBC0
:108BF0008609D5F80C8008EB8908B8F80C80A0EB42
:108C000008080FFA88F006EB8609D5F80C8008EB07
:108C10008908B8F80880A1EB08080FFA88F100BFAE
:108C2000761C2A69B2423FF676AF00BF0B98002847
:108C30007FF446AF00210F981CF03CFB012800D1C7
:108C400000E000200A9000200990089008A809A9D7
:108C5000CDE9001029890BB2B5F9022038781E99A8
:108C600024F0A7FEF87800F0010048B10A9838B166
:108C70000F981BF0CCFBBDF82410084400B20990FB
:108C800011990F981BF023FB04468AE17F49204687
:108C90001DF035FA40B1F878C0F3800111AA0F98A1
:108CA0000BF05DF804467CE1002120461CF0C6FB79
:108CB00007900798002858D000200390002610E065
:108CC00006EB8601E86850F82100A04208D106EBC7
:108CD0008600E96801EB8000B0F90800039003E02A
:108CE000761C2869B042EBD800BFF87800F001008C
:108CF00030B1608C20F4806000F58060608405E015
:108D0000608C20F4007000F50070608404F11400A1
:108D10000D9988470399884226D020461DF081FD91
:108D200000BFA08AADF80400E08AADF80600208BF1
:108D3000ADF80800608BADF80A0000BF04F1140024
:108D40000E9A0399904701AA2921204615F0ACF903
:108D500020461BF021FC22462221009015F0A4F9A8
:108D600020461DF05EFD00BF07E0608C20F48060AF
:108D70006084608C20F40070608400200690787815
:108D8000012812D0022819D104F114000C99884747
:108D9000B5F90010491C21F00101081A039000EBFD
:108DA000D070401000B2069009E004F114000C9954
:108DB00088472988081A00B2069000E000BF00BF6B
:108DC000F87800F0010050B10A9840B104F11400A5
:108DD0000D998847BDF82410081A00B209900020A8
:108DE000039043F20C02204603991CF0F9FE029016
:108DF00002980FFA80F800BF0020039043F20D02A2
:108E0000204603991CF0ECFE029002980FFA80F9BC
:108E100000BF20461DF00BF9059020461BF06CFBAF
:108E2000049008F4C040B0F5005F01D1012000E0DB
:108E3000002030B128F4C040B0F5FA6F01DC012009
:108E400000E0002090B128F4C040B0F57A7F04DD46
:108E500028F4C040C0F57A7001E028F4C0400599BC
:108E60004843642190FBF1F00FFA80F809F4C04008
:108E7000B0F5005F0CD101200BE000008379010800
:108E800077790108C3780108B3770108010006006B
:108E9000002030B129F4C040B0F5FA6F01DC0120A8
:108EA00000E0002090B129F4C040B0F57A7F04DDE5
:108EB00029F4C040C0F57A7001E029F4C04004995B
:108EC0004843642190FBF1F00FFA80F9A18A1C98C5
:108ED000401A40440FFA80FAE18A1D98401A48442B
:108EE0000FFA80FBF87800F0010010B1BDF9240002
:108EF00000E0069850440FFA80FAF87800F001007C
:108F000008B1069801E0BDF9240058440FFA80FB2F
:108F1000BAF1000F02D1BBF1000F1BD020461DF0AB
:108F200080FCA08A504400B2A082208B504401B241
:108F30002183E08A584401B2E182608B584401B237
:108F4000618320461DF06DFC01235A4651462046A0
:108F50001DF044FDF87800F0010008B10A9870B9DE
:108F600004F114000D9988471F990844BDF820109A
:108F70000844BDF82410084400B2099008E0BDF888
:108F800020101F980844BDF82410081A00B2099058
:108F9000F878C0F3800111AA0F980AF0E0FE0446A9
:108FA00000BF24B1DDE9111081427FF46FAE13B030
:108FB000BDE8F08F2DE9F04F8DB005468946B9F137
:108FC000000F02D10DB0BDE8F08FA5F81890286809
:108FD00010B1286819F02EF909EB4901062202EBBD
:108FE000410019F059F8286000BF286818B900BF7F
:108FF00000BF00BFFEE700BF286868600221286844
:1090000001FB0900801CE8600421286801FB0900BD
:10901000001DA860B9F1010F0CD1B4206968087077
:109020000020E96808800120E96848800020A968DC
:109030000880C7E709F10101C80019F067F8074681
:1090400009F1010007EB80084FF0000A4FEA8900A0
:1090500002B20BA90CA800F067F90024BDF930009A
:109060008010079000200390CCE0002616E00BA9AA
:109070000CA800F061F90CA800F04BF900B90FE062
:10908000BDF93000801007A941F82600BDF8300076
:1090900000F0030003A941F82600761C042EE6DB4D
:1090A00000BF042E00D0B3E00A990798884219D176
:1090B000079800B227F814000FFA8AF028F8140075
:1090C000DDE90301084405990844069908446968E4
:1090D00008556868005D0007000E69680855601C47
:1090E00004B28DE0DDE9070188422CD0079800B278
:1090F00027F814000FFA8AF028F81400039869681A
:1091000008556868005D0007000E69680855601C16
:1091100004B20798401E00B227F814000FFA8AF034
:1091200028F814000498001D05990844069908447D
:10913000696808556868005D0007000E6968085591
:10914000601C04B25CE00999079888422CD007980B
:1091500000B227F814000FFA8AF028F81400DDE9AD
:1091600003010844696808556868005D0007000E3F
:1091700069680855601C04B20798401E00B227F8C1
:1091800014000FFA8AF028F81400059808300699A0
:109190000844696808556868005D0007000E696842
:1091A0000855601C04B22BE0079800B227F81400A1
:1091B0000FFA8AF028F81400DDE903010844059944
:1091C0000844696808556868005D0007000E696812
:1091D0000855601C04B20798401E00B227F814001E
:1091E0000FFA8AF028F8140006980C3069680855C0
:1091F0006868005D0007000E69680855601C04B2CD
:109200000AF1010A0CA800F084F800287FF42DAFC1
:1092100000BF40F2D32109FB01F0029002988012B6
:109220000190601E37F910100198814205D1601E2F
:1092300038F910100198814226D0DDE90121A1EB17
:109240008220B0F5007F04DC00FB00F14800001430
:1092500007E0C0F5806000FB00F148000014C0F199
:109260000F00019909B227F81410019909B228F8E2
:1092700014106A6810556968095D0907090E6A6863
:109280001155611C0CB200BFA61E0EE038F8160086
:1092900027F8140037F8160028F814006868805D75
:1092A00069680855761E601C04B2002EEEDA4FF095
:1092B000000B00260020E968088023E0E96821F817
:1092C0001B6037F81600A96821F81B0010E0A86899
:1092D00030F81B0037F91610884203DAA86830F816
:1092E0001B0001E037F91600A96821F81B00761C65
:1092F00038F91600584501D1A642E8DB0BF1010010
:109300000FFA80FBA642D9DB384618F07BFF00BF7E
:1093100058E60146B1F90200B1F90020904201DCA3
:10932000012070470020FCE7028000234380C2F147
:1093300001031BB20B807047B1F90020002A07DC43
:109340000B8842885200D21C1A4412B20A800CE0E8
:1093500042880388D21A5200521D0B881A4412B256
:109360000A800288521E12B202804288521C12B237
:109370004280704737B582B01546022D04DCBDF837
:109380000C10084605B030BDBDF80C00C00ABDF891
:10939000081000EBD1241F2C01D2204600E01F2032
:1093A000BDF8081060F3CF210291BDF80C00C0F3A6
:1093B0004510BDF80810C1F3451144183F2C01D2E7
:1093C000204600E03F20BDF8081060F34A110291EA
:1093D000BDF80C0000F01F00BDF8081001F01F01DF
:1093E00044181F2C01D2204600E01F20BDF80810B1
:1093F00060F304010291FF2D03D1BDF80810084667
:10940000C0E72A46DDE9020110F0EEFB0190BDF84D
:1094100004100846B6E717B581B01446022C04DCE8
:10942000BDF80810084604B010BDBDF80400C00A1D
:10943000BDF80810C90A48434109BDF8040061F3AA
:10944000CF200190BDF8040000F01F00BDF8081007
:1094500001F01F0148434109BDF8040061F3040015
:109460000190BDF80400C0F34510BDF80810C1F329
:10947000451148438109BDF8040061F34A10019089
:10948000FF2C03D1BDF804100846CCE72246DDE9E5
:10949000010110F0A9FB0090BDF800100846C2E7DA
:1094A00037B582B01546022D04DCBDF80C10084615
:1094B00005B030BDBDF80C00C00ABDF80810A0EB27
:1094C000D124002C01DD204600E00020BDF808106A
:1094D00060F3CF210291BDF80C00C0F34510BDF838
:1094E0000810C1F34511441A002C01DD204600E0AC
:1094F0000020BDF8081060F34A110291BDF80C007D
:1095000000F01F00BDF8081001F01F01441A002CE4
:1095100001DD204600E00020BDF8081060F30401E2
:109520000291FF2D03D1BDF808100846C0E72A4676
:10953000DDE9020110F058FB0190BDF80410084667
:10954000B6E708B5034600930098484080EA6200F9
:1095500008BD2DE9F84F8046404614F09FFD824635
:10956000404614F03AFD064650461BF015F8814679
:109570002B2E09D1484621F0EAFD0446002221465F
:10958000484621F0F1FD3AE00A2E38D169465046AE
:109590001BF084F850461AF03AFF04460021484672
:1095A0001BF095FE01280AD1204604EBD071BDF9CD
:1095B0000020C2EB610191FBF4F10DB209E02046FD
:1095C00004EBD071BDF9002002EB610191FBF4F1D5
:1095D0000DB2002D00DA00250027484621F0B7FD26
:1095E000A84200D0012701222946484621F0BCFDAF
:1095F00027B100221C21484614F056FD00BFBDE8EB
:10960000F88F10B58060C06000230361002110E076
:10961000002400F1140343F82140002206E000F189
:10962000380303EBC11343F82200521C202AF6DB57
:10963000491C0929ECDB10BD0146002000E0401C5C
:1096400031F9102041F6FF739A42F8D170477CB58A
:1096500006460D4634465020005D00F00100A84249
:1096600033D00DB1012000E000205021095D60F3EE
:1096700000015020015504F1440168460EF05FF8E6
:10968000BDF80000616A898A084400B2ADF80000A4
:10969000BDF80210606AC08A084400B2ADF802004A
:1096A000BDF80400616A898A084400B2ADF804007C
:1096B000BDF80610606AC08A084400B2ADF8060022
:1096C000694630461DF0E7F800BF7CBD37B582B073
:1096D000054614462146039810F0A8F80190BDF8FD
:1096E0000410084605B030BD2DE9FF4F8DB005468A
:1096F0000E461446F07A022803DC012011B0BDE8C2
:10970000F08F3089326901460C901098FCF72EF9E1
:1097100007460FB90020F1E7397D01F01F0015F071
:109720004AFD10B14FF006080AE0397D01F01F0034
:1097300015F024FD10B14FF0050801E04FF00408CA
:10974000386A38B100BF00BF214628463A6A25F082
:10975000FAFEDEE0B869002859D021460BA80DF0CA
:10976000AFFF308818B97088B0F5807F32D02046BE
:109770000EF076F8834600BFE0886188401A401CEE
:1097800000B20890301D7188CDE90010308803B216
:1097900059460BA8089AFBF713FCBDF82C0021884A
:1097A000084400B2ADF82C00BDF82E0061880844D2
:1097B00000B2ADF82E00BDF830002188084400B298
:1097C000ADF83000BDF832006188084400B2ADF851
:1097D000320000BF0BAA09A8A968FBF747F8814629
:1097E000B9F1000F04D1384601F0EBFB012085E709
:1097F000D5F808A009A8A860CDF800802246314617
:109800002846BB6911F0BCFAC5F808A081E02246E1
:109810000BA8A968FBF72AF80A900A9820B93846DD
:1098200001F0CFFB012069E70BA80EF019F80990B1
:109830000BA80EF015F800EB4000039018F066FC42
:109840008146D5F808A00BA907A80DF039FF012122
:1098500007A80EF090F8BDF92C00B4F90010401ADA
:109860000690BDF92E00B4F90210A0EB010BBDF972
:109870002E00059042E007AA514602A8FAF7F6FF2B
:109880000A900A9800B936E0CDF80090099803B222
:109890000FFA8BF2069801B2384616F0B9F9049027
:1098A000049801280ED0384616F0D2F800BF00BF49
:1098B000484618F0A7FC384601F083FBC5F808A01D
:1098C00000201BE702A8A8604B4607AA314628469D
:1098D000CDF8008011F054FABDF81E00401C00B213
:1098E000ADF81E00BDF82200401C00B2ADF8220009
:1098F0000BF1010B00BF0598401C0590BDF932101B
:1099000005988142B7DAC5F808A0484618F07AFCF5
:1099100000BF384601F055FB0120EFE600BF00BF55
:109920007047F8B506460C4615460095E788BBB269
:10993000A788BAB26788B9B22788B8B2F8F742FAEE
:10994000304610F0B1FEF8BD10B5F8F7A1FB10BD20
:10995000F8B505462C4616F061FC0646206B22F051
:109960004BFA3168898B88422CD2606A009094F857
:109970003C0000F0030020B1012806D002280CD1E1
:1099800007E00020ADF8000007E064208DF8020039
:1099900003E064208DF8030000BF00BF304616F0DE
:1099A00001FE2846009910F020FD50B100221C2134
:1099B000284614F079FB0746012F01D03846F8BD40
:1099C00000BF00BF22F025FA20630120F7E7000066
:1099D0002DE9F04F9BB0074689461646BA4617A8B0
:1099E00010F04AFF4FF4A02138461BF013FC9DF8FD
:1099F000691060F382018DF8691030460DF068FF40
:109A0000054600EBD5704FEA60083088404400B24C
:109A1000ADF858007088404400B2ADF85A000021FB
:109A200038461BF0AAFD1590494603A81AF004FA1F
:109A300017A80B904FF4003010903348049000208A
:109A400005900AF13000FCF78DFA044657E02079C2
:109A5000032800D04DE0208BADF85C00208A00B2D6
:109A6000ADF85E006079FD2801DD159803E06079AE
:109A70001599484300128DF868002568B5F9200053
:109A8000E98B08440090B5F92030D5E90512A068AB
:109A900018F0EEFA8346B5F92000E98B08440090EF
:109AA000B5F92030D5E90512E06818F0E1FA029026
:109AB000608B404400B2ADF84800149416A80C9096
:109AC00003AA1A21384614F0EFFA029880B21FFA5E
:109AD0008BF1CDE90010BDF8480083B216AA17A992
:109AE000484610F0ABFE03AA1B21384614F0DCFAFE
:109AF00000BF21460AF13000FCF72EFA0446002C84
:109B0000A5D11BB0BDE8F08F8040030870B50446B6
:109B10000D4600222946204607F07EFE01222946F6
:109B2000204607F079FE02222946204607F092FCE3
:109B300004222946204607F08DFC70BD2DE9F74F21
:109B40009EB00C46E078022802DC21B0BDE8F08F20
:109B50001CA820990DF0C6FDB4F9200001282EDDC7
:109B600094F82200FD282ADB208840B3BDF870005D
:109B700014F8231F4908C1F38001084400B2ADF86E
:109B80007000BDF8720021784908C1F34001084413
:109B900000B2ADF87200BDF8740021784908C1F335
:109BA000C001401A00B2ADF87400BDF8760014F898
:109BB0002319C1F34001401A00B2ADF876001E9897
:109BC0001CA982681AA8FAF751FE00B9BDE7E07B2C
:109BD00000F0070616B9A088199001E0E0881990F6
:109BE000BDF864106089814200D100261CA812F0E3
:109BF0002DF818901C2111A8F6F7A1FBA0788DF87C
:109C00005D00BDF86400ADF84C00189860B920887C
:109C100050B94EB91CA81190E0788DF85C0011A9DC
:109C20001E9812F0C3FE90E7E078FD2801DBFF20CC
:109C300000E0E07810901CA80DF03CFE0F901CA8EE
:109C40000DF0B0FD0E90DDE90E01814201DA0F98B2
:109C500000E00E980D90B4F900100D98B1EB600F74
:109C600002DAB4F9000001E00D98401007461AA886
:109C70000DF020FE81464FF0FF300C9000200B903D
:109C8000002F01DC189870B1484618F03FFA0B908D
:109C900000233AB21CA905A812F050FB002105A828
:109CA00011F0CEFC0C90BDF86800ADF80C00BDF8CA
:109CB0006C00ADF810000B98149003A8119016904A
:109CC000FF208DF85C00A01DDDE90E2114F046FE9A
:109CD0008046B8F1000F0CD0022E0AD1BDF96810F1
:109CE000D8F8080000EB4100BDF97010A0EB41006E
:109CF00012901898A0B3BDF96A502CE028B2ADF8C4
:109D00000E0028B2ADF812004A4610990B9818F0D0
:109D10006EFCBDF968100FFA89F32AB20B9811F0A6
:109D200045FF8DF854009DF85400012802D102200F
:109D30008DF85400012E09D1BDF97210691AD8F8B6
:109D4000080000EB41000088ADF84C0011A91E98F6
:109D500012F02CFE6D1CBDF96E00A842CEDACCE0EC
:109D6000FFE700255CE0BDF8720028440FFA80FA96
:109D7000BDF87600401B0FFA80FBBDF96A00504524
:109D800004DDBDF96E00584500DA48E04A461099F6
:109D90000B9818F02CFCBDF90C100FFA89F3524601
:109DA0000B9811F003FF8DF854009DF85400012822
:109DB00002D102208DF85400BDF96A00504514DC30
:109DC000ADF80EA0ADF812A0012E0AD1BDF97210A7
:109DD000AAEB0101D8F8080000EB41000088ADF8BB
:109DE0004C0011A91E9812F0E1FDBDF96E00584516
:109DF00014DBADF80EB0ADF812B0012E0AD1BDF9EA
:109E00007210ABEB0101D8F8080000EB41000088AC
:109E1000ADF84C0011A91E9812F0C8FD00BF6D1CD2
:109E2000BD42A0DBBDF87000ADF80400BDF87400C1
:109E3000ADF80800BDF87200384400B2ADF8060075
:109E4000BDF87600C01B00B2ADF80A0001A811F001
:109E5000FDFE00900098B0B9AEB9BDF8720038446C
:109E600000B2ADF80E00BDF87600C01B00B2ADF830
:109E7000120010988DF85C000020149011A91E9813
:109E800012F094FD38E010988DF85C0001208DF8F8
:109E90005400BDF97600A0EB070ABDF97200C519A0
:109EA00027E0009870B14A4610990B9818F09FFB74
:109EB000BDF968100FFA89F32AB20B9811F076FEFB
:109EC0008DF8540028B2ADF80E0028B2ADF812009B
:109ED000012E09D1BDF97210691AD8F8080000EBFB
:109EE00041000088ADF84C0011A91E9812F05EFDEB
:109EF0006D1C5545D5DD00BF00BF0B9810B10B9808
:109F000018F080F90C98401C28B10C9812F0FEFA59
:109F100005A811F077FEB8F1000F02D0404614F00A
:109F200014FD00BF11E62DE9F0478EB007460C4640
:109F30001546206910B90EB0BDE8F087A07E022852
:109F400000DCF8E7206916F007F90646022E55D125
:109F5000002041F6FF71CDE90001029003460DA8F3
:109F6000D4E9041222F046FB28460DF0A3FC8146FA
:109F700000EBD970298801EB6000BDF9348008EB53
:109F8000D871A0EB610000B2ADF82C00BDF82C0038
:109F9000BDF834100844401E00B2ADF83000284629
:109FA0000DF000FC814600EBD970698801EB600080
:109FB000BDF9368008EBD871A0EB610000B2ADF8B6
:109FC0002E00BDF82E00BDF836100844401E00B229
:109FD000ADF8320003A811F0BBFA60690390208B42
:109FE000ADF81800A07E8DF82600002000900BAA86
:109FF00003A93846236910F0F7FEAEE00DA92069E9
:10A0000015F052FD8046B8F1010F02D000BF00BF2D
:10A0100091E707A810F0CBFEA0788DF82800208BE0
:10A02000ADF82400E07E8DF82600A07E8DF8270094
:10A03000207FE8BB28460DF03DFC824600EBDA703D
:10A04000298801EB60000D99C1F38A2909EBD971C8
:10A05000A0EB610000B2ADF8140028460DF0A2FBA1
:10A06000824600EBDA70698801EB60000D994FEAD7
:10A07000515909EBD971A0EB610000B2ADF816009F
:10A08000BDF814000D99C1F38A210844401E00B2A6
:10A09000ADF81800BDF816000D9900EB5150401EA8
:10A0A00000B2ADF81A0005AA07A93846236900E0F6
:10A0B00002E010F02DFE4FE06888ADF81600BDF804
:10A0C00016000D9900EB5150401E00B2ADF81A0079
:10A0D0003BE02888ADF81400BDF814000D99C1F3D9
:10A0E0008A210844401E00B2ADF8180017E005AA06
:10A0F00007A93846236910F00BFEBDF814000D992E
:10A10000C1F38A21084400B2ADF81400BDF818006C
:10A110000D99C1F38A21084400B2ADF81800BDF9C9
:10A120001400B5F904108842E1DDBDF816000D9960
:10A1300000EB515000B2ADF81600BDF81A000D99B1
:10A1400000EB515000B2ADF81A00BDF91600B5F998
:10A1500006108842BDDD00BF00BF00BFEBE62DE961
:10A16000F04F87B083460C46164694F8220002282A
:10A1700002DC07B0BDE8F08F208C00B9F9E794F855
:10A180002300C0F3440000B9F3E794F8230000F083
:10A19000010000B1EDE730460DF08CFB8146304602
:10A1A0000DF000FB0746B4F90050B94501DA484606
:10A1B00000E038468246B5EB6A0F01DD4FEA6A05DA
:10A1C000314605A80DF08EFABDF9141094F823005D
:10A1D000400800F0040010B1B4F9200003E0B4F925
:10A1E000200028444042084400B2ADF81400BDF9F4
:10A1F000181094F82300400800F0080010B1B4F9DA
:10A20000200003E0B4F9200028444042081A00B2BC
:10A21000ADF81800BDF9161094F82300400800F0BE
:10A22000020010B1B4F9200003E0B4F92000284482
:10A230004042084400B2ADF81600BDF91A1094F877
:10A240002300C0F3400010B1B4F9200003E0B4F9DA
:10A25000200028444042081A00B2ADF81A00208CB1
:10A26000281A0FFA80F8B8F1000F01DA4FF0000851
:10A27000A07894F82210CDE90210E08BADF804002C
:10A280002BB205AA31465846CDF8008000F002F8FE
:10A2900000BF6EE72DE9FF4FA3B00D4616461F46DF
:10A2A0003298FF2801DBFF2000E0329832902846E8
:10A2B00011F0CCFC2290229868B967B9309850B957
:10A2C0003298009032462946319B239800F0A9FA33
:10A2D00027B0BDE8F08F23982946826820A8FAF7B6
:10A2E000C5FA00B9F4E720A80DF0E4FA81461C2174
:10A2F00019A818F0B6F9484617F008FF1C904FF05F
:10A30000FF301890002F0ADD00233A46294612A894
:10A3100012F014F8002112A811F092F918900123FC
:10A3200031460CA8309A12F009F800210CA811F05F
:10A3300087F90B9009A819901E90BDF8C400ADF8DC
:10A340006C0032988DF87C0033988DF87D00B5F95B
:10A3500000003844B6F90010884203DDB5F900006A
:10A36000384401E0B6F9000000B2ADF81C00B5F9C0
:10A370000400C01BB6F90410884203DAB5F90400E2
:10A38000C01B01E0B6F9040000B2ADF82000B5F939
:10A3900002003844B6F90210884203DDB5F9020024
:10A3A000384401E0B6F9020000B2ADF81E00B5F97C
:10A3B0000600C01BB6F90610884203DAB5F906009C
:10A3C000C01B01E0B6F9060000B2ADF8220007A8F4
:10A3D0000DF070FA0690B5F90200B6F90210884245
:10A3E00001DC012000E000208246B5F90600B6F944
:10A3F0000610884201DB012000E0002083462298FD
:10A4000000284CD0BDF88000ADF82400BDF88400D1
:10A41000ADF82800BDF9824029E0BAF1000F04D15F
:10A42000BDF91E00A04200DD20E0BBF1000F04D109
:10A43000BDF92200A04200DA1DE020B2ADF82600EE
:10A4400020B2ADF82A0049461C9818F041F9BDF930
:10A4500080100FFA89F322B21C9811F0A7FB8DF837
:10A46000740019A9239812F0A1FA00BF641CBDF969
:10A470008600A042D1DA00BF0CA811F0C3FB0B98F4
:10A4800012F044F81898401C28B112A811F0BAFB39
:10A49000189812F03BF81C9817F0B4FE18E7B5F9BD
:10A4A0000000B6F90010884201DC012000E0002025
:10A4B0000590B5F90400B6F90410884201DB0120CB
:10A4C00000E00020049001200390059860B10498FA
:10A4D00050B1BAF1000F07D0BBF1000F04D00698BD
:10A4E000322801DA0020039001208DF87400BAF1BF
:10A4F000000F15D0039898B1BDF81C00ADF82400EA
:10A50000BDF82000ADF828006888ADF826007088F6
:10A51000401E00B2ADF82A0019A9239812F046FA9D
:10A52000BBF1000F15D0039898B1BDF81C00ADF831
:10A530002400BDF82000ADF82800F088401C00B2CF
:10A54000ADF82600E888ADF82A0019A9239812F082
:10A550002DFA059898B12888ADF824003088401E5F
:10A5600000B2ADF82800BDF81E00ADF82600BDF819
:10A570002200ADF82A0019A9239812F017FA0498BE
:10A5800098B1B088401C00B2ADF82400A888ADF89E
:10A590002800BDF81E00ADF82600BDF82200ADF879
:10A5A0002A0019A9239812F001FA0398F0BBBDF80C
:10A5B0008000ADF82400BDF88400ADF82800B5F99E
:10A5C0000200B6F90210401AB84201DA384604E037
:10A5D000B5F90200B6F90210401A00B20290002448
:10A5E00042E06888204400B20190E888001B00B275
:10A5F0000090BDF982100198814205DDBDF98610F9
:10A600000098814200DA2EE049461C9818F060F864
:10A61000BDF924100FFA89F3019A1C9811F0C6FABB
:10A620008DF87400BDF98210019800E020E08142AD
:10A6300009DC0198ADF826000198ADF82A0019A9A7
:10A64000239812F0B3F9BDF986100098814209DB16
:10A650000098ADF826000098ADF82A0019A92398B3
:10A6600012F0A4F900BF641C02988442B9DBC7E071
:10A67000BDF88000ADF82400BDF98410BDF91C00C0
:10A68000401E814202DABDF9840002E0BDF91C00DF
:10A69000401E00B2ADF8280009A80DF00BF9804665
:10A6A000B8F1000F48DD059810B9BAF1000F1ED0BF
:10A6B000BDF9824017E020B2ADF8260020B2ADF817
:10A6C0002A0041461C9818F003F8BDF924104346AF
:10A6D00022B21C9811F06AFA8DF8740019A9239817
:10A6E00012F064F9641CBDF91E00A042E3DC059879
:10A6F00010B9BBF1000F1FD0BDF92200441C17E0B8
:10A7000020B2ADF8260020B2ADF82A0041461C98D0
:10A7100017F0DEFFBDF92410434622B21C9811F059
:10A7200045FA8DF8740019A9239812F03FF9641CBA
:10A73000BDF98600A042E3DABDF98010BDF9200022
:10A74000401C814202DDBDF9800002E0BDF920001D
:10A75000401C00B2ADF82400BDF88400ADF828001C
:10A7600009A80DF0A7F88046B8F1000F48DD04985D
:10A7700010B9BAF1000F1ED0BDF9824017E020B227
:10A78000ADF8260020B2ADF82A0041461C9817F01B
:10A790009FFFBDF92410434622B21C9811F006FA1F
:10A7A0008DF8740019A9239812F000F9641CBDF902
:10A7B0001E00A042E3DC049810B9BBF1000F1FD0CB
:10A7C000BDF92200441C17E020B2ADF8260020B2EB
:10A7D000ADF82A0041461C9817F07AFFBDF9241005
:10A7E000434622B21C9811F0E1F98DF8740019A9C2
:10A7F000239812F0DBF8641CBDF98600A042E3DA6E
:10A800000CA811F0FFF90B9811F080FE12A811F0BE
:10A81000F9F9189811F07AFE1C9817F0F3FC00BFB4
:10A8200056E52DE9FF4F89B080460C461546DDF808
:10A8300058901C21684617F014FF07A80090BDF837
:10A840003000ADF808008DF81890B4F90200B5F9A1
:10A850000210884201DC012000E000200646B4F925
:10A860000600B5F90610884201DB012000E0002057
:10A870000746B4F90000B5F90010884201DC012058
:10A8800000E000208246B4F90400B5F904108842C3
:10A8900001DB012000E0002083462088ADF81C0089
:10A8A000A088ADF820006088ADF81E006888401EC2
:10A8B00000B2ADF822001EB16946404612F076F8AB
:10A8C000E888401C00B2ADF81E00E088ADF8220018
:10A8D0001FB16946404612F069F82088ADF81C00A7
:10A8E0002888401E00B2ADF8200016B1B5F902006C
:10A8F00001E0B4F90200ADF81E0017B1B5F9060089
:10A9000001E0B4F90600ADF82200BAF1000F03D05F
:10A910006946404612F04AF8A888401C00B2ADF8DB
:10A920001C00A088ADF82000BBF1000F03D06946E1
:10A93000404612F03BF80DB0BDE8F08F2DE9FF4F17
:10A9400093B00746904699464FF6FF70804502D176
:10A9500017B0BDE8F08F3E46746A208C1290208CB0
:10A96000484506D0A4F82090608C20F00400001D1B
:10A9700060844FF4802120461BF0FFF911904FF4C2
:10A98000802120461BF069FA0546119813F0EAFC75
:10A990008246384609F0E9F88346BBF81600ADF860
:10A9A0003E00BDF93E000AEB050108FB010000B2C4
:10A9B000ADF83E00284605EBD071BDF83E20A2EB75
:10A9C000610109B2ADF83E10BDF83E005044284484
:10A9D000401E00B2ADF84200706A808AADF83C00BB
:10A9E000706A008BADF8400001A811F0BDFD01AA0E
:10A9F0004FF4802120461BF065FD0FAA01A9149891
:10AA000011F096FD12982084608C20F00400608480
:10AA100000BF9DE72DE9F04F91B007460D469046E7
:10AA200099464FF6FF70804502D111B0BDE8F08F16
:10AA30001097109F7C6A208C0F90208C484506D080
:10AA4000A4F82090608C20F00400001D608407A80A
:10AA500010F07EFD07AA4FF4802120461BF057FC22
:10AA60004FF4802120461BF0F8F9ADF82E0038464F
:10AA700009F07BF8064606B9D7E7079813F072FC91
:10AA80008246F08AADF81600BDF91600BDF92E1009
:10AA9000514408FB010000B2ADF81600BDF92E00CC
:10AAA00000EBD071BDF81620A2EB610109B2ADF840
:10AAB0001610BDF816005044BDF82E100844401E74
:10AAC00000B2ADF81A00A08AADF81400208BADF8E2
:10AAD000180005AA03A8A968F9F7C8FE8346BBF1C8
:10AAE000000F13D0A868029003A8A860304616F0A3
:10AAF000C9FA01900020009006F1140207A9284627
:10AB0000019B10F071F90298A86000BF0F98208493
:10AB1000608C20F00400608400BF86E72DE9F041DE
:10AB20000546354800680FF0D9FD04462868866B55
:10AB3000F06A10B13046F16A8847206890B16068C9
:10AB400080B10CE02C4800680068806A38B12A4A5D
:10AB500012681068284A12681268916A884720694A
:10AB60000028EFD101202061234800680068C068F8
:10AB7000806900F0010050B11F4800680068C0689B
:10AB80008069C0F3400010B10120606101E0002045
:10AB90006061606908B1012000E000200746286874
:10ABA000406998B12868007CC0F3011048B128685A
:10ABB000007CC0F3800020B1D6E9001000F01EF840
:10ABC00004E0D6E900212868FDF700FF206880B185
:10ABD000606870B12868007C00F0010000B147B1E6
:10ABE0002168A068884202D16068A06001E0206806
:10ABF000A060BDE8F0810000C00000202DE9F34F07
:10AC000083B0044688480068056887480068006883
:10AC1000007CC0F3400040B1287CC0F3800020B12C
:10AC200000BF00BF05B0BDE8F08F287CC0F3011065
:10AC300002280AD121462846049A00F004F9214648
:10AC40002846049AFDF7C2FEEBE0287CC0F3011011
:10AC5000012804D0287CC0F301100328F4D100207F
:10AC60000290714800680FF039FD824620460CF0D2
:10AC7000F0FD064620460CF079FD83464FF4A050C7
:10AC8000B0FBF6F000B2584505DA4FF4A050B0FB27
:10AC9000F6F000B200E058460190B4F90280287C3A
:10ACA000C0F3011001280BD168882188401A401E8A
:10ACB00000B2E080E088801B401C00B2608006E0AB
:10ACC0002088608060883044401E00B2E080002709
:10ACD0009EE0ABEB07010198814201DD019801E0A4
:10ACE000ABEB07000FFA80F90120CAF8100047BB50
:10ACF000B34526DBB146297CC1F30111032901D1FB
:10AD0000012100E0002108463146049A00F00FF9C5
:10AD1000287CC0F30110012807D1A4F8008008EBBB
:10AD20000600401E00B2A0803FE02888401EA0EB35
:10AD3000080000B2A080A088801B401C00B22080C8
:10AD400033E0029820B94FF4205017F0DFF9029059
:10AD500002980090297CC1F30111032901D101213E
:10AD600000E0002108464A463146049B00F0B2F854
:10AD7000287CC0F3011001280AD108EB070000B2BB
:10AD8000208008EB07004844401E00B2A0800CE081
:10AD90002888401EA0EB0800C01B00B2A080A0883D
:10ADA000A0EB0900401C00B2208007EB09005845C9
:10ADB0000DDBDAF8180000F0010040B1DAF81800F5
:10ADC000C0F3400018B10120CAF8140002E00020CE
:10ADD000CAF81400029808B9049800E002980246E4
:10ADE00021462846FDF7F2FD04E0A86A10B1284686
:10ADF000A96A8847DAF810000028F6D106FB09F1A5
:10AE0000049800EB4100049007EB090007B200BF73
:10AE10005F45FFF65EAF029810B1029817F0F2F9A5
:10AE200000BF00BFFEE60000C000002018B5048887
:10AE300000940C88048014880C801C881480BDF851
:10AE400000401C8018BD2DE9FC5F05460C461646E7
:10AE500020460CF0FEFC824620460CF087FC834620
:10AE60000AFB0BF001900198471E4FF0000811E01B
:10AE700006EB47000088009006EB470006EB480110
:10AE80000988018006EB4800BDF8001001807F1E94
:10AE900008F101084745EBD8B4F906906888618845
:10AEA000401A401E00B2E0806888A0EB0900401EF6
:10AEB00000B26080B4F9049028882188401A401EAE
:10AEC00000B2A0802888A0EB0900401E00B22080BC
:10AED000BDE8FC9F2DE9F04704461D46089F01FB95
:10AEE00002F0A0F1010C481E00FB02F800231AE05A
:10AEF00008EB03000CB1ACEB000000260FE0A94604
:10AF0000AD1C07EB400AB9F80090AAF800900CB10C
:10AF1000104400E0801A06F101090FFA89F68E420A
:10AF2000EDDB581C03B29342E2DBBDE8F0872DE96C
:10AF3000F04782460C46154600263BE0002731E0EC
:10AF4000601E801B0FFA80F8601EC01B0FFA80F98C
:10AF5000BAF1000F12D007FB048C05EB4C0308FB81
:10AF6000049C05EB4C0209FB046C05EB4C0106FB51
:10AF7000047C05EB4C00FFF759FF11E009FB046C62
:10AF800005EB4C0308FB049C05EB4C0207FB048C0F
:10AF900005EB4C0106FB047C05EB4C00FFF746FF7C
:10AFA000781C07B2601C00EBD071B7EB610FC7DBF8
:10AFB000701C06B204EBD471B6EB610FBEDBBDE8CA
:10AFC000F08710B50446204614F042FD10BD000085
:10AFD0002DE9F14F9EB01E9813F060F805462C46FF
:10AFE0001E9813F002F81D90606A16F04BF80746A1
:10AFF0005020005D00F0010010B91FB0BDE8F08FD7
:10B000000FA811F0B1FA0FAA4FF4E02128461BF067
:10B0100059FA04F144010DA80CF091FBBDF834007D
:10B02000616A898A084400B2ADF83400BDF8361070
:10B03000606AC08A084400B2ADF83600BDF8380036
:10B04000616A898A084400B2ADF83800BDF83A1048
:10B05000606AC08A084400B2ADF83A000DAA0FA990
:10B060001D9811F065FA4FF4E02128461AF0CAF94C
:10B0700006464FF4E02128461AF02CFC30440FFA23
:10B0800080F84FF4E02128461AF09DFD30440FFA75
:10B0900080F900200B900C90E16CC8191F490968D9
:10B0A00088478246E06CC11952460BA817F04BF94D
:10B0B000BDF83400404400B2ADF83400BDF83600AD
:10B0C000484400B2ADF836004FF0000BD4F824A08D
:10B0D00040F25742594650461AF082FD01900198BD
:10B0E0000A9002A810F034FA02AA4FF4E021284690
:10B0F0001BF00DF99DF83F00022805DCBDF8140097
:10B10000BDF82810884207D000200BAB0DAA02A979
:10B1100000901D980FF068FE00BF6EE7400200200F
:10B120002DE9F04FBDB005460E4600BF00BFAB464F
:10B130000BF13000FAF764FF10B13DB0BDE8F08FBD
:10B1400005F114023BA8B168F9F790FB00B9F4E7E8
:10B15000B0683A903BA8B06035A810F045FA35AA1F
:10B160004FF4E02128461BF039F927A811F0FCF92B
:10B170009DF8DC008DF89F0047F6FF70ADF89C004D
:10B180004FF4E02128461AF01EFF074600EBD77067
:10B190004FEA60094FF4E02128461AF014FF0746F1
:10B1A00000EBD7704FEA600A314604A818F044FE5D
:10B1B00024A80A9016A808904FF4E020119069483E
:10B1C0000590052006900BF13000FAF7CBFE0446FF
:10B1D000C0E00A2235A924A817F0B5F8382227A91B
:10B1E00016A817F0B0F8E088ADF89000E088ADF848
:10B1F0005C0039A80D9038A80E90607B00F001002B
:10B2000020B1B4F90070B4F9028010E0A08847F6CC
:10B21000FF71884200D197E0A28801AB2846A1685F
:10B220000DF0CAFEBDF90470BDF9068000BFA88A02
:10B23000384407B2E88A40440FFA80F8B9F1000FA9
:10B2400019D0BAF1000F16D0A7EB090000B2ADF883
:10B25000080007EB090000B2ADF80C00A8EB0A00EB
:10B2600000B2ADF80A0008EB0A0000B2ADF80E001B
:10B2700002A8079001E000200790207B00F0030067
:10B2800070B3207B00F0010010B1B5F9140000E0AC
:10B290003846ADF8E400ADF8E680207B00F002000F
:10B2A00010B1B5F9180000E03846ADF8E000BDF87F
:10B2B000E600ADF8E20004AA1A21284612F0F4FED6
:10B2C00038AB39AA24A9304610F077F902AA16A99A
:10B2D000304611F02DF904AA1B21284612F0E4FE95
:10B2E000207B00F00C0070B3ADF8E470207B00F020
:10B2F000040010B1B5F9160000E04046ADF8E600D4
:10B30000BDF8E400ADF8E000207B00F0080010B1CB
:10B31000B5F91A0000E04046ADF8E20004AA1A218F
:10B32000284612F0C1FE38AB39AA24A9304610F0E5
:10B3300044F902AA16A9304611F0FAF804AA1B2112
:10B34000284612F0B1FE00BF21460BF13000FAF79B
:10B3500003FE0446002C7FF43CAF3A98B06000BF77
:10B36000EBE60000483B03082DE9F14F9AB01A982C
:10B3700012F094FE04461A9812F037FE19902046F7
:10B380001AF055FE0746204619F0B6F8834607EB3B
:10B39000D771A28A02EB610109B218910BEBDB7144
:10B3A0004A10E18A114409B2179107EBD7714E1088
:10B3B00014A810F019F914AA002120461BF00EF869
:10B3C0004FF41D707043552190FBF1F0642190FB08
:10B3D000F1F000B2ADF85200BDF85200801C00B28E
:10B3E000ADF85200002013900021204619F021FFF3
:10B3F0000546002347F6FF7204F114010DA810F072
:10B400009DFF00210DA810F01BF90C9000BFA08A31
:10B41000ADF82800E08AADF82A00208BADF82C00AA
:10B42000608BADF82E0000BFBDF82800284400B2A4
:10B43000ADF82800BDF82C00401B00B2ADF82C0080
:10B44000BDF82A00284400B2ADF82A00BDF82E004D
:10B45000401B00B2ADF82E00012347F6FF720AA987
:10B4600004A810F06BFF002104A810F0E9F8039085
:10B47000BDF952804FF0000A4FE051462046FCF7DC
:10B4800005FA0090BDF80000ADF850001398C0F325
:10B490000F290FFA89F020F0BFFF06EB080148439F
:10B4A000189901EBE03000B2ADF804000FFA89F012
:10B4B00020F0A2FF06EB08014843179901EBE030AA
:10B4C00000B2ADF806000FFA89F020F0A5FF711B5D
:10B4D000A1EB08014843189901EBE03000B2ADF848
:10B4E00008000FFA89F020F087FF711BA1EB08011B
:10B4F0004843179901EBE03001B2ADF80A1002ABF6
:10B5000001AA14A9199810F058F80AF103001FFABB
:10B5100080FA139800F587601390BAF5807FACDD50
:10B520000DA810F06FFB04A810F06CFB0C9810F045
:10B53000EDFF039810F0EAFF1BB0BDE8F08F0000AC
:10B540002DE9F04FA5B004460F46254604F114013D
:10B5500023A8BA68F9F78AF92290229810B925B081
:10B56000BDE8F08FB868219023A8B860002120467C
:10B5700019F021FF1E90002120461AF036F90146ED
:10B580001E98084400B21D90002120461AF099FA36
:10B5900001461E98084400B21C90204618F037FF60
:10B5A0007E35E9884843001200B21B90204618F00F
:10B5B0000FFF29894843001200B21A9017A810F013
:10B5C00013F817AA002120461AF008FF394605A8EB
:10B5D00018F032FC002012908C4806900020079052
:10B5E00017A80B904FF0FF30139000200E900F9093
:10B5F00005AA1A21204612F057FD002001903122A1
:10B60000204601991AF0ECFA0090009800F0FF0B28
:10B6100000BF0021204619F0CEFE049000200190CA
:10B620003322204601991AF0DBFA0090009800F0CE
:10B63000FF0800BF204619F055F80390204619F086
:10B640004BF9029035F87E09002865D0E18A1C98F4
:10B6500001440298081A00B20190A08AADF8800057
:10B66000208BADF87C004FF00009B5F87E000FFA92
:10B6700080FABBF1020F1ADD0498002817DD08F0EC
:10B68000020040B1002120461AF01BFA18B909F156
:10B6900001000FFA80F908F0010040B100212046B6
:10B6A00019F0C6FF18B9AAF101000FFA80FA4E4648
:10B6B0002FE01A987043B5F87E10491E90FBF1F008
:10B6C00000B2ADF88200BDF882100198084400B2C3
:10B6D000ADF88200BDF88200ADF87E004B480690C0
:10B6E0000120079020A80E901FA80F90139605AA7E
:10B6F0001A21204612F0D8FC1FAB20AA17A9384601
:10B700000FF05BFF05AA1B21204612F0CDFC701C38
:10B7100006B25645CDDB00BFB5F88000002865D0E5
:10B72000A18A1D9801440398081A00B20190E08A8A
:10B73000ADF88200608BADF87E004FF00009B5F8DF
:10B7400080000FFA80FABBF1020F1ADD049800287E
:10B7500017DD08F0040040B1002120461AF045F83A
:10B7600018B909F101000FFA80F908F0080040B19A
:10B77000002120461AF0E2F818B9AAF101000FFAE8
:10B7800080FA4E462FE01B987043B5F88010491E92
:10B7900090FBF1F000B2ADF88000BDF88010019888
:10B7A000084400B2ADF88000BDF88000ADF87C0020
:10B7B000164806900220079020A80E901FA80F9010
:10B7C000139605AA1A21204612F06EFC1FAB20AA80
:10B7D00017A938460FF0F1FE05AA1B21204612F0EA
:10B7E00063FC701C06B25645CDDB00BF4FF0FF3046
:10B7F000139000200E900F9005AA1B21204612F0F6
:10B8000053FC2198B86000BFA9E60000483B03083C
:10B810002DE9F14F9AB01A9812F0DFFB07461A98FB
:10B8200012F03CFC05462C46122F7DD11A9812F0DE
:10B8300032FC06463078022802D11BB0BDE8F08FFA
:10B8400094F8380000F00300032805D094F838007D
:10B8500000F00300022802D101203070EDE794F8D7
:10B860003800C0F38400042808D094F83800C0F3EE
:10B870008400012802D001203070DEE74FF0000A7A
:10B880004622514628461AF0ABF919901998C0B2D1
:10B89000FF2802D001203070CFE7002128461AF09F
:10B8A0001DFB8146208E8144B9F1000F02D001209A
:10B8B0003070C2E7002128461AF051FB8046E08E26
:10B8C00000FB08F04FEA20281A9812F0E4FB8346A8
:10B8D000B8F5807F09D1002205F114015846F9F727
:10B8E00006F8E8BB01203070A7E7284618F004FEF0
:10B8F000824628461AF09BFB179004F132001FFA8B
:10B9000088F100235246CDE9001018A81799F9F7DD
:10B9100057FBBDF86000A98A084400B2ADF860008A
:10B92000BDF86210E88A00E01DE0084400B2ADF8FE
:10B930006200BDF86400A98A084400B2ADF8640052
:10B94000BDF86610E88A084400B2ADF8660000222F
:10B9500018A95846F8F7CBFF18B9012030706CE7EA
:10B9600000E000BF19E2152F01D0182FFAD10021F5
:10B9700028461AF0F4FA8046E08E00FB08F04FEA01
:10B980002028002128461AF0A9FA8246208E8244F7
:10B9900028461AF04CFB1990284618F0ADFD189077
:10B9A000002641F23202314628461AF019F90E906B
:10B9B0000E9800B2814600BF41F612023146284679
:10B9C0001AF00EF90E900E9848440FFA80FB00BF53
:10B9D00041F61302314628461AF002F90E900E98ED
:10B9E000484400B2179000BF41F610023146284685
:10B9F0001AF0F6F80E900E98484400B2169000BF68
:10BA000041F61102314628461AF0EAF80E900E98D7
:10BA1000484400B21590608E584400B2ADF8500012
:10BA2000A18E1698084400B2ADF8520094F839007F
:10BA300000F00300012804D112A9284618F006FDE1
:10BA400027E014A91FFA88F00FFA8AF3CDE9000164
:10BA500012A8DDE91821F9F7B3FABDF84800A98A60
:10BA6000084400B2ADF84800BDF84A10E88A08441E
:10BA700000B2ADF84A00BDF84C00A98A084400B2F3
:10BA8000ADF84C00BDF84E10E88A084400B2ADF89D
:10BA90004E0005F1140110A80BF03FFE12A905F1AC
:10BAA00014000BF03AFEBE481A9918F0EBFB0F9009
:10BAB0000F98012800D0C0E610A905F114000BF082
:10BAC0002CFE152F7ED1E08D08B1A08D00B9B4E613
:10BAD000B8F1000F00D1B0E61A9812F086FA0646C7
:10BAE00005F114010DA80BF018FE284614F022FAF7
:10BAF0000C9094F8390000F0030001283CD1B4F90F
:10BB00002C10BDF93020891A481C00EBD071BDF80B
:10BB10003420A2EB610109B2ADF83410B4F92C1055
:10BB2000BDF93020891A481C00EBD071BDF83820CF
:10BB3000A2EB610109B2ADF83810B4F92E10BDF9CD
:10BB40003220891A481C00EBD071BDF83620A2EBD8
:10BB5000610109B2ADF83610B4F92E10BDF93220EA
:10BB6000891A481C00EBD071BDF83A20A2EB6101A4
:10BB700009B2ADF83A1013E012A80BF0C5FEBDF8FB
:10BB800034100844401E00B2ADF8380012A80BF083
:10BB900033FEBDF836100844401E00B2ADF83A003E
:10BBA000BDF83400584400B2ADF83400BDF836108A
:10BBB0001698084400B2ADF83600BDF83810179852
:10BBC000081A00E0E8E000B2ADF83800BDF83A101D
:10BBD0001598081A00B2ADF83A0094F8380000F051
:10BBE0000300012805D094F8380000F00300002875
:10BBF0007AD106A80FF0DBF806AA002128461AF031
:10BC000027FB1FFA88F0ADF81A001FFA8AF0ADF88A
:10BC10001800608EADF81C00A18EADF81E1094F8CF
:10BC20003800C0098DF82C00BDF84800584400B217
:10BC3000ADF81000BDF84A101698084400B2ADF8EF
:10BC40001200BDF84C101798081A00B2ADF8140095
:10BC5000BDF84E101598081A00B2ADF81600B0687D
:10BC6000039004AA04A8B168F8F700FE00B9E4E55F
:10BC700004A8B060BDF83610608D084400B2ADF87D
:10BC80000600BDF90600BDF93610884206DDBDF894
:10BC90000600E18D401A00B2ADF80600BDF80600BE
:10BCA000E18D0844401E00B2ADF80A0049E0BDF83D
:10BCB0003400218D084400B2ADF80400BDF9040041
:10BCC000BDF93410884206DDBDF80400A18D401A8C
:10BCD00000B2ADF80400BDF80400A18D0844401E78
:10BCE00000B2ADF8080016E034E001AA06A930461B
:10BCF000636A0FF00DF8BDF80400BDF83010084479
:10BD000000B2ADF80400BDF80800BDF830100844DA
:10BD100000B2ADF80800BDF90400BDF93810884242
:10BD2000E3DBBDF80600BDF83210084400B2ADF800
:10BD30000600BDF80A00BDF83210084400B2ADF8A4
:10BD40000A00BDF90600BDF93A108842AFDB03983E
:10BD5000B06020E094F8380000F00300022811D110
:10BD600004A80FF0F5FB04AA002128461AF0CFFA28
:10BD70000020009005F1140204A93046636A0FF018
:10BD800033F808E000BF00BF002305F11402194694
:10BD900030460EF0BDFF00BF00BF00BF4DE5000004
:10BDA000A0F304082DE9F14FDCB05C9812F076F9AD
:10BDB00005462C465C9812F018F95B9059A9284664
:10BDC00018F044FB0020CDE9105040F60A02DDE9EE
:10BDD000100119F005FF0F900F9800B25890002045
:10BDE000CDE9105040F60B02DDE9100119F0F8FE24
:10BDF0000F900F9800B25790BDF864115898081A28
:10BE000000B2ADF86401BDF868115898084400B25A
:10BE1000ADF86801BDF866115798081A00B2ADF880
:10BE20006601BDF86A115798084400B2ADF86A017E
:10BE300059A80BF05BFD834659A80BF0CFFC569038
:10BE4000D4E90A10A0EB01095698834501DB0120D3
:10BE500000E0002080460020559094F85C0000F03F
:10BE6000030001280BD1A06A002808DAE06A002844
:10BE700005DDA16A206B884201D101205590002187
:10BE8000284619F0D9FC54900021284619F07DFD70
:10BE900053900021284619F03BFE5290002128467D
:10BEA00019F0EDFB519059A904F134000BF023FC7B
:10BEB000A18E5498084400B2A086218F5398081A86
:10BEC00001B22187E18E5298084401B2E186618F68
:10BED0005198081A01B26187B8F1000F13D004F12C
:10BEE00034000BF07BFC04280DDA569800EBD0717F
:10BEF0004A10E98A1144891E0AB2E286E08E001DCA
:10BF000001B2618715E0B8F1000F12D104F13400DD
:10BF10000BF0ECFC04280CDA58460BEBD071AA8A23
:10BF200002EB6101891E09B2A186A08E001D01B23B
:10BF3000218704F134000BF0D9FC509004F1340057
:10BF40000BF04CFC4F90B8F1000F01D0509800E07E
:10BF50004F988246B8F1000F05D004F13406371D22
:10BF6000FE484C9004E004F13606371DFC484C9026
:10BF7000A06D401CF8B1A36A216DC91A01FB0AF13A
:10BF800091FBF9F108B2A36A616DC91A01FB0AF1CC
:10BF900091FBF9F10AB2131AD4F858C003FB0CF163
:10BFA000CB1701EB13631B121BB24D934D99014448
:10BFB00009B24D9108E0A16A206B401A00FB0AF01B
:10BFC00090FBF9F000B24D90A06C401CE0B1A36A68
:10BFD000216CC91A01FB0AF191FBF9F108B2A36ABD
:10BFE000616CC91A01FB0AF191FBF9F10AB2131A4B
:10BFF000D4F848C003FB0CF1CB1701EB136300EB43
:10C0000023231BB24E9308E0D4E90901401A00FB38
:10C010000AF090FBF9F000B24E900020119041F22E
:10C020006A422846119919F0DBFD10901098C0B2B1
:10C030004B90B8F1000F0ED04B9801280BD1304631
:10C040003E4607464E99494209B24E914D994942A2
:10C0500009B24D9100BFB8F1000F0AD031884E9857
:10C06000084400B2388031884D98084400B23080CE
:10C070000AE039884E98081A401C00B2308039888E
:10C080004D98081A00B23880559878B3A26A524287
:10C0900002FB0AF292FBF9F211B2B8F1000F0CD0D8
:10C0A00032880A4410B2B7F90020824201DD3080A4
:10C0B0001BE03A883280388017E03A88521A521CC6
:10C0C00010B2B6F90020824201DD388002E03288E9
:10C0D0003A803080B7F90020B6F900309A4204DA8D
:10C0E000B6F900003A883280388000BF559800BB0E
:10C0F00004F134004C99884701281ADC68465B99A2
:10C1000017F09AFE4FF400300D90964801900020F1
:10C11000029004F1340003906A461A21284611F077
:10C12000C3FF6A461B21284611F0BEFF5DB0BDE883
:10C13000F08F04F1340149A80BF0DDFA3BA810F0B0
:10C1400013FA3BAA4FF4003128461AF0BBF929A88C
:10C150005B9917F071FE4FF40030369081482A90B9
:10C1600000202B903BA82D9004F134002C9029AA9C
:10C170001A21284611F098FF0020119060222846CD
:10C18000119919F02DFD1090109800B22890569832
:10C19000834501DA584600E056982790DDE92701EB
:10C1A000B1EB600F02DD279840102890BDF9EC003C
:10C1B00026904F995098884201DA509800E04F98A5
:10C1C0002790DDE92601B0EB610F02DD27984010D2
:10C1D0002690B8F1000F08D004F134000BF086FB74
:10C1E00001462698B1EB400F0BDCB8F1000F28D1C7
:10C1F00004F134000BF0F2FA01462698B1EB400F3F
:10C200001FDD9DF8EF0011909DF8060110909DF83C
:10C210000E010F9000208DF8EF008DF806018DF8CB
:10C220000E0104F134023BA95B9810F081F91198DA
:10C230008DF8EF0010988DF806010F988DF80E011B
:10C2400000BFA98A5498084400B2ADF87800298B41
:10C250005398081A00B2ADF87C00E98A5298084455
:10C2600000B2ADF87A00698B5198081A00B2ADF8A7
:10C270007E0000231EA920A8289A10F05FF8002154
:10C2800020A80FF0DDF91D909DF822011C909DF86B
:10C290000E011B9000208DF80E018DF8220159A986
:10C2A00019A80BF028FABDF864105498084400B29D
:10C2B000ADF86400BDF866105298084400B2ADF8BD
:10C2C0006600BDF868105398081A00B2ADF868000F
:10C2D000BDF86A105198081A00B2ADF86A00B8F1BA
:10C2E000000F15D019A80BF079FA042810DA569827
:10C2F00000EBD0714A10E98A1144891E09B2ADF8E9
:10C300006610BDF86600001D00B2ADF86A0017E0C7
:10C31000B8F1000F14D119A80BF0E8FA04280FDACD
:10C3200058460BEBD071AA8A02EB6101891E09B253
:10C33000ADF86410BDF86400001D00B2ADF86800EF
:10C34000BDF9EC20002304F1340113A80FF0F6FF2F
:10C35000002113A80FF074F9129005E0ED780108A0
:10C36000DD770108F8F2040819AA3BA95B9810F0E0
:10C37000DFF81B988DF80E011C988DF82201002023
:10C380008DF8EF008DF806018DF8220104F13402DA
:10C390003BA95B9810F0CCF813A80FF033FC20A851
:10C3A0000FF030FC129810F0B1F81D9810F0AEF8B4
:10C3B00029AA1B21284611F077FE00BFB6E6F0B58A
:10C3C00091B00546284611F069FE0446284611F052
:10C3D0000CFE0746264603A810F0C6F803AA4FF441
:10C3E000403120461AF06EF847F6FF70ADF80C00A9
:10C3F0002C20805D00F0010038B120460DF0E3FFF5
:10C400000090BDF80000ADF81000214601A807F02B
:10C41000C5FA01AA03A9384610F08AF811B0F0BD98
:10C420002DE9F04FB3B08146484611F037FE804603
:10C430004446484611F0D9FD32900021404618F09C
:10C4400053FF0546404619F0F2FD8246404618F07B
:10C4500053F88346DA4501DB012000E00020064660
:10C460000EB1584600E050463190002794F85C0029
:10C4700000F00300012806D1A06A002803DAE06A70
:10C48000002800DD0127002E3CD097B93EB1012DD8
:10C4900002D1B4F9340009E0B4F9380006E0012D06
:10C4A00002D1B4F9360001E0B4F93A00ADF8BC00AD
:10C4B00037E0606A002812DB3EB1012D02D1B4F9E9
:10C4C000340009E0B4F9380006E0012D02D1B4F9D6
:10C4D000360001E0B4F93A00ADF8BC0021E03EB10D
:10C4E000012D02D0B4F9340009E0B4F9380006E0B7
:10C4F000012D02D0B4F9360001E0B4F93A00ADF8EC
:10C50000BC000EE01FB9E08EADF8BE0009E0606A25
:10C51000002803DBE08EADF8BE0002E0608FADF8CE
:10C52000BE0021A810F020F821AA4FF44031404667
:10C5300019F0C8FF33462FA94046319A21F094FAEA
:10C540002FA904F168000BF0F1F80FA8329917F049
:10C5500073FC4FF440301C903C4810900020119028
:10C560001D9004F16800129021A8139040461DF020
:10C57000B2FA022810D00FAA1A21404611F094FDF9
:10C5800004F1680221A932980FF0D2FF0FAA1B21F3
:10C59000404611F089FD55E0382221A901A815F087
:10C5A000D2FE0FAA1A21404611F07EFD04F1680266
:10C5B00021A932980FF0BCFF0FAA1B21404611F0B1
:10C5C00073FD96B13EB1012D02D0B4F9340009E0FB
:10C5D000B4F9380006E0012D02D0B4F9360001E0CC
:10C5E000B4F93A00ADF8BC0002E0608FADF8BE00CF
:10C5F00033462FA94046319A21F036FA2FA904F18B
:10C6000060000BF093F8382201A921A815F09BFED9
:10C610000120119004F16000129021A813900120D4
:10C620001D900FAA1A21404611F03EFD04F1600250
:10C6300021A932980FF07CFF0FAA1B21404611F070
:10C6400033FD00BF33B0BDE8F08F00002CF40408C8
:10C650002DE9F04790B00746384611F01FFD05461A
:10C66000284617F099FF064608A80EF071FF08AAA1
:10C670000021304619F04BFE384611F0B6FC044656
:10C68000D4F8088006F1140206A8A168F8F7EEF8BD
:10C6900010B910B0BDE8F08706A8A06004A9304624
:10C6A00007F0FAFDA88AADF80800E88AADF80A009C
:10C6B000288BADF80C00BDF81200ADF80E0002AAF0
:10C6C00002A8A168F8F7D2F898B1D4F8089002A8A7
:10C6D000A060284614F0D6FC82460020534605F19F
:10C6E000140208A9009020460EF07EFBC4F80890C2
:10C6F00000BFA88AADF80800BDF81600ADF80A0022
:10C70000288BADF80C00688BADF80E0002AA02A8C9
:10C71000A168F8F7ABF898B1D4F8089002A8A06027
:10C72000284614F0AFFC82460020534605F114025F
:10C7300008A9009020460EF057FBC4F8089000BFEF
:10C74000C4F8088000BFA4E72DE9FF4FA1B006465A
:10C7500014462498807B00F00F052298807E1F905D
:10C76000032D00D10425012D06D0022D0BD0042D60
:10C7700010D0082D1DD114E0DFF86C834FF0800A33
:10C7800002201E901AE0DFF864834FF0C00A0420F4
:10C790001E9013E0DFF858834FF0F00A10201E902F
:10C7A0000CE0DFF850834FF0FF0A4FF480701E90CA
:10C7B00004E000BF00BF25B0BDE8F08F00BF1F98A8
:10C7C000FD2823DACC4801781F98814203D1CB4859
:10C7D0000068A84213D000200DE018F80010FF29CF
:10C7E00001D11F9904E018F800101F9A5143091253
:10C7F000C34A1154401C1E998842EED300BFDFF893
:10C800000083BD491F980870BC4805602498B0F8A3
:10C8100006B0249800891B900BFB05F01A90B4F920
:10C820000000B168B1F90010884201DB002005E08A
:10C83000B068B0F90000B4F90010401A1990B4F9CA
:10C8400000005844B168B1F90410884201DC584630
:10C8500006E0B068B0F90400B4F90010401A401CBA
:10C860001890B4F90200B168B1F90210884201DBF6
:10C87000002005E0B068B0F90200B4F90210401AD7
:10C880001790B4F902101B980844B168B1F906106A
:10C89000884201DC1B9806E0B068B0F90600B4F9E4
:10C8A0000210401A401C16901A991798484319997B
:10C8B00001FB050015902E99159801EBD0002E90E4
:10C8C000159800F007071C210DA815F0CAFE229844
:10C8D0008089ADF83C002298807E8DF84C0022982B
:10C8E000807FC0F3C2008DF84D00F9F74FFE019034
:10C8F0000DF0F8FE0C901B980BFB00F10C98814298
:10C9000001DD0C9802E01B990BFB01F00B900B98DA
:10C9100015F0FCFB8146CDF8409000200A9021885C
:10C920001998084400B2ADF82000218818980844EE
:10C93000401E00B2ADF8240061881798084400B288
:10C94000ADF82200BDF82200ADF8260000BFBDF80A
:10C950002400BDF82010401A401C00B2079000BF10
:10C96000BDF82000ADF81400BDF82200ADF81600A7
:10C97000BDF82400ADF81800BDF82600ADF81A0087
:10C9800000BFBDF816101698084400B2ADF81A00A2
:10C9900005A80FF05BF9049008A80D901290C5F15E
:10C9A0000800039019980BEB00011898081A6843C7
:10C9B000029017981C9078E00A9801902AFA07F0E4
:10C9C000209019981D9028E02E9800782099084012
:10C9D0000399C91BC8401490149830B1149818F8E2
:10C9E00000100A9809F8001003E000210A9809F8DD
:10C9F00000100398874204D22F442098E8402090EA
:10CA000005E00027CDF880A02E98401C2E900A98B3
:10CA1000401C0A901D98401C1D9018991D98884232
:10CA2000D2DB0498A0B1BDF92620BDF92010019BEE
:10CA300009EB0300079B0FF0B9F88DF844009DF84F
:10CA4000440028B9019909EB0100079915F009FE86
:10CA5000DDE91801411A0A9801440B98814206D277
:10CA6000BDF82600401C00B2ADF8260012E00220FE
:10CA70008DF844000DA930460FF098FFBDF8260050
:10CA8000401C00B2ADF82200BDF82200ADF826002F
:10CA900000200A90029807442E9800EBD7002E90B1
:10CAA00007F007071C98401C1C9016991C98884298
:10CAB00082DBBDF92200BDF9261088420ED0BDF8F8
:10CAC0002600401E00B2ADF8260002208DF844007A
:10CAD0000DA930460FF06AFF00200A90484615F075
:10CAE00091FB00BF67E600009439030896390308FC
:10CAF000A2390308B2390308D0000020D400002076
:10CB0000DC4300202DE9FF4F8FB00C4615461E4632
:10CB1000B4F90200401E0E900E9840100D900E9831
:10CB200000F001010D9808440C90B5F90000B6F929
:10CB30000010884202DAB5F9000001E0B6F9000001
:10CB4000ADF82800B5F90000B6F90010884202DD02
:10CB5000B5F9000001E0B6F90000401E00B2ADF8E2
:10CB60002C0069880C98081A00B2ADF82A00698870
:10CB70000D98084400B2ADF82E000F980AA98268FB
:10CB80000AA8F7F773FE8246BAF1000F02D113B07C
:10CB9000BDE8F08FE08818B1A08808B1012000E05E
:10CBA00000208346012009900AA80FF04FF810B129
:10CBB0000020099004E0BBF1000F01D00020099093
:10CBC0001C2102A815F04DFD0AA802902088ADF89E
:10CBD0001000207A8DF82000099820B102A90F9842
:10CBE0000FF0E4FE78E00AA80AF05DFE0746BDF902
:10CBF0002E000190BDF82A00ADF82E000020009014
:10CC0000BBF1000F0BD0B4F90600B4F904100844CE
:10CC1000BDF9281091FBF0F200FB1210009038468D
:10CC200015F074FA8046CDF814800AA80790BDF973
:10CC30002A904AE03946404615F04AFDBDF92810D1
:10CC40003BB20FFA89F240460EF0B0FF8DF81800A3
:10CC5000BBF1000F27D09DF8180020B300980021E9
:10CC60001BE0B4F90420824207DBA3881B1A1AB226
:10CC70008B1819B2831818B20BE0B4F90620B4F976
:10CC800004301A44824201DC002002E0002208F84D
:10CC900001204A1C11B2421C10B2B942E1DB02224F
:10CCA0008DF8182000BF02A90F980FF07FFEBDF885
:10CCB0002A00401C00B2ADF82A00BDF82E00401C2E
:10CCC00000B2ADF82E0009F1010901988145B1DDEE
:10CCD000404615F097FA00BF00BF58E72DE9FF4F17
:10CCE000C7B08B4691469A46B9F90200BAF90210CC
:10CCF000884210DAB9F80200ADF81A01BAF8020059
:10CD0000ADF81601B9F80000ADF81801BAF8000046
:10CD1000ADF814010FE0BAF80200ADF81A01B9F845
:10CD20000200ADF81601BAF80000ADF81801B9F824
:10CD30000000ADF81401BDF91401BDF91811441A31
:10CD4000BDF91601BDF91A11451A002C01DD204666
:10CD500000E06042002D01DD294600E06942884282
:10CD600001DD012000E000204490BBF902600020BA
:10CD70004390449870B1002D01DD284600E06842E0
:10CD80004101002C01DD204600E0604291FBF0F003
:10CD900043900DE0002C01DD204600E0604241019F
:10CDA000002D01DD284600E0684291FBF0F0439041
:10CDB000E0494398085C70433F30C611771006F095
:10CDC000010000EB0708BDF91801BDF914118842F4
:10CDD00002DABDF9180101E0BDF91401801B00B2AF
:10CDE000ADF80401BDF91801BDF91411884202DD46
:10CDF000BDF9180101E0BDF91401304400B2ADF8ED
:10CE00000801BDF91A01BDF91611884202DABDF90F
:10CE10001A0101E0BDF91601801B00B2ADF8060150
:10CE2000BDF91A01BDF91611884202DDBDF91A01DA
:10CE300001E0BDF91601304400B2ADF80A0147988F
:10CE400041A9826841A8F7F711FD4090409810B9B8
:10CE50004BB0BDE8F08F4498F0B3002C24DD0021E6
:10CE6000BDF81601C01B00B2CDE90001BDF91431B7
:10CE7000BDF81A01C01B02B2BDF9181135A80EF099
:10CE8000DFFF0121BDF81601404400B2CDE90001E9
:10CE9000BDF91431BDF81A01404402B2BDF91811B0
:10CEA0002AA80EF0CDFF4AE00021BDF8160140444B
:10CEB00000B2CDE90001BDF91431BDF81A014044BA
:10CEC00002B2BDF9181135A80EF0BAFF0121BDF864
:10CED0001601C01B00B200E00DE0CDE90001BDF974
:10CEE0001431BDF81A01C01B02B2BDF918112AA8ED
:10CEF0000EF0A6FF23E00021BDF91601CDE90001E7
:10CF0000BDF81401404403B2BDF91A21BDF818015F
:10CF1000404401B235A80EF093FF0121BDF916017E
:10CF2000CDE90001BDF81401C01B03B2BDF91A21FF
:10CF3000BDF81801C01B01B22AA80EF081FF002124
:10CF400035A80EF07DFB139000212AA80EF078FB87
:10CF500012904FF0FF30119010909BF80900C0F331
:10CF6000001068BB0321BDF81A01204400B2CDE9CE
:10CF70000001BDF81801401B03B2BDF91A21BDF92B
:10CF800018111FA80EF05CFF0221BDF81601204405
:10CF900000B2CDE90001BDF81401401B03B2BDF998
:10CFA0001621BDF9141114A80EF04AFF00211FA884
:10CFB0000EF046FB1190002114A80EF041FB1090DA
:10CFC00041A80AF070FC0F90F9F7E0FA01900DF01B
:10CFD00089FB0D9041A80AF01DFC01460D98814285
:10CFE00003D241A80AF016FC00E00D980C900C98B2
:10CFF00015F08CF80B90BDF90A010A90BDF80601F6
:10D00000ADF80A0100200990DDE90B0115F060FB85
:10D010001C2102A815F025FB41A80290BBF80000D6
:10D02000ADF810009BF808008DF820000B980590D3
:10D0300041A80790BDF906010E9040E0BDF904112A
:10D04000099B0B9AD0180F9A13B20E9A12B20EF0D7
:10D05000ADFD8DF818009DF8180028B9099A0B99B4
:10D0600088180F9915F0FDFA0F990998084409904E
:10D070000F99099801440C98814206D2BDF80A0123
:10D08000401C00B2ADF80A0116E002208DF818002D
:10D0900002A947980FF08AFCBDF80A01401C00B2B3
:10D0A000ADF80601BDF80601ADF80A0100200990AF
:10D0B000DDE90B0115F00CFB0E98401C0E900A994F
:10D0C0000E988842BADDBDF90601BDF90A11884201
:10D0D0000CD0BDF80A01401E00B2ADF80A010220D2
:10D0E0008DF8180002A947980FF060FC0B9815F016
:10D0F00089F835A80EF086FD2AA80EF083FD119858
:10D10000401C10B11FA80EF07DFD1098401C10B1FE
:10D1100014A80EF077FD13980FF0F8F912980FF09D
:10D12000F5F911980FF0F2F910980FF0EFF900BF30
:10D130008EE60000B23A03082DE9FF4F91B00C468D
:10D1400015461E46B4F90200401E1090109840107B
:10D150000F90109800F001010F9808440E90298854
:10D160000E98081A00B2ADF8300029880F980844CC
:10D1700000B2ADF83400B5F90200B6F902108842E9
:10D1800002DAB5F9020001E0B6F90200ADF83200AA
:10D19000B5F90200B6F90210884202DDB5F90200C5
:10D1A00001E0B6F90200401E00B2ADF83600119859
:10D1B0000CA982680CA8F7F759FB8146B9F1000F5A
:10D1C00002D115B0BDE8F08FE08818B1A08808B191
:10D1D000012000E00020824601200B900CA80EF0F8
:10D1E00035FD10B100200B9004E0BAF1000F01D022
:10D1F00000200B901C2104A815F033FA0CA8049011
:10D200002088ADF81800207A8DF828000B9820B1FE
:10D2100004A911980FF0CAFB66E00CA80AF043FBC2
:10D220008346BDF936000390BDF83200ADF83600F4
:10D23000584614F06BFF0290029807900CA80990D2
:10D2400000200190BAF1000F0BD0B4F90600B4F938
:10D2500004100844BDF9321091FBF0F200FB1210EB
:10D260000190019FBDF9328037E05946029815F0D0
:10D270002FFABDF930100FFA8BF30FFA88F20298EB
:10D280000EF094FC8DF82000BAF1000F13D09DF839
:10D29000200070B1B4F90400B84202DA00208DF821
:10D2A0002000B4F90600B4F904100844B84200DCC8
:10D2B0000027781C07B204A911980FF077FBBDF87E
:10D2C0003200401C00B2ADF83200BDF83600401C00
:10D2D00000B2ADF8360008F1010803988045C4DDBE
:10D2E000029814F08FFF00BF00BF6AE72DE9FC5FD2
:10D2F0008046404610F0D2FE0746B946D9F8246071
:10D300003446404610F071FE0546606A00F1140292
:10D310006846A968F7F7AAFA8246BAF1000F41D029
:10D32000D5F808B0C5F808D094F83C00C0F3401018
:10D3300048B3608FE18E88420CD1628F2123294649
:10D340003046FDF7FBFA628F212329463046FDF770
:10D3500061FB24E0628F202329463046FDF7EEFA78
:10D36000628F202329463046FDF754FBE28E0123CD
:10D3700029463046FDF7E2FAE28E0123294630467F
:10D38000FDF748FB0BE0628F202329463046FDF76E
:10D39000D5FA628F202329463046FDF73BFBC5F8BE
:10D3A00008B000BFBDE8FC9F2DE9F14FD0B0509808
:10D3B00010F074FE04462546288E10B951B0BDE821
:10D3C000F08F509810F011FE4F90608C20F0040008
:10D3D000001D60844DA9204617F038F80026B2469B
:10D3E000B4F8208000202084608C20F00400001D10
:10D3F000608427A80FF0B8F81FA80EF0A9F827AA94
:10D400004FF4A021204619F05DF81FAA4FF4A02187
:10D41000204618F07CFF608C20F004006084A4F8A3
:10D4200020800021204618F080FB1E90002120461D
:10D4300018F032F91D900021204618F00AFA1C90CD
:10D440000021204618F0AEFA1B9009A84F9916F05B
:10D45000F3FC4FF4A0201690D7480A9000200B90C0
:10D460003DA80D9035A80E9000BF9BE103E00AF1A6
:10D4700001001FFA80FA696A51F82A00CFA1F2F779
:10D480008EFF0028F3D0E96A31F81600FAF799FE0A
:10D4900000B181E10027E96A31F81600FAF781FE50
:10D4A00008B147F00107E96A31F81600FAF78DFE76
:10D4B00010B147F0800716E0A88EB04213D108F0F3
:10D4C000200008B147F0200708F0020008B147F03B
:10D4D000020708F0040008B147F0040708F008004C
:10D4E00008B147F00807A86A00EBC6014BA80AF08C
:10D4F0000BF9BDF82C01BDF83411084400B2ADF8A9
:10D500002C01BDF82E01BDF83611084400B2ADF86B
:10D510002E01BDF83001BDF83411084400B2ADF859
:10D520003001BDF83201BDF83611084400B2ADF843
:10D53000320157B9382227A93DA814F004FF202250
:10D540001FA935A814F0FFFE1DE02784608C20F091
:10D550000400001D60843DA80FF006F835A80DF00A
:10D56000F7FF3DAA4FF4A021204618F0ABFF35AAE3
:10D570004FF4A021204618F0CAFEA4F82080608C49
:10D5800020F004006084E96A31F81600FAF725FEFD
:10D590008346BBF1000F06D09DF8F10040F001007A
:10D5A0008DF8F10005E09DF8F10020F001008DF804
:10D5B000F1004BA80C90179609AA1A21204610F0EA
:10D5C00073FD9DF81701400800F01000F0B39DF8BE
:10D5D000170120F03E001E308DF81701BDF92C1107
:10D5E000B4F914201C98104481420AD19DF8170107
:10D5F000400820F004009DF8171160F345018DF8F4
:10D600001711BDF93011B4F918201B98101A814276
:10D610000AD19DF81701400820F008009DF8171165
:10D6200060F345018DF81711BDF92E11B4F91620DC
:10D630001E98104481420CD19DF81701400820F03B
:10D6400002009DF8171160F3450100E014E08DF829
:10D650001711BDF93211B4F91A201D98101A814220
:10D660000AD19DF81701400820F001009DF817111C
:10D6700060F345018DF817114BA80AF0B6F8814602
:10D6800007F0200060B1E86A30F8160000F400707E
:10D6900030B1BDF82E01A0EB090000B2ADF82E01AB
:10D6A0004BAA3DA94F980EF043FF35980890BDF95D
:10D6B000E8000790BDF9E6000690686A50F82A0075
:10D6C00005904DA80AF019F903909DF8F110024653
:10D6D0000698CDE90121009004A8DDE907320599FB
:10D6E0001EF088FF4BA80AF008F9BDF91010401A87
:10D6F000039000EBD070BDF82C1101EB600000B27C
:10D70000ADF82C014BA80AF070F8BDF91210401AC0
:10D71000039000EBD070BDF82E1101EB600000B259
:10D72000ADF82E01BDF82C01BDF81010084400B270
:10D73000ADF83001BDF82E01BDF81210084400B25A
:10D74000ADF8320107F02000C0B1E86A30F81600E9
:10D7500000F4007090B1484609EBD071BDF82E215D
:10D76000A2EB610109B2ADF82E1109EBD071BDF841
:10D770003221A2EB610109B2ADF832110020009014
:10D780004BAA35A9059B4F980DF02EFB09AA1B212A
:10D79000204610F089FC00BF701C86B20AF101001F
:10D7A0001FFA80FA288EB0423FF760AE608C20F0FE
:10D7B0000400608400BF01E630F304080A000000A2
:10D7C0002DE9F14FA2B0229810F068FC04462546DE
:10D7D000229810F00AFC21900021204617F0F8FD55
:10D7E00081462646002741F612023946304618F097
:10D7F000F7F90A900A98484400B2209000BF41F619
:10D8000013023946304618F0EBF90A900A9848445A
:10D8100000B21F900021204618F0A1F9484400B240
:10D820001E9016A80DF094FE16AA4FF40031204663
:10D8300018F06DFDA86A10B1D5F828800AE08020A4
:10D8400014F064FC064680223146204610F000F9B0
:10D85000B04600BF4FF0000A95F83C0000F00F0002
:10D86000012800D18246002641F26A423146204614
:10D8700018F0B6F90A900A98C0B2012800D1824681
:10D88000E86A00287ED0E86A12F066FC0A900A98DE
:10D89000022814D19DF8750041F6FF72BDF96A1097
:10D8A000CDE900120290BDF96C30169A07A8E96A1A
:10D8B0001EF0A0FEBDF91C60BDF91E7011E007A9A5
:10D8C000E86A12F0F1F88346BBF1010F05D1079821
:10D8D000C0F38A260798470D02E04FF0FF3637461F
:10D8E00000BFBAF1000F0DD0A18A2098084400B201
:10D8F000ADF82000BDF820003044401E00B2ADF865
:10D9000024000DE0218B1F98081A801B00B2ADF88F
:10D910002000BDF820003044401E00B2ADF82400C5
:10D920000A98022815D1E18A1E98084400B2ADF881
:10D930002200BDF822003844401E00B2ADF8260097
:10D940000020009008AA16A9EB6A21980DF04CFA65
:10D9500040E0204616F0D0FDA0EB070B0BEBDB7090
:10D960004110E08A084400B2ADF82200BDF8220060
:10D970003844401E00B2ADF8260002A80DF017FA98
:10D9800002AA00E027E04FF40031204618F060FCC6
:10D99000304606EBD071491009B2ADF80C1038468C
:10D9A00007EBD07149100AB2ADF80E204FF4003BDE
:10D9B00043F60F025946204618F012F901900198DB
:10D9C00080B2ADF8080008AA02A9EB6A21980DF010
:10D9D0009FF900BF00BF0EA80DF0BAFD0EAA0021EE
:10D9E000204618F094FC9DF8550041F6FF72BDF9F1
:10D9F0004A10CDE900120290BDF94C3041460DA805
:10DA00000E9A1EF0F7FDE18A1E98084400B2ADF8A8
:10DA10002E00BDF82E00BDF83610084400B2ADF857
:10DA20003200E86AB0B9204618F001FBBDF93410A5
:10DA3000461A06EBD670A18A01EB600000B2ADF881
:10DA40002C00BDF82C00BDF83410084400B2ADF82D
:10DA5000300022E0BAF1000F11D0218B1F98081A74
:10DA6000BDF83410401A00B2ADF82C00BDF82C00FF
:10DA7000BDF83410084400B2ADF830000DE0A18AC2
:10DA80002098084400B2ADF82C00BDF82C00BDF879
:10DA90003410084400B2ADF83000002043460BAA11
:10DAA0000EA9009021980DF09FF9A86A10B9404680
:10DAB00014F0A8FB23B0BDE8F08F2DE9F14F90B032
:10DAC000109810F0EBFA05462C46109810F08DFADD
:10DAD00006460EA9284616F045FC002794F8480093
:10DAE000C0F3001008B147F0010794F84800C0F3F4
:10DAF000401008B147F002070021284618F070FADC
:10DB000042F2D171884205D1688CC0F3802008B9F7
:10DB100047F0040706A80DF01BFDB4F84400ADF86B
:10DB20002E004620005BADF830008DF8357006AA57
:10DB30000021284618F0EBFB0DA8411E626A03780D
:10DB40000BB90123037000BF284613F0A7FA079012
:10DB5000284613F09DFA08904FF6FF710798884207
:10DB60001ED0089888421BD04FF4802B44F25742B5
:10DB70005946284618F034F8029002980390BDF8F0
:10DB80000C00ADF8260000BF20225946284618F0A8
:10DB900027F8029002980390BDF80C00ADF8280019
:10DBA00094F8480000F00700022805D094F84800D7
:10DBB00000F0070003281FD19DF83400022803D08D
:10DBC0009DF83400032817D141F6FF71BDF92A00F2
:10DBD0008DE88300BDF92C30069A03A8616A1EF017
:10DBE00009FD0EA809F097FEBDF90C10884202DA73
:10DBF00001208DF8340000BF04F1300894F848008B
:10DC000000F00700032805D00EA809F0FCFDB0F5D0
:10DC1000806F01DA4FF000080EA904A8B268F6F789
:10DC200025FE8146B9F1000F02D111B0BDE8F08F99
:10DC300094F8480000F0070070B9284616F04CFE32
:10DC40008346CBF1000002B200210EA809F07BFE52
:10DC5000688BADF83E0000BF94F8480000F0070064
:10DC6000022805D094F8480000F0070003280ED1E0
:10DC7000D6F808B004A8B060CDF800800EAA06A9B6
:10DC80003046636A0DF0B0F8C6F808B007E0CDF88A
:10DC900000800EAA06A93046636A0DF0A5F8D6F8F2
:10DCA00008A004A8B06094F8480000F0070003281A
:10DCB0004FD141F6FF71BDF92A008DE88300BDF90F
:10DCC0002C30069A03A8616A1EF094FC0EA809F095
:10DCD00022FEBDF90C1088421BDA2022114606985C
:10DCE00010F025FB00EB4000B4F84410BDF80C2008
:10DCF0001144084400B2ADF82E004620005BADF898
:10DD00003000CDF800800EAA06A93046636A0DF0F7
:10DD10006BF80EA809F077FDBDF90E10884217DAEE
:10DD2000B4F84400ADF82E00069810F01FFB462111
:10DD3000095BBDF80E201144084400B2ADF8300074
:10DD4000CDF800800EAA06A93046636A0DF04CF8A3
:10DD500000BFC6F808A000BF67E72DE9F14F9AB0F1
:10DD60001A9810F03AF980461A9810F097F904467C
:10DD7000B8F1150F16D11A9810F037F9054618A901
:10DD8000204606F089FA0AA80EF0EEFB0AAA4FF424
:10DD90008021204618F096FB18AA0AA928460EF002
:10DDA000C7FBC5E0B8F1180FFBD11A9810F01DF9A8
:10DDB000054612A80DF0CCFB12AA4FF48021204694
:10DDC00018F0A5FA10A9204606F066FA10AA0EA8C7
:10DDD000A968F6F74BFD0D900D9800287DD02046E0
:10DDE00005F0CFFE8146204618F021F983464846CB
:10DDF00013F048F902210390BDF95A00CDE901B1B1
:10DE00000090BDF95C300CA8129A03991EF0F2FB49
:10DE1000204616F071FB0646304606EBD0714A10DC
:10DE2000B4F916100A44B9F91610891A0B9148462C
:10DE300016F062FB0B99890391FBF0F00B90002127
:10DE4000204617F0B2FF0A901299B1F908200A99FA
:10DE5000B1F90810501A00EBD071491009B20991BC
:10DE6000BDF832100998081A00B2ADF832003046F9
:10DE700006EBD0714A10B4F916105718BDF93200EC
:10DE80000B99484307EBA03709983F1A0021204619
:10DE900017F0ABFA82464FF0000B41F612025946DA
:10DEA000204617F09DFE0390039800B2089000BF33
:10DEB00041F613025946204617F092FE039003984C
:10DEC00000B20790A18A08980844504400B2ADF807
:10DED000140038B2ADF8160000E028E0218B079856
:10DEE000081AA0EB0A0000B2ADF81800BDF8160041
:10DEF000BDF83210084400B2ADF81A009DF8650074
:10DF000040F002008DF86500A86804900EA8A86093
:10DF1000484613F0B7F8834600205B4605AA12A9CD
:10DF2000009028460CF060FF0498A86000BF00BF76
:10DF30001BB0BDE8F08F2DE9F14FA8B0289810F084
:10DF4000ADF804462546289810F04FF82790002198
:10DF5000204617F0A5FC26900021204617F049FD29
:10DF600025900021204617F014FE24900021204621
:10DF700017F0B9FB239000BFA08AADF88400E08AB7
:10DF8000ADF88600208BADF88800608BADF88A0074
:10DF900000BFBDF884102698084400B2ADF8840094
:10DFA000BDF888102598081A00B2ADF88800BDF8B1
:10DFB00086102498084400B2ADF88600BDF88A1097
:10DFC0002398081A00B2ADF88A0013A80EF0CCFA14
:10DFD00013AA4FF40031204618F074FA21AA13A9AD
:10DFE00027980EF0A5FA0026204616F085FA074677
:10DFF00000BF208BA18A401A401CC01B0FFA80F87A
:10E00000686A401C40B1696A01FB08F0C11700EB67
:10E01000116109120EB20CE0204617F0D1F800F0A1
:10E02000010BBBF1000F01D0404600E00020064686
:10E0300000BF4FF0000B41F26A425946204617F0EC
:10E04000CFFD00900098C0B2012802D1A8EB0600D5
:10E0500006B2A08A304400B2ADF84400BDF84400D6
:10E06000384400B2ADF84800E08AADF84600608B55
:10E07000ADF84A004FF44031204617F011FC8146BC
:10E080004FF44031204617F0B4FC82464FF4403143
:10E09000204617F07EFD10904FF44031204617F0D7
:10E0A00022FB0F90BDF84400A0EB090000B2ADF8D0
:10E0B0004400BDF84800504400B2ADF84800BDF837
:10E0C00046101098081A00B2ADF84600BDF84A1084
:10E0D0000F98084400B2ADF84A0001A80EF044FAC7
:10E0E00001AA4FF44031204618F0ECF911AA01A919
:10E0F00027980EF01DFA29B0BDE8F08F2DE9F14FF9
:10E10000E0B060980FF0CAFF0446254660980FF013
:10E110006CFF814604F114015EA8D9F80820F6F7D7
:10E12000A5FB10B961B0BDE8F08FD9F808005D908B
:10E130005EA8C9F808004FF0000841F232024146DB
:10E14000204617F04DFD0C900C9800B2569000211F
:10E15000204617F02BFD55900021204617F0D0FAED
:10E1600054900021204617F0A8FB53900021204630
:10E1700017F04CFC52904FF4A021204617F09DFB65
:10E1800051904FF4A021204617F040FC50904FF4DE
:10E19000A021204617F00AFD4F904FF4A021204601
:10E1A00017F0AEFA4E90208C4D9000202084608CA9
:10E1B00020F00400001D60843FA80EF0D5F93FAAAE
:10E1C0004FF4A021204618F07DF929A80DF0C0F9E0
:10E1D00029AA4FF4A021204618F099F84D982084E0
:10E1E000608C20F0040060840027204616F088FB35
:10E1F0000146E28A55981044401E411A5698084438
:10E2000000B2ADF86E01204616F070FB20900021A0
:10E21000204617F076F8012800D100E000201F907A
:10E2200049460DA815F008FE4FF4A0201A90FE48AC
:10E230000E9000200F9031A8119021A812904FF05D
:10E24000000B33E2E86A30F91B000C90BDF86E0158
:10E25000401C00B2ADF86A01BDF86A110C98084480
:10E26000401E00B2ADF86E01BDF96A01BDF97E1124
:10E27000884200DD1EE21F9858B1218B5298081A7F
:10E28000401E2099411A5698081A00B2ADF868014C
:10E290000AE0A18A53980844401E2099411A5698D2
:10E2A000084400B2ADF86C010026F7E100200B90A5
:10E2B000A86A50F8270020B1A86A50F82700007813
:10E2C0000B901F9880B1BDF86801401E00B2ADF8F8
:10E2D0006C01286B30F81600BDF86C11081A401C50
:10E2E00000B2ADF868010FE0BDF86C01401C00B24F
:10E2F000ADF86801286B30F81600BDF868110844C5
:10E30000401E00B2ADF86C014FF0000800BF34E0D1
:10E3100007EB0801A86A50F8210048B307EB080290
:10E32000A96A51F8220008B101780B910B9901F00C
:10E330000101D9B11F9961B106EB0801491C2A6B93
:10E3400032F81110BDF86821511A09B2ADF8681100
:10E350000DE006EB0801491C2A6B32F81110BDF8DC
:10E360006C21114409B2ADF86C1100E00BE000E043
:10E3700009E008F101001FFA80F808EB0601A88CFB
:10E38000401E8142C4DB00BFBDF96E01BDF97A11A8
:10E39000884207DA08F10100384487B206EB08002A
:10E3A00086B279E100BFBDF86801ADF82400BDF880
:10E3B0006A01ADF82600BDF86C01ADF82800BDF883
:10E3C0006E01ADF82A0000BF9DF81F01400800F063
:10E3D000040090B1BDF92410B4F9142053981044EE
:10E3E00081420ADDBDF91C0100EBD071BDF824208B
:10E3F000A2EB610109B2ADF824109DF81F0140089D
:10E4000000F0020090B1BDF92610B4F9162055981D
:10E41000104481420ADDBDF91C0100EBD071BDF84A
:10E420002620A2EB610109B2ADF826109DF81F016C
:10E43000400800F00800B8B1BDF92810B4F9182060
:10E440005298101A401E81420EDABDF91C0100EBF1
:10E45000D07182B202F0010202EB6101BDF8282006
:10E46000114409B2ADF828109DF81F01C0F3400017
:10E47000B8B1BDF92A10B4F91A205498101A401EE8
:10E4800081420EDABDF91C0100EBD07182B202F0BC
:10E49000010202EB6101BDF82A20114409B2ADF876
:10E4A0002A104FF0000AE88E584523D1A88EB042BA
:10E4B00020D194F8200000F0400030B994F82000FA
:10E4C00000F0200008B14AF0200A94F8200000F083
:10E4D000020008B14AF0020A94F8200000F004009B
:10E4E00008B14AF0040A94F8200000F0080008B1CE
:10E4F0004AF0080ABAF1000F0AD138223FA931A820
:10E5000013F021FF202229A921A813F01CFF1EE0EF
:10E51000A4F820A0608C20F00400001D608431A8C5
:10E520000EF022F821A80DF013F831AA4FF4A02123
:10E53000204617F0C7FF21AA4FF4A021204617F06C
:10E54000E6FE4D982084608C20F00400608409A8C9
:10E550001090A88C0BFB00601B900DAA1A2120467E
:10E560000FF0A2FD09AA31A948460DF0E1FFA86A03
:10E5700050F8270000287DD0BDF868115198084454
:10E5800000B2ADF86001BDF86C115098081A00B2E5
:10E59000ADF86401BDF86A114F98084400B2ADF8B7
:10E5A0006201BDF86E114E98081A00B2ADF866010E
:10E5B0000B98C0F340000890089810B102205790C3
:10E5C00001E00020579000BFBDF86401BDF8601164
:10E5D000401A401C00B20490BDF996200499579847
:10E5E000CDE900210290A86A50F82700411CBDF92E
:10E5F00098305CA8299A1DF0FDFF089818BB0C996B
:10E6000001EBD172BDF86A3103EB6202BDF9720110
:10E6100000EBD073A2EB630212B2ADF862210C9949
:10E6200001EBD17202E0000064F40408BDF86A3125
:10E6300003EB6202BDF9720100EBD07302EB6302DF
:10E6400012B2ADF866215AAA5EA906A8F6F70EF92D
:10E650000590059890B106A8C9F808000020009020
:10E66000A86A50F82700431C58AA21A948460CF074
:10E67000BBFB00E003E05EA8C9F8080000BF0DAADC
:10E680001B2120460FF010FD08F10100384487B22D
:10E6900006EB080086B200BF701C86B2A88CB042A0
:10E6A0003FF704AE0BF101001FFA80FBE88C5845E0
:10E6B0003FF7C8AD00BF5D98C9F8080000BF31E55D
:10E6C0002DE9F04FA3B007468946164622973046FB
:10E6D00009F0FEF8054600EBD5704FEA6008308877
:10E6E000404400B2ADF884007088404400B2ADF8F8
:10E6F00086001EA80CF078FF1EAA4FF4A021384611
:10E7000017F06CFE18A80CF052FB18AA4FF4A021C9
:10E71000384617F09DFD0021384616F02EFF179061
:10E72000494605A815F088FB7048069021A80E9070
:10E7300022983030F7F716FC0446D1E0256816948D
:10E74000207901285CD1B5F92000E98B08440090BC
:10E75000B5F92030D5E90512E06813F089FC82464E
:10E76000A88B00EB0801608A08440FFA80FB0FFABF
:10E770008AF01DF051FE00FB0BF047F6FF7190FB95
:10E78000F1F0BDF88610084400B2ADF812000FFA9F
:10E790008AF01DF039FE00FB0BF047F6FF7190FB8D
:10E7A000F1F0BDF88410084400B2ADF81000A08A62
:10E7B000ADF87800208A00B2ADF87A006079FD28C3
:10E7C00001DD179803E060791799484300128DF82E
:10E7D0008000012013901EA80B9004A80F9005AA9A
:10E7E0001A2138460FF060FC04AB21AA1EA9484646
:10E7F0000CF0E3FE05AA1B2138460FF055FC68E03B
:10E800002079002865D1206900B963E0B5F92000BE
:10E81000E98B08440090B5F92030D5E90512E0688D
:10E8200013F026FC824604A9206911F03DF9BDF8D9
:10E830008410A08A081A00B2ADF80800BDF886104E
:10E84000E08A081A00B2ADF80A00BDF80800049981
:10E85000C1F38A210844401E00B2ADF80C00BDF897
:10E860000A00049900EB5150401E00B2ADF80E00B2
:10E870006079FD2801DD179803E060791799484316
:10E8800000128DF86B00A08AADF86400E18A18A828
:10E89000C1800AEB8A004FEA400ABAF5616F01DDD8
:10E8A000AAF5616A1FFA8AF0ADF8600018A80C900A
:10E8B00005AA1A2138460FF0F7FB02AA18A9484604
:10E8C00023690CF025FA05AA1B2138460FF0ECFB52
:10E8D00000BF00BF214622983030F7F73DFB0446C9
:10E8E000002C7FF42BAF23B0BDE8F08F80400308ED
:10E8F0002DE9F74F8AB00C46904694F82A0002287A
:10E9000002DC0DB0BDE8F08FE08C00B9F9E794F8B7
:10E910002A90B9F1FD0F01DD4FF0FF09414608A82B
:10E9200008F0E0FE208D401E05B2BDF82000401B1F
:10E9300000B2ADF82000BDF82200401B00B2ADF8D7
:10E940002200BDF82400284400B2ADF82400BDF830
:10E950002600284400B2ADF8260008A906A808F051
:10E96000C1FEBDF81800E18C401A00B2ADF81800E5
:10E97000BDF81C00E18C084400B2ADF81C00BDF8E5
:10E980001A00E18C401A00B2ADF81A00BDF81E0062
:10E99000E18C084400B2ADF81E0008A808F08AFF18
:10E9A000824608A808F0FEFE0746B4F90060BA45A2
:10E9B00001DA504600E038468346B6EB6B0F01DDC6
:10E9C0004FEA6B06E08C304400B20590A07894F8D2
:10E9D0002A10CDE90210A08CADF8040030B20090EE
:10E9E00008AA06A9059B0A98FBF754FC00BF88E714
:10E9F000F8B5054628460FF051FB064628460FF0AD
:10EA00004AFB0446606BB0F5A02F54D1A06B0728D9
:10EA100006D200202169C870216981F8220014E023
:10EA2000208F81B22022304609F074FE68B10020A8
:10EA30002169C870216981F82200122019F08AFC2E
:10EA40000090BDF8001060698181208F81B24FF481
:10EA50000042304609F05EFE98B166202169C87018
:10EA600030461DF0A9F90090BDF8001020698180A2
:10EA7000304609F049FEA16B884202D1B2202169DB
:10EA8000C870208F81B24FF48042304609F042FEB8
:10EA900088B1FF20216981F8220030461DF08CF9F1
:10EAA0000090BDF800102069C1832069008C401CD3
:10EAB00000B221690884F8BD2DE9F04F8BB0814682
:10EAC00048460FF0EBFA05462C4648460FF08DFA03
:10EAD0008346606A12F0D6FA82469AF8000000284F
:10EAE0003ED1A06A00283BD0A06A0078C0B303A83A
:10EAF0000CF02EFD03AA4FF40021284617F007FC66
:10EB000094F85C00C0F3C00028B19DF8290040F0E3
:10EB100002008DF829000021284616F0DBFE07468A
:10EB20000021284617F04FF880460021284616F0AD
:10EB300069FC064605F1140101A808F000FE08EB87
:10EB4000060002B2B81901B201A808F0FCFE0020CC
:10EB5000009001AA03A95846A36A0CF045F900BF2A
:10EB60000BB0BDE8F08F7CB50446A069856860896C
:10EB7000002856D1A089002853D1E08821898842F5
:10EB80004FDAE18808B21DF047FCB4F90410B4F97B
:10EB90000E20891A48432168498801EBE03000B211
:10EBA000ADF80200E1885A3108B21DF035FCB4F925
:10EBB000041048432168098801EBE03000B2ADF849
:10EBC0000400218908B21DF027FCB4F90410484361
:10EBD0002168498801EBE03000B2ADF806002189D8
:10EBE0005A3108B21DF018FCB4F90410B4F90E2023
:10EBF000891A48432168098801EBE03000B2ADF87A
:10EC000000002A4669466846F5F730FE06463EB1E2
:10EC1000A169C1F808D06A462169A0690DF088FC95
:10EC2000C2E0608910B1A08900287BD16089D0BB87
:10EC300020680088ADF8000020684088A18808445A
:10EC400000B2ADF80600E18808B21DF0E5FBB4F9AA
:10EC50000410B4F90E20891A48432168498801EB51
:10EC6000E03000B2ADF80200E1885A3108B21DF080
:10EC7000D3FBB4F9041048432168098801EBE03064
:10EC800000B2ADF804002A4669466846F5F7EEFD85
:10EC900006463EB1A169C1F808D06A462169A0695B
:10ECA0000DF046FC00BFA08900287DD120680088B7
:10ECB000A188084400B2ADF8040020684088ADF88F
:10ECC0000200218908B21DF0A7FBB4F904104843E3
:10ECD0002168498801EBE03000B2ADF806002189D7
:10ECE0005A3108B21DF098FBB4F90410B4F90E20A3
:10ECF000891A48432168098801EBE03000B2ADF879
:10ED000000002A4669466846F5F7B0FD06463EB162
:10ED1000A169C1F808D06A462169A0690DF008FC14
:10ED200042E0FFE76089A189884205D1608918B176
:10ED30002089E188884211DB6089022802D1A089FC
:10ED400001280BD06089032802D1A089022805D0B0
:10ED50006089032828D1A089012825D1206800884E
:10ED6000ADF8000020684088ADF8020020680088F7
:10ED7000A188084400B2ADF8040020684088A1884A
:10ED8000084400B2ADF806002A4669466846F5F721
:10ED90006DFD06463EB1A169C1F808D06A462169F9
:10EDA000A0690DF0C5FB00BFA06985607CBD7CB586
:10EDB0000446A06985686089012856D1A089012888
:10EDC00053D1E088218988424FDAE18808B21DF0EA
:10EDD00023FBB4F9041048432168498801EBE03073
:10EDE00000B2ADF80600E1885A3108B21DF014FBFC
:10EDF000B4F90410B4F90E20891A4843216809882F
:10EE000001EBE03000B2ADF80400218908B21DF03A
:10EE100003FBB4F90410B4F90E20891A48432168A1
:10EE2000498801EBE03000B2ADF8020021895A3187
:10EE300008B21DF0F1FAB4F90410484321680988BA
:10EE400001EBE03000B2ADF800002A4669466846A2
:10EE5000F5F70CFD06463EB1A169C1F808D06A4637
:10EE60002169A0690DF064FBC7E06089012802D028
:10EE7000A08901287ED1608901283AD120680088C4
:10EE8000A188401A00B2ADF8000020684088ADF8B3
:10EE90000200E18808B21DF0BFFAB4F9041048433B
:10EEA0002168498801EBE03000B2ADF80600E18846
:10EEB0005A3108B21DF0B0FAB4F90410B4F90E20BA
:10EEC000891A48432168098801EBE03000B2ADF8A7
:10EED00004002A4669466846F5F7C8FC06463EB176
:10EEE000A169C1F808D06A462169A0690DF020FB2C
:10EEF00000BFA0890128B7D120680088401E00B259
:10EF0000ADF8040020684088A188084400B2ADF83C
:10EF10000600218908B21DF07FFAB4F90410B4F993
:10EF20000E20891A48432168498801EBE03000B27D
:10EF3000ADF8020021895A3108B21DF06DFAB4F91A
:10EF4000041048432168098801EBE03000B2ADF8B5
:10EF500000002A4669466846F5F788FC06463EB139
:10EF6000A169C1F808D06A462169A0690DF0E0FAEC
:10EF700043E0FFE76089A189884206D160890128C2
:10EF800003D02089E18888420FDB608910B9A0890D
:10EF900002280AD0608910B9A089032805D06089A9
:10EFA00003282AD1A089022827D120680088A188B7
:10EFB000401A00B2ADF8000020684088ADF80200A9
:10EFC00020680088401E00B2ADF804002068408828
:10EFD000A188084400B2ADF806002A466946684692
:10EFE000F5F744FC06463EB1A169C1F808D06A466F
:10EFF0002169A0690DF09CFA00BFA06985607CBD05
:10F000007CB50446A06985686089022856D1A0892C
:10F01000022853D1E088218988424FDAE1885A31A9
:10F0200008B21DF0F9F9B4F90410484321680988C1
:10F0300001EBE03000B2ADF80000E18808B21DF04D
:10F04000EBF9B4F90410B4F90E20891A4843216889
:10F05000498801EBE03000B2ADF80600218908B222
:10F060001DF0DAF9B4F9041048432168498801EB2E
:10F07000E03000B2ADF8020021895A3108B21DF02B
:10F08000CBF9B4F90410B4F90E20891A4843216869
:10F09000098801EBE03000B2ADF804002A46694669
:10F0A0006846F5F7E3FB06463EB1A169C1F808D012
:10F0B0006A462169A0690DF03BFACCE0608902281C
:10F0C00002D0A08902287DD1608902283CD1206825
:10F0D0000088401E00B2ADF8040020684088A18876
:10F0E000401A00B2ADF80200E1885A3108B21DF0B2
:10F0F00093F9B4F9041048432168098801EBE03022
:10F1000000B2ADF80000E18808B21DF085F9B4F94D
:10F110000410B4F90E20891A48432168498801EB8C
:10F12000E03000B2ADF806002A4669466846F5F7B9
:10F130009DFB06463EB1A169C1F808D06A46216927
:10F14000A0690DF0F5F900BFA0890228B5D12068AB
:10F150000088A188401A00B2ADF8000020684088FD
:10F16000401E00B2ADF8060021895A3108B21DF0E8
:10F1700053F9B4F90410B4F90E20891A48432168F0
:10F18000098801EBE03000B2ADF80400218908B233
:10F190001DF042F9B4F9041048432168498801EB95
:10F1A000E03000B2ADF802002A4669466846F5F73D
:10F1B0005DFB06464EB1A169C1F808D06A462169D7
:10F1C000A06900E002E00DF0B3F944E06089A18994
:10F1D000884206D16089022803D02089E1888842CC
:10F1E0000FDB608910B9A08903280AD06089012843
:10F1F00002D1A089032804D0608901282BD1A089DD
:10F2000048BB20680088A188401A00B2ADF8000011
:10F2100020684088A188401A00B2ADF8020020683A
:10F220000088401E00B2ADF8040020684088401EEF
:10F2300000B2ADF806002A4669466846F5F716FBA7
:10F2400006463EB1A169C1F808D06A462169A069A5
:10F250000DF06EF900BFA06985607CBD7CB50446E9
:10F26000A06985686089032856D1A089032853D1F5
:10F27000E088218988424FDAE1885A3108B21DF0CE
:10F28000CBF8B4F90410B4F90E20891A4843216868
:10F29000098801EBE03000B2ADF80000E18808B267
:10F2A0001DF0BAF8B4F9041048432168498801EB0D
:10F2B000E03000B2ADF8020021895A3108B21DF0E9
:10F2C000ABF8B4F9041048432168098801EBE03039
:10F2D00000B2ADF80400218908B21DF09DF8B4F920
:10F2E0000410B4F90E20891A48432168498801EBBB
:10F2F000E03000B2ADF806002A4669466846F5F7E8
:10F30000B5FA06463EB1A169C1F808D06A4621693E
:10F31000A0690DF00DF9C7E06089032802D0A0892B
:10F3200003287ED1608903283CD120680088A18809
:10F33000084400B2ADF8040020684088401E00B2C6
:10F34000ADF80600E1885A3108B21DF065F8B4F94D
:10F350000410B4F90E20891A48432168098801EB8A
:10F36000E03000B2ADF80000E18808B21DF054F8BA
:10F37000B4F9041048432168498801EBE03000B239
:10F38000ADF802002A4669466846F5F76FFA064668
:10F390003EB1A169C1F808D06A462169A0690DF0A3
:10F3A000C7F800BFA08903287ED120680088ADF887
:10F3B000000020684088A188401A00B2ADF8020021
:10F3C00021895A3108B21DF027F8B4F904104843D6
:10F3D0002168098801EBE03000B2ADF80400218912
:10F3E00008B21DF019F8B4F90410B4F90E20891A06
:10F3F00048432168498801EBE03000B2ADF80600CF
:10F400002A4669466846F5F731FA06463EB1A169D3
:10F41000C1F808D06A462169A0690DF089F843E077
:10F42000FFE76089A189884206D16089032803D05B
:10F430002089E18888420FDB6089022801D1A089F8
:10F4400050B16089012801D1A08928B160890228C2
:10F450002AD1A089012827D120680088ADF80000B2
:10F4600020684088A188401A00B2ADF802002068E8
:10F470000088A188084400B2ADF8040020684088E4
:10F48000401E00B2ADF806002A4669466846F5F708
:10F49000EDF906463EB1A169C1F808D06A46216976
:10F4A000A0690DF045F800BFA06985607CBD000033
:10F4B00070B5A4B006460D4620AA22A9304615F024
:10F4C00029FA22A808F0A6F928B920A808F0A2F97C
:10F4D00008B924B070BD12A930461FF073FD044670
:10F4E000012C00D0F5E72946684614F0A5FC1B481E
:10F4F00001900220029012A804904FF480300D90E9
:10F5000022A808F087F980B122A803906A461A2140
:10F5100030460EF0C9FD22AA12A928460DF008F8BF
:10F520006A461B2130460EF0BFFD20A808F072F994
:10F5300090B120A803906A461A2130460EF0B4FD1F
:10F5400020A8039020AA12A928460CF0F1FF6A46D1
:10F550001B2130460EF0A8FD00BFBAE77039030842
:10F560002DE9F04FB1B005460F4605F114012FA863
:10F57000BA68F5F77BF910B931B0BDE8F08FB8681B
:10F580002E902FA8B8602C460021284616F02DF9A1
:10F590002B900021284616F094FA2A90284614F061
:10F5A00036FFB4F88410484300120FFA80FA284658
:10F5B00014F00EFFB4F88610484300120FFA80FBD7
:10F5C00004F12400F6F7AFFC28900021284616F03D
:10F5D000BEF8823461884843001227902188491E72
:10F5E000279801FB10A0218890FBF1F000B2269033
:10F5F00028992698B0FBF1F000B225904FF4A02195
:10F60000284616F0A4F86188823C484300122490F2
:10F61000284615F067F801462B98401A00B223904F
:10F62000284615F059F901462A98401A00B222904E
:10F6300014A80CF099FF14AA4FF4A021284616F044
:10F6400041FF14A8C07B20F0070114A8C173FF205C
:10F650008DF85300688BBDF85010084400B2ADF827
:10F66000B600394602A814F0E7FB4FF4A0200F9033
:10F670005D480390042004904FF00008AAE027980A
:10F68000504400FB08F0B4F8821090FBF1F0A98A16
:10F6900001442398084400B20190CDF8408004F161
:10F6A0002400F6F75FFC06468CE0307B00F001009A
:10F6B00000B181E094F88800C0F3C00008B97089F7
:10F6C00000E0002000B200900198ADF8B000BDF855
:10F6D000B010259801442498081A401E00B2ADF8D5
:10F6E000B40025990198084400B20190BDF9B40016
:10F6F000BDF9BC10884200DA5EE0BDF9B000BDF98A
:10F70000C010884200DD60E03089ADF854000098F8
:10F710004044B4F8821090FBF1F201FB12000FFAA2
:10F7200080F9706830F91910307BC0F3001204F1D1
:10F730006C0030F91200081A00FB0BF02990307BA6
:10F74000C0F3001104F1700030F91110307BC0F3E8
:10F75000001204F16C0030F91200091A299890FB8C
:10F76000F1F029902998ABEB0001E88A0144229836
:10F77000084400B2ADF8B200706830F9190047F6DD
:10F78000FF71884217D02CA8059014A806901396F4
:10F79000706830F91900129002AA1A2128460EF05A
:10F7A00083FC2CAA14A938460CF0C2FE02AA1B2125
:10F7B00028460EF079FC00BF314604F12400F6F72C
:10F7C000CBFB0646002E7FF470AF00BF08F10100AE
:10F7D0001FFA80F8B4F8820040453FF750AF2E98EA
:10F7E000B86000BFC8E60000483B03082DE9F34FAE
:10F7F000B9B083463A980BF11401826837A8F5F73F
:10F8000035F810B93BB0BDE8F08F3A988068369073
:10F8100037A93A9881605D46B5F88200022800DA7F
:10F82000F0E70021584615F0C6FD339000215846F8
:10F8300015F0DBFF01463398084400B232900021F6
:10F84000584616F03EF901463398084400B231900C
:10F85000584614F0DCFDB5F884104843001200B29D
:10F860003090584614F0B4FDB5F8861048430012A5
:10F8700000B22F90584614F035FF0146BBF8142013
:10F8800032981044401A00B22E90584615F024F8D1
:10F890000146BBF8162031981044401A00B22D9052
:10F8A0003A980BF1140182682BA8F4F7DFFF2A9035
:10F8B0002A9800B9A6E727A80BF096FE27AA4FF4CE
:10F8C000A021584616F08AFD19A80CF04DFE19AA81
:10F8D0004FF40031584616F0F5FD4FF4003158460C
:10F8E00016F071FB064600EBD67047104FF400315E
:10F8F000584615F0DAFD064600EBD6704FEA600A6E
:10F90000BDF99E00574501DA394600E0514600EB4B
:10F91000D072B1EB620F06DD9DF8A50020F010005B
:10F9200010308DF8A500BDF89E00012806D19DF885
:10F93000A50020F0100010308DF8A500B5F8821059
:10F940003098814201DB012000E00020189005F191
:10F950002400F6F707FB0446D4E1207B00F0010009
:10F9600000B1C9E12089ADF89C002089ADF868009C
:10F9700095F88800C0F3C00008B9608900E0002055
:10F9800006B217962E98ADF8D4002E98ADF8D00098
:10F99000179E179EB046606830F91810207BC0F3A0
:10F9A000001205F16C0030F91200081A2F99484333
:10F9B0001690207BC0F3001105F1700030F9111092
:10F9C000207BC0F3001205F16C0030F91200091A17
:10F9D000169890FBF1F0169016992F98411A2D98D1
:10F9E000084400B2ADF8D20004A83A9914F024FA01
:10F9F000C8480590032006904FF4A020119027A836
:10FA00000A9019A808901594BDF9D2000390BDF989
:10FA1000D20002904FF0000923E1BDF8D000ADF80C
:10FA2000D400BDF8D200ADF8D600BDF9D410369898
:10FA3000B0F904003844401C814200DD16E13098E2
:10FA400000FB09F0B5F88210491E90FBF1F12E98E9
:10FA5000084400B2ADF8D00017984844B5F88210B9
:10FA600090FBF1F201FB120006B2606830F916104B
:10FA7000207BC0F3001205F16C0030F91200081A67
:10FA80002F9948431690207BC0F3001105F17000B8
:10FA900030F91110207BC0F3001205F16C0030F931
:10FAA0001200091A169890FBF1F0169016992F98EB
:10FAB000411A2D98084400B2ADF8D200BDF9D0101B
:10FAC0003698B0F90000C01B401E814201DAB046F2
:10FAD000C3E0B9F1000F58D01898E8B3606830F966
:10FAE000180047F6FF718842F5D0606830F91600BB
:10FAF0008842F0D0BDF9D2100298814201DA029812
:10FB000001E0BDF9D2000290BDF9D2100398814204
:10FB100001DD039801E0BDF9D2000390BDF9D400E6
:10FB2000BDF9D010884230D0BDF9D2000190BDF8A7
:10FB3000D000401E00B2ADF8D000BDF8D000ADF846
:10FB4000D4000398ADF8D6000298ADF8D200BDF904
:10FB5000D600BDF9D21000E018E0884205D1BDF80A
:10FB6000D200401C00B2ADF8D20034AB35AA27A9B0
:10FB70003A980BF022FDBDF8D000401C00B2ADF861
:10FB8000D000019803900198029064E0BDF8D40081
:10FB9000C01B00B2ADF80000BDF8D400384400B27C
:10FBA000ADF80400BDF8D600A0EB0A0000B2ADF835
:10FBB0000200BDF8D600504400B2ADF80600A9F12D
:10FBC00001001290606830F9180047F6FF71884212
:10FBD00001D035A800E000200D90606830F91600D3
:10FBE00047F6FF71884201D034A800E000200E9053
:10FBF000CDF81CD0606830F91800149004AA1A21BE
:10FC000058460EF051FA606830F9180047F6FF7157
:10FC100088420AD0606830F91600884205D034ABBB
:10FC200035AA27A93A980BF0C8FC77B1BAF1000FB2
:10FC30000BD0606830F9180047F6FF71884204D095
:10FC40006A4619A93A980CF073FC04AA1B2158467D
:10FC50000EF02AFA00BFB04600BF09F101001FFAFA
:10FC600080F9B5F8820048453FF7D7AE00BF189835
:10FC7000E8BBB5F8820048453DD1606830F9160010
:10FC800047F6FF71884236D0BDF8D000C01B00B2E5
:10FC9000ADF80000BDF8D000384400B2ADF8040063
:10FCA000BDF8D200A0EB0A0000B2ADF80200BDF82A
:10FCB000D200504400B2ADF80600A9F10100129044
:10FCC00000200D900E90CDF81CD0606830F9160021
:10FCD000149004AA1A2158460EF0E6F96A4619A9AA
:10FCE0003A980CF025FC04AA1B21584600E002E0DB
:10FCF0000EF0DAF900BF00BF214605F12400F6F747
:10FD00002BF90446002C7FF428AE3A993698886087
:10FD100000BF77E5483B03082DE9F34FB3B08146B8
:10FD2000349809F11401826831A8F4F79FFD10B9E5
:10FD300035B0BDE8F08F34988068309031A93498A0
:10FD400081604D460021484615F035FB2D9000217D
:10FD5000484615F04AFD2C900021484615F0B1FEAA
:10FD60002B90484614F053FBB5F88410484300121A
:10FD700000B22A90484614F02BFBB5F88610484391
:10FD8000001200B22990484614F0ACFC0146B9F8C4
:10FD900014202C9802442D981044401A00B2289048
:10FDA000484614F099FD0146B9F816202B980244F4
:10FDB0002D981044401A00B2279024A80BF014FC90
:10FDC00024AA4FF4A021484616F008FB16A80CF010
:10FDD000CBFB16AA4FF40031484616F073FB4FF4E4
:10FDE0000031484616F0EFF8064600EBD670471093
:10FDF0004FF40031484615F058FB064600EBD6702C
:10FE00004FEA6008BDF99200474501DA394600E043
:10FE1000414600EBD072B1EB620F06DD9DF8990010
:10FE200020F0100010308DF89900BDF892000128E4
:10FE300006D19DF8990020F0100010308DF899003F
:10FE400005F12400F6F78EF8044698E1207B00F0D7
:10FE5000010000B18DE12089ADF890002089ADF856
:10FE60005C0095F88800C0F3C00008B9608900E024
:10FE7000002006B215962898ADF8BC002898ADF879
:10FE8000B800159E159EB346606830F816000A2823
:10FE900047D02A980090236833F91600237BC3F3D8
:10FEA000C00C05F1780333F91C20237BC3F3C00C8D
:10FEB00005F1740333F91C10002312F0D9F800B2D5
:10FEC000ADF8B800BDF8B8102898084400B2ADF8F5
:10FED000B80029980090636833F91600237BC3F3B8
:10FEE000001C05F1700333F91C20237BC3F3001CB5
:10FEF00005F16C0333F91C10002312F0B9F800B2BD
:10FF0000ADF8BA00BDF8BA102998401A00B2ADF8A1
:10FF1000BA00BDF8BA102798084400B2ADF8BA008C
:10FF200005E04EF20100ADF8B800ADF8BA0003A844
:10FF3000349913F081FF4FF4A0201090944804905E
:10FF40000320059024A8099016A8079014944FF058
:10FF5000000AC8E0BDF8B800ADF8BC00BDF8BA00B2
:10FF6000ADF8BE0015985044B5F8821090FBF1F240
:10FF700001FB120006B2606830F9160047F6FF7107
:10FF8000884247D029980090636833F91600237B94
:10FF9000C3F3001C05F1700333F91C20237BC3F36A
:10FFA000001C05F16C0333F91C10002312F060F8FB
:10FFB00000B2ADF8BA00BDF8BA102998401A00B2E4
:10FFC000ADF8BA00BDF8BA102798084400B2ADF8F1
:10FFD000BA002A980090236833F91600237BC3F3F4
:10FFE000C00C05F1780333F91C20237BC3F3C00C4C
:10FFF00005F1740333F91C10002312F039F800B234
:020000040801F1
:10000000ADF8B800BDF8B8102898084400B2ADF8B3
:10001000B80001E0B34662E0BAF1000F5DD0BDF870
:10002000BC00C01B00B2ADF80400BDF8BC003844F1
:1000300000B2ADF80800BDF8BE00A0EB080000B2A9
:10004000ADF80600BDF8BE00404400B2ADF80A00AD
:10005000AAF101001190606830F91B0047F6FF71AA
:10006000884201D02FA800E000200C90606830F991
:10007000160047F6FF71884201D02EA800E000204C
:100080000D9001A80690606830F91B00139003AA38
:100090001A2148460EF008F8606830F91B0047F650
:1000A000FF71884213D0606830F9160088420ED084
:1000B0002EAB2FAA24A934980BF07FFA3FB1B8F1E8
:1000C000000F04D001AA16A934980CF031FA03AA43
:1000D0001B2148460DF0E8FF00BFB34600BF0AF100
:1000E00001001FFA80FAB5F8820050453FF732AFA1
:1000F000B5F8820050453BD1606830F9160047F6EC
:10010000FF71884234D0BDF8B800C01B00B2ADF812
:100110000400BDF8B800384400B2ADF80800BDF8DE
:10012000BA00A0EB080000B2ADF80600BDF8BA00B6
:10013000404400B2ADF80A00AAF10100119000207D
:100140000C900D9001A80690606830F9160013908D
:1001500003AA1A2148460DF0A7FF01AA16A9349850
:100160000CF0E6F903AA1B2148460DF09DFF00BFE5
:1001700000BF214605F12400F5F7EEFE0446002CF1
:100180007FF464AE34993098886000BFD0E50000F9
:10019000483B03082DE9F74FA2B00F46F88D10B980
:1001A00025B0BDE8F08F97F83600022800DCF7E7AD
:1001B000F88D012808D1B7F93400002804DC388E06
:1001C00010B9788E00B9EBE724980088398E08447E
:1001D000B98E401A00B2ADF8800024988088398E1C
:1001E0000844B98E084400B2ADF8840024984088D1
:1001F000798E0844B98E401A00B2ADF88200249876
:10020000C088798E0844B98E084400B2ADF88600E3
:10021000B7F92E0000EBD071BDF88020A2EB610190
:10022000491E09B2ADF87810B7F92E0000EBD07175
:10023000BDF8842002EB6101491C09B2ADF87C10C5
:10024000B7F92E0000EBD071BDF88220A2EB61015E
:10025000491E09B2ADF87A10B7F92E0000EBD07143
:10026000BDF8862002EB6101491C09B2ADF87E1091
:1002700097F836001D901D98FD2801DDFF201D9088
:1002800022981EA982681BA8F4F7F0FA00B987E744
:1002900019A8249907F026FA4FF0FF32114619A841
:1002A00007F040FBB7F9008019A807F003FB83466D
:1002B00019A807F077FA834503DA19A807F0FAFAC4
:1002C00002E019A807F06EFA18901898B8EB600FC2
:1002D00002DD18984FEA6008B7F90000179020A8CF
:1002E00007F0E8FA834620A807F05CFA834503DAB2
:1002F00020A807F0DFFA02E020A807F053FA1890D0
:10030000DDE91701B0EB610F02DD1898401017907E
:10031000B7F92E1017980C1804FB04F1480011F0DF
:10032000F5FE8246B7F92E20179803B2514620A851
:100330001FF026F81EA80BF089FC16904FF001095B
:10034000169820B9F878FF2801DBB87808B14FF08B
:1003500000094FF0FF300F90B9F1000F0BD10123CE
:100360000FFA88F219A910A80BF0E8FF002110A8D5
:100370000BF066F90F901EA807F09CFA834611F067
:10038000C5FE0E901C2102A812F06BF90CA8029079
:1003900007900E980590B88DADF8100097F83600CC
:1003A0008DF82000B8788DF821001EA807F082FA99
:1003B000834600EBDB70BDF8781001EB600000B203
:1003C00001901EA807F0EEF9834600EBDB70BDF844
:1003D0007A1001EB600000B20090BDF87C00ADF82F
:1003E0003400BDF87C00001B401C00B2ADF83000AA
:1003F000BDF87A00ADF83200BDF87A002044401E06
:1004000000B2ADF83600BDF930100198814202DD2E
:10041000BDF9300000E00198ADF83000BDF93610AC
:100420000098814202DABDF9360000E00098ADF88C
:10043000360022980CA982680AA8F4F717FA002857
:1004400066D00FFA88F219A90AA8F4F750FA002822
:100450005ED10AA807F02EFA83465646BDF92A0057
:10046000BDF97A10401A00FB0466BDF92810BDF9E9
:100470007C00001B401C081A0644B9F1000F09D08B
:100480000FFA88F219A90AA8F4F7ACFA10B1012002
:10049000099001E0CDF82490BBF1000F37DD0E98F4
:1004A0000590BDF82800ADF83000BDF82C00ADF87F
:1004B000340002208DF81800BDF92A5023E0ADF871
:1004C0003250ADF836500998A8B9224631460E98F8
:1004D00011F039FFBDF928105B462A460E980BF043
:1004E00065FB8DF818009DF81800012804D1022042
:1004F0008DF8180000E0059602A922980CF056FA33
:100500002644681C05B2BDF92E00A842D7DA00BF08
:10051000BDF87C00ADF83400BDF87C00001B401C29
:1005200000B2ADF83000BDF87E00001B401C00B2E8
:10053000ADF83200BDF87E00ADF83600BDF93010E0
:100540000198814202DDBDF9300000E00198ADF86C
:100550003000BDF932100098401C814202DDBDF927
:10056000320001E00098401C00B2ADF83200229841
:100570000CA982680AA8F4F779F9002866D00FFA66
:1005800088F219A90AA8F4F7B2F9A8BB0AA807F0DB
:1005900091F983465646BDF93600BDF92E10401A32
:1005A00000FB0466BDF92810BDF97C00001B401C4F
:1005B000081A0644B9F1000F09D00FFA88F219A9F8
:1005C0000AA8F4F70FFA10B10120099001E0CDF864
:1005D0002490BBF1000F38DD0E980590BDF828007F
:1005E000ADF83000BDF82C00ADF8340002208DF8D5
:1005F0001800BDF92E5024E028E0ADF83250ADF8D7
:1006000036500998A8B9224631460E9811F09BFE43
:10061000BDF928105B462A460E980BF0C7FA8DF8F4
:1006200018009DF81800012804D102208DF8180048
:1006300000E0059602A922980CF0B8F92644681E3D
:1006400005B2BDF92A00A842D7DD00BFBDF8780089
:10065000204400B2ADF83000BDF87C00001B00B2B1
:10066000ADF83400BDF87A00ADF83200BDF87A007C
:100670002044401E00B2ADF83600BDF93610009897
:10068000814202DABDF9360000E00098ADF836008C
:1006900022980CA982680AA8F4F7E8F800286FD01D
:1006A0000FFA88F219A90AA8F4F721F9002867D1EE
:1006B0000AA807F0FFF883465646BDF92A00BDF99F
:1006C0003210401A00FB0466B9F1000F09D00FFA8E
:1006D00088F219A90AA8F4F785F910B10120099048
:1006E00001E0CDF82490BBF1000F48DD099810B966
:1006F0000E98059001E000200590BDF82800ADF8A7
:100700003000BDF82C00ADF83400BDF92A5032E0BD
:10071000ADF83250ADF836500998C8B931785A461C
:100720000E9811F064FFBDF928105B462A460E981A
:100730000BF03CFA8DF818009DF81800012802D142
:1007400002208DF8180002A922980CF02FF90FE072
:100750001D98FF2801D1307804E0307897F83610E2
:10076000484300128DF8200002A922980CF01EF9CF
:100770002644681C05B2BDF92E00A842C8DA00BFA5
:1007800097F836008DF82000BDF87800204400B2BC
:10079000ADF83000BDF87C00001B00B2ADF83400AD
:1007A000BDF87E00001B401C00B2ADF83200BDF861
:1007B0007E00ADF83600BDF932100098401C814231
:1007C00002DDBDF9320001E00098401C00B2ADF836
:1007D000320022980CA982680AA8F4F747F800288A
:1007E0007ED00FFA88F219A90AA8F4F780F8002839
:1007F00078D10AA807F05EF883465646BDF9360060
:10080000BDF92E10401A00FB0466BBF1000F66DD37
:10081000B9F1000F09D00FFA88F219A90AA8F4F764
:10082000E1F810B10120099001E0CDF82490099879
:1008300010B90E98059001E000200590BDF8280041
:10084000ADF83000BDF82C00ADF83400BDF92E50E5
:1008500041E0ADF83250ADF83650B9F1000F09D093
:100860000FFA88F219A90AA8F4F7BCF810B1012010
:10087000099001E0CDF824900998C8B931785A461A
:100880000E9811F0B4FEBDF928105B462A460E986A
:100890000BF08CF98DF818009DF81800012802D192
:1008A00002208DF8180002A922980CF07FF80FE0C2
:1008B0001D98FF2801D1307804E0307897F8361081
:1008C000484300128DF8200002A922980CF06EF81F
:1008D0002644681E05B2BDF92A00A842B9DD00E031
:1008E00000E000BF97F836008DF82000BDF87C00CE
:1008F000001B401C00B2ADF83000BDF87C00ADF824
:100900003400BDF87A00204400B2ADF83200BDF8E2
:100910007E00001B00B2ADF83600BDF93210009821
:10092000401C814202DABDF9320001E00098401C0F
:1009300000B2ADF83200BDF936100098814202DDF8
:10094000BDF9360000E00098ADF83600BDF9301072
:100950000198814202DDBDF9300000E00198ADF858
:10096000300022980CA982680AA8F3F77FFFE0B351
:100970000FFA88F219A90AA8F3F7B9FFA8BB0AA8C9
:1009800006F098FF83465646601E00FB0466BDF9DC
:100990002810BDF97C00001B401C081A0644B9F160
:1009A000000F09D00FFA88F219A90AA8F4F71AF86B
:1009B00010B10120099001E0CDF82490099808B108
:1009C000304600E00E980590BBF1000F33DDBDF816
:1009D0002800ADF83000BDF82C00ADF8340002203E
:1009E0008DF81800BDF92A5021E025E0ADF832500D
:1009F000ADF836500998A0B95A4631460E9811F014
:100A0000A2FCBDF928105B462A460E980BF0CEF8E2
:100A10008DF818009DF81800012802D102208DF8E9
:100A2000180002A922980BF0C1FF681C05B2BDF99D
:100A30002E00A842DADA00BF5646002515E03046FF
:100A40003319591E002208E0037891F800C080F89D
:100A500000C00B70401C491E521C04EBD47CB2EB4E
:100A60006C0FF1DB2644681C05B2A542E7DBBDF83C
:100A70007800ADF83000BDF878002044401E00B288
:100A8000ADF83400BDF87A00204400B2ADF8320071
:100A9000BDF87E00001B00B2ADF83600BDF9321083
:100AA0000098401C814202DABDF9320001E0009852
:100AB000401C00B2ADF83200BDF9361000988142FA
:100AC00002DDBDF9360000E00098ADF83600BDF952
:100AD00034100198401E814202DABDF9340001E071
:100AE0000198401E00B2ADF8340022980CA982682B
:100AF0000AA8F3F7BBFED0B30FFA88F219A90AA827
:100B0000F3F7F5FE98BB0AA806F0D4FE83465646D6
:100B1000601E00FB0466BDF92800BDF93010401AC4
:100B20000644B9F1000F09D00FFA88F219A90AA8F2
:100B3000F3F758FF10B10120099001E0CDF824909F
:100B4000099808B1304600E00E980590BBF1000FFF
:100B500033DDBDF82800ADF83000BDF82C00ADF84D
:100B6000340002208DF81800BDF92A5021E025E05C
:100B7000ADF83250ADF836500998A0B95A46314612
:100B80000E9811F0E0FBBDF928105B462A460E983E
:100B90000BF00CF88DF818009DF81800012802D110
:100BA00002208DF8180002A922980BF0FFFE681CA5
:100BB00005B2BDF92E00A842DADA00BFBDF8780010
:100BC000ADF83000BDF878002044401E00B2ADF80A
:100BD0003400BDF87A00ADF83200BDF87A00204448
:100BE000401E00B2ADF83600BDF934100198401E29
:100BF000814202DABDF9340001E00198401E00B2E2
:100C0000ADF83400BDF936100098814202DABDF922
:100C1000360000E00098ADF8360022980CA98268F2
:100C20000AA8F3F723FED0B30FFA88F219A90AA88D
:100C3000F3F75DFE98BB0AA806F03CFE83465646D5
:100C4000BDF92A00BDF93210401A00FB0466BDF957
:100C50002800BDF93010401A0644B9F1000F09D040
:100C60000FFA88F219A90AA8F3F7BCFE10B1012007
:100C7000099001E0CDF824900E980590BBF1000F8B
:100C800036DDBDF82800ADF83000BDF82C00ADF819
:100C9000340002208DF81800BDF92A5024E028E025
:100CA000ADF83250ADF836500998A8B92246314611
:100CB0000E9811F048FBBDF928105B462A460E98A5
:100CC0000AF074FF8DF818009DF81800012804D16F
:100CD00002208DF8180000E0059602A922980BF07A
:100CE00065FE2644681C05B2BDF92E00A842D7DA7D
:100CF00000BFBDF87800ADF83000BDF878002044A2
:100D0000401E00B2ADF83400BDF87E00001B401C50
:100D100000B2ADF83200BDF87E00ADF83600BDF986
:100D200032100098401C814202DDBDF9320001E022
:100D30000098401C00B2ADF83200BDF934100198A3
:100D4000401E814202DABDF9340001E00198401EE4
:100D500000B2ADF8340022980CA982680AA8F3F713
:100D600085FDD0B30FFA88F219A90AA8F3F7BFFDE1
:100D700098BB0AA806F09EFD83465646BDF936008C
:100D8000BDF92E10401A00FB0466BDF92800BDF91C
:100D90003010401A0644B9F1000F09D00FFA88F25A
:100DA00019A90AA8F3F71EFE10B10120099001E06D
:100DB000CDF824900E980590BBF1000F36DDBDF8FC
:100DC0002800ADF83000BDF82C00ADF8340002204A
:100DD0008DF81800BDF92E5024E028E0ADF832500F
:100DE000ADF836500998A8B9224631460E9811F050
:100DF000AAFABDF928105B462A460E980AF0D6FEDC
:100E00008DF818009DF81800012804D102208DF8F3
:100E1000180000E0059602A922980BF0C7FD2644B1
:100E2000681E05B2BDF92A00A842D7DD00BFBDF893
:100E30007800204400B2ADF83000BDF87C00001B03
:100E400000B2ADF83400BDF87A00204400B2ADF82D
:100E50003200BDF87E00001B00B2ADF836000E98DF
:100E6000059022980CA982680AA8F3F7FFFCA0B3AA
:100E70000FFA88F219A90AA8F3F739FD68BB0AA886
:100E800006F018FD8346BBF1000F25DDBDF82800F4
:100E9000ADF83000BDF82C00ADF83400BDF92A5093
:100EA00016E0ADF83250ADF8365059460E9811F0B4
:100EB0000FFCBDF928105B462A460E980AF076FE14
:100EC0008DF8180002A922980BF070FD681C05B27D
:100ED000BDF92E00A842E4DA00BFB9F1000F05D138
:100EE00010A80AF08FFE0F980BF010FB504611F07F
:100EF00089F90E9811F086F900BFFFF751B900008B
:100F00002DE9F74FDEB05E985D90609806F0E0FC4A
:100F1000804600EBD8704FEA600A609806F050FCFB
:100F2000074600EBD7704010824507DA609806F05C
:100F3000CFFC064606EBD670401006E0609806F03F
:100F40003FFC054605EBD570401000B25B90609801
:100F500001885B98084400B2ADF870016098418840
:100F60005B98084400B2ADF8720158A80AF03CFB47
:100F700058AA4FF4C0215E9815F030FA9DF8690127
:100F800020F0100010308DF8690150A80AF0E0FA46
:100F900050AA4FF4C0215E9815F0B9F92CA85F99BA
:100FA00012F04AFFFE482D904FF4C02039900320E4
:100FB0002E9058A832905D982430F4F7D3FF044661
:100FC00041E23D94A18B5B98084406B2A088301A98
:100FD00000B22B90A089301A0FFA80FABDF8701178
:100FE0002B98081A00B2ADF8A400BDF872112B9826
:100FF000081A00B2ADF8A600BDF870112B9808448D
:1010000000B2ADF8A800BDF872112B98084400B2E8
:10101000ADF8AA00012347F6FF7229A94AA80BF0F0
:101020008DF9BDF87001A0EB0A0000B2ADF89C008C
:10103000BDF87201A0EB0A0000B2ADF89E00BDF849
:1010400070015044401E00B2ADF8A000BDF872011E
:101050005044401E00B2ADF8A200012347F6FF72D3
:1010600027A944A80BF06AF9BDF87001801B00B2F3
:10107000ADF89400BDF87201801B00B2ADF8960087
:10108000BDF870013044401E00B2ADF89800BDF8C4
:1010900072013044401E00B2ADF89A00002347F6BA
:1010A000FF7225A93EA80BF049F900213EA80AF0DD
:1010B000C7FA24904FF0FF302390608910B1608907
:1010C000401E01E04FF6FF7022904FF00009A4E1AE
:1010D0002298401C22900020219061892298814210
:1010E00003D10020229001202190A0690090608807
:1010F000421E00214846636910F0BAFF07463C973C
:10110000219810B12089209001E02068209020983B
:101110001F90219808B1E08900E0E0880FFA80F87C
:10112000CDF87880DDF878805D983030F4F71AFFDC
:1011300005465FE02879022800D055E0A868B8424B
:1011400051DCE868B8424EDB288A40440FFA80F848
:10115000698AA88A814202D1688A209043E0A87DEA
:1011600000F0010050B1FF20009000233846D5E97F
:10117000021210F07DFFC0B2139009E0FF20009032
:1011800000233846D4E9051210F072FFC0B2139064
:10119000A98A1191698A1291139800F1040C4FEAFF
:1011A000EC00BDF848C04CEA0C4CDFF8F8E10CEA62
:1011B0000E01BDF844C04CEA0C4C0CEA0E03A3EB44
:1011C000010C0CFB00FC01EB5C1C0CEA0E0242EA79
:1011D000124C1FFA8CFCCDF840C0BDF840E0F4463C
:1011E000CDF880C000BF00BF29465D983030F4F7CD
:1011F000B3FE0546002D9DD1E08B00FB09F00102F6
:101200006088401E91FBF0F01D901D9800121C900C
:101210001C98401C1B901D9800F0FF0B228C1C9901
:10122000114408B21BF0F8F81A90228C1B99114453
:1012300008B21BF0F1F81990CBF580711A98414370
:10124000199800FB0B1000121890228C1C99114465
:1012500008B21BF0D9F81790228C1B99114408B2E0
:101260001BF0D2F81690CBF5807117984143169871
:1012700000FB0B1000121590BDF88000ADF8600166
:10128000ADF86281BDF8702106EB0801159848435E
:101290007F3002EBE03000B2ADF85000BDF87221B3
:1012A00006EB0801189848437F3002EBE03000B2AB
:1012B000ADF8520014A835905CA83590CDF8E890B0
:1012C00050A83190219800287CD024980BF01EF96A
:1012D000B4F91000AAEB00001390BDF87021139927
:1012E000159848437F3002EBE03000B2ADF848007B
:1012F000BDF872211399189848437F3002EBE03013
:1013000000B2ADF84A00202250A90AA811F01BF83B
:101310000AA831903B4624A2102106A818F004FC2C
:1013200006A837902CAA1A215E980CF0BDFE002169
:1013300041F6FF72BDF95201CDE901210090BDF9DE
:10134000543105A8509A37991BF054F9BDF914008F
:1013500000EBD071BDF84820A2EB610109B2ADF8F5
:101360000C10BDF9160000EBD071BDF84A20A2EBBD
:10137000610109B2ADF80E10BDF80C00BDF81410F3
:10138000084400B2ADF81000BDF80E00BDF816100C
:10139000084400B2ADF812000020009003AA06E055
:1013A000804003081FF8E007256400000AE0379B2F
:1013B00031995F9809F018FD00213EA80AF040F924
:1013C000249007E00020319037902CAA1A215E98D3
:1013D0000CF06AFE219909B144A900E04AA9084627
:1013E00000210AF02DF923905CAB14AA58A95F984C
:1013F0000AF0E3F823980BF089F82CAA16215E98DE
:101400000CF052FEBDF87C00ADF860011E98ADF8FE
:10141000620109F1010000F0FF09608848453FF7CB
:1014200057AE4AA80AF0EEFB44A80AF0EBFB3EA830
:101430000AF0E8FB24980BF069F821465D98243007
:10144000F4F78AFD0446002C7FF4BBAD61B0BDE823
:10145000F08F00002DE9F04FB1B005468B46904665
:101460002E464146284602F08BFF04462089C0F3F1
:101470000E00012802DC31B0BDE8F08F2089C0F3F6
:10148000C03020B9208810B9608800B9F3E7002186
:10149000284614F0AAF982460021284613F08BFF53
:1014A000504400B22E90284612F0B1FFB6F88410D6
:1014B0004843001200B22D9025A80AF049F825AA49
:1014C0004FF4C021284614F022FF284613F00AF9F1
:1014D0000146AA8A2E981044401A00B22490B8F10E
:1014E000020F0ED12089C0F3C03028B14FF4C021C3
:1014F000284614F09DF800E000202390B5F91A90DA
:101500000DE02089C0F3C03028B14FF4C021284637
:1015100014F0D7FA00E000202390B5F91690B8F146
:10152000020F16D1DBF80800B0F90600484500DAD2
:10153000A1E7239848442599B1F908100844B4F963
:1015400000100844DBF80810B1F90210884200DAF4
:1015500091E720A80AF048F820AA4FF4C0212846B5
:1015600014F03CFF0020ADF88600ADF88400594629
:101570000EA812F061FCA6480F90062010900220E1
:101580001C904FF4C0201B9025A8139020A8149005
:10159000B8F1020F01D0012000E000200D9096F874
:1015A000880000F00700022822D10021284614F00C
:1015B000CEF8B6F8841048434FEA202A2D985044BC
:1015C000B6F8821090FBF1F000B20B900B99A1EBF2
:1015D0000A0000EBD0714A102499114409B22491F9
:1015E0000B98A0EB0A012D98401A00B22D9000BF75
:1015F000ADF8C2902089C0F30E00401E6168C1F3AF
:101600000E4148430C900027FBE000200B906068DF
:10161000C0F30E40B7FBF0F100FB117008B90120D8
:101620000B90BDF982102D98401A78430C99B0FBAD
:10163000F1F12498084400B2ADF8C000ADF8BC0048
:101640000D9868B1BDF9C2100B9810B1B4F9000043
:1016500001E0B4F90200081A00B2ADF8BE000CE0D7
:10166000BDF9C2100B9810B1B4F9000001E0B4F953
:101670000200084400B2ADF8BE0030A817902FA8B1
:10168000189096F8880000F00700032810D106F1A2
:1016900078000D9930F91100009006F1740030F9CE
:1016A0001130002138460C9A10F0E2FC824604E02A
:1016B0006068C0F30E40B7FBF0FACDF878A00B9845
:1016C000002871D02089C0F3C03000286CD0534668
:1016D00050A2102107A818F027FA25A8139007A8F0
:1016E000199010201A900EAA1A2128460CF0DCFC42
:1016F000002141F6FF72BDF9A600CDE9012100905D
:10170000BDF9A83006A8259A19991AF073FFBDF9FA
:10171000180000EBD071BDF8BC20A2EB610109B24A
:10172000ADF81010BDF9180000EBD071BDF8BC2069
:1017300002EB610109B2ADF814100D9878B1BDF853
:10174000BE102398081A00B2ADF81600BDF81600B6
:10175000BDF81A10401A00B2ADF812000EE0BDF844
:10176000BE102398084400B2ADF81200BDF8120074
:10177000BDF81A10084400B2ADF81600BDF9140007
:10178000B5F9141088420DDBBDF91010B5F9180039
:10179000814207DC0020009004AA25A95846199B25
:1017A00009F022FB09E0FFE70020139019901A903E
:1017B0000EAA1A2128460CF077FCBDF9821001EB25
:1017C000D172BDF9C03003EB6202B5F914309A4210
:1017D00011DBBDF9820000EBD072BDF9BC30A3EB88
:1017E0006203B5F91820934205DC2FAB30AA20A97B
:1017F000584609F0E2FE0EAA1B2128460CF054FCC4
:101800007F1C0C9887427FF600AF00BF33E60000D4
:10181000483B0308256400002DE9F74FB2B00546A8
:10182000164631953146284602F0AAFD0446208925
:10183000C0F30E00012802DC35B0BDE8F08F20892E
:10184000C0F3C03020B9208810B9608800B9F3E730
:101850000EB1012000E0002083460021284613F04D
:10186000AAFD2E900021284614F02BF92D90284631
:1018700012F0AEFD3199B1F886104843001200B263
:101880002C90284613F028F80146EA8A2D98024445
:101890002E981044401A00B22B904EB94FF4C0213C
:1018A000284613F0A2FF0746B5F914002A9008E075
:1018B0004FF4C021284614F041F80746B5F9180046
:1018C0002A90B4F900002990B4F902002890012E62
:1018D00007D12998404200B229902898404200B28E
:1018E000289025A809F080FE25AA4FF4C02128469B
:1018F00014F074FD1DA809F02BFE1DAA4FF4C021A1
:10190000284614F004FD0BA8339912F095FA894883
:101910000C9006200D9019960004189025A811909F
:101920001DA810902089C0F30E00401E6168C1F30D
:101930000E4100FB01F94FF00008F6E0BDF99610EA
:101940002C98401A00FB08F0B0FBF9F12B980844E2
:1019500000B2ADF8C200ADF8BE002A98ADF8C000E4
:1019600036B9BDF8C000401E00B2ADF8C00005E0B9
:10197000BDF8C000401C00B2ADF8C00000200A90C5
:101980006068C0F30E40B8FBF0F100FB118008B9AD
:1019900001200A900A9838B1BDF8C0102998081A99
:1019A00000B2ADF8BC0006E0BDF8C0102898081AD7
:1019B00000B2ADF8BC0030A814902FA81590319853
:1019C000703030F91B00009031996C3131F91B30C7
:1019D000A9EB08004A46002110F04AFB8246CDF8E8
:1019E0006CA00A98002872D02089C0F3C03000286B
:1019F0006DD0534650A2102106A818F095F81DA8E6
:101A0000109006A81690102017900BAA1A212846AD
:101A10000CF04AFB002141F6FF72BDF98600CDE9CA
:101A200001210090BDF9883005A81D9A16991AF079
:101A3000E1FDBDF9160000EBD071BDF8BE20A2EBB0
:101A4000610109B2ADF80E10BDF9160000EBD071BE
:101A5000BDF8BE2002EB610109B2ADF81210BBF176
:101A6000000F0FD1BDF8BC00BDF81410401AC01B08
:101A700000B2ADF80C00BDF8BC00C01B00B2ADF860
:101A800010000EE0BDF8BC00384400B2ADF80C0008
:101A9000BDF8BC00BDF814100844384400B2ADF8DD
:101AA0001000BDF91210B5F9160081420DDBBDF929
:101AB0000E10B5F91A00814207DC0020009003AA3D
:101AC0001DA9169B339809F08FF909E0FFE7002064
:101AD0001090169017900BAA1A2128460CF0E4FAE1
:101AE000BDF9961001EBD172BDF9C23003EB620370
:101AF000B5F91620934211DBBDF9960000EBD072C8
:101B0000BDF9BE30A3EB6203B5F91A20934205DCA0
:101B10002FAB30AA25A9339809F04FFD0BAA1B2142
:101B200028460CF0C1FA08F10108C8457FF606AF57
:101B300000BF81E6483B0308256400002DE9FE4F05
:101B400006460C46174698462021304614F0CCFA3B
:101B500000287DD00C98032803D1304612F0A8FE4F
:101B600002E0304612F0AEFE81460EF06BFB0546F9
:101B70004FF0000A002002900C98032843D1002166
:101B8000304613F00BFE83460021304613F0AFFEC3
:101B90000190B9F1010F23D0B9F1020F28D0B9F1AA
:101BA000030F2ED106F1140005F045FEA0EB0B014A
:101BB0000198081A009000EBD0700BEB6000B18A1E
:101BC00008440FFA80FA05F1140005F034FE009085
:101BD00000EBD070A98A01EB600000B2029010E027
:101BE000B08A58440FFA80FAB5F91400029008E060
:101BF000318B0198081A0FFA80FAB5F91800029093
:101C000000BF00BF45E00021304613F033FF83469C
:101C10000021304613F0E5FC0190B9F1010F25D009
:101C2000B9F1020F2AD0B9F1030F30D106F1140037
:101C300005F08EFDA0EB0B010198081A009000EB57
:101C4000D0700BEB6001F08A08440FFA80FA00E0D4
:101C500054E005F1140005F07BFD009000EBD0701E
:101C60004110E88A084400B2029010E0F08A58441B
:101C70000FFA80FAB5F91600029008E0718B01980E
:101C8000081A0FFA80FAB5F91A00029000BF00BFD7
:101C900000BFB8F1000F17DAB9F1000F05D00298B4
:101CA000504502DD2046BDE8FE8F002C01DAA01E63
:101CB00004B2002C01DDA01C04B22146E01704EBA5
:101CC0009070801000B2EEE7002F16DAB9F1000F25
:101CD00004D00298504501DA2046E4E7002C01DAEE
:101CE000A01E04B2002C01DDA01C04B22246E017A5
:101CF00004EB9070801000B2D5E709E008EB040017
:101D0000002802DAC8F1000004B2381B00D53C46B6
:101D10002046C8E710B50446207EC0F3800008B115
:101D2000002010BD207A232802D0242803D100E00F
:101D300000BF0120F5E700BF00BF4FF4804160689D
:101D400014F0D2F908B90020EBE7207A11381C28EA
:101D500023D2DFE800F00E0F10111213141516171E
:101D60001822221922221A1D1B1C222222221E1F87
:101D7000222000BF00BF00BF00BF00BF00BF00BFE8
:101D800000BF00BF00BF00BF00BF00BF00BF00BF5B
:101D900000BF00BF00BF0020C3E70120C1E72DE95D
:101DA000F04104460EF03AFA07469FB13868806861
:101DB00018B1217A386882689047207EC0F34000CD
:101DC00010B10120BDE8F081207E00F0010008B1D3
:101DD0000020F7E701260EB9002003E0002160682B
:101DE00012F06CFB05464FF0000827E02868F0B1C0
:101DF000287A00F08000802819D1287A802805D020
:101E0000287A20F08000217A884210D16868E0604A
:101E1000204629688847207EC0F3400008B1012091
:101E2000D0E7207E00F0010008B10020CAE708F1E9
:101E300001084146606812F041FB05460DB1012ED4
:101E4000D4D02146002012F01DFA06460EB900201B
:101E500003E00021606812F031FB05464FF00008F6
:101E600023E02868D0B1287A00F08000B0B9287A41
:101E700018B1287A217A884210D16868E06020463B
:101E800029688847207EC0F3400008B1012099E707
:101E9000207E00F0010008B1002093E708F101085E
:101EA0004146606812F00AFB05460DB1012ED8D0FC
:101EB000012E11D16068406870B12046FFF72AFFFB
:101EC00050B16068406860602046FFF768FF0646D2
:101ED000012E01D0002075E7304673E72DE9F0436D
:101EE0008046DDE9074521B92A7022701A70BDE8E5
:101EF000F0834FEA282000F00209B9F1000F04D066
:101F000000BF99462B464D4600BF00F00409B9F1C9
:101F1000000F04D000BFA1462C464D4600BF00F084
:101F20000609B9F1000F09D100F00109B9F1000F5C
:101F30000ED100BF994623464C4609E000F0010946
:101F4000B9F1000F04D000BF994623464C4600BFAC
:101F500022706FEA010909F0FF0602FB06F74FEA5B
:101F6000272985F8009008F0FF0C00F00109B9F16D
:101F7000000F0DD1BCF1000F02D14FEA012905E09D
:101F8000CCF1000909F0FF0909FB01F94F4601E016
:101F900001FB0CF73E126FEA060909F0FF0602FB8F
:101FA00006F74FEA272983F8009000BF9FE700005B
:101FB0002DE9FF4F87B005468B469146DDE914A613
:101FC000584605F062FC0690584605F0DDFB05908A
:101FD0001798012804D0022804D0032806D103E072
:101FE000494F08E0494F06E0494F04E000BF00BFF9
:101FF0000BB0BDE8F08F00BF8EBB28880490288806
:102000005246014602900A98B84703904FF00008E4
:1020100021E0002418E0BDF8100035F814108842C3
:102020000CD005EB44000088049005EB44000088C8
:102030005246014602900A98B847039005EB4400C7
:10204000BDF80C100180641C06988442E3DB05EBAC
:10205000490508F1010805988045DADB51E0FFE702
:1020600000200290288804903078FD2801DB50463B
:1020700003E0307800FB0AF0000A0190019A04990D
:102080000A98B84703904FF0000836E000242BE090
:10209000305D00B927E0315D0298814205D1BDF87D
:1020A000100035F81410884217D0305DFD2801DB90
:1020B000504603E0305D00FB0AF0000A019005EB9A
:1020C0004400008800900146019A0A98B84703909E
:1020D000305D029035F81400049005EB4400BDF823
:1020E0000C10018000BF641C06988442D0DB05EB15
:1020F00049051698064408F1010805988045C5DB96
:1021000000BF00BF74E7000075930008A1940008A9
:10211000179400082DE9FF4F89B004469246DDE987
:102120001685F4F733FA08900A9805F0AEFB81465D
:102130000A9805F029FB8346002D78D1B8F1FD0FF0
:102140000CDB002707E04A4620460C9907F07EFB8F
:1021500004EB4A047F1C5F45F5DB7DE100BF0020F6
:10216000014602464FEAD20CBDF804306CF304037A
:102170004FEA910C0193BDF804306CF34A134FEA17
:10218000D00C0193BDF804306CF3CF230193BDF85C
:1021900004C063460293BDF8081008460790424603
:1021A00007990C9807F020FD06900C9904A802915D
:1021B000BDF80810C90A01FB08F10180BDF808103C
:1021C000C1F3451101FB08F14180BDF8081001F091
:1021D0001F0101FB08F1818000BFC8F1FF000390DF
:1021E000002720E0002619E0BDF81C0034F8161086
:1021F00088420DD004EB46000088079004EB4600AF
:1022000000880290014604A8039A07F075FD069025
:1022100004EB4600BDF818100180761C4E45E3DB48
:1022200004EB4A047F1C5F45DCDB15E1FFE7BDF8EA
:10223000300000EB00400790B8F1FD0F6FDBA9F113
:10224000040006900027B4E0002614E02878FF2858
:1022500003D1BDF8300020800AE02A7820880146AA
:1022600004900C9807F0C0FC0590BDF81400208085
:102270006D1CA41C761C4E4503DA05F003000028F3
:10228000E4D172E0286805900598401CA8B904F0D4
:10229000030048B1BDF830102180A01C07990160EF
:1022A000BDF83010E18005E02046079901600799EC
:1022B000416000BF08342D1D56E00598002851D01C
:1022C0002878FF2803D1BDF8300020800AE02A7862
:1022D0002088014603900C9807F086FC0490BDF816
:1022E000100020806D1CA41C2878FF2803D1BDF8A5
:1022F000300020800AE02A782088014603900C985C
:1023000007F072FC0490BDF8100020806D1CA41C26
:102310002878FF2804D1BDF8300020800BE04CE085
:102320002A782088014603900C9807F05DFC049001
:10233000BDF8100020806D1CA41C2878FF2803D154
:10234000BDF8300020800AE02A78208801460390FA
:102350000C9807F049FC0490BDF8100020806D1C1B
:10236000A41C01E02D1D0834361D0698864289DD27
:1023700014E02878FF2803D1BDF8300020800AE05F
:102380002A782088014604900C9807F02DFC0590CF
:10239000BDF8140020806D1CA41C761C4E45E8DBA3
:1023A000AAEB090004EB40041898A0EB09000544CF
:1023B0007F1C5F45FFF648AF4DE000200490208869
:1023C00006902088059000200390002740E000261A
:1023D00035E0287888B329780498814209D0287894
:1023E000FF2801D1404603E0287800FB08F0000AEE
:1023F000039029780498814205D1BDF8180034F87B
:102400001610884214D00398FF2802D10C9805902A
:1024100009E004EB4600008802900146039A0C98FC
:1024200007F0E2FB05902878049034F81600069037
:1024300004EB4600BDF8141001806D1C761C4E455F
:10244000C7DB04EB4A041898A0EB090005447F1C85
:102450005F45BCDB00BF00BF0DB0BDE8F08F2DE9CC
:10246000FF4F85B081460C46DDE912A7F4F78EF8E0
:10247000804607BBB4F9026018E0B4F9005010E0E0
:10248000CDF808A0BDF82000ADF8040030B20090EF
:10249000D8F800002BB2D0F81CC04946079AE04794
:1024A0006D1CB4F90400A842EADA761CB4F90600FF
:1024B000B042E2DA2EE0204605F0E7F983462046F6
:1024C00005F062F90490002620E0002519E0785D0F
:1024D000B0B1785D00FB0AF0000A0290BDF8200060
:1024E000ADF804006088304400B20090218829448F
:1024F0000BB2D8F80000D0F81CC04946079AE04754
:102500006D1C5D45E3DB14980744761C04988642F5
:10251000DBDB00BF09B0BDE8F08F10B502460B460B
:1025200010681C68A04201D1012010BD0020FCE70A
:1025300010B502460B46506820F040401C68A0428F
:1025400003D2506820F040401860002010BD2DE9F3
:10255000F04F89B004460020089007900DF05EFE11
:10256000069006980068057ED4F820800027B946BA
:10257000B4F91400002802DDB4F9140002E0B4F943
:1025800014004042B4F91610002902DDB4F9161007
:1025900002E0B4F916104942884201DD012701E04A
:1025A0004FF00109CAE01021404613F09DFDB0B97B
:1025B0004FF48071404613F097FD08B907B1C1E0B0
:1025C0004FF40071404613F08FFD18B9B9F1000FB8
:1025D00000D0B7E0404611F0DFFF8046AEE0CA46CB
:1025E000CDF814900497BB46404612F04DF80646CD
:1025F00006F0010008B90020049006F0020008B9B6
:102600004FF0000B06F0040008B94FF0000A06F086
:10261000080008B900200590404612F05DF90390CB
:10262000404611F0D1FF0290404612F05BF8019055
:10263000404612F0CFF800900398002802DC029880
:10264000002811DDBAF1000F03D0B4F91600A8423A
:1026500006DA059840B1B4F916006942884203DCF5
:10266000CDF820800C2007900198002802DC00980B
:10267000002811DD049818B1B4F91400A84207DA53
:10268000BBF1000F08D0B4F914006942884203DCA2
:10269000CDF82080032007900398002801DC4FF03C
:1026A000000A0298002801DC00200590019800280B
:1026B00001DC002004900098002801DC4FF0000BA2
:1026C000049818B1B4F91400A84215DABBF1000F50
:1026D00004D0B4F91400694288420DDDBAF1000F4C
:1026E00003D0B4F91600A84206DA059878B1B4F917
:1026F0001600694288420ADC0FB1032000E00C207A
:1027000094F83C1060F3030184F83C101AE04FF495
:102710008071404613F0E8FC08B907B112E04FF4AD
:102720000071404613F0E0FC18B9B9F1000F00D079
:1027300008E0404611F030FF804600BFB8F1000FBE
:102740007FF431AF00BF089858B194F83C10079857
:1027500060F3030184F83C100898A0620021A18274
:10276000E182089809B0BDE8F08F00002DE9FF4F25
:1027700083B00446204612F09BF80290029818B9E4
:10278000002007B0BDE8F08F41F6FF75002120461C
:1027900013F004F807460021204613F0A8F88246FB
:1027A000204611F0B2FD83464FF000086AE0A068B1
:1027B000006850F828603949304613F0A0FC00B199
:1027C0005EE04FF48051304613F08EFC002856D066
:1027D0004FF00009002001900298012804D002283F
:1027E00009D003282CD10EE0B6F91490A08A384401
:1027F00000B2019025E0B6F91890208BA0EB0A00FA
:1028000000B201901DE006F1140005F014F80090EC
:1028100000EBD070B18A01EB60000FFA80F904F18F
:10282000140005F008F8C01BA0EB0A00009000EBB4
:10283000D070A18A394401EB600000B2019000E041
:102840001EE000BF069848440FFA80F904988145BD
:1028500014DB0598814511DC0199A9EB010108B24F
:10286000002801DD014600E04142002D01DD2A463D
:1028700000E06A42914200DA054600BF00BF00BF97
:1028800008F10108D84592D341F6FF70854201D185
:10289000002000E0684200B273E70000010004007D
:1028A0002DE9FF4F83B00446204612F00BF802904A
:1028B000029818B9002007B0BDE8F08F41F6FF7507
:1028C0000021204613F0D6F807460021204612F0DA
:1028D00088FE8246204611F018FD83464FF000081E
:1028E0006AE0A068006850F828603949304613F063
:1028F00006FC00B15EE04FF48051304613F0F4FB6B
:10290000002856D04FF000090020019002980128BD
:1029100004D0022809D003282CD10EE0B6F9169075
:10292000E08A384400B2019025E0B6F91A90608B35
:10293000A0EB0A0000B201901DE006F1140004F0C3
:1029400007FF009000EBD0704110F08A08440FFAA6
:1029500080F904F1140004F0FBFEC01BA0EB0A0098
:10296000009000EBD0704110E08A3844084400B277
:10297000019000E01EE000BF069848440FFA80F97D
:102980000498814514DB0598814511DC0199A9EB78
:10299000010108B2002801DD014600E04142002D9E
:1029A00001DD2A4600E06A42914200DA054600BF96
:1029B00000BF00BF08F10108D84592D341F6FF706F
:1029C000854201D1002000E0684200B273E70000B8
:1029D000010004002DE9FF4F87B00E469046DDE967
:1029E00014940021079813F0E1FA0690002107984B
:1029F00012F04EFD0590F078C0F34000A8B1F078D9
:102A000000F0010020B142F2D1710698884208D04E
:102A1000F07800F0010040B942F2D1710598884287
:102A200003D1F07820F00200F070F07800F001009F
:102A300008B1964800E096480490F07800F0010054
:102A400008B9924800E09248824600206080A08049
:102A500020612080A060E060CDF80C800399079889
:102A600011F035FC0546E0E00398404506D04FF4F0
:102A70000001284613F038FB00B1D9E0854928460B
:102A800013F03DFB00287CD10021284612F0D6FC33
:102A900002900298002875D02069401C2061A0880F
:102AA000484400B2A080207D00F0010000286AD0D8
:102AB000216901EB810188000FF028FB074600BF68
:102AC0001FB900BF00BF00BFFEE700BF1FB90398DA
:102AD0000BB0BDE8F08FE06858B12069401E00EBF4
:102AE000800082003846E1680FF02DFCE0680FF0AE
:102AF00089FB2069401E00EB800047F82050F078E9
:102B000000F0010058B14FF0000B41F202025946AB
:102B1000284613F065F80190019800B20BE04FF0E1
:102B2000000B41F205025946284613F059F801906E
:102B3000019800B200BF2169491E01EB810107EB3A
:102B400081018880F07800F0010058B14FF0000B4F
:102B500041F203025946284613F042F801900198C9
:102B600000B20BE04FF0000B41F206025946284636
:102B700013F036F80190019800B200BF2169491E98
:102B800002E03EE017E02CE001EB810107EB810160
:102B9000C88002982169491E01EB810107EB810180
:102BA000C86000212069401E00EB800007EB800018
:102BB0000161E76015E02846049988470746F078E8
:102BC000C0F3400030B1B4F90400C1190A98814241
:102BD00000DD2DE0A08807EB0901084400B2A080C9
:102BE00000BF2846D047B4F90010884202DD2846CD
:102BF000D04701E0B4F900002080A068401CA0602C
:102C000000BFF078C0F3800010B14FF0FF3000E05B
:102C100001200399084403900398002800DA07E094
:102C20000399079811F053FB0546002D7FF41CAF64
:102C300000BFB4F90400002804DDA088A0EB09005F
:102C400000B2A080206908B10A9801E0B4F904003C
:102C50006080CDB10398404516D107988068006820
:102C6000039950F82150F078C0F3800103AA079827
:102C700001F075F845B12846D047208028460499D0
:102C8000884760800120A060039821E72F60020838
:102C9000F9440208010006002DE9F04F97B0044600
:102CA00000BF00BF4FF0000BDE48028859462046A7
:102CB00012F096FF0A900A98C6B200BFF0439DF842
:102CC0005B1060F300018DF85B10B0089DF85B109D
:102CD00060F341018DF85B10F0089DF85B1060F324
:102CE00082018DF85B1000BFCF480288594620460C
:102CF00012F076FF0A900A98C0B28DF8580000BF13
:102D0000CA4802885946204612F06AFF0A900A987B
:102D1000C0B28DF8590000BFC54802885946204608
:102D200012F05EFF0A900A98C0B28DF85A00002196
:102D3000204612F0BFFA012800D100E000201590D3
:102D40009DF85B0000F0010020B90021204612F040
:102D5000F1FC03E00021204612F072FE14909DF871
:102D60005B0000F0010020B10021204612F0E2FCDF
:102D700003E00021204612F063FE13909DF85B00F3
:102D800000F0010018B1204611F041FB02E020469E
:102D900011F01EFB12904FF0000B41F23202594627
:102DA000204612F01DFF0A900A9800B2119000BF51
:102DB00041F610025946204612F012FF0A900A9876
:102DC000E18A0144119801EB000B204611F098FDB7
:102DD000ABEB000000B210904FF0000B41F6120276
:102DE0005946204612F0FCFE0A900A98A18A014436
:102DF000119801EB000B204611F078FDABEB0000C1
:102E000000B20F909DF85A709DF85B0000F0010031
:102E100008B110A800E00FA805460021204613F0D5
:102E2000C5F80E900021204612F032FB0D909DF85F
:102E30005B0000F0010040B142F2D1710D98884270
:102E400003D1608CC0F3402068B19DF85B0000F0B6
:102E5000010048B942F2D1710E98884204D1608CC9
:102E6000C0F3802000B90027159850B19DF85B0091
:102E700000F0010028B90FB9012702E0012F00D1AD
:102E800000274FF0000800200C900B90002F49D035
:102E90009DF85B00C0F3800018B1A0684068401E38
:102EA00000E00020814617E000200A9005A9139851
:102EB000CDE900014A4616A92046129BFFF78AFD7C
:102EC0008246BDF814101498084440440FFA80F864
:102ED0000B98401C0B90D146A0684068484502DD25
:102EE000B9F1000FE0DA0B9820B11498A8EB0000BC
:102EF0000FFA80F89DF85B0000F0010018B1204641
:102F000011F066FA02E0204611F081FA83460CA81F
:102F1000CDE900500B9803B24246594638461AF0A4
:102F200048FD00BF9DF85B00C0F3800018B1A068A9
:102F30004068401E00E000208146159840B19DF891
:102F40005B0000F0010018B92888404400B22880D6
:102F50004DE001200A9005A91398CDE900014A46E9
:102F600016A92046129BFFF735FD8246159850B1F1
:102F70009DF85B0000F0010028B92888BDF8141006
:102F8000401A00B2288005AABDF94030DDE91210D0
:102F9000CDE90131CDE90302BDF93C0053464A4673
:102FA00016A900902046F5F76BFDD14608980FF062
:102FB00029F900200890159868B19DF85B0000F091
:102FC000010040B92988BDF8302014981044081A2F
:102FD00000B228800AE02988BDF81400BDF830202E
:102FE000024414981044084400B2288000BFA0682E
:102FF0004068484502DDB9F1000FAADA42F2D1710A
:103000000E98884202D00D98884202D1204613F0D3
:10301000E2FF00222B2120460BF046F817B0BDE856
:10302000F08F0000F4000020F6000020F8000020DF
:10303000FA0000202DE9FC5F044689469246207E76
:1030400000F0010008B1BDE8FC9FE56800264FF0E4
:10305000010B0120019000BF85B9207EC0F3C000A4
:1030600000B956B9019800B9EDE72046C8470546B2
:103070004FF0000B0020019000E0E4E716B92E4667
:1030800006B9E0E7BBF1000F06D029462046D0473D
:103090000546B54200D1D6E74FF0010B05B9DBE795
:1030A000286812F08DF800F0800000B1D4E72F6896
:1030B00009E00121384613F017F800B105E0384661
:1030C00011F06AFA0746002FF3D100BF2FB101219A
:1030D000384613F009F800B1BEE700BF00BFE06852
:1030E000A84200D1AFE7E06890B1204600F06DFB48
:1030F0000090E16808680F21009A0AF0D5FF0746A2
:10310000012F00D09FE7E168086813F08AFB00BF39
:10311000E560204600F059FB0746E1683A4608683A
:103120000E210AF0C1FF8046B8F1010F00D08AE7F6
:10313000E168086813F075FB206910B12046216929
:10314000884700BF7FE7000070B504460D46E1B236
:103150000548F0F7CAFC00BF80210348F0F7F8FBF0
:103160000028F9D0204670BD003801402DE9F0411B
:103170000446204600F072F9054611480068001B1D
:10318000461B0F480068401B0D490860B6B1274632
:103190006119324620460FF0D6F806E0A068401BC1
:1031A000A060204600F05AF90444054800688442B3
:1031B000F4D1B81929460FF054FA00BFBDE8F081E8
:1031C000C800002002460C207047024600207047CD
:1031D00002460020704703460C20704770470346A4
:1031E0000020704730B50546039C0C2030BD10B55B
:1031F00004460C2010BD03460020704730B505463C
:10320000039C0C2030BD10B50246114691F83C30AD
:1032100003F0030323B1012B04D0022B0CD000BF19
:10322000888C13E026235B5C4FF4B47463436424FE
:1032300093FBF4F398B209E027235B5C4FF4B4747A
:103240006343642493FBF4F398B200BF00BF10BD46
:103250002DE9F34F87B083465F4605A9584611F024
:10326000F5F8584612F0E3FE0290584611F044F982
:1032700001900021584612F0ECFA009000215846C7
:1032800012F090FB80460021584612F04EFC814619
:103290000021584612F000FA82460021584612F0EA
:1032A000DCFB05460021584612F05EFA0646284629
:1032B00005EBD0714910491C05F0010211440DB213
:1032C000304606EBD0714910491C06F0010211444A
:1032D0000EB20D2D01DA284600E00D2005460D2E18
:1032E00001DA304600E00D200646B8F10D0F01DA94
:1032F000404600E00D208046B9F10D0F01DA484646
:1033000000E00D208146BAF10D0F01DA504600E0D1
:103310000D20824600248BE0B86A00EBC40103A8AC
:1033200004F0F2F9BDF90C10009881420FDCBDF9F0
:10333000141000980D2801DA009800E00D20081AFA
:10334000BDF80C10084400B2ADF80C0008E0BDF860
:103350000C00BDF81410891B084400B2ADF80C0035
:10336000BDF90E0048450FDCBDF91600B9F10D0F8F
:1033700001DA494600E00D21401ABDF80E1008445C
:1033800000B2ADF80E0008E0BDF80E00BDF8161052
:10339000491B084400B2ADF80E00BDF910100298A8
:1033A000A0EB0800801E81420FDBBDF91400B8F1CC
:1033B0000D0F01DA414600E00D210844BDF8101060
:1033C000084400B2ADF8100008E0BDF81000BDF8E8
:1033D00014103144084400B2ADF81000BDF91210C9
:1033E0000198A0EB0A00801E81420FDBBDF9160098
:1033F000BAF10D0F01DA514600E00D210844BDF885
:103400001210084400B2ADF8120008E0BDF8120036
:10341000BDF816102944084400B2ADF8120000228D
:1034200003A80899F1F739FB00B105E0601C84B2EC
:10343000388EA0423FF770AF00BF388EA04201D156
:103440004FF6FF74204609B0BDE8F08F014601F049
:1034500007020AB1104670470120FCE70146B1F9A6
:103460000C20032303EB420222F0030202F11000BE
:1034700070472DE9FC5F05460E4617460021284699
:1034800012F0CDF980460021284612F071FA8246EA
:103490000021284612F02FFB81460021284612F019
:1034A000E1F80190284612F0C2FDA0EB0800A0EB65
:1034B0000A0B284611F020F8A0EB09010198081A20
:1034C000834507DA284612F0B2FDA0EB0800A0EB16
:1034D0000A0006E0284611F00FF8A0EB0901019858
:1034E000081A009000EBD070401004B2A88A204463
:1034F000404400B23080E88A2044484400B27080E2
:1035000007B13C80BDE8FC9F38B50446002504485F
:1035100002882946204612F063FB0090009838BDCF
:10352000DC00002038B504460025054802882946FD
:10353000204612F055FB00900098C0B238BD000044
:10354000E400002038B504460025054802882946D5
:10355000204612F045FB00900098C0B238BD000034
:10356000E6000020F0B504460B46032B01D20120F3
:1035700000E000200546611B981E0C2707FB050094
:10358000C0EB4010B0FBF7F01044084400EB910092
:103590006427B1FBF7F7C01B4FF4C877B1FBF7F70F
:1035A00038440727B0FBF7FC07FB1C06F0B2F0BD60
:1035B0002DE9FC4781460E4616B90020BDE8FC8780
:1035C000D9F81040606930B160690068B04202D13A
:1035D00060694068F2E70025B1E005EB8501A0686D
:1035E00050F82100371A05EB8501A06800EB810037
:1035F0008088B84200D2A0E04FF0000805EB8501BA
:10360000A06800EB8100807C022808D105EB8501D1
:10361000A06800EB8100C08800EB070884E005EBA0
:103620008501A06800EB8100807C78B905EB8502FC
:10363000A16801EB8201C86805EB8502A16801EB76
:103640008201C988C25D01EB02086DE005EB8501CE
:10365000A06800EB8100807C03282AD1B8B20190D9
:103660003E48009005EB8503A06800EB8300028ACA
:1036700005EB8503A06800EB83000223816801A8A5
:10368000F3F7FAF88246BAF1000F11D005EB850284
:10369000A16801EB82018968AAEB0101481005EBE2
:1036A0008502A16801EB8201C98801EB000800BF17
:1036B0003AE005EB8501A06800EB8100807C0128E1
:1036C00032D1B8B201902548009005EB8503A0687F
:1036D00000EB8300028A05EB8503A06800EB830002
:1036E0000223816801A8F3F7C7F88246BAF1000FF8
:1036F00019D005EB8503A26802EB83029268AAEB5E
:103700000202501005EB8503A26802EB8302D16828
:1037100005EB8503A26802EB8302D28831F81030F2
:1037200002EB030800BF00BF606920B1606906605A
:103730006069C0F80480404640E7681C85B2608A32
:10374000C0F30800A8423FF748AF606920B1606944
:10375000066000206169486000202FE7B92A03084D
:103760002DE9F84F80460D46C146404600F0FDF970
:10377000064616B90020BDE8F88FF08A281A05B26F
:103780000021304612F0F9FA009000980AF0EAFDA4
:1037900082460021304612F060FB0446204604EBCE
:1037A000D07105EB61010DB20AEB04000FFA80FB4A
:1037B00095FBFBF087B2B9F83400B84203DCB9F8E6
:1037C0003400401E87B23846D5E72DE9F041054662
:1037D0000026002700200CF027FD044616E02046B6
:1037E0000CF071FD8046206DA8420AD1B8F1020F9D
:1037F00002D12046BDE8F081B8F1040F00D1264681
:10380000274620460CF010FD044600BF002CE6D1F0
:103810000EB13046EEE70FB13846EBE700200CF072
:1038200003FDE7E72DE9F04107460C463D463846E3
:1038300010F0EDFDB5F884104843001206B20021E7
:10384000384611F0D2FF8046A4EB080004B2002CE9
:1038500002DA0020BDE8F081B44203DDB5F8820051
:10386000401EF7E795F8880000F0070001280BD10B
:10387000314606EBD1704210B5F88200401E04FBC1
:10388000002090FBF6F0E5E795F8880000F00700CF
:10389000022805D1B5F88200604390FBF6F0D9E725
:1038A0000020D7E70246114600E0096821B1886987
:1038B000C0F30F100028F8D009B9002070478869BC
:1038C000C0F30F10FAE700002DE9FC5F80460D46BB
:1038D0001646D8F810704FF0000A788AC0F34030CE
:1038E000002840D1FC68A068800FD8B9D4F80090B7
:1038F00005EB062080B2019026480090A06820F0D9
:1039000040420223494601A8F2F7B6FF8346BBF1C5
:10391000000F06D0ABEB09014810616811F900A057
:1039200000BF1FE00121A068B1EB907F1AD1D4F84D
:10393000009005EB0640019017480090A06820F029
:1039400040420423494601A8F2F796FF8346BBF1A3
:10395000000F06D0ABEB09018810616811F900A0D7
:1039600000BF00BF12E0F8684368595D83689A5D44
:1039700000290ADD002A08DD531E4C1E90F80DC0F8
:1039800004FB0C33046814F903A000BF5046BDE8E3
:10399000FC9F000023630108036301082DE9FE4F2B
:1039A00007460C46254600260021204611F041FC22
:1039B000834600EBDB70C0F34F064FF440312046E6
:1039C00011F020FF80464FF44031204611F0C3FF34
:1039D00081464FF44031204612F080F882464FF481
:1039E0004031204611F031FE0290A08A298D084412
:1039F000801BA0EB080000B2ADF80000E18A688DE2
:103A00000844801BA0EB090000B2ADF80200A08AB8
:103A1000298D08443044504400B2ADF80400E18AD6
:103A2000688D084481190298084400B2ADF8060078
:103A30000098386001987860BDE8FE8F2DE9F04F5E
:103A400087B081460F469246984600BF00BF4C465D
:103A50004FF40031484611F0F9FB834658460BEB12
:103A6000D0714D10AAEB05000FFA80FAA68C94F8DD
:103A70003400C0F3410018B9208D304486B223E0F1
:103A800094F83400C0F34100022803D1E08C3044A4
:103A900086B219E094F83400C0F34100012813D134
:103AA000B4F93020B4F93230D11801EBD172501092
:103AB000B4F92E10814203DAE18C31448EB202E077
:103AC000218D31448EB200BF06F15A0000B218F0C9
:103AD000A3FC00FB0AF0C01300B2069030B218F04D
:103AE0009BFC00FB0AF0C01300B205904FF440317C
:103AF000484611F094FE04904FF44031484611F0CE
:103B000037FF03904FF44031484611F0F4FF029024
:103B10004FF44031484611F0A5FD019039880698D0
:103B200001440498081A401B00B2A8F80000398824
:103B30000698014403980844284400B2A8F80400F9
:103B40007988059801440298081A401B00B2A8F829
:103B5000020079880598014401980844284400B27D
:103B6000A8F8060007B0BDE8F08F70B504462546FA
:103B7000686A08B9002070BD0021686A10F0A7FBD0
:103B8000F9E710B504460021204610F0A0FB10BD57
:103B900070B504460E46002513E0E06800EBC50052
:103BA0004068C0F3006058B1E06800EBC5004068B1
:103BB00020F07F40B04203D1E06850F8350070BD7E
:103BC0006D1C608CC0F3C500A842E6D8608CC008AC
:103BD000401C618C60F3C8016184628CC2F3C50231
:103BE000D100E0680EF07AFBE06000BFE06818B931
:103BF00000BF00BF00BFFEE700BF608CC0F3C50080
:103C0000451E1AE0681EE16801EBC0004068C0F381
:103C1000006038B9681EE16801EBC0004068C0F37D
:103C2000406000B10BE0E06800EBC5010246681E91
:103C300002EBC00205CA05C16D1E002DE2D100BF16
:103C4000E16801EBC50008210EF00BFD08200EF025
:103C500023FAE16841F83500E16851F8350016F0C3
:103C6000ADFAE06800EBC500406820F0807000F11C
:103C70008070E16801EBC5014860E06800EBC500B9
:103C8000406866F31700E16801EBC5014860E06831
:103C900050F8350093E700002DE9FC4107468846BF
:103CA00016463868C068C068B0FBF8F4B44200DD5E
:103CB0003446194800680068806958B30020ADF8A0
:103CC0000000ADF80400ADF8020025B200BF681E88
:103CD00000B2ADF806001049096808680E49096885
:103CE00009688A6969469047684603F03FFDA0422B
:103CF00000DC03E0681E05B2002DE8DC00BF002DEB
:103D000004DC00BF00BF0020BDE8FC81BDF9060057
:103D1000441C00BF2046F7E7C000002070B50546F0
:103D20000C46641E002C01DA6D1E0C340C2C01DBD9
:103D30006D1C0C3C012C04D1284602F08BF81C3081
:103D40000BE0072094FBF0F100FB114606EBD67068
:103D50004010A6EB4000C0F11F00C0B270BD10B50E
:103D6000034669B11068401E10601068002805DB2A
:103D700098680068146850F8240010BD0020FCE723
:103D80001068401C106010689C686468A04205DAE6
:103D900098680068146850F82400EEE70020ECE70B
:103DA00030B50446481CE56835F8100035F8115068
:103DB000401B00B21080A06830F8110000B21880DB
:103DC000E06830F811006568284430BD2DE9F84FEF
:103DD00006460C461546B0460CF020FA81460CF01B
:103DE00072FA8246BAF1010F0DD0BAF1030F0AD070
:103DF00015B14FF6FF70288014B14FF6FF70208088
:103E00000020BDE8F88F0CF009FA814669460CF0F5
:103E10001FFA002D3ED0304610F068FDBDF80010AE
:103E200008440FFA80F90021304611F06AFA01289F
:103E30000AD10021304611F0E9FD318B081AA0EBC0
:103E400009000FFA80F90CE0B08AA9EB00000FFA24
:103E500080F90021304611F030FDA9EB00000FFA87
:103E600080F900202880002728800CE02988D8F8D5
:103E7000300030F81100384407B2B94500DA07E0E5
:103E80002888401C28802888B8F824108842EDDB58
:103E900000BF00BF6CB3304610F032FDBDF8021019
:103EA00008440FFA80F9F08AA9EB00000FFA80F9B4
:103EB0000021304611F07AFEA9EB00000FFA80F9DC
:103EC00000202080002720800CE02188D8F82C00DA
:103ED00030F81100384407B2B94500DA07E020880D
:103EE000401C20802088B8F826108842EDDB00BFF7
:103EF00000BF012085E72DE9F04F87B004468846D2
:103F000091461E464846F2F74FFB01218140C8B258
:103F100006904FF0FF3A208C05900598C04380B280
:103F2000049094F82200C0F380000290002530E055
:103F3000E06800EBC5077868C0F3406000B92DE089
:103F4000029800B124E0E16801EBC501496821F065
:103F50007F4014F07AF98346C34500D018E03868F2
:103F600080790699084000B912E003AA49463868EA
:103F700016F0A4F808B1012000E00020019001989B
:103F800028B103983060012007B0BDE8F08F00BF72
:103F90006D1C608CC0F3C500A842C9D800BF41E0C9
:103FA000E06800EBC50BE16801EBC501496821F051
:103FB0007F4014F04AF90090E16801EBC5014968BF
:103FC00021F07F4014F045F907460098404500D0A5
:103FD00027E0DBF8000080790699084000B920E06E
:103FE0000498384000B11CE0574500DC19E003AAF2
:103FF0004946DBF8000016F061F808B1012000E046
:1040000000200190019858B10598874203D1039888
:1040100030600120B8E7BA4502DABA46039830604A
:1040200000BF6D1C608CC0F3C500A842B8D8BAF1BF
:10403000000F03DB039830600120A5E70020A3E711
:104040002DE9FC5F83468A4690461D460820019074
:104050007F200090404608EBD0714C1008F0010022
:1040600080F00109CBF15A0108B218F0D5F9AAEB9A
:1040700004014843C611584618F0CEF9AAEB0401D2
:104080004843C711002E0ADDA6F17F000612301B3F
:10409000484400B22880301900B2A8800AE006F136
:1040A0007F000612301B00B228803019A0EB0900F7
:1040B00000B2A880002F0ADDA7F17F000712381B8D
:1040C000484400B26880381900B2E8800AE007F17D
:1040D0007F000712381B00B268803819A0EB090076
:1040E00000B2E880BDE8FC9F38B5044600250448CE
:1040F00002882946204611F073FD0090009838BDD3
:10410000E00000202DE9FF4F89B083469246DDE9AB
:1041100019785C46A08C0A99484380B2069000BF8B
:10412000BAF808003844404400B20590069D4FF0AC
:10413000000986E0A06A50F8250000287BD0206B9B
:1041400030F919000790002600BF1EE0A919A06AE7
:1041500050F82100B0B10021AB19A26A52F8230037
:1041600000B1017801F0010252B109EB0602521CC4
:10417000236B33F81230079A1A4412B2079200E008
:1041800009E000E007E0701C86B206EB0901A08C94
:10419000401E8142DADB00BF00200490A06A50F884
:1041A000250020B1A06A50F82500007804900498FA
:1041B00000F0020090B100BFBAF90800384400EBEB
:1041C00008010598814205DD00BFBAF908003844AE
:1041D000404400E0059800B205902BE0DDE91701AE
:1041E00001440798401A00B20790002207991698D8
:1041F0008DE80700A06A50F82500411C524608A827
:104200000C9B18F0F7F9BDF92200384400EB0801C7
:104210000598814205DDBDF922003844404401E0A3
:1042200009E0059800B20590A81985B209EB0600CF
:104230001FFA80F900BF681C85B209F101001FFA5E
:1042400080F9A18C06980844A8423FF773AF0598FF
:104250000DB0BDE8F08F000038B5044600250548D4
:1042600002882946204611F0BBFC00900098C0B29D
:1042700038BD0000EA00002038B504460025054896
:1042800002882946204611F0ABFC00900098C0B28D
:1042900038BD0000EC0000202DE9FF5F06460C460B
:1042A0000021304611F081FD03904FF4802130460B
:1042B00011F07BFD029003980AF05CF80746029823
:1042C0000AF058F880460021304611F0E0FD8146A2
:1042D00008EB070000EBD07109EB61010DB230462D
:1042E00010F00AF9834600EBDB704110F08A0844B5
:1042F000AA4605EBDA71A0EB610000B2608060882D
:10430000284400B2E0806946304610F09FF8BDF8BE
:1043100000002080BDF80400A080BDE8FF9F2DE9CB
:10432000FF4705462846FFF72CFC06461EB900202D
:1043300004B0BDE8F0874FF48021284611F035FD28
:1043400080464FF4802741F25A423946284611F000
:1043500047FC0290029804B200BF30460CF092FE77
:104360008146002041F6FF71CDE900012346424617
:104370004946029003A818F03DF9BDF90C00D7E7B3
:1043800002460B46114633B1012B0AD0022B05D051
:10439000042B0CD108E001F13C00704701F148000A
:1043A000FBE701F15400F8E701F16000F5E70020B8
:1043B000F3E770B504460E46002510E0E06800EB18
:1043C000C5004068C0F3406040B1E06800EBC50044
:1043D000406820F07F40B04200D105E06D1C608C49
:1043E000C0F3C500A842E9D800BF608CC0F3C50087
:1043F000A84203D0E06800EBC50070BD608CC00827
:10440000401C618C60F3C8016184628CC2F3C502F8
:10441000D100E0680DF062FFE060608CC0F3C50081
:10442000451E09E0E06800EBC5010246681E02EB8C
:10443000C00205CA05C16D1E002DF3D10821E06838
:104440000EF00FF908200DF027FEE1680860E16822
:10445000086815F0B3FEE068406820F0007000F1D5
:104460000070E1684860E068406866F31700E16842
:104470004860E068C1E7000037B584B005461446DF
:10448000114890F8200000F0010070B102211220C4
:1044900013F00AFF22460390059905F0C7FB02902E
:1044A000BDF80810084607B030BD0221122013F0F5
:1044B00025FF22460190059905F0B8FB0090BDF854
:1044C00000100846EFE700000C4500202DE9F04FF2
:1044D000064688461746DDE9095CDDE90B490022FE
:1044E000B8F1000F03D09246A4F800A069E0052FB0
:1044F00003D0062F01D0042F03D10023012D00D1BA
:104500000127002106E03CF811A09A4492440FFADA
:104510008AF2491CA942F6D3A2EB030A0FFA8AF2E7
:10452000072F4DD2DFE807F00409144C3E2C1B0086
:104530004FF0000AA4F800A042E0A6EB020A0AEB42
:10454000DA7B4FEA6B0B0FFA8BFBA4F800B037E075
:10455000A6EB020A0FFA8AFAA4F800A030E04FF0A6
:10456000000AA4F800A0A6EB020A0FFA8AFBA5F144
:10457000010A0FFA8AFA9BFBFAFA0FFA8AF31FE094
:10458000A6EB020A0FFA8AFA0FFA85FB9AFBFBFAEE
:104590000FFA8AF39A4603EBDA7B4FEA6B0BA4F827
:1045A00000B00DE0A6EB020A0FFA8AFB05F1010A42
:1045B0000FFA8AFA9BFBFAFA0FFA8AF3238000BFFC
:1045C00000BF00210CE034F811A03CF811B0DA442F
:1045D0009A440FFA8AFA01F1010B24F81BA0491C36
:1045E000A5F1010A8A45EED834F81AB03CF81AA0B1
:1045F000DA44B4F800B0AAEB0B0A0FFA8AF0B9F16A
:10460000000F10D000210CE034F811A0A6EB0A0A2C
:104610003CF811B0AAEB0B0A0FFA8AFA24F811A0A1
:10462000491CA942F0D3BDE8F08F2DE9F04F8DB0C1
:10463000044600BF00BF2046FEF766FF81462046C5
:10464000FFF752FD0746B9F1000F00D017B90DB0C2
:10465000BDE8F08F06A92046F3F7C8FD0C2103A89A
:104660000DF0FFFF4FF0000B41F232025946204699
:1046700011F0B6FA0090009805B200BF00BF41F6F5
:1046800012025946204611F0ABFA009000982844D7
:104690000FFA80FA00BF41F610025946204611F089
:1046A0009FFA00900098284400B20290204610F033
:1046B0001DF9A18A5144081A00B2ADF81400204631
:1046C00010F01EF90146E28A02981044401A01B225
:1046D000ADF81610002609E0A068006850F826B072
:1046E00003AA06A9584601F0CBFB761CA0684068D7
:1046F000B042F1D806A8F4F789F80021204611F05D
:1047000048FC01900021204610F0B5FE804642F2A0
:10471000D1710198884202D00846804502D12046D6
:1047200012F059FC00222B21204609F0BDFC00BFED
:104730008DE700002DE9F04106463746788E0028C7
:1047400002DC0020BDE8F0817D6A002409E0F96AFE
:1047500031F81400F3F73DFD08B10120F2E7601CC9
:1047600084B255F8240050B155F8240005A1EBF7A8
:1047700016FE20B155F8240000780028E7D100206B
:10478000E0E700000A00000001460020302905DBB8
:10479000392903DCA1F13002D0B21CE0612902DB2F
:1047A000A1F12002D1B2A1F14102062A10D2DFE824
:1047B00002F0030507090B0D0A200BE00B2009E0AE
:1047C0000C2007E00D2005E00E2003E00F2001E0A3
:1047D000002000BF00BF70472DE9F04105462C4680
:1047E0004FF44041606A03F0AFFB94F92E10A08DA6
:1047F0000122FEF7B7FE0746206B18B300261EE025
:10480000206B30F82600A18D884216D1206B00EB7A
:10481000860090F9021094F92E0081420DD1226B8E
:1048200002EB860292F90320521E3A44D21D91B245
:104830004FF40042606A03F081FF701C86B2A08EC4
:10484000B042DDDCA08D218D884210D194F92E106C
:1048500094F92A0081420AD194F92B20521E3A443D
:10486000D21D91B24FF48042606A03F067FFBDE849
:10487000F08100002DE9F04104460D46606D18B945
:1048800000BF00BFBDE8F081606DA96830F921600C
:10489000606DA96800EB8100B0F90270A87B1A492D
:1048A0000978884206D0A87B012801D100BF01E029
:1048B00000BF00BFA87B01280AD1B4F90C00B042A8
:1048C00003D1B4F90E00B84202D0201D00F094FECE
:1048D000201D00F00FFF00B1D4E726816781A87B7F
:1048E000012803D1201D00F027FD02E0201D00F06B
:1048F00083FE201D00F0FEFE00B1C3E72189A181E7
:104900006189E18100BFBDE7A800002070B50446C1
:1049100004214048006811F0E7FB20B13D49E06AFE
:104920000968884200D170BD3A4800680FF0DAFD8E
:104930000546E06A18B1E06A0FF0D4FD00E00020FF
:104940000646B54224D14DB1324800680AF046F916
:10495000204600F0CFFE002857D0E4E7E06A50B1CF
:104960002D49E06A0A680F2109F09EFB204600F0FD
:10497000C1FE00B1D7E728480E210268254800682B
:1049800009F092FB204600F0B5FE00283DD0CAE7B2
:1049900066B9E06A50B12049E06A0A680F2109F05F
:1049A00083FB204600F0A6FEC8B1BCE7E06AB0B1C8
:1049B00056B91949E06A0A680F2109F075FB2046CB
:1049C00000F098FE58B1AEE71349E06A0A6810217A
:1049D00009F06AFB204600F08DFE00B1A3E745B167
:1049E0000C4800680AF0FAF8204600F083FE60B137
:1049F00099E709480E2102680648006809F054FB4F
:104A0000204600F077FE00B18DE702480168E162C0
:104A100000BF88E7A4000020A00000202DE9F04797
:104A200004460D46A87B012805D16079C0F3C0007B
:104A300008B1BDE8F0876079C0F3C00058B1607973
:104A400020F00801617100216164607920F00101AA
:104A5000617100212172277AA97B21726968E16066
:104A6000D4F85080B8F1000F00D1E2E740460AF0D8
:104A70002BF9ED4908600846006800B9D9E7A87B22
:104A800008B10020A88140460AF01EF9E6490860F6
:104A90000846006800B9CCE7A87B012853D1002F55
:104AA00051D100BF00BF17F0B4F9606468680A28EC
:104AB00020D1DD48006811F007FF28B91021DA483D
:104AC000006811F011FB08B1012000E0002006464B
:104AD00040460AF0F1F800B95EB9D44801210268F5
:104AE000D148006809F0E0FA201D00F003FE00B193
:104AF0009FE74AE16868142804D1A889401E00B2E3
:104B0000A88142E16868132804D1A889401C00B23A
:104B1000A8813AE168681B2810D11B2140460AF0A1
:104B20005FF9C24820210268BF48006809F0BCFA5A
:104B3000201D00F0DFFD0028DBD07AE740466968E1
:104B40000AF04EF921E1A87B012870D1012FFCD198
:104B5000607900F00100B8BB606C17F04DF9216876
:104B6000898B884244D9607920F00100401C607133
:104B700017F04FF9A06468680A2833D1AA48006882
:104B800011F0A2FE28B91021A748006811F0ACFA74
:104B900008B1012000E000200646B6B140460AF008
:104BA0009EF801281DD900BF00BF40460AF084F8D6
:104BB00080F00109494640460AF021F920219A482F
:104BC00000680EF096FE0CE012E09848052102689D
:104BD0009548006809F068FA201D00F08BFD00B1CF
:104BE00027E700BF607920F00100401C6071CCE035
:104BF000607900F0010000288BD0A06C17F0FCF861
:104C00002168C98B884284D917F003F9A0646868C9
:104C10000A280DD18548062102688348006809F0FA
:104C200043FA201D00F066FD00288BD001E719E053
:104C30006868142804D1A889401E00B2A881A4E0A5
:104C40006868132804D1A889401C00B2A8819CE0A0
:104C5000404669680AF0C4F8201D00F04BFD0028AA
:104C6000C5D0E6E6A87B002870D1012F6ED100BF29
:104C700000BF68680A286BD16B48006811F024FEF9
:104C800028B910216848006811F02EFA08B10120F7
:104C900000E0002006463EBB6448082102686248E6
:104CA000006809F001FA201D00F024FD00B1C0E603
:104CB000607900F0010030B95C48042102685A486C
:104CC000006809F0F1F9201D00F014FD00B1B0E614
:104CD0005648072102685448006809F0E5F9201D8C
:104CE00000F008FD88B3A4E6404609F0E5FF70B384
:104CF000607900F0010020B1404609F0F0FF012882
:104D00002CD84A48082102684748006809F0CCF9C5
:104D1000201D00F0EFFC00B18BE64448042102683E
:104D20004148006809F0C0F9201D00F0E3FC00B123
:104D30007FE63E48072102683B48006809F0B4F965
:104D4000201D00F0D7FC20B173E617E01DE00BE05A
:104D500015E00A2140460AF043F80FE020213248CE
:104D600000680EF0C6FD09E0607900F0010028B986
:104D700000BF00BF012140460AF041F800BF0021FA
:104D80006164607920F001016171002026490860AA
:104D9000A88928B3404609F08FFF10B300BF00BFB9
:104DA000B5F90C0000280CDA002604E01421404676
:104DB0000AF016F8761CB5F90C004042B042F5DC5A
:104DC0000EE0B5F90C0000280ADD002604E01321EE
:104DD00040460AF005F8761CB5F90C00B042F6DC46
:104DE00020E000BF00BFB5F90C0000280BDA002658
:104DF00003E0404609F04EFF761CB5F90C00404236
:104E0000B042F6DC0DE0B5F90C00002809DD002603
:104E100003E0404609F0D6FE761CB5F90C00B0421E
:104E2000F7DC00BF00BF04E6A4000020A0000020C3
:104E300070B50446A06A00B170BD94F83D0000F062
:104E4000010000B1F8E7256A03E028460FF0A4FB53
:104E5000054635B14FF40041284611F045F90028C8
:104E6000F3D105B9E8E7B4F91000002802DDB4F980
:104E7000100002E0B4F9100040424849096809688E
:104E8000897E884212DAB4F91200002802DDB4F9F2
:104E9000120002E0B4F91200404240490968096872
:104EA000897E884202DA002121876187218F208A4A
:104EB000084401B22187618F608A084401B261878A
:104EC000B4F93800002802DDB4F9380002E0B4F982
:104ED00038004042314909680968C97E88420FDCC0
:104EE000B4F93A00002802DDB4F93A0002E0B4F95E
:104EF0003A004042294909680968C97E88424ADD6A
:104F0000012184F83D10B4F93800002802DDB4F91D
:104F1000380002E0B4F938004042B4F93A100029F0
:104F200002DDB4F93A1002E0B4F93A10494288427D
:104F300013DDB4F93800002807DD94F83C0020F0B8
:104F4000F000203084F83C001AE094F83C0020F097
:104F5000F000103084F83C0012E0B4F93A00002868
:104F600007DD94F83C0020F0F000803084F83C002D
:104F700006E094F83C0020F0F000403084F83C005B
:104F800006480C210268284609F08EF8204600F0F9
:104F9000B1FB00B150E700BF4EE70000A0000020C9
:104FA0002DE9F04104460D46A87B012805D1607922
:104FB000C0F3C00008B1BDE8F0816079C0F3C00063
:104FC00058B1607920F00801617100216164607955
:104FD00020F00101617100212172276D07B9EAE714
:104FE000384609F071FE914908600846006800B92A
:104FF000E1E7D4F80C806968E160267AA97B217228
:10500000A87B012853D1002E51D100BF00BF16F05C
:1050100000FF606468680A2810D10A21384609F048
:10502000DFFE8348012102688048006809F03CF8EF
:10503000201D00F05FFB002838D0BCE768681B2803
:1050400010D11B21384609F0CBFE79482021026897
:105050007648006809F028F8201D00F04BFB002876
:10506000EAD0A8E7686809280CD10021384609F081
:10507000C6FE384609F0A6FD201D00F03BFB0028C7
:10508000DAD098E768680B280CD10021384609F07F
:10509000B6FE384609F0FEFD201D00F02BFB00286F
:1050A000CAD088E73846696809F09AFEB8E0A87B5C
:1050B00001287BD1012E79D168680A280BD15C4880
:1050C000022102685948006808F0EEFF201D00F038
:1050D00011FB00B16FE7607900F00100F0B9606C7E
:1050E00016F08AFE2168898B884217D9607920F0F2
:1050F0000100401C607168680A28D7D116F089FE4B
:10510000A0644B48052102684848006808F0CCFFBD
:10511000201D00F0EFFA0028C8D04CE7607900F0BD
:10512000010000287CD0A06C16F066FE2168C98BB7
:10513000884275D916F06DFEA06468680A280CD103
:105140003B48062102683948006808F0ADFF201D81
:1051500000F0D0FA002863D02DE7686809280CD148
:105160000021384609F04BFE384609F02BFD201D82
:1051700000F0C0FA002853D01DE768680B280CD156
:105180000021384609F03BFE384609F083FD201D1A
:1051900000F0B0FA88B30EE708E03846696809F015
:1051A0001FFE201D00F0A6FA38B304E7A87B20BB41
:1051B000012E35D100BF00BFC5F8048068680A28F9
:1051C00028D11B48082102681848006808F06CFFC5
:1051D000201D00F08FFA00B1EDE6607900F00100CB
:1051E00060B91348042102681048006808F05CFFA9
:1051F000201D00F07FFA08B1DDE611E00C48072120
:1052000002680A48006808F04FFF201D00F072FA9B
:1052100000B1D0E600216164607920F00101617184
:1052200000200249086000BFC5E60000A40000207D
:10523000A000002070B505460C4628680669218844
:105240002982618869823068007CC0F301100228DD
:1052500005D03068007CC0F3011003280DD1306800
:1052600000882188401A401E00B2208030684088A3
:105270006188401A401E00B260803068007CC0F334
:105280000110012805D03068007CC0F3011003280C
:105290000AD1B4F902002188618031684988091A6D
:1052A000491E09B2218000BFB4F90000002801DACC
:1052B00000BF00BF2968086905F014FAB4F90010AE
:1052C000884201DC00BF00BFB4F90200002801DA07
:1052D00000BF00BF2968086905F06AFAB4F9021036
:1052E000884201DC00BF00BFE86C90B1B5F90C004A
:1052F000B4F90010884205D1B5F90E00B4F90210D6
:10530000884206D0B4F90220B4F90010E86C12F01B
:1053100096FC21882981618869812879012803D137
:10532000281D00F009F802E0281D00F065F9298920
:10533000A9816989E98170BD2DE9F041044600BF6A
:1053400000BFAB49206A08606078C0F3C00008B1B4
:10535000BDE8F081A7480068006805690026A448F8
:10536000006810BB284605F0D8F90746211D0BF050
:10537000DEF89F4908600846006840B9284605F0F5
:10538000D9F90746211D0BF0D2F8994908609848D1
:10539000006840B9284605F0E9F90746211D0BF0E1
:1053A000C6F89349086001262AE0A06A40BB4FF482
:1053B00000518F48006810F097FE08BB284605F0A2
:1053C000ACF90746211D0BF0B2F889490860084680
:1053D000006840B9284605F0ADF90746211D0BF0DD
:1053E000A6F8834908608248006840B9284605F05D
:1053F000BDF90746211D0BF09AF87D49086001268A
:1054000066B1606A50B10021218361832046F0F7C4
:10541000CEFB204600F06EF900B199E77449206A8E
:105420000968884254D0A1882181E1886181206A7D
:1054300060B1276A6F4803210268384608F034FEDD
:10544000204600F057F900B182E700BF68480168C4
:105450002162016861620068002839D016F0D9FC29
:105460002064607820F0010060700021A182E18258
:1054700094F83C0020F00F0184F83C1094F83C00B4
:1054800020F0F00184F83C10002184F83D102187C1
:10549000618721826182574801210268544800686F
:1054A00008F002FE204600F025F900B150E751480F
:1054B00000684079C0F3C00000B149E74D4800687A
:1054C000001DFFF723FA204600F014F900B13FE772
:1054D000A1882089081A01B22182E1886089081A0E
:1054E00001B26182B4F9180040F35C002083B4F982
:1054F0001A0040F35C016183218BB4F91000800035
:1055000001EBE00001B22183618BB4F9120080004D
:1055100001EBE00001B26183A169E16134480068F8
:10552000002863D03348022102683148006808F03F
:10553000BBFD204600F0DEF800B109E72D48006809
:105540004079C0F3C00000B102E72046F0F794FABA
:10555000204600F0CFF800B1FAE62046FFF768FCDD
:10556000204600F0C7F800B1F2E6A06A00BB607800
:1055700000F00100E0B9206C16F03EFC1D490968FE
:105580000968898B884213D91A480521026818488E
:10559000006808F089FD204600F0ACF800B1D7E6BD
:1055A000607820F00100401C607016F032FC6064EE
:1055B000A06AD8B9607800F00100B8B1606C16F04C
:1055C0001BFC0C4909680968C98B88420ED9094837
:1055D000062102680648006808F066FD204600F0D3
:1055E00089F800B1B4E616F014FC606400BFAFE6C1
:1055F000A4000020A000002070B504466078C0F32D
:10560000C00048B100212162616200202064606412
:10561000607820F0080060702049206A0860A56A60
:105620000846006878B300BF00BF1D480821026823
:105630001A48006808F038FD204600F05BF800B119
:1056400070BDDDB9607800F0010058B9144804213C
:1056500002681248006808F027FD204600F04AF86A
:1056600000B1EDE70E48072102680C48006808F019
:105670001BFD204600F03EF800B1E1E70021216269
:105680000020206460643DB12046F0F790FA204687
:1056900000F030F800B1D3E700BFD1E7A40000204C
:1056A000A00000204179C1F3400100291ED0002252
:1056B00042628262C262417921F00102427100229B
:1056C000426482640283428390F8401021F00F020A
:1056D00080F8402000228283C2838287C28741797A
:1056E00021F0020242710021014A1160704700005E
:1056F000A400002001464878C0F3400010B100200B
:10570000024A10604878C0F340007047A4000020AF
:105710002DE9FE4F0646344694F82A0000F00100B9
:1057200000284AD0A08C072190FBF1F085B2E08CD4
:1057300090FBF5F105FB1100E084E08C032101FBF7
:105740000500E084E08C90FBF5F105FB110020855D
:10575000208D032101FB050020850021304610F03B
:1057600024FB02900021304610F091FB8146029804
:1057700008F000FE074630460EF02AFE804630460E
:10578000FEF7FFF90190E08C07EB090148430FFA9F
:1057900080FA414608EBD1725210384607EBD073BD
:1057A000A2EB63020FFA82FBABEB0A0000B200909F
:1057B000DDE9001012F030FD00BFBDE8FE8F0000F3
:1057C000F8B50446A56A8021284610F08DFC50B932
:1057D00041F6FF70034642421146009004F130004A
:1057E00002F0C2F8A7E028460FF06CF8012804D0B8
:1057F000022816D0032843D125E0E88A401C01B2D4
:10580000002341F6FF722846FDF74AF86086E88AD1
:10581000401E02B2002352492846FDF741F8E086B7
:1058200035E0B5F91A10002341F6FF722846FDF75E
:1058300037F86086B5F91A20002349492846FDF754
:105840002FF8E08623E005F1140001F081FF074600
:1058500000EBD7704110E88A084406B2002341F6F5
:10586000FF72701C01B22846FDF71AF86086701EA0
:1058700002B200233A492846FDF712F8E08606E016
:105880004EF20101618641F6FF71E18600BF00BF63
:1058900028460FF00DF8012804D0022814D0032860
:1058A00041D123E0B5F91410002341F6FF722846D8
:1058B000FCF75CFF2086B5F9142000232849284610
:1058C000FCF754FFA08635E0B5F91810002341F627
:1058D000FF722846FCF74AFF2086B5F918200023FE
:1058E0001F492846FCF742FFA08623E005F114007B
:1058F00001F0A1FF074600EBD770A98A01EB600019
:1059000006B2002341F6FF72701C01B22846FCF774
:105910002DFF2086701E02B2002311492846FCF795
:1059200025FFA08606E04EF20101218641F6FF71B7
:10593000A18600BF00BF208E10B94EF20101218662
:10594000A08E10B941F6FF71A186608E10B94EF29B
:1059500001016186E08E10B941F6FF71E186F8BD64
:1059600001E0FFFF2DE9F04704460D4616461F46AD
:1059700004F1380000EBC61050F8278000BFB8F1E2
:10598000000F03D100BF00BF00BFFEE700BF00BF94
:105990001DB900BF00BF00BFFEE700BFC5F808800B
:1059A000EC60C8F80C5000BF2846F2F74FFB824667
:1059B0002846F2F74BFB81460421F1F752FE82455F
:1059C00003D000BF00BF00BFFEE700BF04F13800F6
:1059D00000EBC61040F827500121B1402069084370
:1059E000206104F1140050F826000121B940084359
:1059F00004F1140141F82600BDE8F08770B50546B2
:105A00000C4600200F49086022461D21284608F058
:105A10004BFB0C48006890B10A480068007808B950
:105A2000002070BD214607480068EAF7B8FC30B195
:105A300004480168284615F097FC0020F1E7012092
:105A4000EFE700007C0200202DE9F04F89B0064608
:105A50000C4615461F4600BF00BF304610F07AFFC7
:105A600010B909B0BDE8F08FB046AC4200D1F8E7FC
:105A7000B4F5B47F02DDA4F5B47084B2B5F5B47F9B
:105A800002DDA5F5B47085B2B8F82400204484B2D4
:105A9000B8F82400284485B2B4F5B47F02DDA4F53B
:105AA000B47084B2B5F5B47F02DDA5F5B47085B2EB
:105AB00008AA07A93046FDF7DCFC394630460FF04E
:105AC000C5FB8146B246BB4651225946504610F0AE
:105AD00087F80390039808B1012000E000200690A9
:105AE00004A9069808B1012000E00020CDE9005982
:105AF000CDE90201BDF820309AB2BDF91E10BDF902
:105B00001C00234604F0E4FE04A9304610F0C3FE56
:105B100000BFA6E71FB5044602AA03A92046FDF769
:105B2000A8FC6B46BDF9082003A92046FDF786FFB7
:105B30006946204610F0AFFE1FBD2DE9FF478146A4
:105B40000C464FF6FF70844201D1BDE8FF874E46F8
:105B5000308EA04200DCF8E7B06A00EBC40102A876
:105B600001F0D2FD694648460EF070FC002148461F
:105B70000FF073FF0746002148460FF0F5FD804601
:105B800048460EF06FFC824604F09AFD05460A2155
:105B900095FBF1F0B84201DA384602E00A2095FBA5
:105BA000F0F007B20A2095FBF0F0404501DA4046DC
:105BB00002E00A2095FBF0F00FFA80F8BDF808002B
:105BC000BDF80010C91B084400B2ADF80800BDF8CC
:105BD0000A00BDF80210A1EB0801084400B2ADF8BC
:105BE0000A00BDF80C00BDF800103944084400B2AA
:105BF000ADF80C00BDF80E00BDF802104144084499
:105C000000B2ADF80E00B08EA0420ED1F06A30F8AE
:105C1000140000F4007040B102A801F0E6FDBDF8E8
:105C20000A10081A00B2ADF80A0002A9484610F09E
:105C300032FE00BF89E71CB5044621466846FDF7E1
:105C4000ADFE6946204610F026FE1CBD2DE9F04F42
:105C500087B005460E462C46B4F88200B04202DCFE
:105C600007B0BDE8F08F28460EF0D1FBB4F88410E1
:105C70004843001207B228460EF034FD824694F8DD
:105C80008800C0F3C00018B9284610F0CAFDE7E745
:105C900094F8880000F0070001287CD100212846F4
:105CA0000FF089FB0690002128460FF09EFD05901D
:105CB000A98A0598014406980844A0EB0A000FFA47
:105CC00080FB4FF4A020029040F64902284602993A
:105CD0000FF086FF0190019800B280464FF400312A
:105CE000284610F070F9814600BFA88AADF80C0074
:105CF000E88AADF80E00288BADF81000688BADF87F
:105D0000120000BFBDF80E0008EB0901401A00B2F6
:105D1000ADF80E00BDF8120008EB0901084400B20E
:105D2000ADF81200B4F88200401EB0421FDD07FB40
:105D300006F0B4F88210491E90FBF1F05844A0EB35
:105D40000800A0EB090000B2ADF80C00701C78430D
:105D5000B4F88210491E90FBF1F058444044484486
:105D600000B2ADF8100003A9284610F094FD002EF3
:105D700021DD701E7843B4F88210491E90FBF1F0CB
:105D80005844A0EB0800A0EB090000B2ADF80C00ED
:105D900007FB06F000E00FE0B4F88210491E90FB0C
:105DA000F1F058444044484400B2ADF8100003A953
:105DB000284610F070FD4BE094F8880000F00700D2
:105DC000022838D1002128460FF0C1FCB4F8841015
:105DD00048434FEA202807EB0800B4F8821090FBF4
:105DE000F1F00FFA80F909FB06F00FFA80FB0021B1
:105DF00028460FF0FAFCA98A084458440FFA80FBA1
:105E000005A928460EF022FBABEB0A0000B2ADF864
:105E10001400BDF81400484400B2ADF81800BDF8F5
:105E20001400A0EB080000B2ADF8140005A9284644
:105E300010F031FD0CE094F8880000F00700032812
:105E400003D1284610F0EDFC02E0284610F0E9FCF2
:105E500000BF05E7014601F0030070B96420B1FB03
:105E6000F0F200FB121030B94FF4C870B1FBF0F241
:105E700000FB121008B9012070470020FCE7000069
:105E80002DE9F74F94B004460D46F249204610F034
:105E900036F910B117B0BDE8F08F2046FDF752FB80
:105EA00013902046FEF7E8F91290129808B1139863
:105EB00000B9EFE72046FDF735FB06462046FEF722
:105EC000CBF9074600BF00200390E3480288204634
:105ED00003990FF085FE02900298C0B2119000BFA6
:105EE00000200390DD480288204603990FF078FED9
:105EF00002900298C0B21090286830F916100F91E5
:105F0000296813983044401E31F81010AA6813987D
:105F10003044401E32F81000084400B20E90DDE913
:105F20000E01401A00B20D90686830F917100C91FC
:105F3000696812983844401E31F81010EA681298C7
:105F40003844401E32F81000084400B20B90DDE9DE
:105F50000B01401A00B20A90002120460FF09DF973
:105F6000012809D1119810B90220119004E011986C
:105F7000022801D10020119000BF208BA18A401A75
:105F8000401C00B2099000BF608BE18A401A401C9F
:105F900000B20890119830B1012818D0022827D0FB
:105FA000032808D000BF286830F916A0608C20F4C0
:105FB000806060842CE0286830F916A00D98099064
:105FC000608C20F4806000F58060608420E02968A7
:105FD00031F81630099A0D99881A00EBD07103EB4D
:105FE00061010FFA81FA608C20F4806060840FE018
:105FF000204610F01CF8296831F816200D9911443C
:10600000081A0FFA80FA608C20F48060608400BF68
:1060100000BF109830B1012818D0022827D00328DB
:1060200008D000BF686830F917B0608C20F40070A9
:1060300060842CE0686830F917B00A980890608C8A
:1060400020F4007000F50070608420E0696831F889
:106050001730089A0A99881A00EBD07103EB610196
:106060000FFA81FB608C20F4007060840FE0204602
:106070000EF042FA696831F817200A991144081A9B
:106080000FFA80FB608C20F40070608400BF00BFBA
:1060900020460FF0CCFF0999884205D120460EF02A
:1060A0002BFA089988422BD000BFA08AADF80800CF
:1060B000E08AADF80A00208BADF80C00608BADF8DB
:1060C0000E0000BF204610F0ACFB04F1140009994B
:1060D00001F057FC04F11400089901F04CFC204633
:1060E00010F09FFB02AA2921204607F0DDFF204681
:1060F0000EF052FA22462221019007F0D5FF00BF90
:106100000020039043F20C02204603990FF068FD33
:10611000029002980FFA80F800BF0020039043F22B
:106120000D02204603990FF05BFD029002980FFAD2
:1061300080F900BF20460FF07AFF079020460EF04E
:10614000DBF9069008F4C040B0F5005F01D10120F2
:1061500000E0002030B128F4C040B0F5FA6F01DC57
:10616000012000E0002090B128F4C040B0F57A7F13
:1061700004DD28F4C040C0F57A7001E028F4C04086
:1061800007994843642190FBF1F00FFA80F809F475
:10619000C040B0F5005F01D1012000E0002030B127
:1061A00029F4C040B0F5FA6F01DC012000E00020C6
:1061B00090B129F4C040B0F57A7F04DD29F4C040E5
:1061C000C0F57A7001E029F4C04006994843642183
:1061D00090FBF1F00FFA80F90AEB08000FFA80FA51
:1061E0000BEB09000FFA80FB169800895044A18A36
:1061F000401A00B205901698408900EB0B01E08A26
:10620000081A00B20490059808B90498F8B120461D
:1062100010F007FBA18A0598084400B2A082218BE8
:106220000598084401B22183E18A0498084401B228
:10623000E182618B0498084401B26183204610F02A
:10624000F0FA01232046DDE9042110F0C7FB00BF6E
:1062500020E6000001000600E8000020EE0000201B
:106260002DE9F04106460F461546002017F0A2FA28
:1062700004460DE039462046B047012804D105B157
:106280002C600120BDE8F081204617F093FA044607
:1062900024B1606820F040400028EBD10020F1E7F5
:1062A000F0B503460D461646002729460A2E03D0B0
:1062B000002008702846F0BD33B9302001F8010BEA
:1062C000002008702846F6E7002B03DA2D2001F89D
:1062D000010B5B4242F210720DE093FBF2F404B941
:1062E00037B104F1300001F8010B04FB1233012730
:1062F0000A2092FBF0F2002AEFDC0020087028460A
:10630000D9E730B5024614460B4620881D88A842BE
:1063100003D020881D88401B30BD60885D88401BED
:10632000FAE730B5024614460B4620781D78A8429D
:1063300003D020781D78401B30BD60785D78401B0D
:10634000FAE770B505460C462646686820F04040DE
:106350003168884204D12846FCF708FF012070BD4F
:106360000020FCE72DE9F0410546284607F035FE00
:106370000446284607F092FE074638460EF00CF910
:1063800006462A2C01D0292C09D1002138460BF0D1
:106390005FFB304617F064FF304619F0FDF8BDE8AA
:1063A000F08100002DE9F041044620460DF0ADFFDC
:1063B0000746002607E0A068006850F826502846E7
:1063C000FFF7F0FF761CBE42F5D394F8220000F0F0
:1063D000010008B9BDE8F081608C20F00100608404
:1063E000204610F0F8FD204610F084FCD7B10021C3
:1063F00020460FF074F805469DB10B4800688542B1
:106400000FD8681E0949096801EBC000D0F8048064
:10641000681E0649096851F83020414620469047D9
:1064200000BF00BF00BFD5E7B40000200C02002071
:106430002DE9F04F85B007468B4691461E460E9DCE
:10644000E86900FB0BF080120490E86900280DDD7C
:106450000498484516DD95F82800C0F3400018B1AF
:10646000012005B0BDE8F08F0020FAE70498484508
:1064700008DA95F82800C0F3400008B10120F0E7E1
:106480000020EEE70BEB0601E86948438012049018
:10649000E86900280BDD0498484514DA95F82800CF
:1064A000C0F3400008B10020DBE70120D9E70498E1
:1064B000484508DD95F82800C0F3400008B10020E9
:1064C000CFE70120CDE7E869002806DD4FEA092083
:1064D000A96948438012039006E009F10100000217
:1064E000A969484380120390039800120290039810
:1064F000C0B20190019810B94FF0FF0807E0019871
:10650000C0F1FF00696A4843FF21A1EB20280298EF
:10651000A0EB0B040198D8B1002C18DBB44216DABA
:106520000198C0F1FF00C8F1FF014843FF21A1EB32
:10653000602000F0FF0A95F82800C0F3400008B181
:10654000CAF1FF0A385D514616F0A1FE3855641CA9
:106550001BE0002C12DBB44210DAA88CA8EB600020
:1065600000F0FF0A95F82800C0F3400008B1CAF116
:10657000FF0A385D514616F08AFE3855686AA8EB66
:106580000008641CB44200DB02E0686A4045E0DBBE
:1065900000BFB4421DDA002C1BDBA86900FB08F029
:1065A00080120090009800FB08F0C0F3472AE869C9
:1065B000002801DACAF1FF0A95F82800C0F340006C
:1065C00008B1CAF1FF0A385D514616F060FE385531
:1065D00000BF95F82800C0F3400068B10298A0EB16
:1065E0000B04B44201DD00203BE7002C0FDB214609
:1065F00038460CF036F80AE0641C002C01DA002062
:106600002FE7B44203DC311B38190CF02AF80220C2
:1066100027E72DE9FF4F87B007468A461E46149D9F
:10662000A8690999484380120690A869002802DDEC
:106630000698401C0690069850450ADA95F82800FE
:10664000C0F3400018B101200BB0BDE8F08F00206E
:10665000FAE7A86909994843801206900AEB0601F7
:106660000698814208DA95F82800C0F3400008B186
:106670000020E9E70120E7E709980002A9694843FB
:106680008012059005984FEA202B0598C0B204901F
:106690000998401C0002A96948438012039003989E
:1066A000001202900398C0B20190ABEB0A0402986A
:1066B000834509D0A869002806DA049820B9FF208C
:1066C0000490DDF808B0641E0298834534D1002C94
:1066D00012DBB44210DA019904980844C0F3470869
:1066E00095F82800C0F3400008B1C8F1FF08385DF4
:1066F000414616F0CCFD3855641C95F82800C0F3CF
:10670000400060B1ABEB0A04B44201DB00209BE720
:10671000002C03DB214638460BF0A3FFC9E0B4424E
:1067200000DD34460CB900208EE7002CF6DD311B6D
:1067300038190BF096FFBCE0A86900285ADAE8691E
:106740004042049948434FEAA029002C12DBB4428E
:1067500010DA049809FB00F0C0F3472895F82800E8
:10676000C0F3400008B1C8F1FF08385D414616F09B
:106770008EFD3855641EC9F1FF00A969494248439E
:1067800080120090002C16DBB44214DAC9F1FF002D
:1067900000994843FF21A1EB602000F0FF0895F825
:1067A0002800C0F3400008B1C8F1FF08385D414639
:1067B00016F06DFD3855A41C95F82800C0F3400074
:1067C00068B1ABEB0A00441EB44201DD344610E070
:1067D000002C0EDD214638460BF043FF09E0B442A1
:1067E00001DD012030E7002C03DB311B38190BF0F1
:1067F00038FF5DE00498C0F1FF00E96948434FEAC3
:10680000A029002C17DBB44215DA0498C0F1FF0070
:1068100000FB09F0FF21A1EB602000F0FF0895F8D4
:106820002800C0F3400008B1C8F1FF08385D4146B8
:1068300016F02DFD3855641CC9F1FF00A9694843C5
:1068400080120090002C13DBB44211DAC9F1FF0072
:1068500000994843C0F3472895F82800C0F340004A
:1068600008B1C8F1FF08385D414616F010FD3855F3
:10687000641C95F82800C0F3400060B1ABEB0A043B
:10688000B44201DD0020DFE6002C10DB2146384653
:106890000BF0E7FE0BE0B44200DD34460CB90020FB
:1068A000D2E6002C03DD311B38190BF0DAFE00BFF5
:1068B00000BF0220C8E62DE9F843044627467D6A5A
:1068C000A84609F0ABFC0646C6B1304609F0FBFC11
:1068D000012804D0304609F0F6FC03280ED16946A1
:1068E000304609F0B5FCBDF902102846FCF738FF28
:1068F000A8F83A0020460FF094FF00BFBDE8F883E7
:106900002DE9FC470546A846D8F824703C4609F016
:1069100085FC8146484609F0D6FC04280ED1E08E5D
:10692000208738460DF0DEFD8246504608F0C4F957
:1069300018B10021504608F062FA00BF484609F03D
:10694000C2FC012804D0484609F0BDFC03280CD144
:106950006946484609F07CFCBDF902103846FCF750
:10696000FFFEE086E08E208700BF384606F02BFF52
:10697000A06A10B938460FF054FFE08E019001AACA
:106980001C21384607F090FB0646012E02D0304607
:10699000BDE8FC870120FBE72DE9F04105460E46E6
:1069A0004FF000081148EFF7B8FA044618E0214606
:1069B0000E48EFF7CAFA07462068A84200D075B91A
:1069C0006068B04200D056B921460848EFF724FB72
:1069D00020460BF02FFCF1F72DF84FF001083C4654
:1069E000002CE4D14046BDE8F0810000884500203D
:1069F00070B506460D460B48EFF78FFA04460DE0DA
:106A00002068B04205D16068A84200D00DB9204688
:106A100070BD21460348EFF798FA0446002CEFD1E9
:106A20000020F5E78845002010B5044640212046A7
:106A30000BF017FE4FF4FA70A0620020E0616420B2
:106A400060620120A0870548A06194F83E0020F014
:106A50000100401C84F83E0010BD0000E76A0108F8
:106A6000F8B504464FF48060009000231946D4E93D
:106A70000A200BF0FDFA06464FF480604FF46E7367
:106A8000322200210090304601F0F2F90746E16918
:106A9000606A401A00FB07F5AD12E069054428461C
:106AA000F8BDF8B504464FF4806000900023194605
:106AB000D4E90A200BF0DCFA06464FF4806040F27D
:106AC000B6334FF4617200210090304601F0D0F9E6
:106AD0000746E169606A401A00FB07F5AD12E069FC
:106AE00005442846F8BDF8B504464FF48060009090
:106AF00000231946D4E90A200BF0BAFA0646E169E8
:106B0000606A401A00FB06F5AD12E06905442846AC
:106B1000F8BD0146D1E90A20904201DB486A70477E
:106B2000C869FCE74A42C26270474A42C262704783
:106B300041607047416070474160704741607047F5
:106B40004160704741607047816170478161704763
:106B500041637047C1607047C1607047818770476B
:106B600081627047816270478162704781627047BD
:106B700081627047C161016242627047C161016216
:106B800042627047C161016242627047C161016245
:106B900042627047C161016242627047C161016235
:106BA0004262704701607047016070470160704742
:106BB0000160704730B503468D1A002D01DD8D1A36
:106BC00000E0551A2C464FF47A756543B5FBF3F097
:106BD00000B9401C30BD000070B50546686818B1AA
:106BE000D5E90001FFF7D8FE2148EFF709FA18B1FF
:106BF00015F00FF91F4908601D48EFF7C1F9044669
:106C000000BF1CB900BF00BF00BFFEE700BF0CB94A
:106C1000002070BD4022294620460BF094FB2868D6
:106C2000A84200D124601448017814F83E0F61F3A3
:106C30008200207014F83E0900F00100A0B1206924
:106C400050B12046216988470646E0693044E0613A
:106C5000606A3044606200BF606828B1206818B183
:106C6000D4E90002E1699047F0F7E4FE2046D0E75E
:106C700088450020000200200502002070B506466D
:106C80000C4625460020A884872068852D20A885ED
:106C90008720E88440002885A88E20F00600A8867A
:106CA0004FF40040E885A88E20F008000830A88640
:106CB0000020288664206886A88E20F00100A8861F
:106CC0004FF43470E88615F0A4F8A863288D00B25C
:106CD000A887022120460CF0AFF84FF440712046FF
:106CE0000CF0C6FD0D21204610F09EFE70BD000088
:106CF0002DE9F04FABB08346584607F0CFF98246F6
:106D00005446584607F071F92A9028AA29A95046F6
:106D1000FCF7AFFB16A82A990DF08EF8BDF9A0007C
:106D2000002831DD12A803F0A7FD12AA0021504669
:106D30000FF02CFA00202390634817900020189041
:106D400029A81F90BDF9A000ADF8940012A81E90CC
:106D500016AA1A21504607F0A7F9A08DA18C084465
:106D600080B2618DA28C114489B2CDE90010BDF8CA
:106D7000940083B229AA12A92A9803F05FFD16AAEB
:106D80001B21504607F090F94FF4003150460EF0A9
:106D900046FD06464FF4003150460EF0E9FD074629
:106DA0004FF4003150460EF0A6FE80464FF40031FD
:106DB00050460EF057FC0546BE4201DD304600E06D
:106DC0003846A84501DD414600E02946884205DDF8
:106DD000BE4201DD304606E0384604E0A84501DD4C
:106DE000404600E02846BDF8A010081A0FFA80F9C6
:106DF000B9F1000F3BDD12A803F03EFD12AA4FF4DB
:106E0000003150460FF0C2F94FF4003023902E4865
:106E100017900120189029A81F90ADF8949012A8FF
:106E20001E9016AA1A21504607F03EF9BDF94A00F5
:106E3000BDF99410884203DDBDF89400ADF84A0016
:106E4000208DA18C084480B2E18CA28C114489B2BF
:106E5000CDE90010BDF8940083B229AA12A92A989E
:106E600003F0ECFC16AA1B21504607F01DF910ABED
:106E7000BDF9A02029A95046FCF7E0FD02A805F0C5
:106E800073FB02AA4FF4403150460FF01BFB4FF446
:106E9000403023900C4817900220189010A81990A9
:106EA00002A81A9016AA1A21504607F0FDF810AA57
:106EB00002A92A9805F03CFB16AA1B21504607F0B0
:106EC000F3F82BB0BDE8F08FDCF204082DE9F34FA6
:106ED0008DB0F9480E990DF0D5F90C900C98012859
:106EE00002D00FB0BDE8F08F0E9807F076F8064696
:106EF0000E9807F0D3F80B900E9807F0CFF80446E1
:106F0000022E7CD109F08AF90A900A9800B9E8E7C4
:106F10000A9809F0D8F909900998012800D0E0E70B
:106F200008A90A9809F094F906AA07A90B98FCF792
:106F3000A0FABDF82000BDF81C10401A00B2ADF850
:106F40002000BDF82200BDF81E10401A00B2ADF8B6
:106F5000220094F8340000F00100002849D14FF4D9
:106F600000310B980EF072F90190BDF818100198DD
:106F7000081A00B206904FF480310B980FF0B4F865
:106F800030B1BDF818100198081A00B2069015E04B
:106F9000BDF91810CA1701EB92729310019A93422F
:106FA00006DDBDF91800C21700EB9272921000E0E6
:106FB000019ABDF818309A1A12B20692BDF918005B
:106FC000012801DA01200690BDF920004043BDF9F7
:106FD000221001FB0101BDF918004043814207DD89
:106FE000A08E20F00100401CA08614F012FFA063C8
:106FF00000BF94F8340000F0010008B971E7B9E06F
:10700000BDF8200018B9BDF8220000B969E7A08DCD
:107010000FFA80FAA08D618D884204DAA08D00F508
:10702000B4700FFA80FABDF92010BDF9220000F00B
:10703000AEFC05B2A08C281A05B2608D281A05B2E4
:10704000002D02DA05F5B47005B2608DAAEB0000E0
:107050000FFA80FBA08F618D401A00B20590059851
:10706000281A07B2002F01DD384600E07842B0F55B
:107070008C7F08DD94F83400C0F3C00008B100250F
:1070800010E05D460EE00BEBDB71B5EB610F05DA4E
:10709000A08E20F008000830A08603E0A08E20F02B
:1070A0000800A0860598281A07B2A06B14F0A4FE69
:1070B0000490E18E049841434FF47A70B1FBF0F0F4
:1070C0000FFA80F94F4501DD4F4606E0C9F1000097
:1070D000874202DAC9F1000007B20598384405B2C8
:1070E000B4F93200B4F93010401A618DAAEB0101F5
:1070F000C90091FBF0F003900398001D001103906C
:107100000398284405B2608D284405B2B4F92E00D6
:107110000290B4F932000090B4F93030618D5246DB
:1071200028460AF0A5FF0FFA80F80B9800F04AF9FC
:10713000404513D014F06DFEA06341460B9800F05B
:107140007AFA0298804509D000221C210B9806F09B
:10715000ABFF0C900C98012800D0C2E6B4F93000C7
:10716000404503D0B4F93200404502D114F051FE3D
:10717000A06325E1082E01D0032E19D1A08E20F0A6
:107180000100A0860B980DF0ADF98046404607F04F
:1071900093FD054609F042F8814609F094F8074648
:1071A000042F04D11DB10021404607F028FE07E15D
:1071B0000D2E31D10E9806F06EFF0578B4F92E70C1
:1071C000132D01D0112D0AD10B9800F0FBF8401CB3
:1071D0000FFA80F841460B9800F02DFA0DE0142DBF
:1071E00001D0122D09D10B9800F0ECF8401E0FFAD7
:1071F00080F841460B9800F01EFAB4F92E00B84210
:1072000009D000221C210B9806F04EFF0C900C9820
:10721000012800D065E6D3E0112E4FD10E9806F07C
:107220003AFF074609AA0AA90B98FCF722F900259C
:107230000B98806818B10B988068B0F91450002141
:107240000B980EF003F8804608EB0500BDF82410FB
:10725000081A00B20990BDF82A00BDF824100844AD
:1072600000B20090BDF82800084403B2BDF82A001F
:10727000401A02B2BDF82800401A01B207A800F077
:1072800073FB47F6FF7207A83968EDF706FC10B1EB
:107290000020387125E608EB450002B208EB4500F6
:1072A00001B207A800F03EFB47F6FF7207A8396855
:1072B000EDF7F3FB387183E0DCF20408132E7AD18A
:1072C00000210B980EF0ABFA0A9000210B980EF0FB
:1072D0004FFB099000210B980EF00DFC0890002147
:1072E0000B980EF0BFF90790DDE90910884201DD27
:1072F0000A9A00E0099ADDE90710884201DD089842
:1073000000E00798824207DDDDE90910884201DDCF
:107310000A9808E0099806E0DDE90710884201DDD7
:10732000089800E0079806904FF440310B980EF053
:1073300076FA80464FF440310B980EF019FB8146E7
:107340004FF440310B980EF0D6FB82464FF440319B
:107350000B980EF087F90746C84501DD404600E06E
:107360004846BA4501DD514600E03946884205DD10
:10737000C84501DD404606E0484604E0BA4501DD67
:10738000504600E03846801C0FFA80FB0E9806F04D
:1073900082FE0546B5F900100698ABEB000081426D
:1073A00003DDB5F9000003E005E00698ABEB000053
:1073B00000B2288004E0152E02D10E98FFF798FC49
:1073C00000BF8EE5014600BF00BFB1F92E00704737
:1073D00070B505460E4614462146284600F094F83E
:1073E0003146284600F0E1F870BD70B505460E46FE
:1073F00014462146284600F005F83146284600F09C
:1074000042F870BD2DE9F04180460F4600BF00BF35
:107410004646B7F5B47F02DDA7F5B47087B2B08DEC
:10742000718D401A04B2708D381A05B2002C02DA40
:1074300004F5B47004B2002D02DA05F5B47005B29B
:10744000281B002801DD281B00E0601BB42803DD99
:1074500040460FF0E6F910E0A54206DAB28D0023AF
:1074600039464046FEF7F0FA07E0AC4205DAB18D46
:1074700000233A464046FEF7E7FAB78540461BF040
:10748000FDFEBDE8F0812DE9F04180460F4600BFCA
:1074900000BF4646B7F5B47F02DDA7F5B47087B2EA
:1074A000B08D718D401A04B2B08DC01B05B2002C96
:1074B00002DA04F5B47004B2002D02DA05F5B470F6
:1074C00005B2281B002801DD281B00E0601BB42842
:1074D00003DD40460FF0A5F910E0A54206DA718DF4
:1074E00000233A464046FEF7AFFA07E0AC4205DA21
:1074F000728D002339464046FEF7A6FA778540464E
:107500001BF0BCFEBDE8F0812DE9F04180460F463E
:1075100000BF00BF4646B7F5B47F02DDA7F5B470E3
:1075200087B2308DF18C401A04B2F08C381A05B253
:10753000002C02DA04F5B47004B2002D02DA05F56D
:10754000B47005B2281B002801DD281B00E0601B79
:10755000B42803DD40460FF064F912E0A54207DAD3
:10756000328D4FF4003339464046FEF76DFA08E09D
:10757000AC4206DA318D4FF400333A464046FEF70E
:1075800063FA4046FEF7C6FA37854046FEF7C2FA70
:10759000BDE8F08170B504460D4600BF00BF264629
:1075A000B58420460FF03DF970BD2DE9F0418046CD
:1075B0000F4600BF00BF4646B7F5B47F02DDA7F512
:1075C000B47087B2308DF18C401A04B2308DC01B7C
:1075D00005B2002C02DA04F5B47004B2002D02DA10
:1075E00005F5B47005B2281B002801DD281B00E05A
:1075F000601BB42803DD40460FF013F912E0A542EA
:1076000007DAF18C4FF400333A464046FEF71CFA95
:1076100008E0AC4206DAF28C4FF4003339464046BB
:10762000FEF712FA4046FEF775FAF7844046FEF779
:1076300071FABDE8F0812DE9F04107460D4600BF23
:1076400000BF3C46B4F92E00A84201D1BDE8F0814C
:10765000B4F93200A84202DAB4F9320000E0284658
:107660000646B4F93000B04202DDB4F9300000E063
:1076700030460646B4F92E00B04200D1E6E7E68572
:1076800038461BF0FBFD00BFE0E70A8802804A880D
:1076900042808A888280CA88C28070470A880280B5
:1076A0004A8842808A888280CA88C28070470A8855
:1076B00002804A8842808A888280CA88C280704755
:1076C0000A8802804A8842808A888280CA88C2806A
:1076D00070470A8802804A8842808A888280CA88E5
:1076E000C28070470A8802804A8842808A888280E5
:1076F000CA88C28070470A8802804A8842808A8885
:107700008280CA88C28070470A8802804A88428084
:107710008A888280CA88C28070470A8802804A8824
:1077200042808A888280CA88C28070470A88028024
:107730004A8842808A888280CA88C28070470A88C4
:1077400002804A8842808A888280CA88C2807047C4
:107750000146C8884A88801A401C00B2704701461A
:10776000C8884A88801A401C00B270470146C88801
:107770004A88801A401C00B270470146C8884A886F
:10778000801A401C00B270470146C8884A88801A97
:10779000401C00B270470146C8884A88801A401CC5
:1077A00000B270470146C8884A88801A401C00B25F
:1077B00070470146C8884A88801A401C00B270474A
:1077C0000146C8884A88801A401C00B270470146AA
:1077D000C8884A88801A401C00B270470146C88891
:1077E0004A88801A401C00B270470146C8884A88FF
:1077F000801A401C00B270470146C8884A88801A27
:10780000401C00B270470146C8884A88801A401C54
:1078100000B2704710B50146B1F90420B1F900304B
:10782000D21A521CB1F90630B1F902401B1B5B1C85
:1078300002FB03F010BD014688880A88801A401CAC
:1078400000B27047014688880A88801A401C00B23E
:107850007047014688880A88801A401C00B2704729
:10786000014688880A88801A401C00B27047014689
:1078700088880A88801A401C00B2704701468888B0
:107880000A88801A401C00B27047014688880A881E
:10789000801A401C00B27047014688880A88801A06
:1078A000401C00B27047014688880A88801A401C34
:1078B00000B27047014688880A88801A401C00B2CE
:1078C0007047014688880A88801A401C00B27047B9
:1078D000014688880A88801A401C00B27047014619
:1078E00088880A88801A401C00B270470146888840
:1078F0000A88801A401C00B27047014688880A88AE
:10790000801A401C00B27047014688880A88801A95
:10791000401C00B27047014688880A88801A401CC3
:1079200000B2704703885B1A1BB2038083880B4444
:107930001BB2838043889B1A1BB24380C3881344C5
:107940001BB2C380704703880B441BB2038083883B
:107950000B441BB28380438813441BB24380C3880B
:1079600013441BB2C380704710B5029C0180428053
:107970008380C48010BD42880A44521E12B2C28065
:10798000704702880A44521E12B282807047F0B5D6
:1079900006460D460024002E02DA601CC4B2764270
:1079A0003746002D02DAA01CC4B26D42AC466745D2
:1079B00009D9CCEB0C1000EB4000B0FBF7F304F15D
:1079C0001000C4B205E0C7EB071000EB4000B0FBAD
:1079D000FCF30022D9B2162910DD2C2901DC501C41
:1079E000C2B2292901DC501CC2B2252901DC501C7D
:1079F000C2B2202912DC501CC2B20FE0022901DB06
:107A0000501CC2B2062901DB501CC2B20A2901DB9C
:107A1000501CC2B20F2901DB501CC2B2134404F047
:107A2000100008B1C3F15A0304F0020038B104F0A9
:107A3000010008B1B43307E0C3F1B40304E004F07B
:107A4000010008B1C3F5B47398B2F0BD70B5044637
:107A50000D462646F56030680EF0E3FE70BD2DE958
:107A6000F0410646346827683D464FF0FF30E0603D
:107A700005F13C00844202D1A068686205E005F18E
:107A80004C00844201D1A068286320680EF0C9FE32
:107A9000BDE8F08170B506460C4625460020A86278
:107AA0006420E862002028636862A8860021298794
:107AB000E986698785F85C0005F13C01204600F005
:107AC000D8F805F14C01204600F0D3F808212046F3
:107AD0000BF0CEFE102120460BF0CAFE002211460C
:107AE000204600F046F970BD70B5044600BF00BFE7
:107AF000214604480BF00DFE054628460BF07EFE9D
:107B0000284670BDF8F2040870B506460C462546B6
:107B1000002105F13C00FEF73FFF002105F14C007C
:107B2000FEF73AFF70BD00002DE9F34F83B03C48EB
:107B300004990CF0A7FB02900298012802D005B02E
:107B4000BDE8F08F049806F048FA0546049806F060
:107B5000A5FA0646132D50D14FF4003130460BF0F4
:107B60000EFD0190049806F096FA0446B4F9001050
:107B70000198814202DDB4F9000000E00198208004
:107B8000002130460DF058FE8046002130460DF0B1
:107B9000FCFE8146002130460DF0BAFF82460021EE
:107BA00030460DF06CFD0746C84501DA404600E05E
:107BB0004846BA4501DA514600E03946884205DABE
:107BC000C84501DA404606E0484604E0BA4501DA15
:107BD000504600E038468346BBF1000F0CDAB4F99A
:107BE0000000CBF10001884202DDB4F9000001E0A1
:107BF000CBF1000000B220800FE0012D01D0082D54
:107C000006D1344604F1340130460EF044FE04E05F
:107C1000152D02D10498F4F7C5F800BF8FE70000D6
:107C2000F8F20408014600BF00BF0A4692F85C0063
:107C300000F003007047024600BF00BF114691F8F4
:107C40005C0000F00300022801D0886A7047886D4C
:107C5000401C08B1486DF9E7086BF7E7024600BF22
:107C600000BF1146886C401C08B1486C7047486AD8
:107C7000FCE7086000224A608A60521ECA607047B2
:107C800070B505460E4600BF00BF2C4684F85C6008
:107C900094F85C0000F00300022801D0A06A206381
:107CA00028460EF0BEFD70BD2DE9F04107460D4699
:107CB000164600BF00BF3C46A06AA84204D1E06A55
:107CC000B04201D1BDE8F081E662A5623846FFF717
:107CD000A9FF022800D02563606AB04205DD666214
:107CE00000223846616A00F044F8606AA84205DA6A
:107CF000656200223846616A00F03BF838460EF0B3
:107D000090FD00BFDEE7F8B506460D46174600BFFA
:107D100000BF344694F85C0000F00300022800D055
:107D2000F8BDD4E90A10A84201DD284600E0E06A67
:107D3000814201DDA06A05E0E06AA84201DD284633
:107D400000E0E06A0546606AA84201DA606A00E085
:107D500028460546206BA84200D1E1E704F14C0318
:107D600004F1300229463046009700F035F800BF94
:107D7000D6E7F8B506460D46174600BF00BF3446A5
:107D8000606AA84200D1F8BDD4E90A10A84201DD1A
:107D9000284600E0E06A814201DDA06A05E0E06A71
:107DA000A84201DD284600E0E06A0546206BA842B3
:107DB00001DD206B00E028460546606AA84200D13C
:107DC000E1E704F13C0304F1240229463046009720
:107DD00000F002F800BFD6E72DE9F04792B0074661
:107DE0000D4616461C46DDF86890B9F1000F04D127
:107DF000356038460EF015FD33E0E068401C18B9D8
:107E000030686060A56002E0A0686060A5603560D1
:107E100000212046FEF7C0FD02A8FEF705FE00BFC8
:107E2000029400BF1048039000BF00204FF48071FF
:107E300009900A900B9100BF0C48059000BF4FF0CD
:107E4000000A6522514638460DF0CAFE0190DDF861
:107E5000048000BFCDF8308000BF02A8FEF7BCFE52
:107E600000BF12B0BDE8F0874D7A01085F7A0108C3
:107E70002DE9F04F04460D46C4F5806101FB01F089
:107E8000860A06FB01F04FEA902C04FB04F0870AF7
:107E900007FB04F04FEA90280CFB05F04FEA90290D
:107EA00006EB4600604350434FEA105A01EB410095
:107EB000784358434FEA105B099808FB00F04FEAFB
:107EC000902E09EB0A0058447044BDE8F08F70B55D
:107ED00005460C46102120460BF0CAFC4FF4806189
:107EE00020460AF0A9FF70BD70B5044600BF00BF70
:107EF000214604480BF00DFC054628460BF07EFC9D
:107F0000284670BD14F304082DE9F04107460C46DD
:107F1000164600BF00BF3D46288EA04201DCBDE8EA
:107F2000F081E86A30F81400B043E96A21F81400DF
:107F300021463846FDF701FE06F4007010B13846C0
:107F40000FF0ECF900BFEAE72DE9F04105460E46D7
:107F500000BF00BF2F46002406E0324621462846D7
:107F6000FFF7D2FF601C84B2388EA042F5DCBDE87A
:107F7000F081000070B506460C4625460020288694
:107F800068864FF6FF70A8860020A862E8626862E3
:107F900085F836000249204600F022FC70BD000042
:107FA0006002002070B5044600BF00BF21460448AF
:107FB0000BF0AFFB054628460BF020FC284670BDB1
:107FC00030F3040870B506460C462546A86A0AF048
:107FD00031F9E86A0AF02EF90020A862E86270BD63
:107FE0002DE9F34F83B0FB4804990CF04BF9074699
:107FF000012F02D005B0BDE8F08F049805F0EDFF29
:108000000546049806F04AF880464446132D18D1D8
:10801000049806F040F806464046FCF78BFB68B132
:10802000608E002806DD40460CF0D2F9618E90FB90
:10803000F1F000E0002000B2308001E0002030804C
:1080400000BF2A2D04D14046616A00F0C9FB29E334
:10805000292D04D14046616A00F0C2FB22E3012DC4
:1080600060D1049806F017F88246A18E4046FDF7CD
:1080700064FD08F0D3F8064608F025F98146B9F109
:10808000010F02D0B9F1030F1ED102A9504608F02A
:10809000DFF802A94046FBF7DBF806464FF6FF7013
:1080A000864210D0E16A31F81600F0F78EF850B928
:1080B000E16A31F81600F0F784F820B9A686A18E9F
:1080C0004046FDF73AFD00BFA08E4FF6FF71884293
:1080D00027D0A28EE16A31F81200F0F76EF800BBEB
:1080E000A28EE16A31F81200F0F773F8C8B9A28ED7
:1080F000E16A31F81200F0F768F890B9A28EE16AEF
:1081000031F81200F0F75DF858B9A08E019001AA7D
:108110001C21404605F0C8FF0746012F00D069E743
:1081200000BFBFE2022D59D1049805F0B4FF82468A
:108130004FF6FF7608F072F88346584608F0C3F809
:108140008146B9F1040F02D0B9F1020F00D151E715
:1081500002A9584608F07CF802A94046FBF778F8D7
:108160000646A08EB04238D0A08E4FF6FF718842EE
:1081700003D0A18E4046FDF7E0FCA686504608F0ED
:10818000A5F94FF6FF70864227D0E16A31F8160054
:10819000F0F71BF808BBE16A31F81600F0F711F8A8
:1081A000D8B931464046FDF7C8FCE16A31F81600FF
:1081B000F0F703F888B9A28EE16A31F81200F0F7FF
:1081C00008F850B9019601AA1C21404605F06CFF41
:1081D0000746012F00D00DE700BF63E2082D69D1EB
:1081E000A08E4FF6FF7188425FD0A28EE16A31F80F
:1081F0001200EFF7DAFF80B3A28EE16A31F81200C5
:10820000EFF7E3FF48BBA28EE16A31F81200EFF707
:10821000C8FF78B194F8360000F0010050B9A18E83
:10822000E06A30F8110020F08000A28EE16A21F8A7
:10823000120009E0A18EE06A30F8110040F08000E1
:10824000A28EE16A21F8120094F8360000F00100D5
:1082500018B1A18E404614F035FDA28EE16A31F8C6
:108260001200EFF7AAFF30B9A28EE16A31F81200CE
:10827000EFF7AFFFC8B1A28EE16A31F81200EFF755
:10828000A4FF90B9A28EE16A31F81200EFF799FFCE
:1082900058B9A08E019001AA1C21404605F004FFA8
:1082A0000746012F00D0A5E600BFA18E4046FDF78E
:1082B00044FCF7E1062D28D1A08E4FF6FF718842CD
:1082C0008BD0A28EE16A31F81200EFF78AFF002806
:1082D000EFD1A28EE16A31F81200EFF776FF0028A5
:1082E000E7D1A28EE16A31F81200EFF76AFF0028A9
:1082F000DFD1A08E019001AA1C21404605F0D4FEDA
:108300000746012F00D075E6CCE1032D07D1A18EE1
:108310004046FDF712FC4FF6FF70A086C2E10E2D1D
:108320005ED1049805F0B7FE8246504607F0CBFFB9
:108330008346BAF1000F07D1002007F075FF82468F
:10834000504607F0C0FF834640460CF0CBF8064687
:1083500006F0B2FC8146A08E4FF6FF7188423ED1F6
:10836000BBF1020F05D0BBF1040F35D1B9F1000FFD
:1083700032D0002694F8360000F00100B8B100E0D9
:10838000761CE16A31F81600EFF71BFF0028F7D1E1
:10839000E16A31F81600EFF718FF0028F0D1E16A22
:1083A00031F81600EFF705FF0028E9D00FE000E0F4
:1083B000761CE16A31F81600EFF703FF0028F7D1C9
:1083C000E16A31F81600EFF700FF0028F0D1A68629
:1083D00005E0000030F304084FF6FF70A08661E16D
:1083E0000F2D01D0102D0CD1A08E4FF6FF718842B9
:1083F00003D0A18E4046FDF7A0FB4FF6FF70A0868C
:1084000050E10D2D79D1A18E4046FDF796FB0498E1
:1084100005F041FE90F80090B9F1130F2BD1A08E1A
:108420004FF6FF71884202D10020A08602E0A08EA4
:10843000401CA086A08E218E884201DB0020A086F1
:1084400008E0A08E401CA086A08E218E884201DB11
:108450000020A086A28EE16A31F81200EFF7B1FE8B
:108460000028EED1A28EE16A31F81200EFF7ADFEDE
:108470000028E6D10CE1B9F1140F2ED1A08E4FF6F1
:10848000FF71884201D10020A086A08E18B9208EED
:10849000401EA08605E0A08E002802DDA08E401EB2
:1084A000A08609E0A08E002803DDA08E401EA086D5
:1084B00002E0208E401EA086A28EE16A31F81200F2
:1084C000EFF77FFE0028EDD1A28EE16A31F81200AD
:1084D000EFF77BFE0028E5D1DAE0B9F1120F6AD19F
:1084E000002140460DF040F98346A08E4FF6FF7103
:1084F00088421DD10020A08609E0CEE0A08E401C5D
:10850000A086A08E218E884201DB0020A086A28E4C
:10851000E16A31F81200EFF754FE0028EED1A28E86
:10852000E16A31F81200EFF750FE0028E6D141E091
:10853000A28EA16A01EBC200FFF7DFF9A28EA16A49
:1085400031F8321001EB60000FFA80FAA68E28E0B5
:10855000A06A00EBC600B0F90200A28EA16A01EB8E
:10856000C201B1F90210884219DDA06A30F9360063
:10857000504514DCA06A00EBC600B0F90400584472
:1085800050450CDBE16A31F81600EFF71EFE30B9FA
:10859000E16A31F81600EFF714FE00B904E0701C30
:1085A00086B2208EB042D3DC00BF208EB04200DD08
:1085B000A68600BF6CE0B9F1110F69D100214046D9
:1085C0000DF0D2F88346A08E4FF6FF7188421CD181
:1085D0000020A08608E0A08E401CA086A08E218EE0
:1085E000884201DB0020A086A28EE16A31F81200E9
:1085F000EFF7E7FD0028EED1A28EE16A31F8120014
:10860000EFF7E3FD0028E6D141E0A28EA16A01EB7D
:10861000C200FFF772F9A28EA16A31F8321001EBA5
:1086200060000FFA80FAA08E06B229E0A06A00EB83
:10863000C600B0F90200A28EA16A01EBC201B1F935
:10864000021088421ADAA06A30F93600A0EB0B005B
:10865000504513DCA06A00EBC600B0F90400504599
:108660000CDBE16A31F81600EFF7AFFD30B9E16AD3
:1086700031F81600EFF7A5FD00B903E0701E06B251
:10868000002ED3DA00BF002E00DBA68600BF00BF9D
:10869000A18E4046FDF751FA04E0152D02D1049851
:1086A000F4F782FE00BFA5E42DE9F04180460E46B6
:1086B00000BF00BF4FF6FF70864202D10020BDE828
:1086C000F0814446208EB04201DA0020F7E7002511
:1086D00000270CE0781C87B2681C85B2616A51F8EB
:1086E000250008A1E7F75BFE08B9681C85B2B74210
:1086F000F0D1208EB84201D10020E0E7606A50F846
:108700002500DCE70A000000014600BF00BF0A4662
:10871000908E704710B5034600BF00BF1C46208EE8
:10872000884201DC002010BDE06A30F811001040E2
:10873000904201D10120F6E70020F4E72DE9F04155
:1087400007460D46164600BF00BF3C46208EA84295
:1087500001DCBDE8F08194F8360000F0010030B192
:1087600006F0800018B180213846FFF7EDFBE06A83
:1087700030F815003043E16A21F8150029463846E3
:10878000FDF7DBF906F4007010B138460EF0C6FDB7
:1087900000BFDEE72DE9F04105460E4600BF00BFF1
:1087A0002F46002406E0324621462846FFF7C6FF42
:1087B000601C84B2388EA042F5DCBDE8F08170B553
:1087C00004460E4600BF00BF2546298E4A003146AA
:1087D000E86A09F0B8FD2046696A00F001F870BD4A
:1087E0002DE9F34F91B0804600BF00BF129810B939
:1087F00013B0BDE8F08F444640461299EEF752FFA1
:10880000129E6662002541F26A42294620460DF01A
:10881000E7F908900898C0B21090002140460DF08A
:1088200018F80F90002140460DF07FF90E900021BE
:1088300040460DF012F90D90002140460CF094FFD7
:10884000834640460BF0E3FD0C9040460BF0C0FD24
:108850000B90628E521E0D990B9801FB120000B214
:108860000A90002009908146129E0027A1E0002076
:10887000089000250CE009EB0502E16A31F81200CE
:10888000FAF7E4FD0899084480B20890681C85B2A4
:1088900056F8250050B156F825004CA1E7F77FFDAA
:1088A00020B156F8250000780028E4D11DB9681CD5
:1088B00006EB80067CE00A987843618EB0FBF1F10C
:1088C0000E9801440D9807FB001000B20790791C28
:1088D0000A984843618EB0FBF1F10E9801440D985F
:1088E00007FB0010401E00B20690691E0C980BFB9F
:1088F000110000B205900598002801DA00200590CB
:108900000020049082464DE0E16A31F81900FAF740
:108910009DFD0390DDE9041048430899B0FBF1F098
:108920000AFB0B0000B20290DDE903100844059930
:1089300048430899B0FBF1F00AFB0B00401E00B25F
:108940000190109801280ED102980199029101908E
:10895000029A0C99891A09B202910C990198091A84
:1089600009B2019100BF0F990298084400B2029029
:108970000F990198084400B2019006980090A16AEE
:1089800001EBC900DDE90131079AFEF7EDFFDDE9F2
:108990000310084404900AF1010A09F10109099839
:1089A000401C0990AA45AFD3681C06EB800600BFA7
:1089B0007F1C608EB8423FF65AAF40460EF0AEFCC8
:1089C00040460DF02EFF00BF12E700000A00000035
:1089D00070B504460D4600BF00BF264686F83650E7
:1089E0000021204614F06EF970BD70B506460C46A5
:1089F00000BF00BF3546288EA04204DC4FF6FF7052
:108A0000844200D070BDA98E3046FDF796F8AC8642
:108A100021463046FDF791F800BFF3E72DE9F04716
:108A200081460D462C4640F2E470208501212A2023
:108A300001552B20015540F2E470A0852E200155F0
:108A40002F20015500202063A086A82104F58C70FA
:108A500009F007FE0027002626E06EB1701CC11742
:108A600000EB5171C910A0EBC10129B931A104F18A
:108A7000380040F8261015E0082E07DA2E4850F886
:108A8000261004F1380040F826100BE0782104F598
:108A90008C7000F8271000EB8701E03840F82610B2
:108AA000781CC7B2701CC6B2382ED6DB23A1C4F81E
:108AB00014112846FFF776FA606204F13801606A03
:108AC000FFF78EFE4FF48871606AFFF763FE0023A4
:108AD0001A221B49606A0AF067F96420002804DA48
:108AE000C0F57A7141F4005101E040F400510FFAF1
:108AF00081F84146606A0FF05DFB012128460EF0C7
:108B0000BFFF0121606A0EF0CDFF94F92E20A18DE8
:108B1000284600F01FF894F92B3094F92A20218D73
:108B2000284600F0D9F84FF48041606A0AF084F9D1
:108B3000BDE8F0870A0000002001002000000000CE
:108B4000F1E90008014600BF00BF0A4602F12C000F
:108B5000704700002DE9F74F82B0064600BF00BF06
:108B600034460398A085049841B22E200155012176
:108B70002F200155A08DADF804002E20005D8DF84A
:108B800006002F20005D8DF807002021606AFFF7A6
:108B9000DBF9002506E020222946606AFFF7CEFDBA
:108BA000681CC5B2072DF6DB9DF90610BDF8040060
:108BB000FBF7B4F881469DF90610BDF804000122C8
:108BC000FAF7D0FC07463D464FF001080EE004F5E9
:108BD0008C7101EB850043463EA2042110F0A4FFF6
:108BE000681CC5B208F1010000F0FF0809EB07009E
:108BF000A842ECDC9DF90620511EBDF80400FBF7ED
:108C00008DF882460025AAEB0700401C00F0FF0803
:108C100013E004F58C7101EB850043462DA204217D
:108C200010F082FF2022E91D606AFFF787FD681CB3
:108C3000C5B208F1010000F0FF08BD42E9DB07EB17
:108C40000900C5B24FF0010813E004F58C7101EB87
:108C5000850043461FA2042110F066FF2022E91D73
:108C6000606AFFF76BFD681CC5B208F1010000F0F7
:108C7000FF082A2DE9DB3046FBF7AEFD606AFFF7FF
:108C800043FD4FF6FF71884203D0F91D606AFFF77C
:108C9000ACFE30460DF0C5FD30460BF036FB83468A
:108CA000002511E0294630460BF011FB0090616A67
:108CB0000098814200D105E032461C21009805F061
:108CC000F3F900BF681CC5B25D45EBD305B0BDE844
:108CD000F08F0000256400002DE9F04104460E46A7
:108CE0001746984600BF00BF25462E8579B22C4610
:108CF0002A2041554FFA88F12B2041552046FBF799
:108D00006BFDBDE8F08170B506460C462546102186
:108D100005F12400EDF72CF9102105F13000EDF7F5
:108D200027F90020A5F86C00A5F8740000216E203A
:108D30004153762041536420A5F87000A5F87800CF
:108D40006421722041537A20415303207C3568808E
:108D50000520A8800A20E88047F6FF702880287B3D
:108D600020F00700401C2873287B20F0080028739F
:108D70004FF48070288168817C3D70BD2DE9F04101
:108D800080460E46344613E004F12400EDF7C5F8A2
:108D90000546287BC0F3800010B9686809F04AFADC
:108DA000294604F12400EDF737F9284609F042FA84
:108DB000A06A0028E8D104F12400EDF796F80CE051
:108DC00004F13000EDF7A9F80746394604F1300008
:108DD000EDF722F9384609F02DFA606B0028EFD143
:108DE00004F13000EDF781F8BDE8F0812DE9F84F8E
:108DF000884641466F480BF045FA8146B9F1010FAC
:108E000001D0BDE8F88F404605F0E7F8054640463A
:108E100005F044F906463446012D2FD107F0FEF93E
:108E200083466946584607F013FABDF80000B18A38
:108E3000401A00B2ADF8000030460BF053FCBDF80C
:108E4000001008440FFA80FA51463046FAF7EAFC5F
:108E50000746B4F87C00B8420FD0B9B23046FCF7F0
:108E6000F5FEB4F87C103046FCF7F0FEA4F87C70F8
:108E700000221C21304605F017F998E0082D09D191
:108E8000B4F87C103046FCF7E1FE47F6FF70A4F81A
:108E90007C008CE0292D03D130460EF06EFA86E07E
:108EA000132D33D1B4F94020B4F94C00824202DDD5
:108EB000B4F9400001E0B4F94C00B4F95830B4F909
:108EC0006420934202DDB4F9582001E0B4F9642033
:108ED00090420BDDB4F94020B4F94C00824202DD2F
:108EE000B4F940000DE0B4F94C000AE0B4F95820A0
:108EF000B4F96400824202DDB4F9580001E0B4F92B
:108F000064000146404605F005F950E02C2D16D1CD
:108F1000404605F0C0F8074630460BF078FAB4F842
:108F200084104843001200B2388030460BF050FAEB
:108F3000B4F886104843001200B2788037E0152D4F
:108F400035D1404605F051F8074639463046F2F72C
:108F5000F7FA39463046F0F7D9FD04F12400EDF771
:108F60004FF8F8B994F8880000F00700012804D100
:108F700039463046F6F73AFC14E094F8880000F0E1
:108F80000700022804D139463046F6F7E9FA09E02D
:108F900094F8880000F00700032803D139463046D2
:108FA000F6F7BAFE39463046F2F7BAF800BF00BF0E
:108FB00027E70000483B03082DE9F04F87B08146C2
:108FC0000E4617461D4600BFB9F1000F03D100BF82
:108FD00000BF00BFFEE700BF00BF1EB900BF00BF5B
:108FE00000BFFEE700BF00BF00BF4C46B4F88200E0
:108FF000B84207DC00BF00BF00202880688007B0AF
:10900000BDE8F08F48460BF002FA34F8841F48435D
:1090100000120FFA80F848460BF0DAF961884843ED
:1090200000120FFA80FA2079843C00F00700012832
:1090300009D108FB07F0B4F88210491E90FBF1F04B
:1090400000B2288079E094F8880000F00700032837
:1090500018D1CDF80080336833F91700337BC3F3A0
:10906000C00C04F1780333F91C20337BC3F3C00C2C
:1090700004F1740333F91C10002308F0F9FF00B267
:1090800028805AE094F8880000F00700022854D1A4
:1090900004F12400ECF747FF05904FF4A021484667
:1090A0000CF055FB82346188484300120490002183
:1090B00048460CF04CFB618848430012039021881D
:1090C000491E039801FB1081208891FBF0F000B24B
:1090D000029005990298B0FBF1F000B2019008FBF4
:1090E00007F034F8821990FBF1F000B228800020DC
:1090F000009004F12400ECF735FF00900EE000989A
:10910000B04200D10DE029880198084400B22880BF
:1091100004F124000099ECF71FFF0090009800284C
:10912000EDD100BF049A0199881A00EBD0712A880A
:1091300002EB610109B2298000BF002148460CF012
:109140003AF98346002148460CF04FFB58442988E1
:10915000084400B2288048460BF0C4FA2988081A4F
:1091600000B2288000200690706830F91710307B1C
:10917000C0F3001204F16C0030F91200081A00FB71
:109180000AF00690307BC0F3001104F1700030F952
:109190001110307BC0F3001204F16C0030F91200A2
:1091A000091A069890FBF1F006900698AAEB0000C9
:1091B00000B26880002148460CF083FC584469885E
:1091C000084400B2688048460BF086FB6988081A9C
:1091D00000B2688000BF12E770B506460C4625460F
:1091E00008A068620120A8620221204609F024FE3E
:1091F0000821204609F020FE4FF48061204609F046
:109200001BFE70BD436865636B20626F78000000D1
:1092100070B506460C46254695F8280000F001007A
:1092200020B9686A09F006F80020686270BD000085
:109230002DE9F14FBEB03E9804F030FF04462546BC
:109240003E9804F0D2FE3D90002120460CF089FDAE
:10925000074600BFB7F908000646A2464FF0000BCC
:1092600041F23202594650460CF0BAFC0290029884
:1092700000B28046002120460CF064FC40440FFA06
:1092800080F9002120460CF0F1FA404400B23C90F5
:10929000002120460CF075FA3B904FF40031204637
:1092A0000CF0E4FA3A904FF4003120460CF087FBC2
:1092B00039904FF4003120460CF044FC38904FF4C4
:1092C000003120460CF0F5F937904FF4003B40F6A2
:1092D0000A02594650460CF083FC0290029800B2F4
:1092E000369000BF40F60B02594650460CF078FC11
:1092F0000290029800B2359027A803F035F927AA0A
:10930000594620460DF0DEF8A18A3C98084400B288
:10931000ADF89400BDF8940081193A980144399849
:109320000844401E00B2ADF89800E08A484400B2FC
:10933000ADF89600BDF89600811938980144379829
:109340000844401E00B2ADF89A0000BFBDF894007A
:10935000ADF88C00BDF89600ADF88E00BDF8980011
:10936000ADF89000BDF89A00ADF8920000BFBDF8CE
:109370008C103698081A00B2ADF88C00BDF8901029
:109380003698084400B2ADF89000BDF88E103598BC
:10939000081A00B2ADF88E00BDF892103598084456
:1093A00000B2ADF8920011A83D990AF045FD27A83A
:1093B0001590374812900020139023A81490584617
:1093C0001E9011AA1A21204604F06EFE23AA27A996
:1093D0003D9803F0ADF811AA1B21204604F064FE6D
:1093E000002120460CF02CFD1090002120460CF0AE
:1093F00000FD0F90002141F6FF721098CDE9012188
:109400000090696A3A460EA80F9B13F0F3F806A87D
:1094100002F09EF806AA002120460CF078FF00BF5B
:10942000BDF89A10BDF89620891A491C09B2881B0C
:1094300000EBD071491009B20591BDF898103B9826
:10944000084400B2ADF80C00BDF80C00BDF83810AF
:10945000084400B2ADF81000E08A00EB090105985D
:10946000084400B2ADF80E00BDF80E00BDF83A1089
:10947000084400B2ADF812000020009003AA06A92B
:109480006B6A3D9801F0B0FC3FB0BDE8F08F000082
:109490004CF304082DE9F04F8DB00F4639464C4887
:1094A0000AF0F0FE0C900C98012802D00DB0BDE837
:1094B000F08F384604F091FD0446384604F0EEFD86
:1094C00005462C2C67D1384604F0E5FD0646AA4631
:1094D000002128460CF045FC804600BFB8F9080082
:1094E0008146002128460CF0ABFC8346002128462B
:1094F0000CF07FFC0B90002041F6FF71CDE900B12C
:109500000290DAF8241042460AA80B9B13F072F876
:10951000002128460CF035F909904FF40031284617
:109520000CF0A4F908904FF4003128460CF047FAEB
:1095300007904FF4003128460CF004FB06904FF4DE
:10954000003128460CF0B5F80590089809EB0001A9
:109550000798084400B2ADF81000069809EB000126
:109560000598084400B2ADF81200BDF81000BDF82F
:10957000281001440998084400B23080BDF9120057
:10958000BDF92A10884202DDBDF9120001E0BDF9E3
:109590002A0070801AE0132C13D1384604F07BFDAA
:1095A00006464FF40031284609F0E9FF8046B6F937
:1095B0000000404502DDB6F9000000E04046308082
:1095C00004E0152C02D13846FFF732FE00BF6DE7EC
:1095D0004CF3040830B5044601F4C040B0F5005F18
:1095E00001D1012000E0002030B121F4C040B0F5ED
:1095F000FA6F01DC012000E0002080B121F4C040BE
:10960000B0F57A7F04DD21F4C040C0F57A7001E046
:1096100021F4C0405843642590FBF5F001B202F4F8
:10962000C040B0F5005F01D1012000E0002030B162
:1096300022F4C040B0F5FA6F01DC012000E0002008
:1096400080B122F4C040B0F57A7F04DD22F4C0403E
:10965000C0F57A7001E022F4C0405843642590FBC5
:10966000F5F002B2944201DA204600E0104688424A
:1096700001DA084630BD944201DA2046FAE7104686
:10968000F8E730B5044601F4C040B0F5005F01D101
:10969000012000E0002030B121F4C040B0F5FA6FA5
:1096A00001DC012000E0002080B121F4C040B0F5D1
:1096B0007A7F04DD21F4C040C0F57A7001E021F426
:1096C000C0405843642590FBF5F001B202F4C0405D
:1096D000B0F5005F01D1012000E0002030B122F49C
:1096E000C040B0F5FA6F01DC012000E0002080B13D
:1096F00022F4C040B0F57A7F04DD22F4C040C0F50A
:109700007A7001E022F4C0405843642590FBF5F0E4
:1097100002B2944201DA204600E01046884201DAA3
:10972000084630BD944201DA2046FAE71046F8E7D1
:1097300008B500221146104600F073F90090BDF8FC
:109740000010084608BD08B500221146104600F07A
:1097500080F90090BDF80010084608BD1CB5002037
:1097600001460246D408BDF8003064F304038C08B7
:109770000093BDF8003064F34A13C4080093BDF8A9
:10978000003064F3CF230093BDF8004023460193DB
:10979000BDF8041008461CBD08B50022114610464D
:1097A00000F09FF90090BDF80010084608BD01B513
:1097B00083B003980190BDF80400C00AC0EBC0025A
:1097C00002EB0020C01DC0F347108DF80200BDF869
:1097D0000400C0F3451000EB400202EB0020C01C67
:1097E000C0F387108DF80100BDF8040000F01F00E1
:1097F000C0EBC00202EB0020C01DC0F347108DF883
:109800000000FF208DF80300009802909DF80800EA
:109810009DF80A20032303FB02009DF8092004237E
:1098200003FB0201C1F3C70004B000BD13B582B051
:109830000C46FFF7B1FF22460190029900F03AFA78
:109840000090BDF80010084604B010BD37B50346BF
:109850001C4604F0030525B1BDF804501D809B1C77
:10986000521EBDF8045005EB0541184610E001609A
:10987000001D0160001D0160001D0160001D0160F0
:10988000001D0160001D0160001D0160001D103AF7
:10989000102AECD8034604E0BDF804501D809B1C40
:1098A000521E002AF8D13EBD0160704708B501463E
:1098B00001F47800000A01F47C4240EA5210C1F33E
:1098C000C40210430090BDF80020104608BD2DE9E9
:1098D000F04F85B0824689461446CAEB0A204FF401
:1098E000B471B0FBF1F01FFA80FAC9EB09206421D2
:1098F00090FBF1F000F0FF09C4EB042090FBF1F0C5
:10990000C4B2B9F1000F0BD122462146204600F027
:10991000E8F80090BDF80010084605B0BDE8F08FEB
:109920002B209AFBF0F0C0B204902B21049800FB8E
:1099300011A000EB40004006000E0390C9F1FF00AB
:1099400060434FEA2028039809FB00F0FF21A1EBB8
:1099500020206043001202900398C0F1FF0000FB3A
:1099600009F0A1EB202060434FEA202B0498052842
:1099700018D2DFE800F003070B0F130025465E4600
:10998000474613E0029D264647460FE045462646D9
:109990005F460BE04546029E274607E05D46464689
:1099A000274603E025464646029F00BF00BF3A46D1
:1099B0003146284600F095F80190BDF8041008469D
:1099C000ABE718B50346D408BDF8000064F3040003
:1099D0008C080090BDF8000064F34A10DC08009089
:1099E000BDF8000064F3CF200090BDF80040204691
:1099F00018BD18B50346D408BDF8000064F3040090
:109A00008C080090BDF8000064F34A10DC08009058
:109A1000BDF8000064F3CF200090BDF80040204660
:109A200018BD18B50346D408BDF8000064F304005F
:109A30008C080090BDF8000064F34A10DC08009028
:109A4000BDF8000064F3CF200090BDF80040204630
:109A500018BD18B50346D408BDF8000064F304002F
:109A60008C080090BDF8000064F34A10DC080090F8
:109A7000BDF8000064F3CF200090BDF80040204600
:109A800018BD18B50346D408BDF8000064F30400FF
:109A90008C080090BDF8000064F34A10DC080090C8
:109AA000BDF8000064F3CF200090BDF800402046D0
:109AB00018BD18B50346D408BDF8000064F30400CF
:109AC0008C080090BDF8000064F34A10DC08009098
:109AD000BDF8000064F3CF200090BDF800402046A0
:109AE00018BD18B50346D408BDF8000064F304009F
:109AF0008C080090BDF8000064F34A10DC08009068
:109B0000BDF8000064F3CF200090BDF8004020466F
:109B100018BD18B50346D408BDF8000064F304006E
:109B20008C080090BDF8000064F34A10DC08009037
:109B3000BDF8000064F3CF200090BDF8004020463F
:109B400018BD18B50346D408BDF8000064F304003E
:109B50008C080090BDF8000064F34A10DC08009007
:109B6000BDF8000064F3CF200090BDF8004020460F
:109B700018BD18B50346D408BDF8000064F304000E
:109B80008C080090BDF8000064F34A10DC080090D7
:109B9000BDF8000064F3CF200090BDF800402046DF
:109BA00018BD000037B581B0101DC210BDF8080007
:109BB00040EA00400B4D00EA0501BDF8040040EA10
:109BC000004000EA0503581A504301EB501000EA28
:109BD000050444EA144080B20090BDF800502846C5
:109BE00004B030BD1FF8E00737B581B0101DC210BA
:109BF000BDF8080040EA00400B4D00EA0501BDF841
:109C0000040040EA004000EA0503581A504301EB03
:109C1000501000EA050444EA144080B20090BDF8F8
:109C20000050284604B030BD1FF8E00737B581B0BA
:109C3000101DC210BDF8080040EA00400B4D00EABC
:109C40000501BDF8040040EA004000EA0503581A87
:109C5000504301EB501000EA050444EA144080B27E
:109C60000090BDF80050284604B030BD1FF8E00752
:109C700037B581B0101DC210BDF8080040EA0040A1
:109C80000B4D00EA0501BDF8040040EA004000EA7F
:109C90000503581A504301EB501000EA050444EA4A
:109CA000144080B20090BDF80050284604B030BD8A
:109CB0001FF8E00737B581B0101DC210BDF80800CD
:109CC00040EA00400B4D00EA0501BDF8040040EAFF
:109CD000004000EA0503581A504301EB501000EA17
:109CE000050444EA144080B20090BDF800502846B4
:109CF00004B030BD1FF8E00707B581B003461888EF
:109D0000BDF80810C90A01FB0200803000EBC01149
:109D100001EBC030C00DBDF8001060F3CF21009101
:109D20005888BDF80810C1F3451101FB02008030CE
:109D300000EBC01101EBC030C00DBDF8001060F3A6
:109D40004A1100919888BDF8081001F01F0101FB2D
:109D50000200803000EBC01101EBC030C00DBDF837
:109D6000001060F30401009100BF00BFBDF80010B7
:109D7000084604B000BD07B581B003461888BDF899
:109D80000810C90A01FB0200803000EBC01101EB92
:109D9000C030C00DBDF8001060F3CF21009158888D
:109DA000BDF80810C1F3451101FB0200803000EB43
:109DB000C01101EBC030C00DBDF8001060F34A11B6
:109DC00000919888BDF8081001F01F0101FB020006
:109DD000803000EBC01101EBC030C00DBDF80010A9
:109DE00060F30401009100BF00BFBDF800100846F9
:109DF00004B000BD01B581B0BDF80400C00AC0EBDD
:109E0000C00101EB0020C01DC0F347108DF8020017
:109E1000BDF80400C0F3451000EB400101EB002049
:109E2000C01CC0F387108DF80100BDF8040000F0DD
:109E30001F00C0EBC00101EB0020C01DC0F34710A4
:109E40008DF80000FF208DF8030000980CBD08B5C8
:109E5000FF2211461046FFF7FCFD0090BDF80010F0
:109E6000084608BD1CB5FF2001460246D408BDF8CF
:109E7000003064F304038C080093BDF8003064F3F1
:109E80004A13C4080093BDF8003064F3CF23009355
:109E9000BDF8004023460193BDF8041008461CBDE0
:109EA00070B506460C4625460020A884642126206D
:109EB0004155272041553035287B20F00300287379
:109EC000287B20F004002873002028606860303D63
:109ED000084800782C2148554FF48031204608F07E
:109EE000ABFF4FF44071204609F0C2FC204614F04D
:109EF000F9FA70BD740100202DE9F34F89B0F948DB
:109F00000A990AF0BFF98046B8F1010F02D00BB0F0
:109F1000BDE8F08F0A9804F060F805460A9804F04E
:109F2000BDF806463446132D42D14FF44031304639
:109F30000BF068FC81464FF4403130460BF00BFDCE
:109F400082464FF4403130460BF0C8FD83464FF453
:109F5000403130460BF079FB0890D14501DD494690
:109F600000E051460898834501DD584600E0089816
:109F7000814205DDD14501DD484607E0504605E058
:109F80000898834501DD584600E00898801C00B21F
:109F900007900A9804F07FF80746B7F90010079871
:109FA000814202DDB7F9000000E00798388008E23E
:109FB000292D1BD10A9804F06EF8074630460CF0A4
:109FC00036F8B9883A88891A491C09B2884209D1F9
:109FD00030460AF091FAF9887A88891A491C09B240
:109FE000884202D0304614F07DFAEAE12A2D03D1EE
:109FF000304614F077FAE4E10D2D71D10A9804F09F
:10A000004AF80768132F01D0112F40D1606A0890D9
:10A0100094F83C0000F0030020B101280ED0022883
:10A0200024D117E0A08C401C4FF4B47190FBF1F2E6
:10A0300001FB120080B2ADF8200017E02620005D81
:10A04000401C642190FBF1F201FB1200C0B28DF8BC
:10A0500022000BE02720005D401C642190FBF1F200
:10A0600001FB1200C0B28DF8230000BF00BF3046D4
:10A07000089900F0BAF948B100221C21304604F0DA
:10A0800013F88046B8F1010F00D040E747E0142FE5
:10A0900001D0122F43D1606A089094F83C0000F080
:10A0A000030020B101280ED0022827D119E0A08C8E
:10A0B000002802DDA08C401E01E04FF4B47080B295
:10A0C000ADF820001AE02620005D002803DD2620E0
:10A0D000005D401E00E06420C0B28DF822000DE05B
:10A0E0001EE02720005D002803DD2720005D401EC4
:10A0F00000E06420C0B28DF8230000BF00BF3046EE
:10A10000089900F072F948B100221C21304603F092
:10A11000CBFF8046B8F1010F00D0F8E600BF50E158
:10A12000012D11D111F075FE606306F077F8074636
:10A1300004F1380106F08CF83046EFF709FC804650
:10A14000B8F1010FEBD0E2E6022D7CD106F066F803
:10A150008246BAF1000F00D1D9E6504606F0B3F8B6
:10A160008346BBF1040F02D0BBF1020F18D1304679
:10A170000BF05DFF019000EBD070B18A01EB600045
:10A1800000B2ADF8200030460AF0B6F9019000EBBD
:10A19000D0704110F08A084400B2ADF8220003E00C
:10A1A00008A9504606F054F8DAF80000007E07903F
:10A1B000BDF92000B4F93810401A002805DDBDF9BA
:10A1C0002000B4F93810401A04E0B4F93800BDF9A1
:10A1D0002010401A0799884214DCBDF92210B4F906
:10A1E0003A00081A002805DDBDF92210B4F93A003A
:10A1F000081A04E0B4F93A00BDF92210401A079990
:10A20000884208DD11F005FE6063BDF8200020875C
:10A21000BDF822106187BDF82000B18A401A00B253
:10A22000ADF82000BDF82210F08A081A00B2ADF88F
:10A23000220030460BF0FBFE80B206900020059015
:10A240000021304600E098E00AF0F3FF81460698CE
:10A2500000EBD07149100FB2BDF82000C01B00B256
:10A26000ADF82000BDF82200C01B00B2ADF82200FE
:10A2700001200490A7EB090007B2412F0ADD4946EF
:10A2800009EBD172521010B2391A0FB2412F00DA15
:10A29000412700BFBDF920004043BDF9221001FB5A
:10A2A000010107FB07F0814201DA00200490606B96
:10A2B00011F0A2FD03900498B0B9DAF80000818B88
:10A2C0000398814210D294F83C00C0F3800058B942
:10A2D000304613F055FA05F0A1FF019006F062F93F
:10A2E00015E60000643B0308049800B90FE6BDF9C9
:10A2F0002210BDF92000FDF74AFB4FF4B47190FB2A
:10A30000F1F201FB120000B20590606A029094F82D
:10A310003C0000F0030020B1012807D002281BD127
:10A320000FE0059880B2ADF8080015E064210598AB
:10A3300048434FF4B47190FBF1F0C0B28DF80A00BD
:10A340000AE06421059848434FF4B47190FBF1F0A2
:10A35000C0B28DF80B0000BF00BF3046029900F07C
:10A3600044F848B100221C21304603F09DFE80468F
:10A37000B8F1010F00D0CAE523E0112D0CD10A98E5
:10A3800003F089FE074647F6FF7206F114003968AC
:10A39000EAF783FB387114E0152D06D10A98F0F71F
:10A3A000E3FF0A98F2F70BF80BE0122D09D10A9897
:10A3B00003F071FE07463878022801D0012038707A
:10A3C00000BF00BFA3E538B5044600BF00BF254667
:10A3D00027235A5D2C462623595DA88CFFF777FA70
:10A3E0000090BDF80010084638BD73B50546BDF8AD
:10A3F0000400B0F5B47F0ADDBDF804004FF4B47179
:10A4000090FBF1F201FB120080B2ADF804009DF860
:10A410000600642802DD64208DF806009DF8070020
:10A42000642802DD64208DF8070000BF00BF2C46C1
:10A43000A08CBDF8041088420DD12620005D9DF847
:10A440000610884207D12720005D9DF8071088423A
:10A4500001D100207CBD01986062284614F042F8CA
:10A4600028460CF0DEF90120F4E770B505460C46ED
:10A470000CB9002013E0284600F022F96043503068
:10A48000A02190FBF1F0012808DD284600F018F922
:10A4900060435030A02190FBF1F000E0012000B2B9
:10A4A00070BD2DE9F04104460F4615461E461C219D
:10A4B000204608F0D6F8276065602068A060E66056
:10A4C000BDE8F0811CB504464C21204608F0C9F8CF
:10A4D0004FF4A0702080F02060804FF0FF30A0800B
:10A4E000E080002020816081206920F00800083091
:10A4F0002061206920F0400020618221206961F301
:10A50000D01020614FF47F40002100F47C4241EAEA
:10A510005211C0F3C40211430091BDF8002011464E
:10A520000191BDF80400A0860248E0632064382051
:10A5300060641CBDA1D00108FEB505465648EBF786
:10A540001FFD044644B900BF1CB900BF00BF00BFD7
:10A55000FEE700BF0020FEBDA86B98B9686C07F04D
:10A560009BFD064600BF1EB900BF00BF00BFFEE74F
:10A5700000BF0EB90020EEE731462846EA6B90474F
:10A58000AE6300BF4FF4AC71204608F06AF8256056
:10A5900042480768046022461E21414811F098FC99
:10A5A000606000BF606818B900BF00BF00BFFEE771
:10A5B00000BF606820B9204607F03CFE0020CAE7D3
:10A5C000287CC0F3400070B1B5F90000B5F9021065
:10A5D0004843E968C968884205D9286920F0020023
:10A5E000286100BF00BF00BFFF2211461046FFF7E1
:10A5F00060FA0190BDF8041008460290BDF808000A
:10A600006085FF2084F8290011F0CCFB88B9002078
:10A610000DF0A0FE029005200DF09CFE0190214857
:10A62000002300902046DDE9011211F05BFBA060E1
:10A6300002E011F04DFBA060002009F0DFF920617D
:10A64000002009F0DBF9E061002009F0D7F9206271
:10A65000E0690CF0F3FF206A0CF0F0FF0221E069E2
:10A6600009F006F90221206A09F002F90021E069E7
:10A670000DF01DFB0021206A0DF019FB20690CF084
:10A68000D0F806480760006808B9044804606068AC
:10A6900011F03FFD20465EE764450020F0010020F8
:10A6A000914C0008C07603080021C2681161C2689D
:10A6B000516170470148006870470000F0010020B8
:10A6C00000B5014611B9FFF7F5FF014609B982202F
:10A6D00000BD08680069C0F3C910F9E701460868C1
:10A6E000C068704700B5014611B9FFF7E3FF0146A6
:10A6F00009B9002000BD0868007CC0F301100128E2
:10A7000002D0032805D100E000BF0868B0F90200BC
:10A71000F0E70868B0F90000ECE710B5044614B99A
:10A72000FFF7C8FF04461CB900BF00BF002010BDE2
:10A73000206AFCE710B5044614B9FFF7BBFF0446D6
:10A740001CB900BF00BF002010BDE069FCE700009D
:10A7500010B504461CB90448EBF7DFFB10BD2146D9
:10A760000148EBF7F2FBF9E76445002010B5044619
:10A7700014B9FFF79FFF04461CB900BF00BF0020BB
:10A7800010BD2069FCE710B5044614B9FFF792FF2D
:10A7900004461CB900BF00BF002010BD6069FCE783
:10A7A00010B5044614B9FFF785FF0446A06810BD34
:10A7B00000B5014611B9FFF77DFF014609B9002038
:10A7C00000BD0868007CC0F30110012802D00328F6
:10A7D00005D100E000BF0868B0F90000F0E70868A4
:10A7E000B0F90200ECE770B50546284609F03AFEDC
:10A7F000044604B970BD2669206920B100222521D4
:10A80000304603F051FC206920B100222621284661
:10A8100003F04AFC2561206920B100222721284647
:10A8200003F042FC206920B100222821304603F0C9
:10A830003BFC28460BF0F5FF00BFDBE72DE9FC47AA
:10A8400005460C4690469946DDE90A67207B0228BA
:10A8500001DCBDE8FC87608800B9FAE7BE4200D1A0
:10A86000F7E7CDE900674B46424621462846D5F832
:10A8700010C0E04700BFECE73EB50446102120467B
:10A8800007F0EFFE01206080FF20207300BF002052
:10A8900001460246D508BDF8003065F304038D0873
:10A8A0000093BDF8003065F34A13C5080093BDF866
:10A8B000003065F3CF230093BDF800502B46019381
:10A8C000BDF8041008460290BDF8080020803EBD87
:10A8D0002DE9FF4F83B081468A461F46DDF8408050
:10A8E000139C059806B207F5B470804512D1A9EB08
:10A8F000060000B22080AAEB060000B2608009EBDF
:10A90000060000B2A0800AEB060000B2E08007B0AB
:10A91000BDE8F08FB7F5B47F02DDA7F5B47087B25C
:10A92000B8F5B47F03DDA8F5B4701FFA80F811996B
:10A930000598401A00B20290129929B1119800EBC3
:10A94000D0714910491C00E000210DB25A2097FB3C
:10A95000F0F0C0B201905A2098FBF0F0C0B2009025
:10A960000198042801D1032001900098042801D106
:10A9700003200090DDE9001088427CD147457ADC55
:10A98000019858BB38B211F047FD029948430AEBD1
:10A99000E030401B00B2608007F15A0000B211F0B5
:10A9A0003BFD704309EBE030284400B2A0800FFA71
:10A9B00088F011F031FD70430AEBE030284400B21A
:10A9C000E08008F15A0000B211F026FD02994843D8
:10A9D00009EBE030401B00B2208096E1019801288D
:10A9E0002BD138B211F018FD70430AEBE030284447
:10A9F00000B2E08007F15A0000B211F00DFD02999B
:10AA0000484309EBE030284400B2A0800FFA88F0F8
:10AA100011F002FD029948430AEBE030401B00B2FE
:10AA2000608008F15A0000B211F0F6FC704309EBA7
:10AA3000E030401B00B2208067E1019802282DD150
:10AA400007F15A0000B211F0E7FC704309EBE03067
:10AA5000401B00B2208038B211F0DEFC029948435E
:10AA60000AEBE030284400B2E0800FFA88F011F0E1
:10AA7000D3FC704300E040E00AEBE030401B00B242
:10AA8000608008F15A0000B211F0C6FC02994843F8
:10AA900009EBE030284400B2A08036E10198032899
:10AAA0009BD107F15A0000B211F0B6FC029948435D
:10AAB00009EBE030401B00B2208038B211F0ACFC52
:10AAC00070430AEBE030401B00B2608008F15A008E
:10AAD00000B211F0A1FC704309EBE030284400B251
:10AAE000A0800FFA88F011F097FC029948430AEB16
:10AAF000E030284400B2E08007E10198B8BB00983C
:10AB0000012835D108F15A0000B211F085FC7043DC
:10AB100009EBE030401B00B220800FFA88F011F002
:10AB20007BFC834638B211F077FC834504DA0FFAD8
:10AB300088F011F071FC02E038B211F06DFC02995E
:10AB400048430AEBE030401B00B2608007F15A0036
:10AB500000B211F061FC704309EBE030284400B210
:10AB6000A0800AEB0600284400B2E080CDE0FFE7B9
:10AB7000019801283AD10098022837D1A9EB0600A4
:10AB8000401B00B220800FFA88F011F045FC7043A2
:10AB90000AEBE030401B00B2608007F15A0000B2BF
:10ABA00011F03AFC834608F15A0000B211F034FC6F
:10ABB000834505DD07F15A0000B211F02DFC04E0D9
:10ABC00008F15A0000B211F027FC0299484309EB42
:10ABD000E030284400B2A08038B211F01DFC704370
:10ABE0000AEBE030284400B2E0808EE001980228B1
:10ABF0003DD1009803283AD107F15A0000B211F074
:10AC00000BFC704309EBE030401B00B22080AAEB44
:10AC10000600401B00B2608008F15A0000B211F03B
:10AC2000FBFB704309EBE030284400B2A0800FFA30
:10AC300088F011F0F1FB029900FB01FB38B211F032
:10AC4000EBFB02994843834506DD0FFA88F011F0CB
:10AC5000E3FB0299484304E038B211F0DDFB0299AE
:10AC600048430AEBE030284400B2E0804DE0019810
:10AC700003283AD10098B8BB08F15A0000B211F08D
:10AC8000CBFB834607F15A0000B211F0C5FB8345A8
:10AC900005DA08F15A0000B211F0BEFB04E007F13A
:10ACA0005A0000B211F0B8FB0299484309EBE030BA
:10ACB000401B00B2208038B211F0AEFB70430AEBAB
:10ACC000E030401B00B2608009EB0600284400B26F
:10ACD000A0800FFA88F011F09FFB70430AEBE03080
:10ACE000284400B2E08010E0FFE7A9EB060000B2C4
:10ACF0002080AAEB060000B2608009EB060000B2DB
:10AD0000A0800AEB060000B2E08000BFFFE5000073
:10AD10002DE9F04105460E4617469846B8F1000F5A
:10AD200008D100BF00BF14A23946284614F00BFC1E
:10AD3000BDE8F081F07A022800DCF9E7A86940B1AB
:10AD400043463A4631462846D5F818C0E0470446FF
:10AD500006E043463A4631462846EEF7C5FC04462F
:10AD60003CB900BF00BF04A23946284614F0EBFBF3
:10AD7000DEE700BFDCE700004E6F0A64617461002B
:10AD80002DE9F84304460D4616461F46DDF820809F
:10AD9000606908B9BDE8F883CDF800803B463246CB
:10ADA00029462046D4F814C0E04700BFF2E71CB59E
:10ADB00004461821204607F054FC00BF002211462B
:10ADC0001046FEF716FE0090BDF8001008460190F0
:10ADD000BDF804002081FF20E072401C608001204B
:10ADE00020751CBD704700001FB5C0B04198807E23
:10ADF000022801DC44B010BD4198006810B900BFC2
:10AE000000BFF7E74098C06910B900BF00BFF1E785
:10AE1000202238A84199E5F779FA419800683790DF
:10AE2000439810B14398007800B9E3E740988068F0
:10AE300002460D9034A84299E9F718FD33903398F3
:10AE400000B9D7E74198007F32904198C07E319099
:10AE500000BF9DF8C80008B90120329000BF41989A
:10AE6000407F00F0020020B94298FCF700FD3690C8
:10AE70001AE04198407F41F6FF724199B1F91210F2
:10AE8000CDE9001202904198B0F914000C9041985D
:10AE900000680B9002460DA80C9B439911F0AAFB89
:10AEA000BDF93400369000BF00BF3798B0F90800F4
:10AEB00030904198B0F91210309808442F9000203B
:10AEC0002E9042980088ADF8B40042984088ADF8C2
:10AED000B60000202C902B904198B0F916002C90D1
:10AEE0004198B0F918002B90BDF8B6102B98084483
:10AEF00000B2ADF8B60000202A90401E2990469876
:10AF000040B32B9830BB4298B0F90200002821DAF8
:10AF1000469881684298B0F90200081A002806DDB8
:10AF2000469881684298B0F90200081A05E04298F4
:10AF3000B0F9021046988068081A2F994900C1F5A7
:10AF40008061884203DD4FF0FF31469801604698EA
:10AF500000682990469860B12998002809DB299853
:10AF60002A90BDF8B61046988088084400B2ADF823
:10AF7000B6004198407F0021CDE900104198B0F91A
:10AF800014000D902A99439808440C90369803B207
:10AF9000DDE90C023799EBF75DFB2A99084428900C
:10AFA00040E028982A904198407F0021CDE9001088
:10AFB0004198B0F914000D9043992A9808440C90D8
:10AFC000369803B2DDE90C023799EBF743FB0146F3
:10AFD000289808442890BDF8B6102F98084400B26D
:10AFE000ADF8B6004698C0B1BDF9B60010F5806F57
:10AFF00013DB4698006800280FDA46992A98086003
:10B00000BDF9B6104298B0F90200091A469841609D
:10B010004298B0F90210469881602A994398405CA2
:10B0200000B9E7E6BDF9B610309801444098806851
:10B03000B0F902008142B4DB9DF8C800022823D198
:10B040004198407F00904198B0F914000D902A99E2
:10B050002898401A0C90439808440B90DDE90C1393
:10B06000379A11F039FB2E904298FCF700FC2E998C
:10B07000401A0D9000EBD070BDF8B41001EB6000E9
:10B0800000B2ADF8B40022E09DF8C80003281ED13C
:10B090004198407F00904198B0F914000D902A9992
:10B0A0002898401A0C90439808440B90DDE90C1343
:10B0B000379A11F011FB2E904298FCF7D8FB2E998D
:10B0C000401ABDF8B410084400B2ADF8B40041987D
:10B0D00040682790419881682691DDE926108842D2
:10B0E00006D927980D90269827900D98269000BF96
:10B0F0004198807F00F0010020B94198807F00F0E6
:10B100000200E8B123A800F06FFA41988089ADF8F9
:10B110008C003798807B18B1379890F90E0000E0CA
:10B120000120ADF88E004198807E8DF89400419802
:10B13000807FC1089DF8950061F301008DF89500AE
:10B14000002022902090FEF7F3FA1E900FA801F045
:10B150000BFA4198008AADF84000BDF9B4000E909A
:10B16000EAE1BDF8B4102C98084400B2ADF8B40080
:10B170000020229021902A99439808440D90FCE0E9
:10B1800000200C904FF6FF71279888420CD026982B
:10B19000884209D021992A98084401460990EA4A30
:10B1A0004398126890470C9021AB0AAA0BA90D98FE
:10B1B000EBF734FA4198407F00F0010000287BD083
:10B1C000E2A000780B99884212D1229820B92198E8
:10B1D000209001202290D0E02298012802D1002066
:10B1E000229005E02298022802D100202290C4E09B
:10B1F0002298012867D10B98202863D1DDE920012E
:10B20000081A072859D108A8029020990D980844D7
:10B2100003900620049002980190039800900CE09F
:10B2200000980178019801700198401C01900098E5
:10B23000401C00900498401E049004980028EFD110
:10B2400000BF8DF826009DF821000490F9F79CFAC4
:10B2500004469DF820000490F9F796FA04EB0010DC
:10B2600007909DF823000490F9F78EFA04469DF8A4
:10B2700022000490F9F788FA04EB001006909DF87C
:10B2800025000490F9F780FA04469DF82400049004
:10B29000F9F77AFA04EB001005900598C0B2049013
:10B2A0000698C0B203900798C0B20290DDE903127D
:10B2B000FEF7B7FB1F9003E005E0419880891F90DF
:10B2C0000220229059E0419880891E9022980228FD
:10B2D00001D11F981E90DDE90A21379803F027F865
:10B2E0001D904FF6FF71279888422ED026988842ED
:10B2F0002BD027990C98884227D326990C988842FE
:10B3000023D2BDF8B400ADF82000BDF8B600ADF80A
:10B310002200BDF8B4101D9801444198808A084469
:10B32000401E00B2ADF82400BDF8B6102F980844B6
:10B33000401E00B2ADF8260008AA0FA9409801F0FF
:10B34000F7F84198C0891E9000BFBDF87800ADF8AD
:10B35000EC002DAA38A90B9B409800F01FF91D980E
:10B36000002809DDBDF8B4104198828A1D98104468
:10B37000084400B2ADF8B40000BF2A992898401ADA
:10B38000219988423FF6FCAE4198807F00F0020090
:10B3900058B30E9800B2ADF8300041980068B0F98B
:10B3A0000800099000EBD070BDF8B61001EB600109
:10B3B000BDF98E000A9000EBD07001EB600000B286
:10B3C000ADF83200BDF8B400ADF82C00BDF8320085
:10B3D000ADF82E00BDF87800ADF88C000BAB0CAAD0
:10B3E00023A9409800F0E9F800BF4198807F00F061
:10B3F000010038B30E9800B2ADF83000BDF8B610B9
:10B400004198006800890144419800684089091A00
:10B41000379890F90D00081A00B2ADF83200BDF867
:10B42000B400ADF82C00BDF83200ADF82E00BDF828
:10B430007800ADF88C000BAB0CAA23A9409800F063
:10B44000BCF800BF28982A904198407F0021CDE9A0
:10B4500000104198B0F914000C9043992A980844C0
:10B460000B90369803B2DDE90B023799EBF7F2F84F
:10B47000014628980844289042980088ADF8B40006
:10B480009DF8C800022823D14198407F0090419840
:10B49000B0F914000C902A992898401A0B90439800
:10B4A00008440A90DDE90B13379A11F015F92E9034
:10B4B0004298FCF7DCF92E99401A0C9000EBD07002
:10B4C000BDF8B41001EB600000B2ADF8B40022E0AA
:10B4D0009DF8C80003281ED14198407F00904198F4
:10B4E000B0F914000C902A992898401A0B904398B0
:10B4F00008440A90DDE90B13379A11F0EDF82E900D
:10B500004298FCF7B4F92E99401ABDF8B4100844DB
:10B5100000B2ADF8B400BDF8B6102F98084400B2E0
:10B52000ADF8B600BDF9B61040988068B0F90600D5
:10B53000814200DD5EE400BF2A994398405C002808
:10B540007FF40FAE00BF55E4580200202300000036
:10B5500038B504462021204607F083F8FF20A07666
:10B56000FEF7E6F80090BDF80000A0810A482060D0
:10B570004FF6FF706060A060FEF7DAF80090BDF84B
:10B580000000E08105200CF0E5FE0090BDF8000011
:10B5900020820020E07638BDC07603082DE9F04116
:10B5A00004460D4616461F463B463246294620466F
:10B5B000D4F81CC0E047BDE8F0812DE9F041054614
:10B5C0000C4616461F46608808B9BDE8F081207A0F
:10B5D000022800DCF9E73B46324621462846D5F8EA
:10B5E00020C0E04700BFF0E73EB504460A212046F0
:10B5F00007F037F801206080FF20207200BF002094
:10B6000001460246D508BDF8003065F304038D08F5
:10B610000093BDF8003065F34A13C5080093BDF8E8
:10B62000003065F3CF230093BDF800502B46019303
:10B63000BDF8041008460290BDF8080020803EBD09
:10B6400002460B46002106E00C4850F8310000B9D4
:10B6500003E0481CC1B21029F6DB00BF102904DB4F
:10B6600000BF00BF4FF0FF307047044840F8312062
:10B6700000EBC10043600846F6E70000D446002016
:10B680002DE9F04F87B081468A4616461D46109C2C
:10B69000B4F90A00301A0690B4F90800AAEB0000C9
:10B6A0000590B4F90C00B4287EDAB4F90E00B42881
:10B6B000FADAA089002877D0E0890028FBD0B4F915
:10B6C0000C10B4F90E0081426EDDB4F90A00B042EC
:10B6D00003DD012007B0BDE8F08F606D0699484397
:10B6E00080120490A16A0698401C41434FEAA128A9
:10B6F000B4F90C00B0F5877F0ADDB4F90C00B0F5A1
:10B70000B47F05DAB8F1000F02DA4FF000081BE051
:10B71000B4F90C00002809DDB4F90C005A2805DC46
:10B72000B8F1000F02DA4FF000080DE0B4F90C0098
:10B730005A2809DDB4F90C00B0F5877F04DAB8F1B6
:10B74000000F01DD4FF00008B4F90E00B0F5877F5F
:10B750000ADDB4F90E00B0F5B47F05DAB8F1000FD8
:10B7600002DA4FF000081BE0B4F90E00002809DDF2
:10B77000B4F90E005A2805DCB8F1000F02DA4FF0D8
:10B7800000080DE0B4F90E005A2809DDB4F90E00E6
:10B79000B0F5877F04DAB8F1000F01DD4FF0000843
:10B7A0000498A0EB080000E042E0401003904FF046
:10B7B000010B01200290039808EB000105980F1A75
:10B7C000AF4200DD2F46002F10DD04F110003BB228
:10B7D000324651460090484600F076FA8346BBF167
:10B7E000000F03D13946484606F03BFFAF4200DD6B
:10B7F0002F46002F00DA002704F13C00EA1B13B2A9
:10B800000AEB070211B2009009EB0700324600F084
:10B810005BFA0290029820B9E91B09EB070006F0D9
:10B8200020FF0298834501D1584653E7022051E793
:10B83000B4F90C00B4287DDDB4F90E00B428FADDAB
:10B84000B4F90C10B4F90E008142F4DDB4F90A0029
:10B85000B04201DA01203DE7606D0699484380124D
:10B860000490A16A0698401C41434FEAA128B4F90C
:10B870000C00B0F5877F0ADDB4F90C00B0F5B47F99
:10B8800005DAB8F1000F02DA4FF000081BE0B4F956
:10B890000C00002809DDB4F90C005A2805DCB8F1C9
:10B8A000000F02DA4FF000080DE0B4F90C005A283E
:10B8B00009DDB4F90C00B0F5877F04DAB8F1000FA8
:10B8C00001DD4FF00008B4F90E00B0F5877F0ADD06
:10B8D000B4F90E00B0F5B47F05DAB8F1000F02DA62
:10B8E0004FF000081BE0B4F90E00002809DDB4F9A0
:10B8F0000E005A2805DCB8F1000F02DA4FF00008FC
:10B900000DE0B4F90E005A2809DDB4F90E00B0F5C7
:10B91000877F04DAB8F1000F01DD4FF000080498CA
:10B92000A0EB0800401003904FF0010B01200290A3
:10B93000039800E03BE008EB000105980F1AAF42C6
:10B9400000DD2F46002F10DD04F13C003BB23246F3
:10B9500051460090484600F0B7F98346BBF1000F0E
:10B9600003D13946484606F07CFEAF4200DD2F4643
:10B97000002F00DA002704F11000EA1B13B20AEBD3
:10B98000070211B2009009EB0700324600F09CF963
:10B990000290029820B9E91B09EB070006F061FE4E
:10B9A0000298834501D1584694E6022092E6012789
:10B9B000B846B4F90C00B42806D1B4F90A00B04274
:10B9C00000DD27E0032725E0A08938B9B4F90A0093
:10B9D000B04201DD03271DE001271BE0B4F90C0094
:10B9E000B42803DAB4F90A00B04207DCB4F90C0059
:10B9F000B42805DDB4F90A00B04201DC032709E0F0
:10BA000004F110002B46324651460090484600F0A3
:10BA10005BF90746B4F90E00B42809D1B4F90A005D
:10BA2000B04202DD4FF003082BE04FF0010828E0A0
:10BA3000E08948B9B4F90A00B04202DD4FF00108CC
:10BA40001FE04FF003081CE0B4F90E00B42803DA3D
:10BA5000B4F90A00B04207DCB4F90E00B42806DDE0
:10BA6000B4F90A00B04202DC4FF0030809E004F127
:10BA70003C002B46324651460090484600F024F9DF
:10BA8000804617B1B8F1000F01D1002022E6032F44
:10BA900004D1B8F1030F01D100201BE6012F04D11E
:10BAA000B8F1010F01D1012014E6022012E60000D6
:10BAB0002DE9F84F0646894692461C460A9D002C01
:10BAC00001DA002404E0B4F5B47F01DB40F267142E
:10BAD000002D01DA002504E0B5F5B47F01DB40F26A
:10BAE0006715A54205DAC4F5B4702844A6F86800C5
:10BAF00007E0281B002801DD281B00E0601BA6F8DA
:10BB00006800B481F581A6F80890A6F80AA0264836
:10BB100030600120307100BF002C02DBB4F5B47F2F
:10BB200003DD00BF00BF00BFFEE700BF002C03DB4A
:10BB3000B42C01DA002707E0B42C04DBB4F5B47FA1
:10BB400001DA012700E0012700BF002D02DBB4F578
:10BB5000B47F03DD00BF00BF00BFFEE700BF002DC4
:10BB600004DBB42D02DA4FF0010809E0B42D05DB47
:10BB7000B5F5B47F02DA4FF0000801E04FF001089C
:10BB800023465246494606F11000009700F032F96C
:10BB90002B465246494606F13C00CDF8008000F0A5
:10BBA00029F9BDE8F88F000081B601082DE9F84FAA
:10BBB0000746884691469A464FF0000B104C15E018
:10BBC000256801262068009053464A46414638467B
:10BBD000D5F800C0E047064616B90020BDE8F88F4A
:10BBE000022E01D14FF0010B083400BF206800285D
:10BBF000E6D1BBF1000F01D00220EFE70120EDE715
:10BC0000D446002070B5044626463079022814D167
:10BC10002546686980B168690069002807DA6969A2
:10BC2000486806F007FB686906F004FB04E06869F1
:10BC30004069401E6969486107E03079052804D1F0
:10BC40002546A86806F0F6FA00BF70BD2DE9F04160
:10BC500006463EB91B48006810B10120BDE8F081DE
:10BC60000020FBE7002428E0164850F8347007B99C
:10BC700021E0387902281BD1124850F83450A87CB2
:10BC800000F0010048B1B5F9102005F10801304677
:10BC9000E8F7A8FE58B90120E0E7B5F9102005F152
:10BCA00008013046E8F723FE08B90120D6E701E095
:10BCB0000120D3E700BF601CC4B2102CD4DB0020ED
:10BCC000CCE70000D44600202DE9F84F82460D460F
:10BCD00090461E460A9CA08AA8EB00000FFA80F846
:10BCE000608A281A05B2206A00286BD194F82800CF
:10BCF00000F0010010B3207C00F0030020B1207C94
:10BD000000F00300012802D10120BDE8F88F207C5B
:10BD100000F00300022805D108F10100002801DA33
:10BD20000120F2E7207C00F00300032804D1B8F1E1
:10BD3000000F01DD0120E8E70020E6E7207C00F0AD
:10BD40000300022804D0207C00F00300032801D166
:10BD50000120DAE7207C00F00300012802D1002D49
:10BD600000DDD2E7207C00F00300A0B9A81900286C
:10BD700001DA0120C9E76F42002F01DA0020C4E791
:10BD8000002F06DBB74204DAF11B0AEB070006F0CE
:10BD900068FC0220B9E7A819002801DA0020B4E7FE
:10BDA0006F42002F00DA0027B74201DB0020ACE72A
:10BDB000002F05DBB74203DA3946504606F051FC46
:10BDC0000220A2E794F8280000F0010040B13346B9
:10BDD0004246294650460094FAF72AFB814607E07E
:10BDE00033464246294650460094FAF712FC8146F3
:10BDF00048468AE72DE9FC4781460D4616461C4613
:10BE0000DDF828A0B42C02DDA4F1B40004B204F1E2
:10BE10005A0000B210F000FB05EB6017204610F04E
:10BE2000FBFA06EB60180FFA88F03BB2324629465F
:10BE3000CDE9000A484600F003F8BDE8FC870000A1
:10BE40002DE9F05F04460F4615469846DDE90A6B7A
:10BE50002C21204606F005FCB54206D1BBF1030FAC
:10BE600003D1681E05B2701E06B2B54206DD40461B
:10BE7000B846074630462E46054600BF27816581F5
:10BE8000A4F80C80E68184F810B06782A582A8EB44
:10BE90000700002802DDA8EB070001E0A7EB08007F
:10BEA000711B002901DD711B00E0A91B884201DD27
:10BEB000012000E0002094F8281060F3000184F8CD
:10BEC00028100020E061A061474820600020207118
:10BED000A8EB0709A6EB050A94F8280000F001007A
:10BEE000C0B1B9F1000F07D04FF4801191FBF9F008
:10BEF00000FB0AF18912E161BAF1000F07D04FF49B
:10BF0000801191FBFAF000FB09F18912A161E1694E
:10BF1000216218E0BAF1000F07D04FF4801191FBB5
:10BF2000FAF000FB09F18912A161B9F1000F07D005
:10BF30004FF4801191FBF9F000FB0AF18912E161E5
:10BF4000A169216200BF207C00F0030030B994F8A1
:10BF5000280020F0020084F8280039E0207C00F05E
:10BF60000300012807D194F8280020F00200801C6B
:10BF700084F828002CE0207C00F00300022811D176
:10BF8000206A002807DD94F8280020F00200801CB9
:10BF900084F828001CE094F8280020F0020084F8BF
:10BFA000280015E0207C00F00300032810D1206A4F
:10BFB000002806DD94F8280020F0020084F828000C
:10BFC00006E094F8280020F00200801C84F8280085
:10BFD000206A80106062206A002802DA606A4042AB
:10BFE0006062BDE8F09F0000C9BC01082DE9F04F78
:10BFF0008DB080468B4691461D461698807C00F099
:10C0000001000C901698B0F910000B9016990831A9
:10C0100009A8FBF75EFB0C9858B9BDF92600484506
:10C0200003DCBDF92A0048450DDA00200DB0BDE85B
:10C03000F08FBDF92600484503DCBDF92A004845CC
:10C0400001DA0120F2E7BDF924100B9808445845A5
:10C0500007DC0BEB0501BDF928200B98101A814273
:10C060000BDDBDF926100B980844484559DCBDF995
:10C070002A100B98081A484553DB0C9858BBBDF999
:10C080002400A0EB0B0001900198A84201DD0020E4
:10C09000CCE70198002803DB4046019906F0E1FA5D
:10C0A000BDF92800A0EB0B0000F1010ABAF1000F66
:10C0B00001DC0020BAE7AA4505DAA5EB0A0108EB86
:10C0C0000A0006F0CEFA019818B9AA4501D101205C
:10C0D000ACE70220AAE7BDF92400A0EB0B0ABAF1F5
:10C0E000000F01DA4FF0000AAA4517DCBDF928005D
:10C0F000A0EB0B00A0EB0A00401C019001985044FB
:10C10000A84202DDA5EB0A0001900198002804DB9B
:10C1100008EB0A00019906F0A4FA00BF00BF022054
:10C1200084E7BDF92400A0EB0B00089009A8FBF7F9
:10C13000A5FB079009A8FBF720FB0690BDF824009B
:10C14000ABEB00000FFA80FBBDF82600A9EB000066
:10C150000FFA80F90B98814506DA0B98A0EB0900DD
:10C16000401E00B2039006E00B990698401AA9EB16
:10C17000000000B20390169904AB05AA4869039920
:10C18000F7F70EFE0290DDE9071001440B98081A3C
:10C19000BDF81010084406B20B9908980844BDF881
:10C1A0001010401A401E07B20C98002863D10024DA
:10C1B00025E0BDF91400001B401E029911F800A0F3
:10C1C000301900280BDB3019A84208DA301918F8AA
:10C1D0000010504611F05BF8311908F80100381BC7
:10C1E0000BD4381BA84208DA381B18F80010504648
:10C1F00011F04DF8391B08F80100601C04B2BDF9BC
:10C2000014008442D5DB3019A84201DA301900E06D
:10C210002846002801DA002005E03019A84201DA9A
:10C22000301900E0284606B2A91B08EB060006F00C
:10C2300018FABDF91400381A401CA84204DABDF9F6
:10C240001400381A401C00E02846002801DA0020BB
:10C250000BE0BDF91400381A401CA84204DABDF9FD
:10C260001400381A401C00E0284607B23946404600
:10C2700006F0F7F95FE0002427E0BDF91400401E46
:10C28000011B0298405CC0F1FF00009030190028AB
:10C290000BDB3019A84208DA301918F800100098A2
:10C2A00010F0F5FF311908F80100381B0BD4381BCA
:10C2B000A84208DA381B18F80010009810F0E7FFC1
:10C2C000391B08F80100601C04B2BDF91400844257
:10C2D000D3DB781CA84200DA00E02846002801DA07
:10C2E000002004E0781CA84200DA00E028460FFA9B
:10C2F00080FAA6EB0A00A5EB0A01884202DAA6EB57
:10C300000A0001E0A5EB0A00002801DA00200AE09B
:10C31000A6EB0A00A5EB0A01884202DAA6EB0A00A6
:10C3200001E0A5EB0A0000B2019008EB0A000199B8
:10C3300006F097F900BF022078E600002DE9F84FDB
:10C3400007468846154699464046FBF797FA8346C6
:10C350004046FBF712FA00900098834501DA5846F0
:10C3600000E000988246B5EB6A0F02DD4FEA6A00F2
:10C3700005B2002D00DA0025414607F10800FBF761
:10C38000A8F93D8287F81290514838600220387130
:10C390001DB900207861BDE8F88F002440E0C4EBAF
:10C3A000C4004C4901EB8000B0F91800A84236D116
:10C3B000C4EBC40001EB80004069401CC4EBC40125
:10C3C000444A02EB81014861C4EBC400114601EB11
:10C3D00080000169102D01DA012000E028110844D5
:10C3E000B0F57A7F0CDAC4EBC4003A4901EB800067
:10C3F0000169102D01DA012000E02811084401E054
:10C400004FF47A70C4EBC401324A02EB8101086137
:10C41000C4EBC400114601EB80007861BBE7641CEB
:10C42000042CBCD3002600241BE0C4EBC400294923
:10C4300001EB8000406998B926B9C4EBC40001EB58
:10C4400080060DE0C4EBC400224901EB80000069C6
:10C450003169884204DAC4EBC4001E4901EB80064E
:10C46000641C042CE1D396B91C2005F015FE064689
:10C4700000BF1EB900BF00BF00BFFEE700BF1C2108
:10C48000304606F0EEF84FF0FF30306119E0706989
:10C49000401C7061002030613169102D01DA0120EB
:10C4A00000E028110844B0F57A7F07DA3169102DD1
:10C4B00001DA012000E02811084401E04FF47A700D
:10C4C00030617E6129467869ECF774FD00BF62E750
:10C4D000EDBF01086446002070B505460026002423
:10C4E0000DE0094800EBC4004068A84205D10648A9
:10C4F00050F83460204600F009F8601CC4B2102CDB
:10C50000EFDB304670BD0000D4460020014600201D
:10C510004A1C4AB1054A52F831000022034B43F845
:10C52000312003EBC1035A6070470000D44600205D
:10C5300070B505460E46144600BFE0886188401A73
:10C54000401C00B2012807DB00BFA0882188401AE8
:10C55000401C00B2012800DA70BD22463146284650
:10C56000EB68984700BFF7E738B504463821204606
:10C5700006F077F8FDF76BFC0090BDF80000A08096
:10C58000FDF765FC0090BDF80000E080FDF7DBF8EA
:10C590000090A01DBDF800106181FF2121730221D0
:10C5A000A173FDF7D0F80090BDF800000C34608254
:10C5B000FDF7C9F80090BDF8000020840848A0608D
:10C5C000FF2004F8090CA073A077A07584F82A0056
:10C5D000E07D20F03E001E30E0750C3C38BD0000D0
:10C5E000C07603082DE9F04FC9B081460D461446C8
:10C5F0009846539F529E287B022802DC49B0BDE832
:10C60000F08F688800B9F9E7BE4200D1F6E7B5F9C6
:10C6100002A0C24501DD0FFA88FA3BA8FFF7A4FF8C
:10C62000687B00F003008DF8EE00A86840B10020A0
:10C630008DF8EF00A8683F90287B8DF8060105E093
:10C64000287B8DF8EF002888ADF8F0002088A0EB5B
:10C65000080000B2ADF8E4006088A0EB080000B26A
:10C66000ADF8E60020884044401E00B2ADF8E80076
:10C6700060884044401E00B2ADF8EA0000BFBDF83B
:10C68000E400ADF8DC00BDF8E600ADF8DE00BDF872
:10C69000E800ADF8E000BDF8EA00ADF8E20000BF48
:10C6A000BDF8DC006988084400B2ADF8DC00BDF8D4
:10C6B000DE006988084400B2ADF8DE00BDF8E00095
:10C6C0006988401A00B2ADF8E000BDF8E200698860
:10C6D000401A00B2ADF8E2004FF0FF3B00BFBDF8DA
:10C6E000E000BDF8DC10401A401C00B2002815DD47
:10C6F00000BFBDF8E200BDF8DE10401A401C00B2D9
:10C7000000280BDD012347F6FF7237A931A8FFF798
:10C7100015FE002131A8FEF793FF8346002347F65C
:10C72000FF7239A92BA8FFF709FE00212BA8FEF7FD
:10C7300087FF2A9006F5B470B84203D007F5B470AD
:10C74000864218D147F6FF70ADF8EC0039AA3BA934
:10C750004846FFF7EDFE2A98FFF7D8FE0BF10100DF
:10C7600010B15846FFF7D2FE2BA8FFF74BFA31A8BD
:10C77000FFF748FA42E702E0A6F5B47086B2B6F5D4
:10C78000B47FF9DA02E0A7F5B47087B2B7F5B47FE9
:10C79000F9DA38B20090B4F90220B4F9001033B2DB
:10C7A0000FA8FFF785F900210FA8FEF749FF0E90AB
:10C7B000B74204DDB81BC0F5B4700D9001E0F01B6A
:10C7C0000D90D9F808000C900D983C282EDDB8F19A
:10C7D0000A0F2BDD05940FFA88F0ADF81800ADF8BC
:10C7E0001A60ADF81C705A2096FBF0F000F00300C0
:10C7F000ADF81E005A2097FBF0F000F00300ADF8F2
:10C800002000ADF822A03BA8099039A80A90CDF8E5
:10C810002C9005A8F2F7A7F905A8F2F7C8FA05A821
:10C82000F2F7EEFB05A8F2F719FD04E039AA3BA9DF
:10C830004846FFF77DFE0FA8FFF7E4F92BA8FFF7A6
:10C84000E1F931A8FFF7DEF90E98FFF75FFE2A98AD
:10C85000FFF75CFE0BF1010010B15846FFF756FEE2
:10C86000687BC0F3800000287ED00AF0FF0204AB92
:10C870000FFA88F130B2F7F7E3FBBDF8100021881A
:10C88000084400B2ADF81000BDF814002188084437
:10C8900000B2ADF81400BDF812006188084400B27F
:10C8A000ADF81200BDF816006188084400B2ADF87A
:10C8B000160004AA02A80C99E7F7D8FFD0B100230C
:10C8C00047F6FF7204A906A8FFF738FD002106A865
:10C8D000FEF7B6FE019002A8C9F8080039AA3BA9E4
:10C8E0004846FFF725FE0198FFF710FE06A8FFF760
:10C8F00089F900BF0AF0FF0204AB0FFA88F138B2E1
:10C90000F7F79EFBBDF810002188084400B2ADF88F
:10C910001000BDF814002188084400B2ADF81400DE
:10C92000BDF812006188084400B2ADF81200BDF8ED
:10C9300016006188084400B2ADF8160004AA02A8E7
:10C940000C99E7F793FFE0B1002347F6FF7204A9C3
:10C9500006A8FFF7F3FC002106A8FEF771FE019080
:10C9600002A8C9F8080000E00FE039AA3BA9484630
:10C97000FFF7DEFD0198FFF7C9FD06A8FFF742F9B2
:10C9800000BF0C98C9F8080000BF00BF36E670B5BC
:10C9900004460D461646324629462046EDF7CEF8A7
:10C9A000324629462046EDF7BEFA70BD7CB50446F6
:10C9B0000D46287E022800DC7CBDA26868462968F6
:10C9C000E7F754FF00B9F7E7E06A10B12046E16AE3
:10C9D000884729462046626B904700BFECE72DE967
:10C9E000F04F89B007460C46E06800B90026E068C1
:10C9F00020B1207C10B909B0BDE8F08F207C01285F
:10CA000001D1002600E0E6687868FAF73EFF834629
:10CA1000BA6807A82168E7F729FF00B9EBE7E9F74B
:10CA2000B5FD814638680690D9F80000C06988B91C
:10CA3000BDF91C007968B1F90010401ABDF91E104B
:10CA40007A68B2F90220891A0BFB0101069800EB03
:10CA500041000690D4F804A0BAF1000F14D0206869
:10CA6000FAF713FF8046BDF91C002168B1F90010E8
:10CA7000411ABDF91E002268B2F90220821A08FB91
:10CA800002100AEB400A01E04FF000089EB1606915
:10CA9000FAF7FBFE05466069B0F90000BDF91C100D
:10CAA000411A6069B0F90200BDF91E20821A05FB27
:10CAB0000210064400E0002578684088404202B237
:10CAC00078680088404201B207A8FAF73CFFD9F81D
:10CAD0000000C069D0B1606860B9207ECDE9016511
:10CAE0000090208903465A4607A905900698F5F755
:10CAF000B6FC46E0207E53465A4607A9CDE90080A1
:10CB0000CDE90265069810F022FB3AE06068E8B9CA
:10CB1000607E60B9207ECDE90165009020890346E2
:10CB20005A4607A905900698F5F7F4FA29E0607EC1
:10CB3000217ECDE9016500910390208903465A4684
:10CB400007A905900698F5F733FA1AE0607E58B900
:10CB5000207E53465A4607A9CDE90080CDE90265FB
:10CB6000069810F04DF90CE0607E217E53465A463F
:10CB7000CDE90081CDE90265049007A9069810F07F
:10CB8000B5F800BF37E72DE9FF4FB1B00C461746A7
:10CB9000DDF8F880319988680188ADF8BC104188CB
:10CBA000ADF8BE108188ADF8C010C188ADF8C210D4
:10CBB00000BF2FA8FFF74AF82E901C2127A805F0E8
:10CBC00050FDE07A8DF8B400207B00F00F008DF866
:10CBD000B5002E9890B9208880B96088B0F5807F24
:10CBE0000CD1B8F1040F09D1A07A38B9279734983D
:10CBF000289027A93198FFF7D9FE4EE2B8F1050F2A
:10CC000001D1032000E0022081463846FAF744FEB5
:10CC100026904FF47F40002100F47C4241EA5211FB
:10CC2000C0F3C40211431F91BDF87C20114624912A
:10CC300000252FA8FAF7AFFD23902FA8FAF72CFEB6
:10CC40008346BDF8BC00ADF88400BDF8C000ADF867
:10CC50008800BDF8BE00ADF88600BDF88600ADF8CE
:10CC60008A0021A82790208818B96088B0F5807FB5
:10CC700001D0012000E0002020902E9800287ED1D5
:10CC800020980028FBD1B8F1050FF8D1A07A002830
:10CC9000F5D1E9F77BFC1990FDF724FD1F902FA833
:10CCA000FAF7B8FD1F99884201D91F9802E02FA812
:10CCB000FAF7B0FD1E901E99480005F027FA1D9066
:10CCC0001E9805F023FA1C901C982A9021A82C90FD
:10CCD00002208DF8AC001D982890349EBDF9BE004E
:10CCE000B7F90210401A2699484300FB0966BDF9BE
:10CCF000BC00B7F90010401A00FB096600201A902A
:10CD00003BE0B24600201B9013E09AF802001C9909
:10CD1000485548B19AF800109AF8012001EB022119
:10CD20008AB21D9921F815201B98401C1B90CA44FB
:10CD30006D1C1B985845E8DB269800FB096605EB3F
:10CD40000B011E98814206D8BDF88A00401C00B233
:10CD5000ADF88A000EE027A93198FFF727FEBDF84D
:10CD60008A00401C00B2ADF88600BDF88600ADF820
:10CD70008A0000251A98401C1A90239900E019E0B7
:10CD80001A988842BDDBBDF98600BDF98A10884239
:10CD900009D0BDF88A00401E00B2ADF88A0027A96C
:10CDA0003198FFF703FE1C9805F02CFA1D9805F04A
:10CDB00029FA71E1E9F7EAFB0290FDF793FC1F9075
:10CDC0002FA8FAF727FD1F99884201D91F9802E082
:10CDD0002FA8FAF71FFD1E901E99480005F096F93E
:10CDE0001D901E9805F092F906462A9621A82C90CF
:10CDF00002208DF8AC001D98289000201C904C213A
:10CE000009A805F02EFC209828B3208800B2ADF8C0
:10CE100030006088ADF8320034980990269800B24E
:10CE2000ADF828003846FAF7B6FCADF82A008DF8C0
:10CE30003680A088ADF82C00E088ADF82E0020895F
:10CE4000ADF83400207D00F001008DF8370009A80E
:10CE5000E8F7F8FC15E034981C90BDF9BE00B7F96E
:10CE60000210411A269841431C9801FB09001C90AE
:10CE7000BDF9BC00B7F90010411A1C9801FB09006C
:10CE80001C90002007900890A07AC0F1FF00069047
:10CE9000A07AB0B122890292A07A07A9BDF8082031
:10CEA000D20A42430A80BDF80820C2F34512424329
:10CEB0004A80BDF8082002F01F0242438A8000BF6A
:10CEC00000BFB8F1040F05D1208818B96088B0F50B
:10CED000807F01D0022000E001208DF8AC002E9868
:10CEE00018B130461E9905F0F3FBBDF98600B7F97D
:10CEF0000210401A039000200490B1E0DDF870A009
:10CF00000295BDF98400B7F90010401A0190002085
:10CF100005904BE02098B8B1DDE90303184402B254
:10CF2000059B0198184401B209A8E8F700FA00909F
:10CF3000009810B90020705533E009A8807D705525
:10CF4000BDF8380025901EE0B8F1050F05D19AF81C
:10CF50000200705500B924E001E0FF2070559AF8F6
:10CF600000009AF8011000EB012080B22590B8F182
:10CF7000060F08D1BDF89400BDF89010884202D188
:10CF8000002070550DE0A07A28B107A8069A2599CF
:10CF9000FCF7F1FE2590BDF894101D9820F81510AF
:10CFA00000BF0598401C05906D1CCA440598584563
:10CFB000B0DB2E98E8B1BDF8BEC0049B63441AB242
:10CFC000BDF98410029BF0185B46FEF7EFFD009060
:10CFD000009840B902997018594605F042FB0220AA
:10CFE0008DF8AC0004E00098022801D18DF8AC0067
:10CFF00000BF26991C9801FB09001C9005EB0B0152
:10D000001E98814206D2BDF88A00401C00B2ADF8DD
:10D010008A0022E027A93198FFF7C8FCBDF88A00F2
:10D02000401C00B2ADF88600BDF88600ADF88A005D
:10D030000025B8F1040F05D1208818B96088B0F533
:10D04000807F01D0022000E001208DF8AC002E98F6
:10D0500018B130461E9905F03BFB0498401C049023
:10D06000239904988842FFF649AFBDF98600BDF9BF
:10D070008A10884209D0BDF88A00401E00B2ADF87F
:10D080008A0027A93198FFF791FC304605F0BAF8DD
:10D090001D9805F0B7F800BF00BF35B0BDE8F08FB0
:10D0A00070B506460C4625463821284605F0D9FAC3
:10D0B000094828610948E8600948A8620948E86108
:10D0C0000948686109482862094868620948E862B5
:10D0D0000948686370BD0000E5C5010889D70108EB
:10D0E0008FC90108FDD0010887CB0108F5D10108DF
:10D0F000F9D30108C5D70108DFC901082DE9F043BC
:10D1000087B005460E4690461C460023224603A9DA
:10D11000306801F07AF88146B9F1000F0ED1202C69
:10D1200009D34FF6FF00844205D042F20C0084423E
:10D1300001D000BF00BF07B0BDE8F083BDF8140008
:10D1400010B1BDF8120000B9F5E7B8F80000BDF85D
:10D150001610084400B2ADF8080030680089316844
:10D160004989401AB8F802100844BDF81410401A52
:10D17000BDF81810401A00B2ADF80A00BDF9080059
:10D18000BDF812100844A968B1F90010884217DBF5
:10D19000BDF90800A968B1F90410884210DCBDF996
:10D1A0000A00BDF814100844A968B1F902108842B9
:10D1B00006DBBDF90A00A968B1F90610884200DD56
:10D1C000B9E72146039801F011F8074617B900BFE7
:10D1D00000BFB0E70398007B00F0030008B100BF78
:10D1E00006E003AB02AA314628460097EFF7ACFAF7
:10D1F00000BFA0E72DE9F04F93B080460E461446DD
:10D200001D46708810B913B0BDE8F08F307A02283F
:10D2100000DCF8E7B4F90000B5F90010884206D147
:10D22000B4F90200B5F90210884200D1EBE7B4F975
:10D230000010B5F90020914202DAB4F9001001E0C3
:10D24000B5F90010B6F9020000EBD072A1EB620153
:10D2500009B2ADF84410B4F90010B5F900209142BC
:10D2600002DDB4F9001001E0B5F90010B6F90200D2
:10D2700000EBD07201EB620109B2ADF84810B4F9CD
:10D280000210B5F90220914202DAB4F9021001E06D
:10D29000B5F90210B6F9020000EBD072A1EB620101
:10D2A00009B2ADF84610B4F90210B5F90220914266
:10D2B00002DDB4F9021001E0B5F90210B6F902007E
:10D2C00000EBD07201EB620109B2ADF84A1011A96E
:10D2D00011A8D8F80820E7F7C9FA8246BAF1000F7A
:10D2E00000D190E7D8F808B011A8C8F80800B4F940
:10D2F0000200B5F90210884206D12B46224631467B
:10D300004046EFF7FFFB12E0B4F90000B5F900105A
:10D31000884206D12B46224631464046EFF70CFFA5
:10D3200005E02B46224631464046EFF7D7FC707A9F
:10D33000C0F3C00020B9707AC0F38000002857D035
:10D3400003A8FFF711F93088ADF8100047F6FF7019
:10D35000ADF80C00307A8DF80F00B6F902004710D6
:10D36000B07800F0010080F00109707AC0F380000D
:10D37000E0B12088C01B00B2ADF804006088C01B7B
:10D3800000B2ADF8060020883844A0EB090000B2D6
:10D39000ADF8080060883844A0EB090000B2ADF891
:10D3A0000A0001AA03A94046FFF7C2F8707AC0F349
:10D3B000C000E0B12888C01B00B2ADF80400688846
:10D3C000C01B00B2ADF8060028883844A0EB090065
:10D3D00000B2ADF8080068883844A0EB090000B23C
:10D3E000ADF80A0001AA03A94046FFF7A1F800BF63
:10D3F000C8F808B000BF06E72DE9FF4F93B090468C
:10D400001E46032E02DA17B0BDE8F08FB8F1000F08
:10D4100000D1F8E7B00004F079FE044604B9F2E761
:10D4200000201290D8F80000206000251EE038F996
:10D430002510681C38F9200081420AD108EB8500CC
:10D44000B0F90210681C08EB8000B0F902008142BC
:10D450000AD0129804EB800008EB8501096801608E
:10D460001298401C80B21290681C85B2701EA842AF
:10D47000DDDCB8F9001038F92000814208D1B8F994
:10D480000210701E08EB8000B0F9020081420BD040
:10D49000129804EB8001701E08EB800000680860A1
:10D4A0001298401C80B21290129E032E03DA20467E
:10D4B00004F0A8FEA7E7B34903C9CDE91001002590
:10D4C0003DE0BDF9400034F92510884202DABDF98B
:10D4D000400001E034F92500ADF84000BDF94200FC
:10D4E00004EB8501B1F90210884202DABDF942006D
:10D4F00003E004EB8500B0F90200ADF84200BDF98D
:10D50000440034F92510884202DDBDF9440001E0F1
:10D5100034F92500ADF84400BDF9460004EB85015F
:10D52000B1F90210884202DDBDF9460003E004EBC8
:10D530008500B0F90200ADF84600681C85B2B5421E
:10D54000BFDB139810A982680DA8E7F78FF90F9039
:10D550000F9818B9204604F055FE54E713988068D8
:10D560000C900DA913988160B4F902000B90002073
:10D570000A9001250FE004EB8500B0F902100B982A
:10D58000814206DA04EB8500B0F902000B9028B264
:10D590000A90681C85B2B542EDDB2C2106FB01F038
:10D5A00004F0B4FD099009980890DDF828A0DDF892
:10D5B00028A0D34600200790DDF828A0AAF1010793
:10D5C000002F00DA37440A9800F10109701E48451F
:10D5D00001DA4FF0000934F827100A9834F82000D7
:10D5E000081A01B2069134F829100A9834F820007C
:10D5F000081A01B2059104EB870041880A9804EBF0
:10D6000080004088081A00B2049004EB8900418829
:10D610000A9804EB80004088081A00B203900020AA
:10D620000290DDE9040100FB01F2069903984843EA
:10D63000824201DA0120029000BF029860B9AAF18B
:10D640000107002F00DA37440BF10109701E48452D
:10D650000EDA4FF000090BE00AF10107701EB84224
:10D6600000DA0027ABF10109B9F1000F00DAB1448B
:10D6700004EB8700B0F9020004EB8A01B1F9021053
:10D6800088422CDB04EB8700B0F9020004EB8A012E
:10D69000B1F9021088421ED034F9270034F92A105B
:10D6A000884218D0012104EB8700B0F90200CDE9CF
:10D6B000000134F9273004EB8A00B0F9022034F974
:10D6C0002A100898FEF7BCFBDDE90801FDF7B8FF5A
:10D6D00008982C3008900798401C0790BA46079885
:10D6E000B04200D13AE004EB8900B0F9020004EB4B
:10D6F0008B01B1F9021088422CDB04EB8900B0F9F0
:10D70000020004EB8B01B1F9021088421ED034F9FB
:10D71000290034F92B10884218D0002104EB89002D
:10D72000B0F90200CDE9000134F9293004EB8B0097
:10D73000B0F9022034F92B100898FEF781FBDDE9DF
:10D740000801FDF77DFF08982C3008900798401CD1
:10D750000790CB460798B042FFF46FAF00BF10AA06
:10D76000DDE91301FEF7E4FE0998FEF7B5FE09981E
:10D7700004F048FD204604F045FD13990C9888609C
:10D7800000BF40E6D43A030870B504460D4616467D
:10D79000324629462046F2F7FDFC3246294620460D
:10D7A000ECF7CCF9324629462046ECF7BCFB324672
:10D7B00029462046ECF7D3FC324629462046F1F7AD
:10D7C00097F870BD704770B5044600BF00BF0121D7
:10D7D000204606F08EF825464FF6FF706887012137
:10D7E000686A05F029FB00222021204600F05CFC3D
:10D7F00070BD00002DE9F04180460C462546002012
:10D8000045F8240FE86018A0A86000206860287E12
:10D8100020F0100010302876287E20F020002030E4
:10D82000287600206882A8824FF6FF70E8820020E8
:10D830002882287E20F00F00083028764FF480617F
:10D84000204605F0F9FA09A1204600F04CFB2046DD
:10D8500006F0AAFE074600F047F9286055F824694B
:10D860007462BDE8F0810000EF81B8004F70746908
:10D870006F6E20310A4F7074696F6E20320A4F70DC
:10D8800074696F6E2033000070B5044600BF00BF9E
:10D890002146044805F03DFF0546284605F0AEFF49
:10D8A000284670BD68F3040870B506460D462C4640
:10D8B000606A20B1606A06F0B1F80020606294F8F6
:10D8C0003C00C0F3001020B9206B04F0B3FC002032
:10D8D000206370BD2DE9F84F89464946584806F047
:10D8E000D1FC8046B8F1010F01D0BDE8F88F484661
:10D8F00000F073FB0546484600F0D0FB07463C4667
:10D900000E2D1BD1384606F0EDFD8346584601F03A
:10D91000D3F9064602F082FC009002F0D4FC824665
:10D92000BAF1040F09D11EB1384600F033F904E012
:10D93000208FE0863846FFF746FF7FE00F2D01D0AD
:10D94000102D03D13846FFF73EFF77E0082D07D1B1
:10D950003846EAF7CDFB8046B8F1010F6ED0C4E738
:10D960002A2D03D1384609F008FD67E0292D03D19F
:10D97000384609F002FD61E02C2D0DD1484600F03B
:10D980008AFB06460021384608F0F7F982465046E1
:10D9900000F0E8FC708051E00D2D4AD1484600F0BF
:10D9A0007AFB0678132E01D0122E13D1384600F0E0
:10D9B0008EF818B9384600F0EDF839E0E08E401CDA
:10D9C000A18E884234DAE08E401CE086384610F0A2
:10D9D000AFF82DE0142E01D0112E11D1384600F0F1
:10D9E00076F818B9384600F0D5F821E0E08E002826
:10D9F0001EDDE08E401EE086384610F099F817E0F4
:10DA00001B2E05D1208FE0863846FFF7DCFE0FE0A5
:10DA10000A2E0DD102F016FC8246BA4507D03846D0
:10DA2000EAF766FB8046B8F1010F00D05DE700BF62
:10DA300004E0152D02D14846EFF7C2FE00BF54E7BF
:10DA400068F30408014600BF00BF0A46D08E704745
:10DA50002DE9F05F81460F46924600BF00BF4D465C
:10DA60004FF0000B286B20B1286BE2F791FC804649
:10DA700003E000203870BDE8F09F002406E0286B2A
:10DA8000005D0A2801D10BF1010B641C444502D250
:10DA9000288F5845F3D100260EE0BAF1000F06D0CA
:10DAA000AAF10100B04202D800BF00BF0AE0286B13
:10DAB000005DB855761C641C444503D2286B005D9C
:10DAC0000A28EAD100BF0020B85500BFD3E770B5DF
:10DAD000044600BF00BF25460121686A08F004FB28
:10DAE00080F0010070BD000070B5044600BF00BFAB
:10DAF0002146044805F00DFE0546284605F07EFE49
:10DB0000284670BD84F304082DE9F05F83468846FB
:10DB1000404600F062FA0446182C08D041461C48E2
:10DB200006F0B0FB0546012D01D0BDE8F09F404650
:10DB300000F0B4FA0646D6F824904F46082C09D1D6
:10DB400002F06CFB824602F0AEFBF8B93046F8F703
:10DB5000D7FE1BE0012C03D13046F8F7ACFE15E0F0
:10DB6000092C06D14FF6FF707887304608F059FE31
:10DB70000CE0182C0AD14046EFF7B8FB41460448A8
:10DB800006F080FB0546012D00D0CEE700BFCCE7B4
:10DB900084F304082DE9F04F87B0054600BF00BFAD
:10DBA0002C460121284605F084F9284606F0FCFCA5
:10DBB00083465946606A09F0C1FF4FF0FF31606A41
:10DBC00008F0EEFF0121606A05F052FE00221F21DD
:10DBD000284600F069FA2846F5F7C7FF0690216B42
:10DBE000069803F0DCFF42F2D171606A0AF0E2FAB3
:10DBF00006980AF031FB606A08F019FA8346284655
:10DC000008F015FA834513DC94F83C0000F00F008F
:10DC1000042805D094F83C0000F00F00082807D134
:10DC2000284608F004FA83465946606A0AF0C2FAA8
:10DC3000069806F061FC05900021606A07F0C8FBB9
:10DC400081460021606A07F08AFF484401B20491CE
:10DC50000020D4F824B0029041F6110258460299EF
:10DC600007F0BEFF01900198484400B20390DDE93F
:10DC700004100144039808440FFA80F8464694F8CB
:10DC80003C0000F00F0794F83C0000F00F0008285B
:10DC900024D1FCF70FFD8346FCF78AFDB5F91A1075
:10DCA000314488423CDAFCF705FD8346FCF780FDF1
:10DCB000B5F91A10411AB5F91600814204DA0427A1
:10DCC000E88A401E06B22BE0FCF7F4FC8346FCF722
:10DCD0006FFD698B401A401E06B221E094F83C00AB
:10DCE00000F00F0004281BD1B5F91600801B17D5D2
:10DCF000FCF7E0FC8346FCF75BFDB5F91A10411A0E
:10DD0000B5F91600814209DD0827FCF7D3FC8346EC
:10DD1000FCF74EFD698B401A06B201E0B5F91660BA
:10DD2000464500DD46463146606A09F0CAFE28468F
:10DD30000FF0FEFE082F08D10020009000230D22D6
:10DD40002946606A05F038F91FE0042F08D1002049
:10DD5000009000230A222946606A05F02DF914E09C
:10DD6000012F08D100200090002310222946606A6C
:10DD700005F022F909E0022F07D1002000900023CE
:10DD800013222946606A05F017F9606A0AF064FAFE
:10DD900094F83C0000F00F00012805D094F83C00F6
:10DDA00000F00F0002281FD1606A08F06CF90290A1
:10DDB000606A08F08BF98346FCF77CFC0190FCF765
:10DDC000F7FC58450FDCFCF775FC0090FCF7F0FC05
:10DDD000ABEB00010298401A401E00B20190606A4D
:10DDE00001990AF019FA00BF0021226B069805F08C
:10DDF00061FC82465046BAF1010F04D0022810D0CF
:10DE0000032807D000BF00231A460121069805F019
:10DE1000C1F80DE000231A460321069805F0BAF870
:10DE200006E000231A460921069805F0B3F800BF62
:10DE300000BF07B0BDE8F08F2DE9F04107460D4661
:10DE400000BF00BF00BF1DB900BF00BF00BFFEE79D
:10DE500000BF3C460020A086002606E0A85D0A28F8
:10DE600002D1A08E401CA086761CA85D0028F5D1AA
:10DE7000A08E401CA0860020E08620872846E2F77E
:10DE800087FA00F10108206B48B194F83C00C0F318
:10DE9000001020B9206B04F0CDF90020206340462B
:10DEA00004F0FAF8206300BF206B18B900BF00BF70
:10DEB00000BFFEE700BF206B08B9BDE8F08129462E
:10DEC000206BE2F787FA94F83C0020F0100084F809
:10DED0003C00384608F0A5FC606A10B1606A08F0A2
:10DEE000A0FC00BFE9E72DE9F04107460D4600BF61
:10DEF00000BF00BF1DB900BF00BF00BFFEE700BFED
:10DF00003C460020A086002606E0A85D0A2802D133
:10DF1000A08E401CA086761CA85D0028F5D1A08E9E
:10DF2000401CA0860020E086208794F83C00C0F3C7
:10DF3000001030B9206B20B1206B04F07BF9002079
:10DF4000206394F83C0020F01000103084F83C006E
:10DF50002563384608F065FC606A10B1606A08F015
:10DF600060FCBDE8F08170B506460D4600BF00BFFD
:10DF70003446E08EA84200D170BDA08EA84201DDDB
:10DF8000284601E0A08E401EE086E08E20873046C5
:10DF900008F047FC00BFEFE770B505460C464FF4AC
:10DFA0008061204605F064FC0421204605F060FCF9
:10DFB0004FF40031204604F03FFF0121204604F0D9
:10DFC0003BFF204602F03CFD70BD30B504460B46D9
:10DFD000586A02460025556230BD0146087A20F095
:10DFE0008000704701464868704700B50246107AC5
:10DFF00015280ED0107A14280BD0107A162808D0C5
:10E00000107A182805D0107A172802D0107A19280B
:10E0100003D1104600F03FF800BD00BF00BF002054
:10E02000FAE700B50246107A01282CD0107A0228AF
:10E0300029D0107A032826D0107A042823D0107A09
:10E04000052820D0107A06281DD0107A07281AD06B
:10E05000107A082817D0107A092814D0107A0A28C4
:10E0600011D0107A0B280ED0107A0C280BD0107A11
:10E070000D2808D0107A0E2805D0107A0F2802D06B
:10E08000107A102803D1104600F005F800BD00BF3B
:10E0900000BF0020FAE7014608697047014608689A
:10E0A00070470146C8687047F0B587B004460D4612
:10E0B000164614B9012007B0F0BD00BF00BF0094A0
:10E0C00001948DF808500020039004969DF81800E4
:10E0D00020F001008DF818009DF8180020F00400D1
:10E0E0008DF818009DF8180020F002008DF8180037
:10E0F0000748006805900649C1F800D06846F3F764
:10E100004EFE07460249059808603846D3E70000EE
:10E110009400002010B503460C46187A13280DD140
:10E120001846FFF7B8FF0246B2F90000A04202DD30
:10E13000B2F9000000E02046108001E000BF00BFFF
:10E1400010BD10B500F006F800F08EFC00F05AF992
:10E1500010BD000010B500210D4803F03FFD0D4932
:10E1600008600CF0DDF80C4908800CF0D9F840F498
:10E1700080500A4908800CF0D3F840F480500849D8
:10E1800008800CF0CDF840F480500649088010BD9E
:10E19000992C0108F0000020F4000020F600002077
:10E1A000F8000020FA0000202DE9F04106460F4655
:10E1B000092F00D12027346939463046F5F7F8F9A0
:10E1C000054615B90020BDE8F081606800EBC50880
:10E1D000608A800B30B92068D8F80010C1F31301B1
:10E1E0000844F0E700BF00BF0020ECE770B504462C
:10E1F0000D4600BF1CB900BF00BF00BFFEE700BF57
:10E20000294620466268904770BD2DE9F0470646D2
:10E210000D469046994600BF1EB900BF00BF00BF23
:10E22000FEE700BF00BF1DB900BF00BF00BFFEE793
:10E2300000BF00202860344600270FE04B464246CE
:10E2400029462046D4F800C0E04707462FB1A87BF6
:10E25000C0F3001008B92C6002E06469002CEDD115
:10E2600000BF3846BDE8F0872DE9FF4F83B00C466C
:10E2700091464FF0000AB9F1090F03D14FF0200980
:10E280004FF0010A0398066949460398F5F790F99B
:10E2900007461FB9002007B0BDE8F08F4FF0000B14
:10E2A000F06868B106990398F5F782F90190019832
:10E2B00028B13946019A0398F5F706FB834600BF5B
:10E2C000706800EBC705308A00FB0BF0001102906C
:10E2D00028684FEA1058BAF1000F01D04FEA4808F9
:10E2E0000298804408F108004FEA1018A4F804804E
:10E2F000687920812879E08095F90600608195F998
:10E300000700A081708A400AA17B60F30301A1731A
:10E31000A07B20F01000A073BAF1000F05D0E088B8
:10E320004FF6FF7101EA4000E0800120B3E72DE9DC
:10E33000FF4105460E46174600BF1DB900BF00BF8E
:10E3400000BFFEE700BF3B46324669462846FFF75E
:10E350005CFF044624B1BDF8040004B0BDE8F081C0
:10E360000020FAE70146B1F9080070470146B1F90B
:10E37000080070470146B1F9080070470146B1F93D
:10E380000800704770B50446606808B90B2070BD7E
:10E390006068C06808B90920F9E7D4E90010C268CC
:10E3A000904705466068408858B1A06848B1A068A9
:10E3B000C06818B1A168C86803F03CFFA06803F00A
:10E3C00039FF002020606060A0602846DFE710B5BC
:10E3D00004463021204604F044F910BD70B50546CE
:10E3E0000748E7F7CDFD044600BF1CB900BF00BFDA
:10E3F00000BFFEE700BF04B970BD256000BFFBE7AA
:10E400007C45002010B5F4F7E9FE0F48FFF7DFFF69
:10E4100030200D490870002048800C4888600C4866
:10E42000C8600C4808610C4848610C4888610C4879
:10E43000C8610C4888620C4808620C48486208466B
:10E44000FFF7CCFF10BD0000DC440020DF310108E5
:10E45000C5310108E5310108FD310108EF3101083E
:10E46000F7310108CB310108D1310108D73101085A
:10E4700070B505460948E7F750FD04460AE02068F4
:10E480000078A84201D1206870BD21460348E7F713
:10E490005CFD0446002CF2D10020F5E77C4500200D
:10E4A00070B505462846E1F773FF04460EE0285D87
:10E4B0002E2802D1601C284470BD285D2F2802D070
:10E4C000285D5C2801D103A0F6E7641E002CEED184
:10E4D00000A0F1E700000000401C01783A2900D1BB
:10E4E000401C70472DE9F04705460F46914627B975
:10E4F00000BF00BF0B20BDE8F08797F800804046C2
:10E50000FFF7B6FF04461CB900BF00BF0320F2E7C7
:10E51000606838B120466168884718B900BF00BFFD
:10E520000120E8E7A06818B900BF00BF0920E2E7B2
:10E530003846FFF7D1FF82464A4651462046A36837
:10E54000984706460EB1701C08B90C20D3E76C60E2
:10E550002E60608878B1102003F09EFDA86000BF97
:10E56000A86818B900BF00BF00BFFEE700BF1021B8
:10E57000A86804F076F80020BDE72DE9FC410446C8
:10E580000F4690461D460DB100202860606810B906
:10E590000B20BDE8FC816068006908B90920F8E734
:10E5A000002001906068408838B101AB424639468E
:10E5B000204600F011F8064609E001A80090D4E9D1
:10E5C000001043463A46D0F810C0E04706460DB169
:10E5D000019828603046DCE72DE9F04F87B004460B
:10E5E0000F4615469A4600200690A068D0F808B05D
:10E5F000A06800680590A06840680490A068D0F802
:10E600000C806068B0F80290059858454AD8049884
:10E61000834547D20598ABEB000080B20390039886
:10E62000A9EB000086B2B54207D8039808EB0001B9
:10E630002A46384603F087FE33E0039808EB0001D2
:10E640003246384603F07FFE4D450AD9AB1BBA1956
:10E65000CDF800A0D4E90010D0F810C0E047069033
:10E660001FE00020029002A80090D4E900104B4661
:10E670004246D0F810C0E0470690A0684068401CB1
:10E68000A1680860A068006802990844A168486011
:10E69000A81B80B20190B8194146019AE1F736FEF5
:10E6A00000BF39E04D4509D9CDF800A0D4E90010EC
:10E6B0002B463A460669B04706902DE0B8F1000FA8
:10E6C00010D1484603F0E8FCA168C86000BFA0680C
:10E6D000C06818B900BF00BF00BFFEE700BFA06858
:10E6E000D0F80C800020039003A80090D4E900101B
:10E6F0004B4642460669B0470690A068C0F800B095
:10E70000A068006803990844A16848602A46414609
:10E710003846E1F7FBFD00BF069830B9CAF8005053
:10E72000A06880682844A1688860069807B0BDE8A2
:10E73000F08FF8B504460D461746606808B90B20FF
:10E74000F8BD6068806908B90920F9E700266068AB
:10E75000408800284ED027B1012F1AD0022F48D16F
:10E7600032E0A0688560A0688068A1680968884276
:10E7700005D3A0688068A1684968884208D9A36861
:10E780009A68D4E900100023D0F818C0E047064684
:10E790002FE0A06880682844A1688860A06880682D
:10E7A000A1680968884205D3A0688068A1684968A3
:10E7B000884208D9A3689A68D4E900100023D0F8E9
:10E7C00018C0E047064614E0D4E900103B462A464C
:10E7D000D0F818C0E047064656B9D4E900106A469A
:10E7E000C3699847064616B90098A168886000BFBB
:10E7F00000BF07E0D4E900103B462A46D0F818C015
:10E80000E047064630469BE72DE9F04F87B00446C7
:10E810000E461746A07870434FEA202A574507DC7A
:10E8200020880690BDF81810084607B0BDE8F08FA4
:10E83000207A401E04EB8000807870434FEA202B42
:10E840005F4509DB207A401E04EB800000880690BB
:10E85000BDF818100846E8E70020039001252AE0DB
:10E8600004EB850080787043001201900198874284
:10E870001FDC681E04EB800000880090FBF7BAFAEA
:10E88000059004EB850000880090FBF7B3FA049034
:10E89000681E04EB8000807870434FEA202A04EB66
:10E8A0008500807870434FEA202BABEB0A00039081
:10E8B00004E0681CC5B2207AA842D1DC00BFA7EBF7
:10E8C0000A0007B2C7EB0721039891FBF0F000F0B4
:10E8D000FF08C8F1FF099DF8100000FB08F09DF843
:10E8E000141001FB090000EBC01101EBC030800ED9
:10E8F000BDF8081060F3040102919DF8110000FBBF
:10E9000008F09DF8151001FB090000EBC01101EBA8
:10E91000C030400EBDF8081060F34A1102919DF816
:10E92000120000FB08F09DF8161001FB090000EB37
:10E93000C01101EBC030800EBDF8081060F3CF218C
:10E940000291BDF8081008466FE710B504466068EC
:10E95000C00F10B1204603F06DFC10BD2DE9FE4341
:10E9600005460E461746687A00F0070010B90020E9
:10E97000BDE8FE832848007828B9002000F050F850
:10E98000012025490870687A00F00700022801D1AB
:10E99000304600E038468046324641462846EAF78F
:10E9A000D0FD02900020019001AA02A91B48F7F7B0
:10E9B00057FC01280AD101984068401C0199496818
:10E9C00060F31D01019841600198D1E73A46314654
:10E9D0002846E8F7C1FE0190019818B900BF00BFB2
:10E9E0000198C5E7002410E00198B0F90E10224606
:10E9F0002846FFF709FF00900198806800EB44006B
:10EA0000BDF800100180601C04B20198B0F90E003E
:10EA1000A042E9DC0198ABE7CC0000201B250108EF
:10EA200010B504460D48006803F004FC204603F0CE
:10EA300033FB0A4908600A49086000BF07480068BC
:10EA400018B900BF00BF00BFFEE700BF2146034862
:10EA5000006803F006FE0348046010BD1C0200209D
:10EA6000C8000020C400002010B50021204803F099
:10EA7000B5F8204908600BF053FC40F480501E4963
:10EA800008800BF04DFC40F480501C4908800BF0CE
:10EA900047FC40F480501A4908800BF041FC40F4D8
:10EAA0008050184908800BF03BFC40F48050164918
:10EAB00008800BF035FC40F48050144908800BF0BE
:10EAC0002FFC40F48050124908800BF029FC40F4E0
:10EAD0008050104908800BF023FC40F480500E4910
:10EAE00008800BF01DFC40F480500C49088010BDDC
:10EAF0002B460108D8000020DC000020E0000020A8
:10EB0000DE000020E2000020EC000020EA000020EF
:10EB1000E6000020E4000020E8000020EE000020D5
:10EB20002DE9F04107460C460FB9BDE8F08100BF62
:10EB300000BF3846E7F7F1F906460AE03068A04220
:10EB400002D100BF00BFF0E731463846E7F7FDF9D4
:10EB50000646002EF2D1204605F0C4FC8046B8F1EE
:10EB6000000F0DD0A068806850B1A0688068C068B0
:10EB70000068A04204D1404600F0B7F800BF00BFD3
:10EB8000A06810B9204604F051FCA06887603846A0
:10EB9000E7F716FA054600BF1DB900BF00BF00BF6A
:10EBA000FEE700BF05B9C0E72C603846E7F7B5F9C6
:10EBB000A84202D1384600F098F800BF00BF00BF5D
:10EBC000B3E7000010B50446024A03492046F4F7B3
:10EBD00031FA10BD4B5F00081B5F00082DE9F041C2
:10EBE00006460EB9BDE8F081304605F07BFC0446D0
:10EBF00004B9F7E7207E00F0010000B1F2E7002140
:10EC0000204600F0FCF82046E7F787F905463CE08F
:10EC10002868B04234D1E068B0B1E0680068B04222
:10EC200012D02046F4F7D1FD8046E16842460868DC
:10EC30000F21FFF739FA0746012F00D0D2E7E1682C
:10EC4000086807F0EEFD00BFE560E068B8B1206934
:10EC500010B12046216988472046F4F7B6FD80466A
:10EC6000E168424608680E21FFF71EFA0746012FA9
:10EC700000D0B7E7E168086807F0D3FD00BF06E001
:10EC800029462046E7F761F90546002DC0D100BFAF
:10EC900000BFA7E710B50446024A03492046F4F72F
:10ECA000C9F910BD595F0008655F00080148006898
:10ECB000704700009C000020014609B90020704701
:10ECC000087EC0F34000FAE7014609B9002070470A
:10ECD000C86808B90020FAE7C8680068F7E710B507
:10ECE00004462046E7F71FF910BD70B50446207EA4
:10ECF000C0F3C005207E20F0080008302076207E7A
:10ED0000C0F3800018B92046FFF75CFF06E0207EC4
:10ED1000C0F3800010B12046FFF7BCFF207E65F3F2
:10ED2000C300207670BD2DE9F0410546284605F068
:10ED3000D9FB04460CB9BDE8F08100BF00BFE06814
:10ED400008B3E0680068A84221D1207E00F00100ED
:10ED500018B1207E20F0010020762046E7F7DDF88C
:10ED6000E168884210D12046E7F7FCF8E168884264
:10ED70000AD12046F4F729FD0746E1683A460868BB
:10ED80000F21FFF791F902E02046FFF7AEFFE068A0
:10ED900028B1E0680068A84201D10020E060204668
:10EDA000E7F7BBF8064614E03068A8420CD13146BC
:10EDB0002046E7F731F9304603F03CFAA86810B175
:10EDC0000020A968886006E031462046E7F7BDF8D4
:10EDD0000646002EE8D100BF00BF00BF00BFAAE773
:10EDE00073B505462846FFF76FFF04460CB90120AE
:10EDF0007CBD01AA0D212046FFF756F9F8E72DE961
:10EE0000F04704460D460CB9BDE8F0872E46207E3B
:10EE1000C0F340003546A84200D1F5E7207E66F3F6
:10EE2000410020762046FFF74FFF074697B1204666
:10EE3000F4F7CBFC8146E1684A4608680E21FFF7EB
:10EE400033F98046B8F1010F00D0DDE7384607F00E
:10EE5000E8FC00BF00BFD7E72DE9FF4303469C68ED
:10EE6000187800F01F0005280DD11868C0F38A201B
:10EE7000504300EB400001EB41068519A81C205CC3
:10EE800004B0BDE8F083187800F01F000B281BD1F8
:10EE900001F00705C9101868C0F38A20C01DC01012
:10EEA00000FB0216A05DC5F107084FF0010C0CFA3B
:10EEB00008FC00EA0C00C5F1070C40FA0CF70FB192
:10EEC0000020DDE7FF20DBE7187800F01F000C28AA
:10EED0001CD12CA0006803908807450F8910186882
:10EEE000C0F38A20C01C801000FB0216A05DC5F193
:10EEF00006084FF0030C0CFA08FC00EA0C00C5F100
:10EF0000060C40FA0CF703A8C05DB9E7187800F0CA
:10EF10001F000D2826D10FF27009D9E901C8D9F8D0
:10EF20000000D9F80C90CDE901C8CDF80C90009004
:10EF3000C807450F49101868C0F38A20401C4010CC
:10EF400000FB0216A05DC5F104084FF00F0C0CFA8F
:10EF500008FC00EA0C00C5F1040C40FA0CF71DF89F
:10EF600007008DE7187800F01F000E2806D11868FA
:10EF7000C0F38A2000FB0215605D81E700BFFF201F
:10EF80007EE700000055AAFF001122334455667742
:10EF90008899AABBCCDDEEFF2DE9FF4383B0044680
:10EFA0000D46174600BF0020014602464FEAD20C2C
:10EFB000BDF800306CF304034FEA910C0093BDF8E8
:10EFC00000306CF34A134FEAD00C0093BDF80030C8
:10EFD0006CF3CF230093BDF800C063460193BDF8E6
:10EFE000041008460290A668207800F01F0004284C
:10EFF00009D0207800F01F00062804D0207800F007
:10F000001F00052815D1217801F01F0000F090F8AD
:10F010004FEAE0082068C0F38A20784300FB08F03C
:10F0200005FB080906EB0901022202A803F0C7FA52
:10F0300078E0207800F01F00072816D1083605F088
:10F040000700ED102268C2F38A22D21DD21002FB03
:10F050000751725CC0F1070C012303FA0CF31A404C
:10F06000C0F107031A4102925CE0207800F01F0013
:10F07000082816D11036AA07500FAD102268C2F327
:10F080008A22D21C921002FB0751725CC0F1060C5E
:10F09000032303FA0CF31A40C0F106031A4102924B
:10F0A00040E0207800F01F00092816D14036EA071A
:10F0B000500F6D102268C2F38A22521C521002FBBC
:10F0C0000751725CC0F1040C0F2303FA0CF31A40D1
:10F0D000C0F104031A41029224E0207800F01F00DE
:10F0E0000A2809D106F580662168C1F38A2101FB4F
:10F0F0000750315C029115E0207800F01F000B28CA
:10F100000ED0207800F01F000C2809D0207800F0E5
:10F110001F000D2804D0207800F01F000E2801D118
:10F1200006980290BDF80810084607B0BDE8F083C5
:10F13000014600200F291DD2DFE801F008091C1C40
:10F140000B0E0C101316191114171A0000BF002013
:10F1500012E000BF10200FE018200DE000BF0120DA
:10F160000AE000BF022007E000BF042004E000BF67
:10F17000082001E0002000BF00BF704701460020CA
:10F180008A1E0D2A13D2DFE802F0081212071209B4
:10F190000A0B0C0D0E0F100000BF00BF00BF00BF18
:10F1A00000BF00BF00BF00BF00BF012001E0002082
:10F1B00000BF00BF704701460020032902D0062986
:10F1C00002D100BF012001E0002000BF00BF704756
:10F1D00070B506460C462546002045F8240F287DCC
:10F1E00020F00300C01C2875287D20F07C002875C5
:10F1F000204606F01CFF2881204605F07DF9688135
:10F200000020A8814FF480706882287D20F0800063
:10F21000803028750020A880243D002169856886FB
:10F22000A98685F839000221204604F021FB4FF41D
:10F230008031204603F000FE70BD000070B504462A
:10F2400000BF00BF2146044804F063FA0546284683
:10F2500004F0D4FA284670BDA0F3040870B5064641
:10F260000D466C6AA4B1287C012802D12046FFF724
:10F2700089F8E06810B1E06802F0DCFF206910B1A5
:10F28000206902F0D7FF204602F0D4FF0020686218
:10F2900070BD00002DE9FF4781460D461446284603
:10F2A00000F05AFF0746E7B9287800F01F0104294B
:10F2B00001DB0E2903DD002004B0BDE8F0872868DB
:10F2C000820A206862F3942020602868420D20683A
:10F2D00062F35F5020602878226860F304022260A5
:10F2E00049E0012F30D12846FFF7DAF8804623A104
:10F2F000E1F755F808B10020DEE70222294601A80F
:10F30000FFF7F0F8064696B96B460422214601A89D
:10F31000FFF733F9064601A8FFF734F816B900984D
:10F32000042803D000BF00BF0020C5E700BF20783D
:10F3300000F01F00042804DB207800F01F000E28D6
:10F3400001DD0020B8E716E0022F10D1012120686E
:10F3500061F3942020602068C0F3140000F50010D1
:10F360002060206820F01F000B30206003E000BF09
:10F3700000BF0020A0E701209EE7000062696E0048
:10F380002DE9FF4F8DB004460D4691466BA00068F5
:10F390000C906BA000680B906AA30FCB07AE0FC652
:10F3A00020890690002610E0BDF81800C1B206EBD7
:10F3B00046021A988154BDF81800020A06EB46006E
:10F3C000401C1A990A54701C06B210988642EBDB56
:10F3D00000200590217D01F01F00FFF7A9FE824665
:10F3E000012101FA0AF0401E80B2049000274FF07C
:10F3F000000800200390207D00F01F000B2806D09D
:10F400000C2816D00D2827D00E2841D137E060698E
:10F41000C0F38A20C01DC71007FB09F000EBE50010
:10F42000804405F00700C0F1070003900CA8059088
:10F430002EE06069C0F38A20C01C871007FB09F02A
:10F4400000EBA500804405F003000621A1EB40007D
:10F4500003900BA805901BE06069C0F38A20401C54
:10F46000471007FB09F000EB6500804405F0010040
:10F470000421A1EB8000039007A8059008E06069D3
:10F48000C0F38A2707FB095080440020039000BF87
:10F4900000BF606A0290384602F038FE8346BBF136
:10F4A000000F03D1002011B0BDE8F08F00200190C3
:10F4B000207C20B960688168414401910DE0002200
:10F4C00008F104010298FFF734F900233A4659463F
:10F4D0000298FFF752F8CDF804B0002625E0019914
:10F4E0000978039A1141049A01EA0200217D01F092
:10F4F0001F010E2901D1024601E005990A5C06EBC5
:10F500004601891C1A9B5A540399A1EB0A0149B27E
:10F5100003910399002906DACAF1080149B203915F
:10F520000199491C0191701C06B210988642D6DBE5
:10F53000584602F067FE0120B5E7000000FF00001A
:10F540000055AAFF00112233445566778899AABB5B
:10F55000CCDDEEFF2DE9FF4F85B004460E46914607
:10F56000217D01F01F00FFF7E3FD049001210498C5
:10F5700001FA00F0401E80B20390002700200290A4
:10F580000025207D00F01F00072806D0082815D090
:10F59000092825D00A2840D134E06069C0F38A20C8
:10F5A000C01DC71007FB09F000EBE6000544083555
:10F5B00006F00700C0F1070002902EE06069C0F37A
:10F5C0008A20C01C871007FB09F000EBA600054449
:10F5D000103506F003000621A1EB400002901CE06C
:10F5E0006069C0F38A20401C471007FB09F000EB5C
:10F5F00066000544403506F001000421A1EB8000BF
:10F6000002900AE06069C0F38A2707FB096005449D
:10F6100005F580650020029000BF00BFD4F824B03B
:10F62000384602F073FD8246BAF1000F03D1002084
:10F6300009B0BDE8F08F00200190207C20B96068FF
:10F640008168294401910CE00022291D5846FFF7EA
:10F6500070F800233A4651465846FEF78EFFCDF823
:10F6600004A04FF0000837E001990978029A11418F
:10F67000039A01EA0200DBF80C1001EB4001098853
:10F680000091BDF80010CAB208EB48031299CA54A1
:10F69000BDF800100B0A08EB4801491C129A53549C
:10F6A000DBF810100B5C08EB4801891C129A5354CC
:10F6B000049A0299891A49B202910299002907DA3B
:10F6C0000499C1F1080149B202910199491C0191C3
:10F6D00008F101000FFA80F808988045C4DB504615
:10F6E00002F090FD0120A3E72DE9FC5F04460E46E1
:10F6F00017469846606A0190217D01F01F00FFF7D0
:10F7000017FD82466069C0F38A2007FB006000FB9A
:10F710000AF04FEAE00B0BF1040B00225946019866
:10F72000FFF707F88146B9F1000F04D000BF00BF12
:10F730000020BDE8FC9F4FEAEA0000FB08F500202E
:10F7400000906B462A460C990198FEF716FF8146F9
:10F75000B9F1000F02D10098854203D000BF00BF6D
:10F760000020E6E70120E4E72DE9FE4F82460C4643
:10F77000207C012843D16068FEF792FE804680A17C
:10F78000E0F70DFE10B10020BDE8FE8F02226846B2
:10F790006168FEF7A7FE06461EB100BF00BF00204D
:10F7A000F2E7606AC0B9142002F076FC606200BF24
:10F7B000606A18B900BF00BF00BFFEE700BF606A03
:10F7C00030B900BF00BF6846FEF7DCFD0020DBE774
:10F7D0001421606A02F045FF676A38466A460C21C8
:10F7E0000346944607E09CF8008083F800805B1C89
:10F7F0000CF1010C491E0029F5D100BF06E0207C68
:10F8000020B96068806808B90020BDE7207D00F05D
:10F810001F05042D03D0052D01D0062D08D1207C15
:10F8200020B960688068A0610120ADE70120ABE7E6
:10F83000072D05D0082D03D0092D01D00A2D70D138
:10F840002846FFF775FC8346012000FA0BF8606A32
:10F85000A8B9142002F020FC606200BF606A18B9E9
:10F8600000BF00BF00BFFEE700BF606A18B900BF5D
:10F8700000BF002088E71421606A02F0F2FE666A89
:10F880004FEA480002F008FCF06000BFF06818B9C9
:10F8900000BF00BF00BFFEE700BF404602F0FCFB18
:10F8A000306100BF306918B900BF00BF00BFFEE77C
:10F8B00000BFF06808B1306938B900BF00BF214609
:10F8C0005046FFF7CBFC00205EE7207C012823D1C7
:10F8D000002204213046FEF72CFF002719E0002308
:10F8E000042202A93046FEF748FE9DF808209DF844
:10F8F00009109DF80A00FAF7C4F80190F06800EBCF
:10F900004700BDF8041001809DF80B003169C8550F
:10F910007F1C4745E3D31FE06068D0F808900027BC
:10F9200017E01BE019F8272009EB8703597809EB4A
:10F9300087039878FAF7A5F80290F06800EB470083
:10F94000BDF80810018009EB8700C0783169C855FF
:10F950007F1C4745E6D300BF012015E70B2D05D0DE
:10F960000C2D03D00D2D01D00E2D01D101200BE760
:10F9700021465046FFF772FC00BF00BF002003E79E
:10F9800062696E002DE9F84F82460C4616461F4606
:10F99000DDE90A854FF00009207D00F01F000428F2
:10F9A00009D0207D00F01F00052804D0207D00F044
:10F9B0001F0006280BD1207C012847D143463A4638
:10F9C000314620460095FFF78FFE81463EE0207DC0
:10F9D00000F01F000B280ED0207D00F01F000C2827
:10F9E00009D0207D00F01F000D2804D0207D00F0FC
:10F9F0001F000E2808D143463A463146204600955E
:10FA0000FFF7BEFC814621E0207D00F01F000728A3
:10FA10000ED0207D00F01F00082809D0207D00F0C6
:10FA20001F00092804D0207D00F01F000A2808D1FB
:10FA300043463A46314620460095FFF78BFD814606
:10FA400004E000BF00BF0020BDE8F88F4846FBE798
:10FA500010B50446206870B12068C06818B12068ED
:10FA60002146C2689047207C012804D1606802F0DA
:10FA7000E1FB0020606010BD10B50A48E6F780FA8F
:10FA8000044600BF1CB900BF00BF00BFFEE700BFB7
:10FA90000CB9002010BD1421204602F0E2FD2046E2
:10FAA000F8E70000A04500202DE9F04105460E468C
:10FAB0000421304602F0D5FD15B90020BDE8F081E3
:10FAC000284600F049FB07462FB92946886808B93F
:10FAD0000020F3E700BF4FF000080D48E6F71DFADD
:10FAE000044610E0206848B1324629462046236883
:10FAF00098478046B8F1010F00D106E0214604483E
:10FB0000E6F723FA0446002CECD100BF4046D5E7C7
:10FB1000A04500202DE9FF4704460E4699462821BE
:10FB2000204602F09EFD1EB9002004B0BDE8F0871B
:10FB3000304600F011FB07462FB93146886808B9F6
:10FB40000020F2E700BFBDF8080020812774C4F848
:10FB50000C90207C01281BD13046E0F719FC82462E
:10FB60000AF1010002F098FA606000BF606818B9FD
:10FB700000BF00BF00BFFEE700BF606818B900BF4C
:10FB800000BF0020D1E731466068E0F723FC00E0C9
:10FB900066604FF000081D48E6F7BFF905462AE009
:10FBA000286808B1686800B920E004F11402314601
:10FBB00028462B6898478046B8F1010F00D015E021
:10FBC0002560214628466A6890478046B8F1010FB3
:10FBD00001D14046A9E7042104F1140002F041FDDF
:10FBE00000202062A0616062E06100BF29460748F2
:10FBF000E6F7ABF90546002DD2D1207C012802D1D1
:10FC0000606802F017FB40468FE70000A045002027
:10FC10002DE9FC4704460D4616461F46DDF82880B0
:10FC20004FF000092068806848B1CDE9007820686D
:10FC300033462A462146D0F808C0E0478146484668
:10FC4000BDE8FC87C1607047016070474160704744
:10FC50008160704770B506460D462C4694F8380012
:10FC600000F00300012805D094F8380000F00300EC
:10FC700002280BD1606A02F0DDFA0020606294F87D
:10FC8000380020F00300C01C84F8380070BD00006C
:10FC90002DE9F34F85B00698FEF79FF90646152E1D
:10FCA0000CD0182E0AD0A248069904F0EBFA0546AB
:10FCB000012D02D007B0BDE8F08F00BF0698FEF717
:10FCC000EDF9804644462A2E0ED194F8380000F013
:10FCD0000300022804D14046616A00F058F925E18A
:10FCE000404607F01BFB21E1132E7AD10698FEF760
:10FCF000D2F905460021404606F031F98146E08EF2
:10FD000000FB09F000120FFA80F90021404606F0CE
:10FD1000E5F88246208E50440FFA80FABAF1000FBF
:10FD200002D1B9F5807F5BD0404606F080F983466A
:10FD3000404604F0E1FB029004F132001FFA89F121
:10FD40005346CDE90010594603A8029AE5F738F961
:10FD5000B5F90070B5F90000BDF90C10791A8842A8
:10FD600002DDB5F9000002E0BDF90C00381A00B25E
:10FD70002880B5F90000BDF90E10791A884202DD1D
:10FD8000B5F9000002E0BDF90E00381A00B2288073
:10FD9000B5F90000BDF910103944A1EB0B01884200
:10FDA00002DDB5F9000004E0BDF910003844A0EB15
:10FDB0000B0000B22880B5F90010BDF91200C2197D
:10FDC0000298101A814203DDB5F9000005E008E051
:10FDD000BDF91200C1190298081A00B2288000BFAC
:10FDE000A4E0112E75D10698FEF755F905460021BD
:10FDF000404606F0B4F80746E08E7843001207B29A
:10FE00000021404606F06AF88146208E48440FFAE9
:10FE100080F9404606F00BF9B4F92C10884259D10C
:10FE2000404604F069FBB4F92E10884252D1B7F570
:10FE3000807F14D1B9F1000F11D1B4F92CB00BEBC4
:10FE4000DB704010B4F93210884208D1B4F92EA00A
:10FE50000AEBDA704110B4F9340081423AD04046DE
:10FE600006F0E5F88246404604F046FB834604F17E
:10FE70003200B9B24B465A46CDE90010514603A8AC
:10FE8000E5F79EF8BDF80C00B8F81410084400B26D
:10FE9000ADF80C00BDF80E10B8F81600084400B21A
:10FEA000ADF80E00BDF81000B8F81410084400B208
:10FEB000ADF81000BDF81210B8F81600084400B2F2
:10FEC000ADF81200002203A82968E4F7E6FD2871C6
:10FED0000BE00BE003A9404604F021FA002203A83E
:10FEE0002968E4F7DAFD287100BF1FE02C2E14D139
:10FEF0000698FEF7D0F8054694F8390000F00300A4
:10FF0000012805D1404600F015F80490286003E070
:10FF1000A08D2880E08D688008E0152E03D0182E73
:10FF200001D0122E02D10698EBF772FC00BFC1E699
:10FF3000A0F30408F0B585B004462546002120460C
:10FF400006F00DF80646E88E7043061200212046A2
:10FF500005F0C4FF0746288E074405F13200B1B210
:10FF6000CDE90010B5F92E20B5F92C103BB202A84E
:10FF7000E5F726F802A8F7F7C7FCADF8100002A8CD
:10FF8000F7F73AFCADF81200049805B0F0BD2DE982
:10FF9000F04F85B00546884600BF00BF284606F0F2
:10FFA00040FC404600F0D8F806462C46032E1CD1F3
:10FFB00000BF00BF94F8380000F00300022805D00D
:10FFC00094F8380000F00300012802D1606A02F0C2
:10FFD00031F90020606294F8380020F00300C01C62
:10FFE00084F8380005B0BDE8F08F04A94046FFF75B
:10FFF0005BFD8EB994F8380000F00300012805D0AD
:020000040802F0
:1000000094F8380000F00300022802D1606A02F080
:1000100011F9C4F8248034E0012E01D0022E30D131
:10002000606A40452DD04FF0000994F8380000F088
:100030000300012805D094F8380000F003000228DE
:1000400001D1D4F824904046E0F7A2F900F1010A6A
:10005000504602F021F8074600BF1FB900BF00BF9D
:1000600000BFFEE700BF07B9BCE741463846E0F7EE
:10007000B1F96762B9F1000F02D0484602F0DAF830
:1000800000BF022E38D1002741F259423946284696
:1000900005F0A6FD02900298814600BF41F25A4247
:1000A0003946284605F09CFD0290029800B282462F
:1000B00000BF41F25B423946284605F091FD0290AF
:1000C000029800B28346002041F6FF7153464A462B
:1000D000CDE900B10290414603A80CF08BFABDF8BF
:1000E0000C10049861F394200490BDF80E1004984D
:1000F00061F35F50049000BF2C34207B66F3010055
:1001000020730498C0F38A2020800498400D6080FA
:10011000217B049860F3860121730499C1F38A203E
:1001200000EBD0714910E1802C3C0499480D00EBA4
:10013000D0714910A186284607F01FF9208E18B902
:10014000E08EB0F5807F02D0284607F0E7F8284619
:1001500006F067FB00BF45E70146032001B9704781
:100160000A461378202B04DB13787F2B01DC012057
:1001700005E01378802B01DB022000E0002003283B
:1001800001D100BF00BF00BFE9E710B50446202140
:10019000204602F066FA00202070282020760A20EF
:1001A00060764FF4FA70A0836420E0833220E0761A
:1001B0000320A07610BD000070B50546286910B96F
:1001C000FAF778FA2861286918B900BF00BF002043
:1001D00070BD1048E5F7D4FE044644B900BF1CB911
:1001E00000BF00BF00BFFEE700BF0020F0E75821BE
:1001F000204602F036FA2560607920F00200801C6B
:10020000607122461E2104480BF062FE216848619D
:100210002046DDE770450020FD0202080148006825
:1002200070470000A000002010B504461CB9044827
:10023000E5F773FE10BD21460148E5F786FEF9E7B4
:10024000704500200148006870470000A4000020AD
:1002500018B900220A804A80704702681278012A81
:1002600008D002681278032A04D04FF0FF320A80C7
:100270004A8003E002890A8042894A8000BFEBE796
:10028000014609B90020704708680078012805D0A8
:1002900008680078032801D00020F4E791F84000B6
:1002A00000F00F00EFE7014609B900207047086829
:1002B0000078012805D008680078032801D00020C4
:1002C000F4E7C86AF2E7014609B9002070470868F8
:1002D0000078FBE700220A804A8000B97047026874
:1002E0001278012A03D002681278032A03D1828A85
:1002F0000A80C28A4A8000BFF0E700007FB504464A
:100300004149E0680860084600680068006900B973
:100310007FBD3D480068F5F7C5F93B480068407966
:10032000C0F3800000B1F3E700BF694636480068BB
:10033000E5F77AFB9DF80F5033480068F5F7B2F9FE
:100340000020324908609DF80E002F4909680871A5
:100350002D4800680079012808D10BF05AFD2A4980
:10036000096809680969C1F8540110E02648006865
:100370000068007804280AD1BDF80C0038B10BF0F1
:1003800048FD2149096809680969C1F854011E48F6
:10039000006800680078012805D169461A4800689D
:1003A000F4F748FF22E01848006800680078022847
:1003B00005D1694614480068F4F7F2FD16E01248CA
:1003C000006800680078042805D169460E48006876
:1003D000F4F724FB0AE00C48006800680078032862
:1003E00004D1694608480068F4F744FA06480068F2
:1003F000F5F758F9002D98D100200349086003490A
:10040000086000BF84E70000A0000020A4000020D6
:1004100070B504460D4634B3607920F00200801CAC
:10042000607128480068A04202D100202649086077
:1004300020680078012803D020680078022840D185
:1004400015B1206BA84201D10021216315B1606A6A
:10045000A84201D10021616215B1A06AA84230D141
:100460000021A1622DE00020FFF7DEFE064622E01B
:10047000707920F00200801C7071306800780128CB
:1004800003D030680078022811D115B1306BA84232
:1004900001D10021316315B1706AA84201D1002158
:1004A000716215B1B06AA84201D10021B162304633
:1004B000FFF7BAFE0646002EDAD100200249086096
:1004C00000BF70BDA0000020A400002010B50446AD
:1004D000607920F0010161710BF09BFCA0640BF0CE
:1004E00098FC606410BD70B502460C460AB9002045
:1004F00070BD032C04D00C2C05D1B2F9221004E0FD
:10050000B2F9201001E00020F2E700BF1068457E3C
:10051000002308E0581803B2C5F16400484364267C
:1005200090FBF6F001B20029F4D11846E0E72DE97E
:10053000F0470446884600260121204605F0D4FDF8
:1005400010B10020BDE8F0874146204605F0EBFDE4
:1005500007460022414604F11400E4F79EFA28B948
:100560004FF40021204605F0BFFDB0B1204603F056
:10057000CCFE8146A9F101050CE0A068006850F8A6
:1005800025A041465046FFF7D2FF06460EB1304641
:10059000D8E76D1E002DF0DA00BF0FB12046D1E77D
:1005A0000020CFE700B97047417921F008010831F8
:1005B000417100BFF7E70000F8B52548007810B199
:1005C00000BF00BFF8BD00BF00BF01F047FEE5F768
:1005D000F3FFE4F7E5FCE4F72FF9E4F7E9FCFAF7B9
:1005E00001FCE5F74DFE4FF4AC711A48E5F7C0FC8D
:1005F00058211948E5F7BCFCE5F7CEFFE5F7E4F92B
:1006000016A52C462078C32804D16078812801D112
:10061000A07808B100BF00BF114800906E46307846
:10062000112801D1012000E00020074627B100BFBA
:1006300000BF00BF00BFFEE700BF00BFFDF781FDA8
:1006400001200349087000BF00BF00BFBAE70000E7
:10065000AC0000206445002070450020C3810000EC
:100660004433221170B506460C460421204603F09F
:10067000FFF825460020A86385F83C0085F83D007A
:1006800000231A460521204602F084FC00231C2288
:100690000649204602F088FB00221146204607F05A
:1006A00048FC204600F07CF970BD0000B10602084D
:1006B0002DE9F04782465046FDF7F0FC074600BFA3
:1006C00000BF3C463846F8F71FF806464FF6FF7164
:1006D0008E4201D1BDE8F0873846F8F715F880461C
:1006E00041463846F7F7E0FF054605B9F2E77FA136
:1006F0002846DFF754FE68B9002084F83C007C48A7
:1007000001683846F8F76CF87A4801683846F8F717
:1007100056F8DFE778A12846DFF741FE68B90120E7
:1007200084F83C00724841683846F8F759F8714837
:1007300041683846F8F743F8CCE770A12846DFF760
:100740002EFE68B9022084F83C006948816838466A
:10075000F8F746F8674881683846F8F730F8B9E79F
:1007600067A12846DFF71BFE20B166A12846DFF708
:1007700016FEB0B9002220213846FDF795FC8046D0
:10078000B8F1010F00D0A5E7A06B48B100222021ED
:10079000A06BFDF789FC8046B8F1010F00D099E706
:1007A00098E759A12846DFF7FAFDB0B900221F21CA
:1007B0003846FDF779FC8046B8F1010F00D089E793
:1007C000A06B48B100221F21A06BFDF76DFC804695
:1007D000B8F1010F00D07DE77CE700BFA06B00B946
:1007E00078E74AA12846DFF7DAFD20B149A128467B
:1007F000DFF7D5FD98B90A21A06B0AF003FDA06BC5
:100800000BF09EF800286ED000221F21A06BFDF790
:100810004BFC8046B8F1010F00D05BE763E03EA1DE
:100820002846DFF7BCFD18B9A06B0AF018FF5AE0A4
:100830003AA12846DFF7B3FD18B9A06B0AF01EFFF6
:1008400051E037A12846DFF7AAFD18B9A06B0AF0DE
:100850005BFF48E033A12846DFF7A1FD80BBA06B1A
:100860000BF062F81FFA80F8A06B0BF072F881466B
:1008700099F800002D280FD10121A06B0BF086F80C
:10088000A06B0AF041FF2B21A06B0AF0BBFC414694
:10089000A06B0BF07BF821E099F800002B2810D119
:1008A0000121A06B0BF072F8A06B0AF02DFF2D2137
:1008B000A06B0AF0A7FC4146A06B0BF067F80DE0B7
:1008C0000DE00021A06B0BF061F82D21A06B0AF068
:1008D00099FC08F10101A06B0BF058F803E02946E0
:1008E000A06B0AF041FD00BFF4E600006162630006
:1008F0007C010020A0010020414243003123000080
:10090000EF808D00EF849C00EF808C00456E746555
:1009100072000000EFA2A200EF819300EF8194002B
:10092000EF959A002B2F2D002DE9F0410446264625
:1009300096F83D0000F0010040B196F83C00174ADF
:1009400052F820102046F7F73AFF24E02746398E68
:10095000480001F0A1FB0546388E420096F83C00A5
:100960000E4B53F82010284601F0EDFC002007E064
:1009700035F8101021F4007125F81010411C88B2D0
:10098000398E8142F4DC29462046F7F718FF2846C5
:1009900001F050FC00BFBDE8F0810000A001002084
:1009A00070B50446254695F83C00054A52F82010DB
:1009B0002046F7F715FF2046FFF7B6FF70BD000091
:1009C0007C01002070B506460C46254600202C35DB
:1009D00045F8080C287F20F008002877287F20F0B1
:1009E000100028774FF0FF302860287F20F00700A4
:1009F0002877002028832C3D002146204153481EA3
:100A00002863A9636963000CE86328640020A86276
:100A100095F8480020F0400085F848000221204663
:100A200002F026FF0021204600F0D0FF02A1204660
:100A300001F00EF870BD00005465787400000000ED
:100A400070B5044600BF00BF2146044802F061FEB5
:100A50000546284602F0D2FE284670BDBCF30408C5
:100A600070B506460C462546204600F00BF895F872
:100A70004800C0F3C00010B9686A01F0DBFB002039
:100A8000686270BD70B505462C4694F84800C0F306
:100A9000801020B1A06A10B1A06A01F0CBFB94F8DD
:100AA000480020F0400084F848000020A06270BD9B
:100AB0002DE9F04F87B0894649464F4803F0E2FBE5
:100AC0008246BAF1010F02D007B0BDE8F08F484668
:100AD000FDF783FA05464846FDF7E0FA06462A2D5B
:100AE00006D1304600F006FF304600F02DFC81E0D4
:100AF000132D11D10021304605F04BF980464046B8
:100B0000FDF734FC04462746E01704EB9070811093
:100B10004846FDF7FFFA6DE0292D06D1304600F07A
:100B2000E9FE304600F010FC64E02C2D5DD1374624
:100B30000021304605F02DF905900021304605F0E2
:100B400065F904900021304605F094F903904FF0C8
:100B5000000897F84800C0F3001008B148F00108F9
:100B600097F84800C0F3401008B148F0020830463A
:100B700003F04DFC83460021304605F031FA42F285
:100B8000D171884206D1708CC0F3802010B941F633
:100B9000FF7B03E0304603F03AFC83460398CDE93F
:100BA00001B80090796A06A8DDE904320BF022FD55
:100BB0004846FDF770FA0446B4F90000BDF9181074
:100BC000884202DDB4F9000001E0BDF91800208080
:100BD000B4F90200BDF91A10884202DDB4F902002E
:100BE00001E0BDF91A00608004E0152D02D14846ED
:100BF000ECF763FF00BF67E7BCF3040801460A4651
:100C000092F84800C0F3801008B1906A704702F172
:100C10002800FBE72DE9F04F93B006468B4600BF56
:100C200000BF00BFBBF1000F03D100BF00BF00BF7A
:100C3000FEE700BF37460020039041F6120230461F
:100C4000039904F0CDFF02900298BBF80010081A37
:100C500000B2ADF848000020039041F61002304683
:100C6000039904F0BDFF02900298BBF80210081A25
:100C700000B2ADF84A0010A9304603F073FB3046CD
:100C800000F000FA81460025002410A8F6F743FE84
:100C90000F900021304605F07CF80E900021304680
:100CA00005F0E8F80D900021304605F0AFF80C9003
:100CB0000E98FDF75BFB0B9000200A9080463E46A5
:100CC00097F84800C0F3001008B148F0010897F801
:100CD0004800C0F3401008B148F002080021304637
:100CE00005F07EF942F2D171884205D1708CC0F3D3
:100CF000802008B948F00408002130467A6A02F0E2
:100D0000D9FC079028E00020CDE9000809EB050098
:100D1000DDE90E130C9AE5F79DFC0444BDF94A2069
:100D2000DDE90A01084482420EDC039403A9484627
:100D3000504A12689047029002980A2803D019F886
:100D4000040000B9641C0BE00D990B9801440A984B
:100D5000084400B20A90254619F805000028D2D1AF
:100D600000BF09EB050008904FF0000A0798022821
:100D700019D1611BCDF800800C9B0E9A08980BF0DE
:100D8000ABFC039010A8F6F7C6FD019000EBD07005
:100D900041100398029000EBD070A1EB600050442A
:100DA0000FFA80FA14E00798032811D1611BCDF8DF
:100DB00000800C9B0E9A08980BF08EFC039010A8F4
:100DC000F6F7A9FD0399401A50440FFA80FA00BFC4
:100DD00000200690059005980490D4B334E005AB4C
:100DE00002AA03A90898E5F719FC08F0010038B138
:100DF000059A0898815C06A8E5F7F2FC00B123E0AB
:100E0000DDE902210E98FDF792FA00B20190BDF9DA
:100E1000481001985044814208DB05982844A042BC
:100E200004D00498284419F8000010B904980590DB
:100E30000EE0019850440FFA80FA0C9850440FFAD3
:100E400080FA0598049000BF05982844A042C6D3B4
:100E500000BF094A059908981268904709902946E9
:100E60004846054A1268904701460998084413B05D
:100E7000BDE8F08F50020020580200202DE9F74F06
:100E80008EB0164600BF00BF00BF1EB900BF00BF36
:100E900000BFFEE700BF0E980D900E9800F0F2F82C
:100EA0000446224600210E9802F004FC8346207876
:100EB00000BB00207080BBF1010F06D0BBF1020F18
:100EC0000BD0BBF1030F11D102E0002030800DE008
:100ED0000E9803F09CFA308008E00E9803F097FA21
:100EE000029000EBD0704010308000BF00BF11B006
:100EF000BDE8F08F0BA90E9803F034FA4FF000090B
:100F000000270BA8F6F707FD0A9000210E9804F0C1
:100F100040FF099000210E9804F0ACFF08900021DA
:100F20000E9804F073FF07900998FDF71FFA0690DA
:100F30000020059080460D9890F84800C0F30010FE
:100F400008B148F001080D9890F84800C0F340102F
:100F500008B148F0020800210E9805F041F842F26D
:100F6000D171884206D10E98408CC0F3802008B918
:100F700048F004082046424A0F99126890470546F7
:100F800017E00020CDE9000804EB0900DDE90913B2
:100F9000079AE5F75FFB0744BD4201D3E05D00B966
:100FA0000AE00899069801440598084400B20590A3
:100FB000B946E05D0028E4D100BF8DB1681E205C19
:100FC0000A2803D0681E205C0D2809D1605D38B95D
:100FD0000899069801440598084400B20590A9466E
:100FE00004EB09000490A5EB09000390CDF8008004
:100FF000079B099ADDE903100BF06EFB82460F9800
:10100000484503D0079850440FFA80FABBF1020F0D
:101010001AD1A7EB0901CDF80080079B099A049823
:101020000BF05AFB02900BA8F6F775FC009000EB52
:10103000D07041100298019000EBD070A1EB6000DD
:1010400050440FFA80FA15E0BBF1030F12D1A7EB61
:101050000901CDF80080079B099A04980BF03CFB2E
:1010600002900BA8F6F757FC0299401A50440FFA69
:1010700080FA00BFA6F800A00598708000BF36E790
:1010800054020020014600BF00BF0A46506A704764
:10109000014600BF00BF0A46106C7047014600BF02
:1010A00000BF0A46D06B70472DE9F04705460F4652
:1010B000164600BF00BF00BF1EB900BF00BF00BF83
:1010C000FEE700BF2C4694F84800C0F3C00008B10A
:1010D000BDE8F087284605F0A4FB606ADFF758F901
:1010E00080463046DFF754F9814609EB080A0AF1D9
:1010F0000101606A01F0F2F8606200BF606A18B92D
:1011000000BF00BF00BFFEE700BF606A00B9DFE7B5
:101110004FF6FF70874204D10749606A0968884723
:10112000074632463946606AE5F72AFB0021284621
:1011300000F08EFC00BFCBE75C0200202DE9F04FF1
:1011400093B08346894600BF00BF00BFB9F1000FCE
:1011500003D100BF00BF00BFFEE700BF11A9584682
:1011600003F000F95846FFF78DFF0646CDF840B072
:101170000024002711A8F6F7CEFB0F900021584657
:1011800004F007FE0E900021584604F073FE0D9007
:101190000021584604F03AFE82460E98FDF7E6F824
:1011A0000C90DDF840B000215846DBF8242002F016
:1011B00081FA0B9000200A900025DDF840B09BF8E2
:1011C0004800C0F3001008B145F00105109890F8F0
:1011D0004800C0F3401008B145F002050021584610
:1011E00004F0FEFE42F2D171884206D1BBF8220023
:1011F000C0F3802008B945F0040519E00020CDE9CE
:10120000000530195246DDE90E13E5F723FA0744CD
:10121000B9F902200C990A980844824200DC0AE0DD
:10122000DDE90C0101440A98084400B20A903C46EA
:10123000305D0028E2D100BF4FF000080020099087
:101240000B98022818D1391B3019534600950E9A75
:101250000BF042FA029011A8F6F75DFB009000EB4C
:10126000D07041100298019000EBD070A1EB6000AB
:1012700040440FFA80F813E00B98032810D1391B73
:101280003019534600950E9A0BF026FA029011A8D9
:10129000F6F741FB0299401A40440FFA80F800BF6C
:1012A000002008900794079806900020059004906D
:1012B0006FB327E007AB04AA05A93046E5F7AEF9FE
:1012C00005F0010030B10798315C08A8E5F788FA0D
:1012D00000B117E0CDF82480DDE904210E98FDF778
:1012E00026F840440FFA80F8B9F90000404502DAC8
:1012F000069807900AE008EB0A000FFA80F80798B2
:10130000069000BF781E07998842D3D200BFDDE95E
:1013100004210E98FDF70BF85044401C0390B9F9D6
:1013200000100998A0EB0A0081420ADBB9F90020FD
:10133000039909980844824203DC012013B0BDE8F8
:10134000F08F0020FAE700002DE9F04F99B0064633
:101350003446606A10B919B0BDE8F08F4FF0FF3025
:10136000206317A9304602F0FDFF17A8F6F7D3FA5D
:1013700016900021304604F00CFD159000213046F7
:1013800004F078FD80460021304604F03FFD8146A0
:10139000002794F84800C0F3001008B147F0010797
:1013A00094F84800C0F3401008B147F0020700214C
:1013B000304604F015FE42F2D171884205D1708C9E
:1013C000C0F3802008B947F004071698CDE90080E3
:1013D00002974B46616A14A8159A0BF00BF9304638
:1013E00005F0CBFF94F8480000F0070002287CD1FC
:1013F0000021304603F003FF80B21390139850B9D8
:10140000304603F02FF80546F9F75AF9032190FB0F
:10141000F1F080B2139003A8F5F706FB314603A85C
:10142000F5F7C4FB4FF6FF7103A8F5F797FB4FF4F0
:1014300096700F9000BF0F98119000BF002002908F
:1014400017A8F6F768FABDF95010884253DA17A8C2
:10145000F6F761FABDF95010A0EB010B5A460021D6
:1014600003A8F5F797FBFE4903A8F5F769FBFC49CC
:1014700003A8F5F765FBFA493046F5F7B9FA0546D2
:101480004FF0000A0020019035B1D5F82CA095F856
:101490003E00C0F3400001900D98504515DDCDF899
:1014A00038A09DF84A0020F001008DF84A0001980C
:1014B00058B19DF84A1021F00201891C8DF84A109C
:1014C0000A980C990A910C9000BF0C9A0A991398EB
:1014D000F5F770FB8346594603A8F5F747FB03A8C9
:1014E0000D99F5F735FB03A800E06FE0F5F774FB05
:1014F0000120029006E0DA493046F5F74DFA002067
:10150000A4F8440017A8F6F77EF9BDF952108842F6
:1015100054DA0298002851D117A8F6F774F9BDF9EA
:101520005210A0EB010B1598FCF720FFABEB00006D
:1015300002460021009003A8F5F72CFBC94903A837
:10154000F5F7FEFAC7493046F5F752FA05464FF06F
:10155000000A0020019035B1D5F82CA095F83E0086
:10156000C0F3400001900D98504515DDCDF838A02E
:101570009DF84A0020F001008DF84A00019858B10A
:101580009DF84A1021F00201891C8DF84A100A9832
:101590000C990A910C9000BF0C9A0A991398F5F7D0
:1015A00009FB8346594603A8F5F7E0FA03A80D990D
:1015B000F5F7CEFA03A8F5F70FFB06E0A949304688
:1015C000F5F7EAF90021462001538AE194F8480032
:1015D00000F0070003287DD10021304603F00FFE04
:1015E00085B24DB9304602F03DFF8246F9F768F802
:1015F000032190FBF1F085B204A8F5F715FA314606
:1016000004A8F5F7D3FA4FF6FF7104A8F5F7A6FA88
:101610000020039017A8F6F77EF9BDF95010884214
:101620003CDA202211461598FCF781FE00EB4000C1
:10163000BDF950104942081A02460021029004A840
:10164000F5F7A8FA864904A8F5F77AFA28460D9A1C
:101650000B99F5F7AFFA0146029004A8F5F786FA60
:101660007F493046F5F7C4F98246BAF1000F02D03F
:10167000DAF82C0000E0002083460E98584507DD7C
:10168000CDF83CB09DF84E0020F001008DF84E00E2
:1016900004A8F5F7A1FA0120039006E0704930464E
:1016A000F5F77AF90020A4F8440017A8F6F7ABF88C
:1016B000BDF9521088423BDA0398C0BB1598FCF77D
:1016C00055FEBDF952104942081A02460021029007
:1016D00004A800E034E0F5F75DFA624904A8F5F7E4
:1016E0002FFA28460D9A0B99F5F764FA01460290F5
:1016F00004A8F5F73BFA5B493046F5F779F98246DD
:10170000BAF1000F02D0DAF82C0000E00020834686
:101710000E98584507DDCDF83CB09DF84E0020F0FE
:1017200001008DF84E0004A8F5F756FA07E0FFE730
:101730004C493046F5F730F9002146200153D0E0FE
:1017400094F8480000F00700012875D117A8F6F7B3
:101750005AF8BDF95210884203DB4FF0FF30E062C7
:10176000BFE01598FCF702FEBDF95210884203DB7A
:101770004FF0FF30E062B4E03B49606A0968884797
:10178000032803D84FF0FF30E062AAE017A8F6F76D
:10179000C2F883462E2211461598FCF7C8FD48442E
:1017A00000EB4000ABEB000000B2ADF84C0017A816
:1017B000F6F729F8ADF84E001598FCF7D7FD404430
:1017C000BDF94E1091FBF0F200FB1210129015982B
:1017D000FCF7CCFD1299884210DCBDF84E1012982F
:1017E000081A00B2ADF84E001598FCF7BFFDBDF821
:1017F0004E10084400B2ADF84E000DE0BDF84E109A
:101800001298081A00B2ADF84E00BDF84E00A0EBD9
:10181000080000B2ADF84E0013A93046FFF7FAF900
:101820001190606ADEF7B4FD1090606A0F4A11995A
:10183000126890470F9008E052E00FA90C4A606AC6
:10184000126890471198401E11900F98C01C109973
:101850008842F2D8DDF83CA000200E90002521E05F
:10186000A9F10208BFF102085C0200205402002026
:1018700050020020616A0F9A88181C49096888473D
:101880000E990844C0B20E900FA9194A606A1268F6
:1018900090470E98032803DCDDE90F10814200D940
:1018A00002E06D1C032DE5D900BF606A00EB0A0160
:1018B00030460E9A00F056F888B1002505E02E203B
:1018C0000AEB0502616A88546D1C032DF7D30021D1
:1018D0000AF10300626A11541198C01CE06200E032
:1018E00000BF304604F09DFF00BF34E540020020F9
:1018F0004C0200202DE9F0478046444694F8480009
:1019000000F00700012801D0BDE8F087E06A401C24
:1019100000B9F9E7E06AA0F103094946104A606A94
:1019200012689047064600254046FFF767F90746CC
:1019300005E0785D7219616A8854681CC5B2711936
:10194000606A405C0028F4D1785D7219616A88543D
:101950004046FFF797F84FF0FF30E06200BFD3E753
:10196000540200202DE9F04106460F461546344644
:101970003046FFF787F8042D1AD9681C00F08CFB5D
:10198000A062A06A20B900BF00BF0020BDE8F081BE
:101990002A463946A06A00F0D6FC0020A16A4855C4
:1019A00094F8480020F04000403084F848000BE0F4
:1019B00094F8480020F0400084F848002A46394650
:1019C00004F1280000F0BFFC0120DFE770B50646F7
:1019D0000D4600BF00BF34461B493046F4F7DCFF1C
:1019E0001A493046F4F7D8FF0020A4F8440000213B
:1019F00046200153022D03D0032D01D0042D07D121
:101A000094F8480020F02000203084F8480005E0D9
:101A100094F8480020F0200084F8480094F848002A
:101A200000F00700012805D1E06A401C10B13046E3
:101A3000FFF760FF94F8480065F3020084F848005F
:101A40003046FFF781FC70BDA9F10208BFF1020822
:101A50002DE9F04106460D4600BF00BF3446304632
:101A600004F0DFFE05B9656A606AA84219D194F8EE
:101A70004800C0F3C000A0B9606ADEF789FC471CCB
:101A80003946606A00F02AFC606200BF606A18B9DB
:101A900000BF00BF00BFFEE700BF606A58BBBDE8E3
:101AA000F081606A48B194F84800C0F3C00020B9E2
:101AB000606A00F0BFFB002060622846DEF768FC29
:101AC000471C384600F0E8FA606200BF606A18B947
:101AD00000BF00BF00BFFEE700BF606A00B9DEE7DD
:101AE0002946606ADEF776FC94F8480020F008008A
:101AF00084F8480000BF3046FFF726FC00BFCEE761
:101B00000FB438B5054600BF00BF00BF059818B92F
:101B100000BF00BF00BFFEE700BF284604F081FE03
:101B20002C46059828B92846FFF70EFC38BC5DF80E
:101B300014FB606A48B194F84800C0F3C00020B9B3
:101B4000606A00F077FB0020606206A800900099B0
:101B50000598E4F769FE60620020009094F8480060
:101B600020F0080084F848002846FFF7EDFB00BF8E
:101B7000DCE770B504460D4600BF00BF264635645D
:101B8000204604F04EFE70BD70B504460D4600BF01
:101B900000BF2646F563204604F043FE70BD70B5D5
:101BA00005460E4600BF00BF2C4694F84800C0F31F
:101BB000C00030B9606A20B1606A00F03BFB0020D1
:101BC00060623EB194F8480020F00800083084F8C4
:101BD000480066622846FFF7B7FB70BD70B5044643
:101BE0000D4614480068401C124908600846006809
:101BF000C1001148006800F071FB0F49086000BF88
:101C00000846006818B900BF00BF00BFFEE700BF6C
:101C100008480068401E0849096841F830400548F6
:101C20000068401E0449096801EBC0004560014896
:101C3000006870BDB40000200C020020F8B5064614
:101C40000C46254620460AF0B7F80090BDF8000083
:101C5000A884FF2085F82600F8BD00002DE9F04F8C
:101C6000A3B0824688464046FCF7B7F90746152FD1
:101C70000BD0162F09D04146804802F003FB0646E0
:101C8000012E02D023B0BDE8F08F4046FCF706FAE3
:101C90000446152F7ED1254615A8FAF765FC15AA2E
:101CA0000021204604F00EFCBDF85A000090F7F722
:101CB0007EFD8346F7F752FD029035F8240F5A4611
:101CC00000900299F7F7D4FF0190BDF80400ADF839
:101CD0005A00BDF85E000090F7F769FD8346F7F7FC
:101CE0003DFD029028885A4600900299F7F7C0FF00
:101CF000019015A8BDF80410ADF85E102098F7F714
:101D000056FD8346F7F72AFD029028885A46009030
:101D10000299F7F7ADFF0190BDF80400ADF880001F
:101D2000BDF872000090F7F742FD8346F7F716FD05
:101D3000029028885A4600900299F7F799FF01907F
:101D4000BDF80400ADF872001E98F7F730FD834629
:101D5000F7F704FD029028885A4600900299F7F799
:101D600087FF0190BDF80400ADF87800F7F7F6FCA6
:101D70000290AA78BDF85A0000900299F7F778FF10
:101D80000190BDF80400ADF85A00F7F7E7FC0290A7
:101D9000AA7800E06FE0BDF85E0000900299F7F7C6
:101DA00067FF019015A8BDF80410ADF85E10F7F7B5
:101DB000D5FC0290AA78BDF8720000900299F7F75E
:101DC00057FF0190BDF80400ADF87200F7F7C6FCAC
:101DD0000290AA7801462098F7F74AFF0190BDF8D3
:101DE0000400ADF88000F7F7B9FC0290AA7801462C
:101DF0001E98F7F73DFF0190BDF80400ADF878009C
:101E0000A8785038BDF982104843AF2190FBF1F01B
:101E100000B2ADF88200A878243D5038BDF9881092
:101E20004843AF2190FBF1F000B2ADF88800404686
:101E3000FCF7DBF88146494603A801F0FDFF04F1F9
:101E4000140006900D4804900020059015A80790F6
:101E50000020109003AA1A212046FCF725F904F16E
:101E6000140215A94846FAF763FB03AA1B21204672
:101E7000FCF71AF900BF00BF04E70000143F030895
:101E800070B506460C46254600202885686285F810
:101E90002A000221204601F0EBFC70BD2DE9F34F32
:101EA00089B072480A9902F0EDF908900898012863
:101EB00002D00BB0BDE8F08F0A98FCF78EF8804690
:101EC0000A98FCF7EBF80646B8F1130F0ED1002183
:101ED000304603F011FB04460A98FCF7DCF805468F
:101EE000B5F90000A04200DA2C80BDE0B8F12C0F5B
:101EF0003ED134460A98FCF7CEF883464FF00009ED
:101F0000CA46208D002832DD00251BE0606A30F9CA
:101F10002500484503DD606A30F9250000E04846A9
:101F20008146606A00EB8500B0F90200504505DD8E
:101F3000606A00EB8500B0F9020000E0504682467E
:101F4000681C85B2208DA842E0DC0021304603F0F9
:101F5000D3FA074609EB07000FFA80F90AEB0700EE
:101F60000FFA80FAABF80090ABF802A000BF7BE05C
:101F7000B8F1150F78D134460A98FCF736F8834645
:101F8000208D08B1606A00B993E706A9304602F0D7
:101F90005DFA304602F0AAFCBDF81810081A0FFAD4
:101FA00080F9304602F0ACFCBDF81A10081A07B2EE
:101FB000304602F0A1FA824601A8F9F715FB01AA02
:101FC0000021304604F00AFA002548E0606A30F843
:101FD0002500484400B2ADF81400681C616A31F86D
:101FE0002000484400B2ADF8100094F82A0000F038
:101FF000010088B9606A00EB85004088384400B26F
:10200000ADF81600681C616A01EB80004088384416
:1020100000B2ADF8120014E0606A00EB8500408861
:10202000AAEB0000384400B2ADF81600681C616AE3
:1020300001EB80004088AAEB0000384400B2ADF804
:10204000120004AB05AA01A95846F9F7B6FA9DF8A3
:102050000D0020F004008DF80D00681C85B2208D65
:10206000401EA842B2DC00BF00BF22E7D8F304083C
:10207000F0B50446059D944201DB2846F0BD8C4234
:1020800001DC1846FAE7571AEE1A601A704390FB03
:10209000F7F01844F2E7000030B587B0044614B9F1
:1020A000094807B030BD2146084800680AF0E9F841
:1020B00005463DB900BF00BF684600F0DDF800BF2F
:1020C00000BF00BF2846ECE72402002020020020C9
:1020D00010B5002415E00C4850F8340078B10A49D6
:1020E00051F8340000F0A6F80020074941F8340008
:1020F00001EBC4018871044901EBC4018880601CB4
:10210000C4B2102CE7DB10BDE44500202DE9F041FE
:10211000054615B90020BDE8F0814FF0FF360021DB
:102120002CE0374800EBC100807900F0010018BBBB
:10213000334800EBC1008088A8421DD3304800EB33
:10214000C1008088A84208D101202D4A02EBC102BB
:1021500090712B4850F83100DDE7002E01DA4EB2C5
:102160000AE0274800EBC1008088254A02EBC6023E
:102170009288904200DA4EB2481CC1B21029D0DBDE
:10218000002E08DB01201E4901EBC60188711C48A6
:1021900050F83600BFE7002428E0194800EBC400DF
:1021A000807900F00100F8B9154951F8340029464A
:1021B00000F094F8074600BF1FB900BF00BF00BF82
:1021C000FEE700BF0FB90020A5E701200C4901EB95
:1021D000C40188710A4901EBC4018D80084840F8A8
:1021E000347050F8340096E7601CC4B2102CD4DB75
:1021F00000BF00BF00BF00BF00BF00BFFEE7000080
:10220000E4450020014600200CE0094A52F8302045
:102210008A4205D10022064B03EBC0039A71704736
:10222000421CD0B21028F0DB00BF00BF00BFF6E7B1
:10223000E445002010B504460648844200D110BD94
:1022400004B9FCE721460448006809F0ECFF00BF30
:10225000F5E70000240200202002002010B54FF412
:102260000041034809F0C8FF0249086010BD0000A2
:10227000544700202002002070B504461C22002193
:10228000204600F0B4F91348006809F0F4FF054651
:10229000224611490AF07CF84FF400402060642186
:1022A000A06848432168B0FBF1F0C0F164002076DB
:1022B000A06858B16421E0684843A168B0FBF1F020
:1022C0006076607EC0F16400607601E00020607698
:1022D00070BD0000200200202123020870B50546D1
:1022E0000C4624B92846FFF7A5FF0B4870BD0A48E5
:1022F000854203D12046FFF7CFFEF7E72246294665
:102300000648006809F0D5FF06461EB900BF00BFA9
:102310000020EBE73046E9E72402002020020020FD
:1023200030B5044618461AB105696D1C056109E00F
:1023300045686D1C456085680D448560C5688D42A3
:1023400000D2C16030BD2DE9F0410F46154601466F
:102350003A4601F0030602F0030CB4457DD0C2E01A
:1023600092F8008081F80080491C521C92F800808D
:1023700081F80080491C521C92F8008081F800808E
:10238000491C521C92F8008081F80080491C521CA4
:1023900092F8008081F80080491C521C92F800805D
:1023A00081F80080491C521C92F8008081F800805E
:1023B000491C521C92F8008081F80080491C521C74
:1023C00092F8008081F80080491C521C92F800802D
:1023D00081F80080491C521C92F8008081F800802E
:1023E000491C521C92F8008081F80080491C521C44
:1023F00092F8008081F80080491C521C92F80080FD
:1024000081F80080491C521C92F8008081F80080FD
:10241000491C521C92F8008081F80080491C521C13
:1024200092F8008081F80080491C521C92F80080CC
:1024300081F80080491C521C92F8008081F80080CD
:10244000491C521C92F8008081F80080491C521CE3
:1024500092F8008081F8008000E053E0491C521C93
:1024600092F8008081F80080491C521C92F800808C
:1024700081F80080491C521C92F8008081F800808D
:10248000491C521C92F8008081F80080491C521CA3
:1024900092F8008081F80080491C521C92F800805C
:1024A00081F80080491C521C92F8008081F800805D
:1024B000491C521C92F8008081F80080491C521C73
:1024C00092F8008081F80080491C521C92F800802C
:1024D00081F80080491C521C92F8008081F800802D
:1024E000491C521C203D202D3FF63AAF06E092F8E1
:1024F000008081F80080491C521C6D1E002DF6D111
:10250000BDE8F0816EB1C6F1040607E092F80080E4
:1025100081F80080491C521C761E6D1E0EB1002DE4
:10252000F4D10B46144630E0D4F80080C3F80080A4
:102530001B1D241DD4F80080C3F800801B1D241D22
:10254000D4F80080C3F800801B1D241DD4F800803F
:10255000C3F800801B1D241DD4F80080C3F8008040
:102560001B1D241DD4F80080C3F800801B1D241DF2
:10257000D4F80080C3F800801B1D241DD4F800800F
:10258000C3F800801B1D241D203D202DCCD806E063
:10259000D4F80080C3F800801B1D241D2D1F042DBE
:1025A000F6D81946224606E092F8008081F80080AD
:1025B000491C521C6D1E002DF6D100BFA0E730B59E
:1025C00004460B4604E01D782570641C5B1C521EFB
:1025D000002AF8D130BD30B504460B4604E01D7822
:1025E0002570641C5B1C521E002AF8D130BDF0B56A
:1025F00006460B46344604F003054DB1C5F104050B
:1026000003E02370641C521E6D1E0DB1002AF8D128
:1026100003EB032707EB034707EB0361204610E0BA
:102620000160001D0160001D0160001D0160001DB2
:102630000160001D0160001D0160001D0160001DA2
:10264000203A202AECD802E00160001D121F042A63
:10265000FAD8044602E02370641C521E002AFAD104
:10266000F0BD30B50446224602F0030353B1C3F176
:10267000040304E000251570521C491E5B1E0BB1BB
:102680000029F7D1104611E000250560001D056006
:10269000001D0560001D0560001D0560001D056032
:1026A000001D0560001D0560001D20392029EBD8A4
:1026B00003E000250560001D091F0429F9D8024622
:1026C00003E000251570521C491E0029F9D130BDC8
:1026D00030B50446224602F0030353B1C3F10403AC
:1026E00004E0FF251570521C491E5B1E0BB100292A
:1026F000F7D1104612E04FF0FF350560001D056070
:10270000001D0560001D0560001D0560001D0560C1
:10271000001D0560001D0560001D20392029EAD834
:1027200004E04FF0FF350560001D091F0429F8D8AB
:10273000024603E0FF251570521C491E0029F9D1FD
:1027400030BD024600BF00BF906C884201D101201D
:102750007047506B884205D192F86100012801DC76
:102760000120F5E70020F3E72DE9F04780464046D9
:10277000FBF733FC8146B9F1070F40D14046FBF728
:102780008DFC06464046FBF78CFC0446606BB0426D
:1027900004D0A06CB04201D0BDE8F08794F860008E
:1027A00084F8610031462046FFF7CBFF00B1F3E724
:1027B00004F154073846E3F7B0FB824651463846E9
:1027C000E3F7C3FB0546CDB151463846E3F724FC99
:1027D0005046FFF72FFD14F8600F401E2070294669
:1027E0003846E3F719FC2078401E04F860092046BB
:1027F000296800F06CF92846FFF71CFD00BF00BFF8
:10280000CAE770B5044600BF00BF25462C4605F157
:1028100054063046E3F769FB002085F8600070BD80
:102820002DE9F05F83460C4650480168204605F0CC
:1028300061F90021204605F023F925466035A87886
:1028400020F00600A870A87820F00800A8700020EA
:1028500028706870A87820F00100A870603D0421FD
:1028600005F15400E3F784FB204601F0C7F86862E5
:102870000121686A00F0E0FA0020E8636864A86457
:10288000E864286421463A4800F043FF0646304693
:1028900000F0B4FF42F26401304605F012F9012164
:1028A000304605F0FFF80121304605F0E9F84FF415
:1028B0008041304600F0C0FA0221304600F0D8FFD7
:1028C000AE6231462B4800F024FF0746384600F040
:1028D00095FF42F2D17242F26401384605F001FAE6
:1028E0000021384605F0CCF802231A46002138466C
:1028F00005F0A6F80221384600F0BAFF4FF48041F7
:10290000384600F099FA2F63286BF5F7EDFA804608
:102910002B4607221849404600F046FA4FF4804102
:10292000404600F089FA0021404605F0A9F8C5F8B4
:102930003480686BFCF782FC824610A15046FDF79C
:1029400026FB286BFEF77CF881460121484600F003
:1029500073FAC5F838900020E86228652B461C22DF
:102960000749204600F020FABDE8F09FF000002063
:102970002C4003084840030869270208EF819300B0
:10298000E12B020870B505460C460021204605F0F3
:1029900077F802231A460021204605F051F802215B
:1029A000204600F065FF70BD2DE9F04107460C465A
:1029B000264606F154052846E3F797FABDE8F0816C
:1029C000014600BF00BF0A46D06A7047014600BFFB
:1029D00000BF0A46106C704770B506460C4620468C
:1029E00001F0DAFD05462046696A05F0A7F80121E5
:1029F000204605F045F802231A460021204605F03E
:102A00001FF84FF48041204600F016FA70BD70B5F3
:102A100006460C462546686A20B1686AFFF70AFC3C
:102A20000020686270BD70B5054600BF00BF2C462F
:102A3000206B08B1E06A00B970BD94F86200C0F381
:102A4000410020B101280BD002281BD111E0002148
:102A5000206B04F0A5F80121E06A05F023F811E0ED
:102A60000021206B04F09CF80021E06A05F01AF8C0
:102A700008E00121206B04F093F80121E06A05F0E1
:102A800011F800BF00BF206B04F0A5FAE06A04F063
:102A9000A2FA206B05F0E0FB206B01F099FC20B955
:102AA0000121206B00F0C8F903E00121206B00F048
:102AB000DFFE00BFC0E770B505460C460121204689
:102AC00004F0DEFF0221204600F0D2FE70BD2DE9A9
:102AD000F04106460D4600BF00BF3446E06A18B11B
:102AE000616AE06A05F02AF88DB104F154073846AE
:102AF000E3F746FA8046C8F8005094F86000401C9E
:102B000084F860002846A16A05F018F802E0304613
:102B1000FFF777FEE562206D50B1206C20B10121F6
:102B2000206D00F0C6F903E00121206D00F0E1FE08
:102B3000206C80B394F8620000F00100A8B194F812
:102B40006200C0F3C00040B10121A06C00F090FE13
:102B50000221A06C00F070F907E00121A06C00F0E8
:102B60006BF90221A06C00F083FE94F8600002284B
:102B700008DB0121606B00F07BFE0221606B00F03E
:102B80005BF923E00121606B00F056F90221606BD4
:102B900000F06EFE1AE0FFE794F86000022804DA05
:102BA00094F86200C0F3C00040B10121606B00F0F6
:102BB0005FFE0221606B00F03FF907E00121606BCE
:102BC00000F03AF90221606B00F052FE00221C2155
:102BD0002046FBF769FA3046FFF725FFBDE8F08194
:102BE0002DE9F04180464046FBF75BFA07463C463C
:102BF0003846FFF7E5FE064686B1A06B70B1706AF5
:102C000040B1716AA06BFEF723FF0121A06B00F0B9
:102C10002FFE03E00121A06B00F00EF93846FFF70C
:102C2000D5FE054685B1E06C70B1686A40B1696A4D
:102C3000E06CFEF70DFF0121E06C00F019FE03E0EF
:102C40000121E06C00F0F8F8BDE8F08170B50646AF
:102C50000C462546242105F12400E3F789F91C21BF
:102C600005F13000E3F784F970BD70B506460C46F7
:102C700000BF00BF254605F13000E3F736F905F146
:102C80002400E3F732F970BD2DE9F04F97B00D46FF
:102C90002946444801F0F6FA16901698012802D009
:102CA00017B0BDE8F08F2846FBF797F9064628468F
:102CB000FBF7F4F90446152E71D12846FBF795F978
:102CC000159013A9204601F04DFB13AA2046159933
:102CD000E6F77EFE13AA20461599EEF711F913AA1E
:102CE00020461599EBF7ECFC13A8F4F7F1FD8246AA
:102CF00000EBDA704710BDF84C00384400B2ADF874
:102D00004800BDF84E00384400B2ADF84A0004A8AF
:102D1000F9F72AFC04AA4FF40031204603F0D2FB55
:102D20004FF4003A41F201025146204602F058FFAA
:102D30000190019800B2834600EBDB704FEA600817
:102D400000BF41F204025146204602F049FF0190C3
:102D5000019800B2834600EBDB704FEA6009BDF8D2
:102D60004800A0EB080000B2ADF80800BDF84A002A
:102D7000A0EB090000B2ADF80A00BDF848004044DD
:102D800000B2ADF80C00BDF84A00484400B2ADF8FE
:102D90000E0002AA04A91598F9F7CAFB00BF00BFEC
:102DA0007EE70000804003082DE9F04104460D460F
:102DB00016461F4600BF00BF204600F037FBA06844
:102DC000807E401CA1688876A268927E02EB420257
:102DD0009100A268D068FFF781FAA168C86000BFBF
:102DE000A068C06818B900BF00BF00BFFEE700BF01
:102DF000A068C168807E401E00EB400041F8205072
:102E0000A068C268807E401E00EB400002EB80009C
:102E10000672A068C168807E401E00EB400001EB96
:102E200080004760A068C168807E401E00EB4000C3
:102E300001EB8000BDE8F0812DE9FF4105460C461D
:102E400000BF00BF284603F069FD064604F00100FC
:102E500010B1284603F0E5FCE8692043E86104F07E
:102E6000010010B1284603F0DCFC284603F056FDB3
:102E7000B04202D104F0C07040B1284601F08CFB92
:102E8000074603F091FD284603F08EFD04F0100084
:102E900068B16A4602A9284601F03CFD02A928460D
:102EA00003F0F9FC6946284603F0F5FC00BFBDE8D5
:102EB000FF8170B504460E4600BF00BF208C40EA7B
:102EC0000605208CA84203D02946204604F018FFAE
:102ED00070BD2DE9F04104468846174600234FF6A1
:102EE000FF72394620460FF08BFD002511E0E068A7
:102EF00000EBC5004068C0F3406000B108E0E06846
:102F000000EBC5004068C0F3006000B100E005E0E0
:102F10006D1C608CC0F3C500A842E8D800BF608C6F
:102F2000C008401C618C60F3C8016184628CC2F3EC
:102F3000C502D100E068FFF7D1F9E060608CC0F312
:102F4000C500461E09E0E06800EBC6010246701E9F
:102F500002EBC00205CA05C1761EAE42F3D8E16895
:102F600001EBC5000821FFF77CFBE06840F83580E5
:102F7000E06800EBC500406867F31700E16801EB0B
:102F8000C50148604FF6FF723946204604F00EFA3C
:102F9000BDE8F0812DE9F04106460F4614461D4676
:102FA00000223946304604F0ABFF2A46214630461F
:102FB00004F045FEBDE8F0812DE9FF4F87B00E46D5
:102FC00090469A4600BF00BF079805F045F91EB924
:102FD000079801F0E1FA064600BF00BF4FF0000974
:102FE00000200690079801F0D7FA074600213846DE
:102FF00002F0C7F905900021384602F0DCFB0146DB
:103000000598084400B204900021384602F03FFDC4
:1030100001460598084400B203900021304602F0B2
:10302000B0F902900021304602F0C5FB014602983B
:10303000084404B20021304602F029FD01460298FE
:10304000084405B2B8F1000F0AD10021304602F061
:103050000AF9012802D14FF0030801E04FF00108FE
:10306000B8F1160F32D2DFE808F03132354A58662F
:10307000869FB40BD4DDFEFDFCFBFAF9F8F7F6F5FC
:10308000304601F0C4F9009000EBD0704FEA600BBD
:10309000079802F0CCFF019000EBD070ABEB600022
:1030A00020440FFA80F9304601F092F9009000EBCD
:1030B000D0704FEA600B079801F01EFA019000EB08
:1030C000D070ABEB6000284400B2069070E1A146DE
:1030D00006956DE1304601F09AF9009000EBD07052
:1030E0004FEA600B079802F0A2FF019000EBD0704E
:1030F000ABEB600020440FFA80F9069558E13046AA
:1031000001F085F98346079802F091FFABEB0000D0
:1031100020440FFA80F906954AE1A146304601F0B5
:1031200057F98346079801F0E7F9ABEB0000284414
:1031300000B206903CE1304601F069F9009000EBE6
:10314000D0704FEA600B079802F071FF019000EB1E
:10315000D070ABEB600020440FFA80F9304601F0EC
:1031600037F98346079801F0C7F9ABEB0000284414
:1031700000B206901CE1304601F049F983460798F9
:1031800002F055FFABEB000020440FFA80F9304607
:1031900001F01EF98346079801F0AEF9ABEB000091
:1031A000284400B2069003E1A146304601F010F930
:1031B000009000EBD0704FEA600B079801F09CF98B
:1031C000019000EBD070ABEB6000284400B2069099
:1031D000EEE0304601F01BF98346079802F027FF26
:1031E000ABEB000020440FFA80F9304601F0F0F814
:1031F000009000EBD0704FEA600B079801F07CF96B
:10320000019000EBD070ABEB6000284400B2069058
:10321000CEE04FF00009079801F06EF9404200B28D
:103220000690C5E0304602F002FF009000EBD0703F
:103230004FEA600B079802F0FAFE019000EBD070A5
:10324000ABEB60000FFA80F9079801F055F94042A6
:1032500000B209E09CE084E07CE069E04FE045E0FA
:1032600034E01CE014E001E00690A1E0304602F0FA
:10327000DEFE8346079802F0DAFEABEB00000FFAA1
:1032800080F9079801F038F9404200B206908FE0CB
:103290004FF00009304601F02FF9069088E03046E3
:1032A00002F0C5FE009000EBD0704FEA600B07986B
:1032B00002F0BDFE019000EBD070ABEB60000FFAA6
:1032C00080F9304601F018F9069071E0304602F0BE
:1032D000AEFE8346079802F0AAFEABEB00000FFAA1
:1032E00080F9304601F008F9069061E0079802F095
:1032F0009EFE40420FFA80F90020069058E00798A1
:1033000002F095FE40420FFA80F9304601F0F4F8E1
:10331000009000EBD0704FEA600B079801F0ECF8DA
:10332000019000EBD070ABEB600000B206903FE084
:10333000079802F07CFE40420FFA80F9304601F017
:10334000DBF88346079801F0D7F8ABEB000000B23A
:1033500006902DE0304602F06AFE8146002006907D
:1033600026E0304602F063FE8146304601F0C4F8A4
:10337000009000EBD0704FEA600B079801F0BCF8AA
:10338000019000EBD070ABEB600000B206900FE054
:10339000304602F04CFE8146304601F0ADF88346DF
:1033A000079801F0A9F8ABEB000000B2069000BF4F
:1033B00000BF0021384601F056FF01280DD13846E4
:1033C00001F008FAB18A5144BA8A891A0144049872
:1033D000081A48440FFA80F90CE0384601F082F9E7
:1033E000B18A5144BA8A891A01440498081A484497
:1033F0000FFA80F9384601F06FFAF28A14990A44FC
:10340000F98A511A01440398091A0698084400B22F
:10341000069000220121079804F072FD4946DDE97B
:10342000062004F00CFC0BB0BDE8F08F10B504468C
:1034300000BF00BFA06808BB11480068401C1049CD
:1034400008601C20FEF728FEA06000BFA06818B925
:1034500000BF00BF00BFFEE700BFA06800B910BDFD
:103460001C21A068FFF7FDF80F20A1684876A0682E
:10347000007E20F00300C01CA168087600BFEEE7C4
:10348000B00000202DE9FC4780460F460121404650
:1034900002F02AFE10B10020BDE8FC87404601F092
:1034A00083F80446204600F0DDFF81464846F7F7E2
:1034B0005DF9A04210D04846F7F765F9A0420BD05D
:1034C0004846F7F737F9A04206D04846F7F725F9FE
:1034D000A04201D00020DFE74FF40021404602F077
:1034E00003FE48BB4046E2F7F2FD064608F1140130
:1034F0006846F4F7D3F8BDF80000801B00B2ADF8C1
:103500000000BDF80200801B00B2ADF80200BDF85B
:103510000400304400B2ADF80400BDF806003044A9
:1035200000B2ADF806006A4639463846E1F79EF922
:1035300008B90020B0E700BF404601F02DF805466D
:1035400019E00121284602F0CFFD08B10020A3E7D1
:103550004FF40021284602F0C7FD40B905F11402DE
:1035600039463846E1F782F908B9002094E7284641
:1035700001F012F80546002DE3D101208CE72DE97A
:10358000FE4F05460E464FF000083146284602F031
:10359000C3FB0446002C46D03146284602F0A2FB6D
:1035A0000090009802283DDD204604EBD0714910C0
:1035B000491C0CB23146284602F0A1FB204404B25B
:1035C0003146284602F074FB81463146284602F017
:1035D0007CFB8246B9F1000F01DD484601E0C9F1EC
:1035E0000000BAF1000F01DD514601E0CAF100010F
:1035F000884207DDB9F1000F01DD484609E0C9F155
:10360000000006E0BAF1000F01DD504601E0CAF10A
:103610000000204404B2A04501DD404600E0204601
:10362000804600BF00BF3146284601F0CDFF074667
:10363000C7B13146284601F0ADFF8246BAF1020F0C
:103640000FDD3146284601F0B2FF814609EB070045
:10365000404501DA404601E009EB07000FFA80F827
:1036600000BF00BF00BF40F60A023146284602F004
:10367000B7FA009000980FFA80FB00BF00BF40F639
:103680000B023146284602F0ABFA0090009800B2D7
:1036900002900298834501DD584600E002980190AF
:1036A0000198002803DD019840440FFA80F8404655
:1036B000BDE8FE8FFEB504460D46164600BF41F23A
:1036C0005D422946204602F08BFA00900098C0B275
:1036D000029000BF41F26A422946204602F080FA79
:1036E00000900098C0B2019000BF9DF8080008B992
:1036F0000120029000BF9DF80800FEBD02460AB9F5
:10370000002070471068884201D10120F9E70020AD
:10371000F7E72DE9F04107460C463846F0F7C2F8C6
:1037200080464046FEF7B8FC054615B90020BDE8C6
:10373000F08141462846FEF794FF2F606C60002C14
:1037400030D1F6F7B7FF06461EB900BF00BF002014
:10375000EDE7F06840B90420FEF79EFCF060F068E9
:103760000560012070620DE0706A401C7062726A30
:103770009100F068FEF7B2FDF060706A401EF168DB
:1037800041F820500020A8820021E982F6F7AAFF24
:10379000401E01B229830020F7F70AF8401E01B24B
:1037A000698329E000BF00BFA06810B92046FFF779
:1037B0003DFEA068006858B90420FEF76DFCA168C2
:1037C0000860A068006805600120A168486013E0F7
:1037D000A0684068401CA1684860A26852689100D7
:1037E000A2681068FEF77AFDA1680860A068D0E9B9
:1037F0000010401E41F82050284698E770B5044656
:10380000204603F0D1F8002000F020FB204608F00D
:1038100047FA204600F07DF8012000F017FB4FF634
:10382000FF724FF47021204603F0C0FD204603F0E4
:10383000A4FDFBF73BFA06463EB1204603F059F8DB
:1038400018B121463046FBF76BF9204600F0A4FE84
:10385000054665B1224622212846FAF725FC224674
:1038600023212846FAF720FC204602F0DAFF70BD3B
:103870002DE9FF4105460C4600BF00BF284603F076
:103880004DF8064604F0100068B16A4602A92846C1
:1038900001F040F802A9284602F0FDFF69462846DB
:1038A00002F0F9FF00BFE869A043E86104F00100FD
:1038B00078B1284602F0B5FF284603F02FF840B152
:1038C000284600F069FE074603F06EF8284603F02C
:1038D0006BF8284603F022F8B04202D104F0C07021
:1038E00028B1284600F058FE074603F05DF8BDE811
:1038F000FF8170B504460E4600BF00BF208C20EA51
:103900000605208CA84203D02946204604F0F8F989
:1039100070BD70B5044625682068006828B120682D
:10392000006820602046FFF7F4FF256020684068AB
:1039300018B1206821464268904770BD2DE9F843D0
:1039400081460C4665686DB3284600F0CBFE0746FD
:10395000284600F0C1FF8046002641F6100231469D
:10396000284602F03DF900900098E98A0844A0EB4F
:10397000080001B2E182E08A401E01B2618300BF0B
:1039800041F612023146284602F02AF900900098CA
:10399000A98A0844C01B00B2A082A08A401E01B2BE
:1039A000218300BF0220E061E06940F48050E061C3
:1039B0001DB1E06940F40050E0611DB1E06940F4E0
:1039C0004070E061E06940F00400E061E06940F0CF
:1039D0001000E061E06940F02000E061E06940F043
:1039E0004000E061E06940F40060E0611DB1E06921
:1039F00040F40040E061BDE8F883000070B5044683
:103A000000BF00BF21460448FFF783FE0546284655
:103A1000FFF7F4FE284670BD703903082DE9F04128
:103A2000064600BF00BF00BF00BF304602F0F9FEEF
:103A3000304600F0B1FD044614B1204603F0D2FF39
:103A40000025002754B9304600F00CFD05460DB99D
:103A5000BDE8F0812869B04200D10127304609F065
:103A6000E6FE84B10021204603F0EAF8204603F088
:103A7000B9FF002222212046FAF716FB002224215A
:103A80002046FAF711FB1FB100BF00BF00202861DC
:103A900000BF00BF00BFDBE770B506460C462046FE
:103AA000E1F766FA002000F0D1F900BF184A0021C2
:103AB000204603F024FD00BF012000F0C7F90021DB
:103AC0002046F2F769FF204600F00CFD054615B1CF
:103AD0002046FBF728F9A068C0B1A068006830B1A3
:103AE000A1680868FEF7A6FB0020A1680860A0682E
:103AF000C06830B1A168C868FEF79CFB0020A168CF
:103B0000C860A068FEF796FB0020A06070BD0000B2
:103B1000FFFF0F002DE9F04FA3B082465046FAF7A1
:103B20005CFA06465046FAF7B9FA0446122E6AD1F4
:103B30005046FAF7B0FA05462878022802D123B099
:103B4000BDE8F08F0021204601F069FC10B1022091
:103B50002870F4E70021204602F09EF883460021F9
:103B6000204602F0E2F907460021204602F0C3F9A0
:103B7000804604F1140121A8F3F787FDBDF8840005
:103B8000C01B00B2ADF88400BDF88800384400B214
:103B9000ADF88800BDF88600A0EB080000B2ADF8D3
:103BA0008600BDF88A00404400B2ADF88A005A464B
:103BB00021A96868E0F79BFE10B901202870BEE7D4
:103BC0000021204601F0B6FBFD2802DA0120287012
:103BD000B5E74FF0000968224946204602F000F898
:103BE00020902098C0B210B101202870A7E70021D2
:103BF000204601F0A8FCFD2802DA012028709EE78B
:103C00000020287014E1152E7ED15046FAF7EDF908
:103C1000834615A8F8F7A8FC0021204601F0A2FB76
:103C200030B19DF8770020F00100401C8DF877003E
:103C300015AA0021204602F045FC0021204602F092
:103C400074F905460021204602F055F9074604F1B3
:103C5000140113A8F3F719FDBDF84C00401B00B286
:103C6000ADF84C00BDF85000284400B2ADF850004B
:103C7000BDF84E00C01B00B2ADF84E00BDF85200BA
:103C8000384400B2ADF85200594601A800F0D4F80B
:103C9000684802900020039015A8059013A804908E
:103CA00000200E9001AA1A212046FAF7FDF9002102
:103CB000204601F0B4FB20B1BDF8540008B101204A
:103CC00000E000208146DDF86480B9F1000F01D0EA
:103CD0000020199013AA15A95846F8F729FCB9F144
:103CE000000F26D01820FEF711FA0090BDF95420DD
:103CF000002304F114010098F8F720FB04F59071FB
:103D00000098F7F79DFC00E019E0B8F1000F0FD024
:103D100000208DF857008DF876008DF87E008DF824
:103D20008A00CDF8648013AA15A95846F8F700FC5C
:103D300000BF01AA1B212046FAF7B6F978E0182E39
:103D400076D15046FAF751F9804641462046EBF7C6
:103D5000AFFB0021204601F062FB60B104F59070DA
:103D6000F8F7BAFB05462DB12846F7F74BFF284672
:103D7000FEF748FA00BF0021204601F0F3FA0028C0
:103D800055D015A8F8F7F0FB00208DF857008DF8F6
:103D90006E008DF87E008DF88A0015AA002120465D
:103DA00002F090FB0021204602F0BFF805460021FA
:103DB000204602F0A0F8074604F1140113A8F3F717
:103DC00064FCBDF84C00401B00B2ADF84C00BDF8DF
:103DD0005000284400B2ADF85000BDF84E00C01BA2
:103DE00000B2ADF84E00BDF85200384400B2ADF854
:103DF0005200414601A800F01FF80E480290012031
:103E0000039015A8059013A8049000200E9001AA15
:103E10001A212046FAF748F913AA15A94046F8F7DF
:103E200087FB01AA1B212046FAF73EF900BF00BF1D
:103E300000BF84E67039030870B504460D4648217A
:103E40002046FEF70EFC256070BD00000149087099
:103E500070470000B90000202DE9FF5F884640460A
:103E6000FAF7BBF804464046FAF7BCF80546012CC1
:103E700004D120212846FFF71CF801E2082C2BD1A1
:103E800020212846FFF735FD4046FAF704F907469A
:103E90003846FCF708FAF0B90821284602F024F960
:103EA000C8B1284601F08CF900F0010020B90121C9
:103EB0002846FEF7FEFF03E001212846FFF719FD23
:103EC00000221C212846FAF7EFF80646012E01D001
:103ED000BDE8FF9F00BFD3E1032C04D12021284679
:103EE000FFF707FDCCE12A2C10D1284600F00DFA8F
:103EF0000746002607E0A868006850F82690484664
:103F000002F052FD761CBE42F5D3B9E10D2C7CD1F6
:103F10000821284602F0E8F808B34046FAF7BBF853
:103F20000678132E01D0112E04D101212846FEF768
:103F3000C0FF07E0142E01D0122E03D10121284624
:103F4000FFF7D7FC0A2E09D000221C212846FAF7D9
:103F5000ABF80746012F00D0BAE700BF90E14FF45D
:103F60000161284602F0C0F8002886D0284602F0F9
:103F7000ABFC0028AFD10390284600F0B3FB074606
:103F8000284600F027FC81464046FAF784F8067878
:103F9000122E14D1284600F0B3FC8346284600F0C8
:103FA000ABFA8246C0170AEB90700BEBA00000B290
:103FB000029001462846039A03F0F8FC85E0112E92
:103FC00014D1284600F09CFC8346284600F094FA61
:103FD0008246C0170AEB9070ABEBA00000B20290D3
:103FE00001462846039A03F0E1FC6EE0132E36D119
:103FF000284600F049FB00F0030020B1002F19DC37
:10400000B9F1000F16DC284600E05FE000F078FC14
:104010008346284600F070FA8246C0170AEB90707B
:104020000BEBA00000B2029001462846039A03F071
:10403000BDFC4AE0284600F059FC8346284601F0C2
:10404000F6FF8246C0170AEB90700BEBA00000B29F
:10405000029001462846039A03F08CFC35E0142EAA
:1040600033D1284600F010FB00F0030020B1002FF0
:1040700017DCB9F1000F14DC284600F041FC834640
:10408000284600F039FA8246C0170AEB9070ABEB75
:10409000A00000B2029001462846039A03F086FC75
:1040A00013E0284600F022FC8346284601F0BFFFBB
:1040B0008246C0170AEB9070ABEBA00000B20290F2
:1040C00001462846039A03F055FCD9E00E2C3AD15C
:1040D0004FF48061284602F007F818B10121284604
:1040E00003F02BFC4FF0000A284600F0FBF9834652
:1040F000FAF7E2FD82460226FCF790F88146B9F114
:10410000000F03D14046F9F78CFF81464846FCF783
:10411000DAF80746022F01D0042F01D146F0040639
:10412000BAF1000F06D046F0080631462846FEF7E1
:10413000C0FE07E031462846FEF7BBFE08212846B0
:10414000FFF7D7FB9CE0092C04D140212846FEF75D
:10415000B0FE95E00A2C16D140212846FFF7C9FB96
:10416000284601F003F802280CD16A4602A9284625
:1041700000F0D0FB02A9284602F08DFB69462846D4
:1041800002F089FB7CE00F2C04D10E212846FFF7BA
:10419000B0FB75E0292C23D10021284601F015F849
:1041A00081460021284601F08DF98246BAF1000FC0
:1041B00002D1B9F1000F02D0284602F0F5FB2846E3
:1041C00000F0A3F80746002607E0A868006850F84A
:1041D00026B0584602F0E8FB761CBE42F5D34FE00D
:1041E000222C2FD1002641F201023146284601F04F
:1041F000F7FC0390039800B2074600BF41F20402A7
:104200003146284601F0ECFC0390039800B2814649
:104210000021284600F0D9FF82460021284601F0FF
:1042200051F98346BBF1000F08D1BAF1000F05D157
:1042300042F2D170874201D0814502D1284602F076
:10424000B3FB1DE0132C12D14046F9F724FF0646BC
:1042500000212846FFF793F90746B6F90000B84257
:1042600002DDB6F9000000E03846308008E0152C89
:1042700003D0182C01D0122C02D14046FFF74AFC83
:1042800000BF25E62DE9F04106460D4616B96868DF
:10429000046800E0346800E0246814B12069002854
:1042A000FAD014B90120BDE8F081206908B90120D5
:1042B000F9E70020E8602946204622699047012757
:1042C000287E00F0010000B100273846EBE70246E7
:1042D00000BF00BF906808B900207047002908DAC5
:1042E000906840680144002901DA0020F5E70B4698
:1042F00000E00B4690684068984201D80020ECE747
:104300009068006850F82100E7E7014600BF00BF51
:10431000886808B90020704788684068FBE770B576
:1043200005460C4605F114012046F3F7B7F9A868D5
:10433000B8B12088A968898A401A00B22080A08874
:10434000A968898A084400B2A0806088A968898A1F
:10435000401A00B26080E088A968898A084400B2E7
:10436000E08070BD70B506460C4600BF00BF00215E
:10437000304601F006F805462146304600F066F862
:10438000684202B2684201B22046F3F7CBFA00213C
:10439000304601F010FA2188084400B22080002144
:1043A000304601F0B1FAA188081A00B2A0800021BD
:1043B000304601F06CFB6188084400B26080002147
:1043C000304601F01BF9E188081A00B2E08070BDA8
:1043D0002DE9F041074600BF00BF0021384601F03B
:1043E00056FB04460021384601F008F90546002135
:1043F000384600F0C6FF0646384600F07DF8001B40
:10440000401B022101FB160000B2BDE8F0812DE93E
:10441000F041074600BF00BF0021384601F0CBF94C
:1044200004460021384601F06FFA0546002138465F
:1044300000F0A7FF0646384601F0F9FD001B401BBF
:10444000022101FB160000B2BDE8F08170B50546FF
:104450000C4600BF00BF05F114012046F3F71EF91A
:1044600070BD000070B5064600BF00BF706808B997
:10447000354603E0304600F097F805460E48E1F770
:104480004CFD044611E0002107E0E06850F82100EF
:10449000A84201D1204670BD491C606A8842F4D808
:1044A00021460548E1F751FD0446002CEBD100BF41
:1044B00000BF0020EFE7000064450020024600BF77
:1044C00000BF906808B9002070479068807E8842DD
:1044D00001D80020F8E79068C06801EB410300EBC9
:1044E0008300F1E7014600BF00BF886810B188680B
:1044F000806870470020FCE710B5044600BF00BF8D
:1045000004F11400F3F72BF910BD70B5064600BF97
:1045100000BF304600F040F805460DB9002070BDE0
:10452000002400BF08E021462846FFF7D0FEB04235
:1045300001D12046F3E7641C2846FFF7E6FEA042BF
:10454000F1D84FF0FF30EAE72DE9F04104460F467D
:1045500090461E46002518E0E06800EBC500406864
:10456000C0F3006080B1E06800EBC500406820F057
:104570007F40B04208D1E16851F8350042463946E3
:1045800005F09CFDBDE8F0816D1C608CC0F3C5009A
:10459000A842E1D80020F5E7014609B9002070479C
:1045A00000BF00BF4868FAE710B5044600BF00BF6F
:1045B000224600BF13461846FFF7EEFF0246002AC8
:1045C000F8D1184610BD00002DE9F84F074600BF8E
:1045D00000BF2B4C3846FFF798FE8046002514E0BC
:1045E000B868006850F825B02649584601F087FDA4
:1045F00000B109E0BBF91A00A04201DA204601E04F
:10460000BBF91A00044600BF6D1C4545E8D30021E4
:10461000384601F049FA00900021384600F0FBFFCF
:1046200081460021384600F0B9FE0646144884420F
:1046300005D0788BA0EB0900801B201A04B2384605
:1046400000F09EFD82463846FFF756FF0099401A5B
:10465000A0EB0900022101FB1600AAEB00000FFAF3
:1046600080FA384600F04CF9AAEB00000FFA80FA05
:10467000544502DD2046BDE8F88F5046FBE70000B8
:1046800001E0FFFF010004000146886820B188684E
:10469000407E00F00F0070470F20FCE770B5064623
:1046A0000D460E493046F2F7A3F9044614B1606A8C
:1046B000404202E0304600F019F900B22880084973
:1046C0003046F2F795F9044614B1606A404202E0C0
:1046D000304600F015F900B2688070BD8DEF020819
:1046E000A9EF02082DE9FC5F044600BF00BF0021CE
:1046F000204600F0C5FD012809D0A06810B90020AF
:10470000BDE8FC9FA068008A404200B2F8E70021A3
:10471000204601F006F901900021204601F058F8EA
:1047200007460021204600F039FE80464FF0000980
:1047300041F6FF752046FFF7E8FD8246002617E0A8
:10474000A068006850F8260000902049009801F009
:10475000D6FC00B10BE00098B0F91400A84201DDCE
:10476000284602E00098B0F91400054600BF761C08
:104770005645E5D341F6FF70854208D0A946A08A88
:1047800038444044A0EB09000FFA80F901E0DFF85B
:104790004090204600F004FD8346204601F047FC8F
:1047A0000199401AC01B022101FB1800ABEB00006D
:1047B0000FFA80FB204600F099F858440FFA80FB6E
:1047C000D94501DD48469BE7584699E701000400BA
:1047D00001E0FFFF2DE9F84F044600BF00BF0021B4
:1047E000204600F04DFD012808D1A06810B9002036
:1047F000BDE8F88FA068B0F91000F9E72A4D20460F
:10480000FFF783FD8046002614E0A068006850F89A
:1048100026B02649584601F072FC00B109E0BBF908
:104820001800A84201DA284601E0BBF91800054645
:1048300000BF761C4645E8D30021204601F071F800
:1048400081460021204600F0C3FF00900021204651
:1048500000F0A4FD07461448854205D0208BA0EB4C
:104860000900C01B281A05B2204600F099FC8246B8
:10487000204601F0DCFBA0EB09010098081A022198
:1048800001FB1700AAEB00000FFA80FA204600F0A7
:104890002DF8AAEB00000FFA80FA554501DD2846F5
:1048A000A6E75046A4E7000001E0FFFF0100040076
:1048B0000146886820B18868007EC0F38100704797
:1048C0000020FCE70146886820B18868007EC0F3BC
:1048D000011070470020FCE70146886808B90020F5
:1048E00070478868408A404200B2F9E7014688680C
:1048F00008B9002070478868008A404200B2F9E792
:104900000146886808B9002070478868408A40429C
:1049100000B2F9E72DE9F04F95B005460C46164672
:104920004FF0FF3003460022114600902046F3F777
:104930001BF84FF0FF30034600221146009030462E
:10494000F3F712F81021284601F0CEFB10B915B08C
:10495000BDE8F08F284600F009FC8046B8F1000F52
:1049600000D1F4E70020FBF75FFC1490B8F1020FD0
:1049700011D109E01498FBF796FCA84200D106E09B
:104980001498FBF751FC149014980028F2D100BF42
:10499000149800B9DBE72846FFF79EFF13902846DE
:1049A000FFF712FE12902846FFF79CFE1190284652
:1049B000FFF710FF10902846FFF766FE0F900020CB
:1049C0000E900F9800F00C00A8B1B8F1010F10D0B4
:1049D000B8F1030F05D1139800280ADC12980028BB
:1049E00007DCB8F1020F06D11498FBF749FC0C283C
:1049F00001D101200E9000200D900F9800F00300CF
:104A0000A8B1B8F1010F10D0B8F1030F05D111987A
:104A100000280ADC1098002807DCB8F1020F06D144
:104A20001498FBF72DFC032801D101200D900D985F
:104A300010B90E9800B98AE74FF48031284600F08B
:104A40001FFC012800D100E000200C904FF48031C1
:104A5000284601F029F883464FF48031284600F0BB
:104A6000DAFD0B904FF48031284600F0B1FE074686
:104A70004FF48031284600F054FF81464FF48030D7
:104A8000039041F201022846039901F0A9F802902F
:104A9000029800B20A902846FFF72EFD099028469A
:104AA00001F0C5FA08900E9808B10A9800E00020BD
:104AB00082460D9808B10A9800E0002007904FF454
:104AC0008030039021222846039901F089F8029052
:104AD0000298C0B202280DDA4FF4803003903122E0
:104AE0002846039901F07CF802900298C0B202288F
:104AF00000DA2CE71399099801441298084400B28F
:104B000005900E9800287DD005980028FBD0E88AF3
:104B10007080688BF0800C9850B1A88A384400B23D
:104B2000308031880A980844401E00B2B0800AE004
:104B3000288BA0EB090000B2B080B1880A98081A4F
:104B4000401C00B230800998A0EB0B010B98091AA9
:104B50000798081A09994843059990FBF1F000B2AB
:104B600003900020F5F7ACFD00EB8000502101EB35
:104B70004000A02190FBF1F001280BDD0020F5F7AB
:104B80009FFD00EB8000502101EB4000A02190FB35
:104B9000F1F000E001200399884201DA039819E05E
:104BA0000020F5F78DFD00EB8000502101EB400067
:104BB000A02190FBF1F001280BDD0020F5F780FD2E
:104BC00000EB8000502101EB4000A02190FBF1F0B0
:104BD00000E0012000B203900998A0EB0B010B98B4
:104BE000091A0798091A0398081A00B20690099939
:104BF0000598401A00B20290029800280EDCE88A5C
:104C0000584400E0BFE000B27080698B0B98091A2D
:104C10000798081A401E00B2F080B3E01299069877
:104C20004843029990FBF1F000B201900199069877
:104C3000401A00B20190E98A01980844584400B231
:104C40007080718803980844401E00B2F080B6F965
:104C50000210B5F916005844814242DAE88A5844F5
:104C600000B270800020F5F72BFD00EB8000502192
:104C700001EB4000A02190FBF1F001280BDD0020AA
:104C8000F5F71EFD00EB8000502101EB4000A02154
:104C900090FBF1F000E00120B6F902100844B6F9EB
:104CA000061088421DDD0020F5F70AFD00EB8000AC
:104CB000502101EB4000A02190FBF1F001280BDD19
:104CC0000020F5F7FDFC00EB8000502101EB4000D7
:104CD000A02190FBF1F000E001207188084400B2AF
:104CE000F080B6F90610B5F91A200798121A0B9839
:104CF000101A814245DD698B0798091A0B98081A2A
:104D000000B2F0800020F5F7DBFC00EB80005021C2
:104D100001EB4000A02190FBF1F001280BDD002009
:104D2000F5F7CEFC00EB8000502101EB4000A02104
:104D300090FBF1F000E00120B6F90610081AB6F970
:104D4000021088421DDA0020F5F7BAFC00EB800063
:104D5000502101EB4000A02190FBF1F001280BDD78
:104D60000020F5F7ADFC00EB8000502101EB400086
:104D7000A02190FBF1F000E00120F188081A00B2B8
:104D8000708000BF00BF1199089801441098084432
:104D900000B204900D98002879D004980028FBD028
:104DA000698B0B98081A00B2E080E1880A98081A0B
:104DB000401C00B26080A88A2080288BA0800898C0
:104DC000C01BA0EB0900A0EB0A0008994843049916
:104DD00090FBF1F000B203900020F5F771FC00EBBE
:104DE0008000502101EB4000A02190FBF1F0012850
:104DF0000BDD0020F5F764FC00EB8000502101EB97
:104E00004000A02190FBF1F000E0012003998842CE
:104E100001DA039819E00020F5F752FC00EB80005E
:104E2000502101EB4000A02190FBF1F001280BDDA7
:104E30000020F5F745FC00EB8000502101EB40001D
:104E4000A02190FBF1F000E0012000B2039008984F
:104E5000C01BA0EB0900A0EB0A010398081A00B2DE
:104E6000069008990498401A00B20290029800280F
:104E70001BDC0C9860B1A88A38445044401E00B234
:104E80002080288BA0EB090000B2A0806BE16BE1D1
:104E9000A88A384400B22080288BA0EB0900A0EB40
:104EA0000A00401E00B2A0805DE1109906984843B8
:104EB000029990FBF1F000B2019001990698401A16
:104EC00000B201900C9800287ED0A98A019808446D
:104ED0003844504400B22080218803980844401E82
:104EE00000B2A080B4F90000B5F91410394451445F
:104EF000884243DAA88A3844504400B22080002017
:104F0000F5F7DEFB00EB8000502101EB4000A02113
:104F100090FBF1F001280BDD0020F5F7D1FB00EB51
:104F20008000502101EB4000A02190FBF1F000E057
:104F30000120B4F900100844B4F9041088421DDDC2
:104F40000020F5F7BDFB00EB8000502101EB400095
:104F5000A02190FBF1F001280BDD0020F5F7B0FB5C
:104F600000EB8000502101EB4000A02190FBF1F00C
:104F700000E001202188084400B2A080B4F90410A8
:104F8000B5F91800A0EB0900814244DD288BA0EBA5
:104F9000090000B2A0800020F5F792FB00EB800032
:104FA000502101EB4000A02190FBF1F001280CDD25
:104FB0000020F5F785FB00EB8000502101EB40005D
:104FC000A02190FBF1F001E026E00120B4F90410EB
:104FD000081AB4F9001088421DDA0020F5F770FBBA
:104FE00000EB8000502101EB4000A02190FBF1F08C
:104FF00001280BDD0020F5F763FB00EB800050215A
:1050000001EB4000A02190FBF1F000E00120A1881D
:10501000081A00B22080A5E0A98A01980844384403
:1050200000B22080218803980844401E00B2A0806E
:10503000B4F90000B5F914103944884242DAA88A5C
:10504000384400B220800020F5F73AFB00EB8000E6
:10505000502101EB4000A02190FBF1F001280BDD75
:105060000020F5F72DFB00EB8000502101EB400004
:10507000A02190FBF1F000E00120B4F900100844F9
:10508000B4F9041088421DDD0020F5F719FB00EB90
:105090008000502101EB4000A02190FBF1F001289D
:1050A0000BDD0020F5F70CFB00EB8000502101EB3D
:1050B0004000A02190FBF1F000E00120218808448D
:1050C00000B2A080B4F90410B5F91800A0EB0A00F2
:1050D000A0EB0900814245DD288BA0EB0A00A0EB84
:1050E000090000B2A0800020F5F7EAFA00EB80008A
:1050F000502101EB4000A02190FBF1F001280BDDD5
:105100000020F5F7DDFA00EB8000502101EB4000B4
:10511000A02190FBF1F000E00120B4F90410081A7E
:10512000B4F9001088421DDA0020F5F7C9FA00EB47
:105130008000502101EB4000A02190FBF1F00128FC
:105140000BDD0020F5F7BCFA00EB8000502101EBED
:105150004000A02190FBF1F000E00120A188081A96
:1051600000B2208000BF00BF00BF13E40146886882
:1051700020B18868007E00F0030070470320FCE740
:1051800038B504460548006800906A462C21204640
:10519000F8F78AFFBDF9020038BD00009039030816
:1051A00038B504460548006800906A462C21204620
:1051B000F8F77AFFBDF9000038BD00008C3903080C
:1051C000014600BF00BF088C704738B504460D4645
:1051D00041F209022946204600F002FD00900098A5
:1051E000C0B238BD38B504460D4641F20902294621
:1051F000204600F0F5FC00900098C0B238BD38B5EC
:1052000004460D4666222946204600F0E9FC00903F
:10521000009838BD38B504460D465122294620462F
:1052200000F0DEFC0090009808B1012038BD00209D
:10523000FCE738B504460D464FF405622946204682
:1052400000F0CEFC0090009800B238BD38B504469E
:105250000D464FF405622946204600F0C1FC00903F
:10526000009800B238BD38B504460D4641F26A4296
:105270002946204600F0B4FC00900098C0B238BD2A
:1052800038B504460D4641F26A422946204600F0F0
:10529000A7FC00900098C0B238BD38B504460D4652
:1052A00041F26A422946204600F09AFC009000989C
:1052B000C0B238BD38B504460D4641F26A422946AF
:1052C000204600F08DFC00900098C0B238BD38B583
:1052D00004460D4641F26A422946204600F080FC11
:1052E00000900098C0B238BD38B504460D4641F272
:1052F0006A422946204600F073FC00900098C0B234
:1053000038BD38B504460D4641F26A42294620466A
:1053100000F066FC00900098C0B238BD38B5044675
:105320000D4644F220022946204600F059FC009028
:10533000009838BD38B504460D462122294620463E
:1053400000F04EFC00900098C0B238BD38B504465D
:105350000D4668222946204600F042FC0090009845
:10536000C0B238BD38B504460D4634222946204621
:1053700000F036FC0090009808B1012038BD0020F4
:10538000FCE738B504460D4641F232022946204674
:1053900000F026FC0090009800B238BD38B50446F5
:1053A0000D4641F232022946204600F019FC0090D9
:1053B000009800B238BD38B504460D4641F23202BD
:1053C0002946204600F00CFC0090009800B238BD41
:1053D00038B504460D4641F232022946204600F017
:1053E000FFFB0090009800B238BD38B504460D466A
:1053F00041F232022946204600F0F2FB009000986C
:1054000000B238BD38B504460D4641F23202294695
:10541000204600F0E5FB0090009800B238BD38B59A
:1054200004460D4661222946204600F0D9FB009033
:10543000009808B1012038BD0020FCE738B50446CB
:105440000D46054802882946204600F0C9FB009019
:105450000098C0B238BD0000FC00002038B50446FA
:105460000D4641F204022946204600F0B9FB0090A7
:10547000009800B238BD38B504460D4641F204022A
:105480002946204600F0ACFB0090009800B238BDE1
:1054900038B504460D4641F204022946204600F084
:1054A0009FFB0090009800B238BD38B504460D4609
:1054B00041F204022946204600F092FB0090009839
:1054C00000B238BD38B504460D4641F2690229469E
:1054D000204600F085FB0090009880B238BD38B5BA
:1054E00004460D4641F269022946204600F078FB49
:1054F0000090009880B238BD38B504460D4640F69D
:1055000049022946204600F06BFB0090009800B24B
:1055100038BD38B504460D4641F2060229462046FC
:1055200000F05EFB0090009800B238BD38B504462C
:105530000D4641F205022946204600F051FB00903D
:10554000009800B238BD38B504460D4640F26242BC
:105550002946204600F044FB00900098C0B238BDB8
:1055600038B504460D4640F262422946204600F016
:1055700037FB00900098C0B238BD38B504460D46E0
:1055800040F262422946204600F02AFB0090009833
:10559000C0B238BD38B504460D4640F63C02294637
:1055A000204600F01DFB00900098C0B238BD38B511
:1055B00004460D4640F63D022946204600F010FB09
:1055C0000090009800B238BD38B504460D4640F64C
:1055D0003A022946204600F003FB0090009800B2F2
:1055E00038BD38B504460D4641F61102294620461D
:1055F00000F0F6FA0090009800B238BD38B50446C5
:105600000D4641F611022946204600F0E9FA0090C5
:10561000009800B238BD38B504460D4641F6110277
:105620002946204600F0DCFA0090009800B238BD10
:1056300038B504460D4641F611022946204600F0D1
:10564000CFFA0090009800B238BD38B504460D4638
:1056500041F611022946204600F0C2FA0090009857
:1056600000B238BD38B504460D4641F61102294650
:10567000204600F0B5FA0090009800B238BD38B569
:1056800004460D4641F611022946204600F0A8FACC
:105690000090009800B238BD38B504460D4641F67A
:1056A00011022946204600F09BFA0090009800B2B3
:1056B00038BD38B504460D4641F61102294620464C
:1056C00000F08EFA0090009800B238BD38B504465C
:1056D0000D4641F611022946204600F081FA00905D
:1056E000009800B238BD38B504460D4641F61102A7
:1056F0002946204600F074FA0090009800B238BDA8
:1057000038B504460D4641F611022946204600F000
:1057100067FA0090009800B238BD38B504460D46CF
:1057200041F615022946204600F05AFA00900098EA
:1057300000B238BD38B504460D4641F6150229467B
:10574000204600F04DFA0090009800B238BD38B500
:1057500004460D4641F615022946204600F040FA5F
:105760000090009800B238BD38B504460D4641F6A9
:1057700015022946204600F033FA0090009800B246
:1057800038BD38B504460D4641F615022946204677
:1057900000F026FA0090009800B238BD38B50446F3
:1057A0000D4641F612022946204600F019FA0090F3
:1057B000009800B238BD38B504460D4641F61202D5
:1057C0002946204600F00CFA0090009800B238BD3F
:1057D00038B504460D4641F612022946204600F02F
:1057E000FFF90090009800B238BD38B504460D4668
:1057F00041F612022946204600F0F2F90090009886
:1058000000B238BD38B504460D4641F612022946AD
:10581000204600F0E5F90090009800B238BD38B598
:1058200004460D4641F612022946204600F0D8F9FA
:105830000090009800B238BD38B504460D4641F6D8
:1058400012022946204600F0CBF90090009800B2E1
:1058500038BD38B504460D4641F6120229462046A9
:1058600000F0BEF90090009800B238BD38B504468B
:105870000D4641F612022946204600F0B1F900908B
:10588000009800B238BD38B504460D4641F6120204
:105890002946204600F0A4F90090009800B238BDD7
:1058A00038B504460D4641F612022946204600F05E
:1058B00097F90090009800B238BD38B504460D46FF
:1058C00041F612022946204600F08AF9009000981D
:1058D00000B238BD38B504460D4641F612022946DD
:1058E000204600F07DF90090009800B238BD38B530
:1058F00004460D4641F613022946204600F070F991
:105900000090009800B238BD38B504460D4641F607
:1059100013022946204600F063F90090009800B277
:1059200038BD38B504460D4641F6130229462046D7
:1059300000F056F90090009800B238BD38B5044622
:105940000D4641F613022946204600F049F9009021
:10595000009800B238BD38B504460D4641F6130232
:105960002946204600F03CF90090009800B238BD6E
:1059700038B504460D4641F613022946204600F08C
:105980002FF90090009800B238BD38B504460D4696
:1059900041F613022946204600F022F900900098B3
:1059A00000B238BD38B504460D4641F6130229460B
:1059B000204600F015F90090009800B238BD38B5C7
:1059C00004460D4641F613022946204600F008F928
:1059D0000090009800B238BD38B504460D4641F637
:1059E00013022946204600F0FBF80090009800B210
:1059F00038BD38B504460D4641F613022946204607
:105A000000F0EEF80090009800B238BD38B50446BA
:105A10000D4641F613022946204600F0E1F80090B9
:105A2000009800B238BD38B504460D4641F6140260
:105A30002946204600F0D4F80090009800B238BD06
:105A400038B504460D4641F614022946204600F0BA
:105A5000C7F80090009800B238BD38B504460D462E
:105A600041F614022946204600F0BAF8009000984A
:105A700000B238BD38B504460D4641F6100229463D
:105A8000204600F0ADF80090009800B238BD38B55F
:105A900004460D4641F610022946204600F0A0F8C3
:105AA0000090009800B238BD38B504460D4641F666
:105AB00010022946204600F093F80090009800B2AA
:105AC00038BD38B504460D4641F610022946204639
:105AD00000F086F80090009800B238BD38B5044652
:105AE0000D4641F610022946204600F079F8009054
:105AF000009800B238BD38B504460D4641F6100294
:105B00002946204600F06CF80090009800B238BD9D
:105B100038B504460D4641F610022946204600F0ED
:105B20005FF80090009800B238BD38B504460D46C5
:105B300041F610022946204600F052F800900098E5
:105B400000B238BD38B504460D4641F6100229466C
:105B5000204600F045F80090009800B238BD38B5F6
:105B600004460D4641F610022946204600F038F85A
:105B70000090009800B238BD38B504460D4641F695
:105B800010022946204600F02BF80090009800B241
:105B900038BD38B504460D4641F610022946204668
:105BA00000F01EF80090009800B238BD38B50446E9
:105BB0000D4641F610022946204600F011F80090EB
:105BC000009800B238BD38B504460D4641F61002C3
:105BD0002946204600F004F80090009800B238BD35
:105BE0002DE9F84305460E461446C4F38029C4F354
:105BF0008038B8F1000F01D024F48044002714E06D
:105C00006B46224631462846EEF775F9074607B13E
:105C10000DE0B9F1000F00D109E00EB1002604E05B
:105C20002846FEF7B9FC054600BF002DE8D100BFAD
:105C30000FBB0EBB41F20100844202D0C01C844263
:105C40001AD128680AE041F201018C4202D1818A0E
:105C500019B105E0C18A01B102E000680028F2D163
:105C600000BF41F201018C4202D1B0F9141001E0F1
:105C7000B0F91610009103E0204604F0AFFA00904E
:105C8000B8F1000F05D031462846009AE1F7C8FF69
:105C900000900098BDE8F88338B504460D466022B0
:105CA00029462046FFF79CFF0090009800B238BDBF
:105CB00038B504460D4640F6410229462046FFF716
:105CC0008FFF0090009800B238BD38B504460D46ED
:105CD00040F6420229462046FFF782FF00900098D6
:105CE00000B238BD38B504460D4640F64502294697
:105CF0002046FFF775FF00900098C0B238BD38B558
:105D000004460D4640F6430229462046FFF768FF49
:105D10000090009800B238BD38B504460D464FF4E7
:105D2000046229462046FFF75BFF0090009800B20E
:105D300038BD38B504460D4644F257422946204640
:105D4000FFF74EFF0090009838BD38B504460D4669
:105D500041F2594229462046FFF742FF0090009841
:105D600038BD38B504460D4641F259422946204611
:105D7000FFF736FF0090009838BD38B504460D4651
:105D800041F2594229462046FFF72AFF0090009829
:105D900038BD38B504460D4641F2594229462046E1
:105DA000FFF71EFF0090009838BD38B504460D4639
:105DB00041F2594229462046FFF712FF0090009811
:105DC00038BD38B504460D4641F2594229462046B1
:105DD000FFF706FF0090009838BD38B504460D4621
:105DE00041F2594229462046FFF7FAFE00900098FA
:105DF00038BD38B504460D4641F25A422946204680
:105E0000FFF7EEFE0090009800B238BD38B50446AA
:105E10000D4641F25A4229462046FFF7E1FE009026
:105E2000009800B238BD38B504460D4641F25A42DA
:105E300029462046FFF7D4FE0090009800B238BDF6
:105E400038B504460D4641F25B4229462046FFF72D
:105E5000C7FE0090009800B238BD38B504460D4624
:105E600041F25B4229462046FFF7BAFE00900098B7
:105E700000B238BD38B504460D4641F25B422946B2
:105E80002046FFF7ADFE0090009800B238BD38B54F
:105E900004460D4641F25B4229462046FFF7A0FE2C
:105EA0000090009800B238BD38B504460D4641F266
:105EB0005B4229462046FFF793FE0090009800B20F
:105EC00038BD38B504460D4641F25B4229462046AE
:105ED000FFF786FE0090009800B238BD38B5044642
:105EE0000D4643F60F0229462046FFF779FE009043
:105EF000009800B238BD38B504460D4640F60B0296
:105F000029462046FFF76CFE0090009800B238BD8D
:105F100038B504460D4640F60B0229462046FFF7E9
:105F20005FFE0090009800B238BD38B504460D46BB
:105F300040F60A0229462046FFF752FE00900098DC
:105F400000B238BD38B504460D4640F60A0229466F
:105F50002046FFF745FE0090009800B238BD38B5E6
:105F600004460D4643F60E0229462046FFF738FE4A
:105F70000090009800B238BD38B504460D4641F295
:105F8000010229462046FFF72BFE0090009800B240
:105F900038BD38B504460D4641F201022946204677
:105FA000FFF71EFE0090009800B238BD38B50446D9
:105FB0000D4641F2010229462046FFF711FE0090EE
:105FC000009800B238BD38B504460D4641F20102D2
:105FD00029462046FFF704FE0090009800B238BD25
:105FE00038B504460D4641F2010229462046FFF726
:105FF000F7FD0090009800B238BD38B504460D4654
:1060000041F2070229462046FFF7EAFD009000987A
:1060100000B238BD38B504460D4641F208022946A3
:106020002046FFF7DDFD0090009800B238BD10B5A6
:10603000044600BF00BF04F11400F1F703FC10BDDB
:1060400070B5064600BF00BF3046FEF7A5FA05460C
:10605000ADB1B08AA98A401A04B22846FEF746FCC0
:10606000204404B200212846FFF7A5FB201A04B201
:1060700000212846FFF785F9201A04B201E0B6F99D
:106080001440204670BD70B5064600BF00BF3046C4
:10609000FEF782FA0546ADB1F18AE88A081A04B221
:1060A0002846FEF72DFC204404B200212846FFF7C5
:1060B000EEFC201A04B200212846FFF762F9201AEC
:1060C00004B201E0B6F91640204670BD70B5044632
:1060D00000BF00BF2046FFF7D6FF05462046FEF76B
:1060E0000BFA284400B270BD024600BF00BFD06961
:1060F0000840884201D1012070470020FCE7024699
:1061000000BF00BFD069084008B1012070470020DF
:10611000FCE7024600BF00BF108C084008B1012018
:1061200070470020FCE77FB506460D460221304649
:10613000FFF7DAFF10B9002004B070BD80213046AF
:10614000FFF7E7FF08B10020F6E702A93046FEF7A7
:10615000E6F80022294602A8DEF79FFC04460CB9A7
:106160000020E9E74FF480313046FFF7BDFF58B11A
:10617000009501208DF804006A4611213046F7F79A
:1061800093FF9DF80400D7E72046D5E72DE9FC47AB
:1061900005460E46144600BF4FF4056231462846B8
:1061A000FFF71EFD0190019800B26080608808B979
:1061B000BDE8FC8700BF532231462846FFF710FD9B
:1061C00001900198C0B22073207B022800DCEFE729
:1061D00031462846FFF7C4F90746FD2F03DA207B36
:1061E000784300122073207B022800DCE0E700BF28
:1061F00044F2520231462846FFF7F2FC0090009824
:106200000190BDF80400208000BF5422314628468A
:10621000FFF7E6FC01900198A060A846B146512224
:1062200049464046FFF7DCFC0190019808B1012087
:1062300000E00020617B60F38201617331462846F3
:10624000FFF784F8617B60F30101617300BFAFE782
:106250002DE9FC4105460E46144600BF4622314654
:106260002846FFF7BDFC01900198C0B2E072E07AC9
:10627000022801DCBDE8FC8131462846FFF770F9B1
:106280000746FD2F03DAE07A78430012E072E07AE5
:10629000022800DCEEE7002020804FF48070608050
:1062A00000BF298BAA8A891A491C09B2084601EB4A
:1062B000D0714910A18000BF698BEA8A891A491CF4
:1062C00009B2084601EBD0714910E18000BF4822B5
:1062D00031462846FFF784FC01900198C0B2A072B5
:1062E000A07A00280CDD00BF44F247023146284660
:1062F000FFF776FC009000980190BDF80400208123
:1063000031462846FFF722F8207300BFB2E7F8B500
:1063100005460E46144600BF4FF48B6231462846B0
:10632000FFF75EFC00900098C0B2A076A07E022825
:1063300000DCF8BD31462846FFF712F90746FD2F6D
:1063400003DAA07E78430012A076A07E022800DC4B
:10635000EFE731462846FFF7ECFC0090BDF800005F
:10636000A08100BF41F25A4231462846FFF738FC6F
:106370000090009800B2A08200BF41F25B4231461B
:106380002846FFF72DFC0090009800B2608200BF05
:1063900040F25C4231462846FFF722FC009000980C
:1063A000A17F60F30201A17731462846FEF7CEFFB8
:1063B000A17F60F3C501A17731462846FFF7C5FCF0
:1063C000206000BF41F25D4231462846FFF708FCDD
:1063D00000900098C0B2207700BFAAE72DE9FC47E3
:1063E00005460E46144600BF40F64902314628468F
:1063F000FFF7F6FB0190019800B26080608808B951
:10640000BDE8FC8700BF4E2231462846FFF7E8FB77
:1064100001900198C0B22072207A022800DCEFE7D8
:1064200031462846FFF79CF80746FD2F03DA207A0D
:10643000784300122072207A022800DCE0E700BFD7
:1064400044F24D0231462846FFF7CAFB00900098FF
:106450000190BDF80400208000BF4A223146284642
:10646000FFF7BEFB0190019800B2A080A08848B160
:1064700000BF4B2231462846FFF7B2FB019001983E
:1064800000B2E080A846B1464C2249464046FFF79C
:10649000A7FB0190019808B1012000E00020617A7B
:1064A00060F382016172607A810861F3C3006072F7
:1064B00031462846FEF74AFF617A60F301016172B6
:1064C00000BF9DE72DE9FC4706460D46144600BF78
:1064D000602229463046FFF783FB0190019800B205
:1064E000208025B129463046FFF73AF800E0FF202A
:1064F000804629463046FFF733F80746022F02DD73
:10650000B8F1020F09DC0020E07084F8220084F862
:10651000360084F82A00BDE8FC8729463046FEF79D
:1065200015FFA070E078002870D000BF2122294616
:106530003046FFF755FB01900198C0B2E070E0785B
:10654000022863DD29463046FEF7E8FE0190BDF8DB
:106550000400A08000BF262229463046FFF740FBFA
:10656000019001988146B9F1000F0AD099F809000D
:1065700000F0070028B10A224946A01DFBF7E3FE00
:1065800043E000BF232229463046FFF729FB019054
:106590000198E17B60F30201E173E07B00F007000A
:1065A00038B329463046FEF7B9FE0190BDF8040025
:1065B000E08000BF44F2220229463046FFF710FB7C
:1065C000009000980190A01DBDF80410618100BFEB
:1065D000242229463046FFF703FB019001982072E0
:1065E00000BF252229463046FFF7FAFA01900198AC
:1065F000207300BF272229463046FFF7F1FA0190A9
:106600000198E17B60F3C501E17300BF00BF41F277
:10661000320229463046FFF7E3FA0190019800B2B2
:106620002084208C60B394F8220048B300BF31224C
:1066300029463046FFF7D4FA01900198C0B284F899
:10664000220094F8220002281ADD00BF33222946D6
:106650003046FFF7C5FA0190019894F8231060F3D3
:10666000450184F8231000BF44F230022946304629
:10667000FFF7B6FA009000980190BDF80400E0839F
:1066800029463046FEF7A0FFE084E08CF0B194F894
:106690002A00D8B129463046FEF77CFF84F82A004C
:1066A00094F82A00022811DD29463046FEF77FFFC4
:1066B000208500BF44F23B0229463046FFF790FA9E
:1066C000009000980190BDF80400A084A07E0028EE
:1066D00051D000BF40F6280229463046FFF780FA25
:1066E0000190019820612069002844D000BF292230
:1066F00029463046FFF774FA01900198C0B2A0769F
:10670000A07E022837DD2069F9F726FD02280DD189
:1067100029463046FFF719FB606129463046FFF7EE
:1067200008FB0190BDF80400208324E000BF44F280
:106730002A0229463046FFF753FA0090009801904C
:10674000BDF80400208300BF2B2229463046FFF706
:1067500047FA01900198C0B2E076B146AA462C22D1
:1067600051464846FFF73CFA0190019808B10120D4
:1067700000E00020207794F8360080B329463046A8
:10678000FFF7CAFAE085E08D48B394F83600022896
:1067900025DD29463046FFF7A5FA84F8360094F83F
:1067A000360002281BDD29463046FFF781FA208695
:1067B00029463046FFF789FA608629463046FFF7BA
:1067C0009EFAA08600BF44F2440229463046FFF7F5
:1067D00007FA009000980190BDF80400A085B8F178
:1067E000FD0F02DA08FB07F00712FD2F17DA173446
:1067F00014F8140C7843001204F8140CE078784371
:106800000012E070E07A78430012E072E07F784393
:106810000012E077E07C78430012E074173C00BF80
:1068200079E67CB5054600BF00BF03E02846FDF7CA
:10683000B3FE05462846FDF7AFFE30B14FF4002108
:106840002846FFF751FC0028F0D12846DFF73FFC2F
:10685000044605F114016846F0F720FFBDF800007A
:10686000001B00B2ADF80000BDF80200001B00B232
:10687000ADF80200BDF80400204400B2ADF80400F9
:10688000BDF80600204400B2ADF80600694628466F
:1068900000F001F87CBD2DE9FC4105460E4600BF25
:1068A00000BF31466846F0F7F9FE69462846FCF716
:1068B000E9FD044634B12846FDF7D4FD0746694694
:1068C000DFF797FABDE8FC810246116800E009682D
:1068D00021B1087E00F003000028F8D009B900209B
:1068E0007047087E00F00300012800D1F8E700207F
:1068F000F6E70246116800E0096821B1087EC0F39E
:1069000081000028F8D009B900207047087EC0F344
:106910008100012800D1F8E70020F6E770B50646AF
:106920000B493046FFF7EBFB08B1002070BD304645
:10693000FDF732FE04460CB90020F7E7002120469F
:10694000FEF7CDFD05460DB10120EFE70020EDE794
:10695000010006007CB5054600BF00BF2846DFF7F2
:10696000B6FB044605F114016846F0F797FEBDF842
:106970000000001B00B2ADF80000BDF80200001BD3
:1069800000B2ADF80200BDF80400204400B2ADF83A
:106990000400BDF80600204400B2ADF806006946C8
:1069A0002846FCF76FFD7CBD70B50446608C20F076
:1069B0000100401C60842046FDF7F6FD0546688C0A
:1069C00020F00200801C68842846FDF74BFD064637
:1069D000706810B1706805F0A5FB70BD2DE9F04737
:1069E00080460D46164699464046FDF78EFC824687
:1069F000002726E0D8F80800006850F82740B9F1D1
:106A0000000F06D04FF480212046FFF76DFB00B148
:106A100016E0A08A284400B2A082E08A304401B285
:106A2000E182208B284401B22183608B304401B283
:106A300061830023324629462046FFF7CFFF00BF7F
:106A40007F1C5745D6D3BDE8F0872DE9F04F85B0C0
:106A500004460E4617466568002D34D000212846AE
:106A6000FEF7A9FE824600212846FFF710F883466C
:106A70004FF480212046FFF737FB40B1A88A5044ED
:106A8000304406B2E88A5844384407B20FE028463A
:106A9000FDF72CFFA98A5144081A304406B2284653
:106AA000FDF72EFFE98A5944081A384407B200213D
:106AB0002846FEF766FC814606EB090006B207EBA6
:106AC000090007B200BFA08A301A00B2ADF810006A
:106AD000E08A381A00B2ADF81200BDF8100028B9EB
:106AE000BDF8120010B905B0BDE8F08F2046FFF7E1
:106AF00098FE02A92046FDF7A9FC4FF000087DB1E1
:106B000069462846FDF72EFC0022694602A8DDF7FB
:106B1000EEFE8046B8F1000F02D1284600F062FF79
:106B2000A08ABDF81010084400B2A082E08ABDF827
:106B30001210084401B2E182208BBDF81010084405
:106B400001B22183608BBDF81210084401B2618349
:106B5000BDF91220BDF9101000232046FFF73EFFBB
:106B600025B1224622212846F7F79EFA2046FFF754
:106B700058FE9DB10022694604F11400DDF7B7FE0E
:106B80008146B8F1000F05D1B8F1000F05D1B9F178
:106B9000000F02D0284600F025FF00BF00BFA2E78B
:106BA0002DE9F04180460C4600BF00BF002C06DAFC
:106BB0004046FDF7F1FC0246FDF7A7FB04444046C2
:106BC000FDF7A3FC07464046FDF7E6FC0646002C11
:106BD00001DABDE8F0813046FDF797FBA04200DC0A
:106BE000F7E7BC4200D1F4E73D46BC420DDA09E0CC
:106BF000B0680168681E51F82000B168096841F862
:106C000025006D1EA542F3DC0CE009E0B0680168C8
:106C1000681C51F82000B168096841F825006D1C16
:106C2000A542F3DBB068006840F8248000222221EE
:106C30003046F7F739FA3046FFF7F3FD00BFC8E7F3
:106C40002DE9F04107460E463846FDF73BFEC8B930
:106C50003846FDF741FE05463846FDF7B5FC0446CB
:106C6000002C0EDA002D0CDD6042854201DA284648
:106C700000E0604204B2334622460021384600F06C
:106C800009FD00BF3846FDF713FE88BB3846FDF707
:106C900029FD04463846FDF79DFD0546002138468E
:106CA000FEF7EEFA012811D0002D20DA002C1EDDAF
:106CB0006842844201DA204600E0684205B2334669
:106CC00000222946384600F0E5FC10E0002C0EDAE0
:106CD000002D0CDD6042854201DA284600E060426A
:106CE00005B2334600222146384600F0D3FC00BFEF
:106CF000BDE8F0812DE9F14F86B00698FFF70EFE52
:106D000010B107B0BDE8F08F0698FDF745FC05907F
:106D100000210698FFF771F9054600210698FFF754
:106D200079F90446059828B9224629460698FFF7BE
:106D30008CFEE6E70598FDF76AFB80460598FDF7AF
:106D400047FB064605F4C040B0F5005F01D10120C5
:106D500000E0002030B125F4C040B0F5FA6F01DC4E
:106D6000012000E0002088B125F4C040B0F57A7F12
:106D700004DD25F4C040C0F57A7001E025F4C04080
:106D800000FB08F0642190FBF1F005B204F4C04070
:106D9000B0F5005F01D1012000E0002030B124F403
:106DA000C040B0F5FA6F01DC012000E0002080B1A6
:106DB00024F4C040B0F57A7F04DD24F4C040C0F56F
:106DC0007A7001E024F4C0407043642190FBF1F03C
:106DD00004B2069802900020039043F20C02DDE911
:106DE0000201FEF7FDFE019001980FFA80FA00BF44
:106DF000069802900020039043F20D02DDE90201A3
:106E0000FEF7EEFE019001980FFA80FB00BF069896
:106E1000FFF70DF981460698FDF76EFB07460AF469
:106E2000C040B0F5005F01D1012000E0002030B18A
:106E30002AF4C040B0F5FA6F01DC012000E0002028
:106E400090B12AF4C040B0F57A7F04DD2AF4C04046
:106E5000C0F57A7001E02AF4C04000FB09F064211B
:106E600090FBF1F00FFA80FA0BF4C040B0F5005F30
:106E700001D1012000E0002030B12BF4C040B0F57A
:106E8000FA6F01DC012000E0002088B12BF4C04043
:106E9000B0F57A7F04DD2BF4C040C0F57A7001E0D4
:106EA0002BF4C0407843642190FBF1F00FFA80FB93
:106EB00005EB0A0005B204EB0B0004B200210698B2
:106EC000FEF790F90490049850B900210598FEF758
:106ED000CAF9012802D10320049001E001200490A6
:106EE0000498012805D1224629460698FFF7ADFDF2
:106EF0006FE00498801E082864D2DFE800F00410D8
:106F0000212534153C4C414608EBD17252104846BD
:106F100009EBD073A2EB63022A4415B253E0A8EB4D
:106F20000900284405B24EE0314606EBD1725210FA
:106F3000384607EBD073A2EB6302224414B242E05E
:106F4000F01B204404B23EE0414608EBD1725210DF
:106F5000484609EBD073A2EB63022A4415B2F01B3A
:106F6000204404B22FE0A8EB0900284405B2F01B2E
:106F7000204404B227E0A8EB0900284405B23146BA
:106F800006EBD1725210384607EBD073A2EB6302C6
:106F9000224414B217E0414608EBD1725210484621
:106FA00009EBD073A2EB63022A4415B2314606EB1B
:106FB000D1725210384607EBD073A2EB6302224421
:106FC00014B200E000BF00BF224629460698FFF732
:106FD0003CFD00BF95E62DE9F04F8DB0044600BFA3
:106FE00000BF608CC0F3802038B1608CC0F34020BB
:106FF00018B100200DB0BDE8F08F2046FDF7CCFAA7
:1070000007460FB90020F5E72046FDF76BFB0C9013
:1070100000200B900A90608CC0F3802020B12046A5
:10702000FFF705F8054680E000212046FEF7A4FFA3
:10703000054642F2D1718D4201D1012000E00020CD
:107040000B9005F4C040B0F5005F01D1012000E0D5
:10705000002030B125F4C040B0F5FA6F01DC01200A
:1070600000E000200A903846FDF7D1F981460B98E0
:1070700020B12046E1F7BEFA054634E00A98F8B19F
:10708000788CC0F38020E0B900213846FEF774FF09
:1070900042F2D171884214D100212046FEF771F9E5
:1070A000019000212046FEF786FB0199084405B2B5
:1070B00000212046FEF728FC01990844284405B227
:1070C00011E025F4C040B0F57A7F04DD25F4C0401E
:1070D000C0F57A7001E025F4C04000FB09F064219E
:1070E00090FBF1F005B20020019041F2020220462F
:1070F0000199FEF775FD009000980FFA80FA00BF25
:107100000020019041F2030220460199FEF768FD3C
:10711000009000980FFA80FB00BF4B465A4651463C
:107120002846F2F7AEFA054600BF2046FDF7D4FB2D
:107130000990002008900790608CC0F3402020B197
:107140002046FDF7D9F9064680E000212046FEF7EB
:1071500085F9064642F2D1718E4201D1012000E04C
:107160000020089006F4C040B0F5005F01D1012076
:1071700000E0002030B126F4C040B0F5FA6F01DC29
:10718000012000E0002007903846FDF721F98146F4
:10719000089820B12046E1F791F9064634E00798B7
:1071A000F8B1788CC0F34020E0B900213846FEF7F2
:1071B00055F942F2D171884214D100212046FEF7E0
:1071C000E0F8019000212046FEF761FC0199084497
:1071D00006B200212046FEF711FA01990844304416
:1071E00006B211E026F4C040B0F57A7F04DD26F443
:1071F000C040C0F57A7001E026F4C04000FB09F001
:10720000642190FBF1F006B20020019041F20502EA
:1072100020460199FEF7E4FC009000980FFA80FAEE
:1072200000BF0020019041F2060220460199FEF7BE
:10723000D7FC009000980FFA80FB00BF4B465A46DF
:1072400051463046F2F7C6F9064600BF0B9808B91A
:10725000089828B100232046099A0C9900F05BFB9E
:107260002046FEF7E4FEA84206D12046FDF744F989
:10727000B04201D10020BDE62046FFF7D2FA05A9B1
:107280002046FDF7E3F803A93846FDF76BF8002226
:1072900003A905A8DDF72BFB8046B8F1000F02D14A
:1072A000384600F09FFBE08A3044401E01B2618303
:1072B00000212046FDF7D7FF012805D1208B401B78
:1072C000401C00B2A08204E0A08A2844401E01B203
:1072D000218305AA29212046F6F7E6FE224622212F
:1072E0003846F6F7E1FE2046FFF79BFA00212046DC
:1072F000FFF7A6FC002203A904F11400DDF7F7FA5A
:107300000290B8F1000F04D1B8F1000F04D1029837
:1073100010B1384600F066FB01206BE638B5044634
:1073200000BF00BF2046DEF7D2FE054600200090D9
:107330006A4613212046F6F7B7FEBDF90000A842C1
:1073400002D02046FFF76DFAA06820B1BDF9000019
:10735000A168C88209E0BDF8000030B12046FCF702
:1073600065F8BDF90000A168C882BDF90000A84217
:1073700002D02046FFF755FA38BD70B5044600210B
:107380002046FEF7F9FD054600212046FEF766F887
:10739000064642F2D170854203D0864201D00020D9
:1073A00070BD2046FFF700FB0120F9E72DE9F84307
:1073B00006460F46144600BF00BF3848007808B99B
:1073C000BDE8F8833046FFF72CFA384600F03DFF61
:1073D000054604F4805040B3B5F5702F1DD0E5B1DB
:1073E0004FF0000841F2040241463046FEF7F8FB38
:1073F0000090009800B242F2D17188420DD000BFD7
:1074000041F2010241463046FEF7EAFB0090009847
:1074100000B242F2D171884207D100222A213046BF
:10742000F6F742FE3046FFF7BFFAB5F5702F00D0F1
:107430008DB94FF6FF70844202D004F4005050B171
:107440003046FDF7A9F88046B8F1000F02D040465B
:10745000FFF7AAFA00BF4FF6FF70844202D004F48F
:10746000006010B13046FFF759FF3046FFF7D9F9F9
:107470004FF6FF70844208D004F4806058B104F4E1
:10748000006010B904F4805028B1B5F5803F02D0F7
:10749000304607F092F900BF92E70000B9000020E3
:1074A0002DE9F04105460F46164600BF00BF0024F7
:1074B00010E0E86800EBC4004068C0F3006040B131
:1074C000E86800EBC400406820F07F40B04200D183
:1074D00005E0641C688CC0F3C500A042E9D800BF79
:1074E000688CC0F3C500A04202D10020BDE8F08145
:1074F000E96851F83400394602F01CFFF6E72DE93F
:10750000FE4F04460E469146484600F0A2FE8246D3
:10751000484600F09AFE80464FF6FF7002901EB17A
:10752000F07908B9002002900025AB4674E0E168CC
:1075300001EBC501496821F07F4000F08AFE01900F
:10754000E16801EBC501496821F07F4000F07DFE54
:1075500000904FF6FF70824502D0019850450BD144
:10756000B8F5702F02D00098404505D136B1E068DB
:1075700050F83500B04201D06D1C4DE0E06800EBE2
:10758000C5004068C0F3406030B100234FF6FF7281
:10759000414620460BF034FAE06800EBC500406835
:1075A000C0F3006030B9E06800EBC5004068C0F38C
:1075B000406068B1E16851F8350002F040FFE168D1
:1075C00051F83500FAF736FE0020E16841F8350041
:1075D0002F4609E0E06800EBC7010246781C02EB89
:1075E000C00205CA05C17F1C608CC0F3C500401EE7
:1075F000B842EFD8608CC008401E618C60F3C801AF
:107600006184628CC2F3C502D100E068FAF766FEBD
:10761000E0604FF0010B00BF608CC0F3C500A842D2
:1076200085D8BBF1000F06D0029820B14146204614
:10763000029AFFF7BBFEBDE8FE8F000010B50446BE
:10764000024A00212046FFF75AFF10BDFFFF0F003E
:1076500070B506460E48007800B970BD0020F3F7FB
:1076600077F8044610E0002506E0E06850F82510A1
:10767000304607F0C2F96D1C606AA842F5D8204672
:10768000F3F766F8044600BF002CECD100BFE4E736
:10769000B90000202DE9F04F91B005460C46164682
:1076A0009A461CB916B911B0BDE8F08FBAF1010FB6
:1076B0007ED12846FCF7D6FE10906846EFF7B4F965
:1076C00000BF009500BF4E48039000BF002C38D08B
:1076D0001098F3F707F840F35D0B22460021584657
:1076E000EFF768FA0746C82F00D2C827B7F5C87F5A
:1076F00001D94FF4C87739466846EFF733FA284680
:10770000FDF7F4F88046C8F100000219C8F1000145
:107710006846EFF733FA3B496846EFF70BFA3A4908
:107720006846EFF711FA6A4609212846F6F7BCFCCD
:107730008146B9F1010F00D0B5E76846EFF74CFA82
:1077400000BF002E39D01098F3F732F840F35D0BEC
:10775000324600215846EFF72DFA0746C82F00D2CF
:10776000C827B7F5C87F01D94FF4C87739466846AE
:10777000EFF7F8F92846FDF7C3F88046C8F1000096
:107780008219C8F100016846EFF7F8F91F49684609
:10779000EFF7D0F91C496846EFF7D6F96A46092198
:1077A0002846F6F781FC8146B9F1010F01D07AE74E
:1077B00004E06846EFF710FA00BF1EE013492846C0
:1077C000EFF7EAF807460F492846EFF7E5F8804655
:1077D00032462146284607F03BFB17B9B8F1000FA7
:1077E0000AD000220A212846F6F75EFC8146B9F14C
:1077F000010F00D057E700BF00BF00BF53E70000F4
:10780000BFEA02088DEF0208A36A0108A9EF020887
:107810002DE9FF5F0E46174616B90FB9BDE8FF9F69
:10782000009800F019FD0098FDF760F840420FFA4B
:1078300080F808EB060004B200210098FDF720FD57
:1078400001281BD0002C00DD0024002C2EDA00982B
:10785000FCF748FF83460098FCF7BCFF58440FFA3A
:1078600080FABAF1000F01DA4FF0000ACAF1000005
:10787000844202DACAF1000004B217E0002C00DAF8
:107880000024002C12DD0098FCF72CFF83460098A2
:10789000FCF7A0FF58440FFA80FABAF1000F01DAA2
:1078A0004FF0000A544500DD544600BF0098FDF734
:1078B00027F840420FFA80F909EB070005B2002DC6
:1078C00000DD0025002D16DA0098FDF705F8834647
:1078D0000098FCF779FE58440FFA80FABAF1000FCD
:1078E00001DA4FF0000ACAF10000854202DACAF15B
:1078F000000005B200BFA4EB080006B2A5EB09002A
:1079000007B206B92FB13A463146039B0098FFF7FC
:10791000C1FE00BF82E72DE9F04106460F4614463E
:107920001D462A463946304600F024F82A462146AC
:10793000304600F03BF8BDE8F081F8B504460E464D
:10794000204600F089FC0020009027463846FCF7CE
:1079500023FE05460BE033466A46394604F114001F
:1079600007F0C0F82F462846FCF716FE0546002D06
:10797000F1D1F8BD2DE9F04106460C4615460A49FD
:107980003046EFF709F83046FCF7B0FF0746604293
:1079900038440FFA80F82B46002241463046FFF764
:1079A00037FFBDE8F08100008DEF02082DE9F041BE
:1079B00006460C4615460A493046EEF7EDFF3046BE
:1079C000FCF79EFF0746604238440FFA80F82B46CA
:1079D000424600213046FFF71BFFBDE8F081000062
:1079E000A9EF02081FB504466A4602A92046FCF723
:1079F00091FF02A8EFF70EFF20B96846EFF70AFFE4
:107A000000B91FBD02A8EFF705FF18B102A9204673
:107A1000FEF741FF6846EFF7FDFE18B169462046C4
:107A2000FEF739FF00BFECE770B504460D4600BF16
:107A300000BF2046FBF7FAFCA068858270BD0000FD
:107A40002DE9F04106460F4614461D4600223946F0
:107A5000304600F0D5FA00222146304600F0A0FA68
:107A600000222946304600F0DBFA0448008881B243
:107A70000022304600F0F1FABDE8F081F00000206D
:107A800070B504460D4600222946204600F098FABB
:107A90000348008881B20022204600F0DEFA70BD63
:107AA000F000002070B504460D460022294620460D
:107AB00000F096FA2046FCF76FFD0646FEF774FFCD
:107AC00070BDF8B506460D4600BF00BF00236A46EC
:107AD00041F204013046FCF737FD0446012C02D187
:107AE0000098A84200D124B900222946304600F06F
:107AF000A7FAF8BD70B505460C4600BF00BFA1B29D
:107B00000022284600F0A9FA2846FEF74DFF70BD76
:107B10002DE9FF4106460C461D4629463046ECF746
:107B200037F8074621463846029A02F02EFE2246D2
:107B300029463046FFF73AFCBDE8FF812DE9F041C8
:107B400006460D4600BF00BF00BF00BF706818B9F1
:107B500000BF00BFBDE8F08115B900BF00BFF9E765
:107B60003046FEF75EFE2846FBF760FC7468304640
:107B7000FCF7CBFC074609E0A0680168781C51F8C7
:107B80002000A168096841F827007F1C2046FCF707
:107B9000BCFB801EB842EFDAA0684068401EA168B6
:107BA0004860A068406848B1A26852689100A26825
:107BB0001068FAF793FBA168086006E0A1680868FE
:107BC000FAF738FB0020A1680860A8684068401CEC
:107BD000A9684860AA6852689100AA681068FAF714
:107BE0007DFBA96808602846FCF78FFB401EA9684A
:107BF000096841F82060756000212046FFF720F8F1
:107C00002046FFF7EFFE324622212046F6F74CFAD7
:107C1000002224212046F6F747FA32462221284640
:107C2000F6F742FA002223212846F6F73DFA3046BD
:107C3000FEF7BAFE3046FEF7F4FD00BF8AE770B5E6
:107C400005460E46144600BF00BF3146284600F0E8
:107C5000CAFA2146284600F0DFFA70BD70B5054625
:107C60000C462846FBF7E2FBA868407E00F00F00B8
:107C7000A04201D0A9684C7670BD70B504460D468F
:107C80002046FBF7D3FBA068007E65F38300A16864
:107C9000087670BD70B504460D462046FBF7C6FB5E
:107CA000A068007E65F30510A168087670BD70B508
:107CB00004460D4600BF00BF2046FBF7B7FBA06897
:107CC000007E00F00300A84200D170BDA068007ED5
:107CD00065F30100A16808762046FEF7A2FD00BF0B
:107CE000F3E770B505460E46144600BF00BF3146A7
:107CF000284600F05FFA21462846FFF7E2FE70BDF5
:107D00002DE9F04F89B007468946388C484502D1A5
:107D100009B0BDE8F08F00BF00BF388C0890A7F80D
:107D200020904A4638460899DEF7B2FA8246BAF100
:107D3000000F00D1ECE74FF42070FAF7E7F90546A1
:107D40004FF420712846FAF78CFC0024002697E0B7
:107D5000F86800EBC6000790F96801EBC6014968B6
:107D600021F07F4000F075FA0690F96801EBC6013A
:107D7000496821F07F4000F068FA0590069820EAF3
:107D8000090000B17BE007984068C0F3406000B193
:107D900075E0079904AA0868672102F099F900B90B
:107DA0006DE0DDF810804FF0000B60E000200390E4
:107DB00026E0039800EB800005EB8000406802900D
:107DC000029800F046FA0190029800F03EFA009006
:107DD000D8F8000030F81B10039800EB800005EB8A
:107DE00080000089814208D105990098884204D119
:107DF00006990198884200DB05E00398401C039037
:107E00000398A042D5D300BF0398A0422DD1B8F863
:107E10000C0004EB840125F82100B8F8100004EBF5
:107E2000840105EB8101488004EB840105EB8101AD
:107E3000D8F80800C860D8F8000030F81B0004EB40
:107E4000840105EB8101088104EB840105EB8101CC
:107E5000D8F8040008610798406820F07F4004EBE0
:107E6000840105EB81014860641C0BF1010BD8F81B
:107E7000000030F81B0008B1202C97D300BF761CFF
:107E8000788CC0F3C500B04202D9202CFFF460AF5B
:107E9000002613E006EB860105EB8101486800F03F
:107EA000D4F9804606EB860005EB80004B46009037
:107EB00041463846089ADEF713F9761CA642E9D304
:107EC0002846FAF79FF9BAF1010F03D13846FEF7B9
:107ED000A8FC13E0BAF1030F07D14FF6FF724FF47D
:107EE00070213846FFF762FA08E0BAF1020F05D1B7
:107EF0003846FEF796FC3846FFF710FA00BF07E752
:107F0000F8B506460C46154600942B4641F2090189
:107F10003046009AFFF7FCFDF8BDF8B506460C4662
:107F2000154600942B4665213046009AFFF7F0FD78
:107F3000F8BDF8B506460C46154600942B4641F2AE
:107F40006A413046009AFFF7E3FDF8BD37B582B0CD
:107F500005461446BDF80C00ADF804002346202168
:107F60002846019AFFF7D4FD05B030BDF8B50646A6
:107F70000C46154600942B4640F628013046009AE0
:107F8000FFF7C6FDF8BDF8B506460C461546009449
:107F90002B4621213046009AFFF7BAFDF8BD0000BC
:107FA000F8B506460C46154600942B460348018852
:107FB0003046009AFFF7ACFDF8BD0000F800002045
:107FC000F8B506460C46154600942B460348018832
:107FD0003046009AFFF79CFDF8BD0000F400002039
:107FE000F8B506460C46154600942B460348018812
:107FF0003046009AFFF78CFDF8BD0000FC00002021
:10800000F8B506460C46154600942B4603480188F1
:108010003046009AFFF77CFDF8BD0000F600002016
:10802000F8B506460C46154600942B4603480188D1
:108030003046009AFFF76CFDF8BD0000FA00002002
:10804000F8B506460C46154600942B4641F204014D
:108050003046009AFFF75CFDF8BDF8B506460C46C1
:10806000154600942B4641F269013046009AFFF70D
:108070004FFDF8BDF8B506460C46154600942B4654
:1080800041F202013046009AFFF742FDF8BDF8B513
:1080900006460C46154600942B4640F26241304697
:1080A000009AFFF735FDF8BDF8B506460C461546B3
:1080B00000942B4641F611013046009AFFF728FD47
:1080C000F8BDF8B506460C46154600942B4641F619
:1080D00012013046009AFFF71BFDF8BDF8B50646C1
:1080E0000C46154600942B4641F613013046009A83
:1080F000FFF70EFDF8BDF8B506460C461546009490
:108100002B4641F610013046009AFFF701FDF8BDFD
:10811000F8B506460C46154600942B4641F25D41E3
:108120003046009AFFF7F4FCF8BD37B582B005463B
:108130001446BDF80C00ADF80400234640F2574148
:108140002846019AFFF7E4FC05B030BDF8B50646B5
:108150000C46154600942B4641F259413046009A90
:10816000FFF7D6FCF8BDF8B506460C461546009458
:108170002B4641F201013046009AFFF7C9FCF8BDD9
:10818000F8B506460C46154600942B4641F2070109
:108190003046009AFFF7BCFCF8BDF8B506460C4621
:1081A000154600942B4641F208013046009AFFF72D
:1081B000AFFCF8BDF8B506460D4600BF00BF002372
:1081C0006A4641F201013046FCF7BEF90446012C33
:1081D00002D10098A84200D124B900222946304695
:1081E000FFF7C1FFF8BDF8B506460D4600BF00BF5A
:1081F00000236A4641F207013046FCF7A5F9044620
:10820000012C02D10098A84200D124B900222946AD
:108210003046FFF7B5FFF8BDF8B506460D4600BF7E
:1082200000BF00236A4641F208013046FCF78CF992
:108230000446012C02D10098A84200D124B90022A2
:1082400029463046FFF7A9FFF8BD014601F47F003B
:108250007047014688B2704770B5054611480078EE
:1082600010B100BF00BF70BD01200E490870284644
:10827000FCF79AF904460AE000BF00BF608C20F0CA
:10828000020060842046EEF78DF800BF00BF94F82E
:108290002200C0F340000028EED10249087000BF60
:1082A000E1E70000B80000203EB505460C46132D5E
:1082B00008DB00BF00BFF1F76FFA0290BDF80810AD
:1082C00008463EBD0CB1042C08DD00BF00BFF1F72D
:1082D00063FA0190BDF804100846F2E7601EC4B2CC
:1082E000054800EBC50000EB440000880090BDF895
:1082F00000100846E5E700008CF104083EB505468D
:108300000C46132D08DB00BF00BFF1F745FA0290C1
:10831000BDF8081008463EBD0CB1052C08DD00BFB5
:1083200000BFF1F739FA0190BDF804100846F2E7F2
:10833000601EC4B205EB8500054901EB400000EB6F
:10834000440000880090BDF800100846E3E70000F4
:10835000CEF004081CB50446132C08DB00BF00BF98
:10836000F1F71AFA0190BDF8041008461CBD044844
:1083700000EB440000880090BDF800100846F5E7C7
:10838000A8F004080146002904DAC1F57A7040F427
:10839000005001E041F4005000B270472DE9F04771
:1083A0000246B2F90490B2F900A0A9EB0A0000EB72
:1083B000D0794FEA69090FFA89F31088184405B299
:1083C0005088184406B20888401B07B24888801BB2
:1083D00004B203FB03FC07FB07F004FB0408E045C1
:1083E00002D80120BDE8F0870020FBE710B5E1F7D7
:1083F000ABFA4FF4C86300220A490B48F2F751F870
:108400000A48F2F75FF84FF4A07008490880F0209E
:108410004880074848610448C8600846F2F78CF86D
:1084200010BD0000D8360020BC3600205843002084
:108430002399000810B50AF049F90748F7F7A5FE97
:10844000012005490870054848600846F7F7B4FE62
:108450000349086010BD0000A4430020D52603088E
:1084600088000020F0B503460C460120002113E0EF
:1084700002F001053DB10546A5FB037C01FB03C6E7
:1084800000FB0461384652101E46A6FB067C04FB26
:1084900006CC04FB03C43B46002AE9D1F0BD000032
:1084A0002DE9F04F87B00546734800680068846B7B
:1084B000714800680068C068806820606E48006885
:1084C0000068007CC0F3400038B96B480068006861
:1084D000007C00F00100002849D067480068F2F7EE
:1084E00067F9401E0FFA80FA63480068F2F7FAF85D
:1084F000401E0FFA80FB5B460022114601A8CDF812
:1085000000A0EFF731FA01A860605B4800680068DE
:10851000007CC0F3400090B1574800680068C06814
:10852000806920F00200801C534909680968C96805
:10853000886101A8A060204600F0A0F814E04E4831
:1085400000680068C06880694B4909680968C968A3
:10855000896960F34101484800680068C06881612A
:10856000A560204600F08AF807B0BDE8F08F2846E5
:10857000EFF76FF906902846EFF7F8F805903E48B8
:108580000068F2F715F9B5F90610884205DC3A489B
:108590000068F2F70DF9401E01E0B5F9060006B2D9
:1085A0003548DDE905210068EBF776FB80464FF0A2
:1085B0000009B5F9027033E02888ADF80C00A888EE
:1085C000ADF81000ADF80E7007EB0800401E00B2C9
:1085D000ADF8120003A86060A0602748006800683A
:1085E000C06880682060BDF91200B04201DDADF8BE
:1085F0001260BDF912904E450CD11F48006800680A
:10860000C068806920F00200801C1B490968096865
:10861000C9688861204600F031F807EB080007B20E
:1086200007EB0800401EB042C6DD4E4522D0288828
:10863000ADF80C00A888ADF81000ADF80E70ADF8DC
:10864000126003A86060A0600B4800680068C06802
:1086500080682060084800680068C068806920F071
:108660000200801C044909680968C96888612046BD
:1086700000F004F800BF77E7C00000202DE9F041CA
:108680008EB0044666480068F2F728F8064630685F
:1086900090B1706880B90CE0614800680068806A39
:1086A00038B15F4A126810685D4A12681268916AB0
:1086B000884730690028EFD1002700255848006816
:1086C000F2F754F880464146606800F023F9074607
:1086D00053480068406930B1514A12685169606876
:1086E00000F018F90546002F66D1002D64D1A06A6C
:1086F000E8B16846F3F738FF49480068C06A04905B
:108700004748006890F829008DF81A00444800682E
:10871000408DADF804004248006890F829008DF8BB
:10872000030069462046A36A6268984744E03C48D3
:108730000068C06A60B33A490968C86A0DA9F7F7CA
:10874000B3F98046B8F1010F1FD101210D98C1EB9B
:10875000505000900D98C0F38A20431E002211460D
:108760000BA8EFF701F905A8F2F721FB2C480068E8
:1087700090F829008DF81F00294800680BAA05A968
:10878000C36A2046F2F7C4FA01E000BF00BF13E05D
:108790006846F3F7E9FE22480068408DADF8040012
:1087A0001F48006890F829008DF8030069462046AC
:1087B0006268F3F7BDFE00BF19480068406938B130
:1087C00015B91748006845692946204600F0C0F9E8
:1087D00017B91348006807693946204600F0B8F910
:1087E0000F480068F1F7A6FF80464146204600F09A
:1087F000AFF90B480068F1F790FF804641462046EC
:1088000000F0A6F9064800680068007CC0F340004C
:1088100018B903480068E2F781F90EB0BDE8F081AD
:10882000C000002070B50020384908603848006852
:10883000B0F8500100B970BD002535480068B0F8A7
:108840005001441E08E03248006800F59870005D51
:1088500008B9254602E0641E002CF4DA00BF2C485B
:1088600000680068C068806920F001002849096834
:108870000968C9688861264800680068C06880691E
:1088800020F00200224909680968C968886100244B
:1088900034E01F48006800F59870005D68BBAC428A
:1088A0000CD11B4800680068C068806920F0010096
:1088B000401C174909680968C9688861144800683C
:1088C0000068C068806920F00200114909680968E1
:1088D000C96888610E490968303101EBC400FFF7AF
:1088E000DFFD0B490968303101EBC400EEF792FF60
:1088F00006490968084405490860641C0448006882
:10890000B0F85001A042C4DC00BF94E7BC000020D6
:10891000C00000202DE9FC4780460C4600260022BE
:1089200004F114014046DBF7E2FF80B30121204649
:10893000FDF7DAFB58BB00208DF80000CDF804806D
:108940006A4612212046F5F7AFFB9DF80000022889
:1089500002D10020BDE8FC872046FBF7D6FC074685
:1089600000250BE0A068006850F825904946404675
:10897000FFF7D0FF064606B102E06D1CBD42F1D301
:1089800000BF1EB99DF8000000B9264600BF304662
:10899000E0E700002DE9FC4100255AE0314800687D
:1089A00000F59870405D00B152E0002449E02D4888
:1089B000006800F59870005D08B9A54200D13FE05D
:1089C000284A1268303202EBC401264A126830325B
:1089D00002EBC500DBF7E9FF00B931E02148006890
:1089E000303000EBC4021F480068303000EBC50196
:1089F0006846DCF71BF96846EEF70CFF0646194996
:108A00000968303101EBC500EEF704FF0746154950
:108A10000968303101EBC400EEF7FCFE38448642B1
:108A20000DD210490968303101EBC5006946EEF7F7
:108A30003EFE01210B48006800F59870015500BF0B
:108A4000641C08480068B0F85001A042AFD800BFCD
:108A50006D1C04480068B0F85001A8429ED8BDE8DB
:108A6000FC810000C00000202DE9F04F87B00446D3
:108A70000D4601212846FDF737FB10B107B0BDE8D0
:108A8000F08FA66803A92846FBF7E0FC2846DDF72F
:108A90001EFB83465A46594603A8EEF743FF03AA36
:108AA000314605A8DBF7E2FE00B9E7E705A8A060BC
:108AB000224614212846F5F7F7FA224615212846C2
:108AC000F5F7F2FA224616212846F5F7EDFA4FF0AF
:108AD00001084FF400212846FDF706FB20B130685D
:108AE00001907068029008E005F11402314601A877
:108AF000DBF7BCFE08B94FF00008B8F1000F13D047
:108B000001A8A0602846FBF700FC8146002708E08A
:108B1000A868006850F827A051462046FFF7A4FF38
:108B20007F1C4F45F4D300BF05A8A0602246172143
:108B30002846F5F7B9FA224618212846F5F7B4FA7F
:108B4000224619212846F5F7AFFAA66000BF95E73F
:108B50002DE9F05F07460C4624B923480068F1F779
:108B600005FE04460CB9BDE8F09F21463846FFF7E4
:108B70007BFFA0462046FBF70FFD05462FE04FF098
:108B8000000A2846FBF7C1FB8346002610E0A868D0
:108B9000006850F82690BAF1000F04D1C14506D103
:108BA0004FF0010A03E049463846FFF75DFF761CA7
:108BB0005E45ECD33A4617212846F5F775FA3A4652
:108BC00018212846F5F770FA3A4619212846F5F794
:108BD0006BFAA8462846FBF7DFFC054600BF002DD0
:108BE000CDD100BFBFE70000C00000202DE9F0415B
:108BF00007460C46254695F82A0020F0010085F826
:108C00002A000020A884E884288510212046FAF74D
:108C10002FFE4FF400712046FAF72AFE00BF00BF76
:108C200021460848FAF775FD06463046FAF7E6FD94
:108C3000002205A1204600F057F900BF00BFBDE8A3
:108C4000F081000010F404084F7074696F6E2031D9
:108C50000A4F7074696F6E20320A4F7074696F6EBC
:108C600020330A4F7074696F6E20340A4F70746934
:108C70006F6E2035000000002DE9F84F8846414610
:108C80007248FBF7FFFA8146B9F1010F01D0BDE848
:108C9000F88F4046F5F7A1F905464046F5F7FEF98D
:108CA00007463C462C2D08D14046F5F7F4F9064618
:108CB0003846EBF734FB3080C5E02A2D11D1384619
:108CC000EAF75FFF064626B100222A213046F5F773
:108CD000EBF93846FEF751FB0021384605F040FC21
:108CE000B1E0292D04D10021384605F039FCAAE075
:108CF000012D0BD1A06A20F40030A0623846EAF7BB
:108D000040FF06465249EDF747FE9CE0022D20D178
:108D1000F7F784FA824669465046F7F7DBFABDF862
:108D20000200A8B13846EAF72CFF83465846FDF703
:108D3000AAF9BDF80210084406B231465846FFF7BA
:108D40006BFAA06A20F4003000F50030A06200BF8A
:108D500079E0082D01D0032D03D1384605F04EFDF2
:108D600071E00E2D22D13846FBF7BCFB83465846F6
:108D7000F5F7A2FF0646F7F751FA0090F7F7A3FAC6
:108D80008246BAF1040F0ED156B9E08C218D88428B
:108D90000BD0208DE0840121384605F0E1FB04E092
:108DA000E08C208501E0E08C20854CE00F2D0AD17D
:108DB000E08C218D884246D0208DE0840121384608
:108DC00005F0CEFB3FE00D2D2CD14046F5F763F9C1
:108DD0000678132E01D0122E10D1E08C401CA18CED
:108DE00088421EDAB4F828A0E08C401C81B201222F
:108DF000384600F0F6F8A4F828A012E0142E01D0AE
:108E0000112E0ED1E08C00280BDDB4F828A0E08CE8
:108E1000401E81B20122384600F0E3F8A4F828A0F1
:108E200000BF10E0132D07D13846EAF7AAFE064628
:108E30003046FEF773FA06E0152D01D0182D02D149
:108E40004046E4F78AFF00BF21E70000F4F304087E
:108E5000F5F102082DE9F05F0F463846F5F7BDF849
:108E60000446152C08D039461E48FBF70BFA054678
:108E7000012D01D0BDE8F09F3846F5F70FF9824685
:108E8000132C1DD13846F5F706F906465046FBF778
:108E900083FB83465846EBF742FA80465046FDF77F
:108EA000C6F88146B6F90000A8EB0901884202DD48
:108EB000B6F9000001E0A8EB090000B230800EE036
:108EC000292C07D15046FBF767FB0646002105F029
:108ED00047FB04E0152C02D13846E3F7B9FB00BF8D
:108EE000C8E7000010F404082DE9F84F05460E46C7
:108EF000934600BF00BF00BF1EB900BF00BF00BF48
:108F0000FEE700BF2C462846EAF73BFE0090002013
:108F1000E0842085A084804608E016F808000A282E
:108F200002D1A08C401CA08408F1010816F80800AA
:108F30000028F2D1A08C401CA084BBF1000F0AD104
:108F400094F82A0020F0010084F82A0031460098A5
:108F5000F8F77EFD3EE094F82A0020F00100401C66
:108F600084F82A003046D7F713FA00F10109C9EB5B
:108F7000C900F9F7CBF807464FF0000A0FE009FBEC
:108F80000A703146D7F726FA0A210AF1010009FBD7
:108F900000F0401E39540AF1010000F0FF0ABAF156
:108FA000070FECDB0021C9EBC900401E39543946DC
:108FB0000098F8F74DFD3846F9F724F9A08C00EB3E
:108FC0004000E084A08CC0EBC000A0842846ECF7F1
:108FD0009FFB00BFE08C20850098FEF79FF9BDE85D
:108FE000F88F2DE9F04105460E46174600BF00BF39
:108FF0002C4694F82A0000F0010070B13146E28C52
:10900000072392FBF3F290B210B1C0EBC002891AB1
:10901000C0EBC0020A4496B200BFA08CB04201DD92
:10902000304601E0A08C401EE084E08C208539466B
:10903000284605F095FABDE8F08110B5F1F73AFB46
:109040000446F1F793FB10BD2DE9F04FA1B00546A2
:109050000E4617469846DDF8A8A02846FBF702FA08
:109060000446FFF7EAFF8146A069F0B1A0694845D0
:109070001BD0A069F1F7B7FB0021A069EDF78CFCCC
:1090800000221146A069FEF7DAFD002240F262419B
:10909000A069FEF705FA94F8280000F0010010B16D
:1090A0004846FAF7BBFCD4F81890A561606948B14E
:1090B00094F8280000F0010020B16069FAF7AEFCD6
:1090C0000020606184F828A000212846EDF764FCA8
:1090D000FFF7B3FF83460021EDF75EFC0022114647
:1090E0002846FEF7ACFDFFF7A8FF83460022114695
:1090F000FEF7A5FD002240F262412846FEF7D0F9B6
:10910000FFF79BFF8346002240F26241FEF7C8F959
:1091100011A8EDF789FC294611A8EDF743FD794820
:10912000139000BF7848149000BF394611A8EDF79E
:1091300017FD414611A8EDF7F5FC01A8EDF774FC09
:1091400001A82169EDF72EFD394601A8EDF708FDCC
:10915000414601A8EDF7E6FC0A2E0FD2DFE806F043
:10916000050F1D2C3A4965819DB9684911A8EDF795
:10917000DFFC0022114611A8EDF7FCFCB3E06349C7
:1091800011A8EDF7D5FC2046F1F7ACFA8346002292
:10919000594611A8EDF7EEFCA5E05C4911A8EDF7E2
:1091A000C7FC2046F1F79EFAC0F1000B0022594699
:1091B00011A8EDF7DFFC96E0554911A8EDF7B8FCD2
:1091C0002046F1F7F5FA83460022594611A8EDF73B
:1091D000D1FC88E04E4911A8EDF7AAFC2046F1F732
:1091E000E7FAC0F1000B0022594611A8EDF7C2FCC6
:1091F00079E0464911A8EDF79BFC2046F1F772FA99
:1092000083460022594611A8EDF7B4FC3F4901A856
:10921000EDF78EFC2046F1F765FAC0F1000B5A46D7
:10922000002101A8EDF7A6FC5DE0384911A8EDF793
:109230007FFC2046F1F756FAC0F1000B0022594698
:1092400011A8EDF797FC314901A8EDF771FC204614
:10925000F1F748FA83465A46002101A8EDF78AFC47
:1092600041E02B4911A8EDF763FC2046F1F7A0FA85
:1092700083460022594611A8EDF77CFC244901A839
:10928000EDF756FC2046F1F793FAC0F1000B5A4671
:10929000002101A8EDF76EFC25E01D4911A8EDF7AE
:1092A00047FC2046F1F784FAC0F1000B0022594632
:1092B00011A8EDF75FFC164901A8EDF739FC20462F
:1092C000F1F776FA83465A46002101A8EDF752FCE1
:1092D00009E0104911A8EDF72BFCFF22002111A88D
:1092E000EDF748FC00BF00BF002225214846F4F7F7
:1092F000DBFE11A8EDF770FC01A8EDF76DFC21B0C5
:10930000BDE8F08F9DEA020855EA0208D5F102088F
:10931000E5F1020883D902082DE9F04107460C4621
:109320002546002045F8700F287920F001002871AB
:10933000287920F002002871703D4FF440712046DA
:10934000FAF796FA10212046FAF792FA0020F1F780
:10935000B7F9502101EBC000A02190FBF1F00128EA
:1093600009DD0020F1F7ACF9502101EBC000A0218C
:1093700090FBF1F000E0012006B231462046FEF7F6
:1093800053FBBDE8F08100002DE9F34F8BB0FE48A0
:109390000C99FAF777FF0A900A98012802D00DB0CD
:1093A000BDE8F08F0C98F4F718FE05460C98F4F71A
:1093B00075FE06463446304600F08DFB8046112D82
:1093C00031D10C98F4F767FE0746B06818B1B06861
:1093D000B0F9140000E00020814604F1680108A8FB
:1093E000EEF7A4F94A46494608A8EEF79BFA002290
:1093F00008A83968DBF751FB3871387990B9B8F1B2
:10940000020F0FD104F1600108A8EEF78FF94A4668
:10941000494608A8EEF786FA002208A83968DBF763
:109420003CFB38714FE3012D78D13046FDF7F9F957
:1094300094F8740020F00100401C84F87400B8F126
:10944000000F02D0B8F1010F03D104F1240020670E
:1094500057E1B8F1020FFBD1F6F7E0FE834609A908
:10946000F6F7F6FE3046FCF7E2FD83463046FBF7A2
:1094700043F8834501DB012000E000200890002133
:109480003046FBF731FF07460898002876D0012FB9
:1094900005D0BDF92410B4F96C00814207DC012F1E
:1094A00009D1BDF92400B4F96810884203DA04F147
:1094B0002400206724E1012F05D0BDF92400B4F970
:1094C0006010884207DB012F09D1BDF92410B4F9DF
:1094D0006400814203DD04F13000206710E1B4F93B
:1094E0006430B4F960C0A3EB0C0202EBD2730CEB56
:1094F0006303BDF924C0A3EB0C03002B0FDDB4F90B
:109500006430B4F960C0A3EB0C0101EBD1730CEB38
:109510006303BDF924C0A3EB0C030EE0F2E0B4F941
:109520006430B4F960C0A3EB0C0000EBD0730CEB1B
:109530006303BDF924C0ACEB03030FFA83F9B4F95C
:109540006C30B4F968C0A3EB0C0202EBD2730CEBE5
:109550006303BDF924C0A3EB0C03002B0FDDB4F9AA
:109560006C30B4F968C0A3EB0C0101EBD1730CEBC8
:109570006303BDF924C0A3EB0C030EE026E0B4F9AD
:109580006C30B4F968C0A3EB0C0000EBD0730CEBAB
:109590006303BDF924C0ACEB03030FFA83FACA4599
:1095A00009DA04F12400206794F8740020F0020026
:1095B00084F87400A4E004F13000206794F874008B
:1095C00020F00200801C84F8740099E0BDF9261098
:1095D000B4F96A00814203DA04F1240020678FE0C5
:1095E000BDF92610B4F96600814203DD04F13000B4
:1095F000206785E0B4F966C0B4F96230ACEB0302D1
:1096000002EBD2734FEA630CB4F962306344BDF9E4
:1096100026C0A3EB0C03002B11DDB4F966C0B4F92E
:109620006230ACEB030101EBD1734FEA630CB4F988
:1096300062306344BDF926C0A3EB0C0310E0B4F91B
:1096400066C0B4F96230ACEB030000EBD0734FEAB4
:10965000630CB4F962306344BDF926C0ACEB03037C
:109660000FFA83F9B4F96EC0B4F96A30ACEB0302B7
:1096700002EBD2734FEA630CB4F96A306344BDF96C
:1096800026C0A3EB0C03002B11DDB4F96EC0B4F9B6
:109690006A30ACEB030101EBD1734FEA630CB4F910
:1096A0006A306344BDF926C0A3EB0C0310E0B4F9A3
:1096B0006EC0B4F96A30ACEB030000EBD0734FEA34
:1096C000630CB4F96A306344BDF926C0ACEB030304
:1096D0000FFA83FACA4509DA04F12400206794F8E6
:1096E000740020F0020084F8740009E004F13000F6
:1096F000206794F8740020F00200801C84F8740045
:1097000000BFE0E1022D78D1206F002875D0F6F778
:1097100085FD09900998F6F7D6FD012800D03EE6B0
:1097200008A90998F6F794FD00213046FBF7DCFD07
:1097300007903046FCF77BFC82463046FAF7DCFEA9
:10974000834600213046FCF79EF806900021304603
:10975000FCF742F9059000213046FCF70DFA049021
:1097600000213046FBF7B2FF8146D4E90A10401AC7
:1097700003900027E06A0290A06A0190DA4521DB9D
:109780000699AAEB010201E02CF404080599511A8C
:1097900008B20799012907D1B6F918200599511A7D
:1097A000BDF920208F1A06E0BDF92020B6F914304B
:1097B00006991944571A0399794391FBF0F7A16A66
:1097C0000F4412E0ABEB09020499511A08B2BDF93B
:1097D0002220B6F91A104944571A7942039A514384
:1097E00091FBF0F7A16A0F4400BF04F13000216F34
:1097F000814203D1606A029002E01EE0206B01907A
:109800000198874201DA019F03E00298874200DD58
:10981000029F206F0068B8420ED0206F076030466C
:10982000FCF7FFFF00221C213046F4F73DFC0A90B4
:109830000A98012800D0B2E545E1082D01D0032D9A
:109840003ED194F8740020F0010084F874000020E8
:1098500020673046FCF7E5FF3046FAF743FE8246C4
:109860005046F5F729FA0746F6F7D8FC8346F6F78F
:109870002AFD8146B9F1040F21D107B3304600F02B
:109880002AF9022817D194F87400C0F3400038B9BF
:1098900094F8740020F00200801C84F874000EE03C
:1098A00094F8740020F0020084F8740000215046FF
:1098B000F5F7A5FA03E000215046F5F7A0FA02E11A
:1098C0000E2D10D1F6F7AAFC8146F6F7FCFC0746F0
:1098D000042F01D0022F05D194F8740020F002006B
:1098E00084F87400EFE0292D03D13046FDF716FD12
:1098F000E9E0132D7ED14FF440313046FBF7C3FF32
:1099000009904FF440313046FCF766F808904FF468
:1099100040313046FCF730F982464FF44031304652
:10992000FBF7D4FE07904FF4403B43F60E02594636
:109930003046FCF755F90390039800B2069059465B
:109940003046FCF7FFFA059059463046FCF7E0FA3E
:1099500004903046FCF76BFB0222059902FB010BD9
:109960003046FAF7C9FD0222049902FB0100834543
:1099700007DA3046FCF75BFB0222059902FB010087
:1099800006E03046FAF7B8FD0222049902FB010016
:10999000401007B206987843001207B2DDE90810BC
:1099A000884201DD099900E008990798504501DDDA
:1099B000079800E05046814207DDDDE90810884243
:1099C00001DD099807E0089805E00798504501DD9A
:1099D000079800E05046384407B2B81C07B24FF46D
:1099E00040313046F9F7CBFD384407B20C98F4F714
:1099F00052FB00E00BE08146B9F90000B84202DDFD
:109A0000B9F9000000E03846A9F800005BE00D2D30
:109A100054D10C98F4F73FFB0778132F01D0112F86
:109A200023D194F87400C0F3400050B9304600F0E0
:109A300061F800F1010901224946304600F06AF858
:109A400009E0304600F041F800F1010901224946E1
:109A5000304600F055F800221C213046F4F724FB74
:109A60000A900A98012828D099E4142F01D0122FC7
:109A700023D194F87400C0F3400050B9304600F090
:109A800039F8A0F1010901224946304600F042F8B8
:109A900009E0304600F019F8A0F101090122494619
:109AA000304600F02DF800221C213046F4F7FCFA75
:109AB0000A900A98012800D071E404E0152D02D123
:109AC0000C98E2F7ADFC00BF69E410B504462046EF
:109AD000EEF7B1F810BD70B505462846EEF7A2F8CE
:109AE0000446012C00D170BD022C01D10220FAE7FE
:109AF0000020F8E710B504462046EEF7AFF810BD99
:109B000070B504460D461646324629462046EEF705
:109B1000FAF870BD70B504460D4616463246294621
:109B20002046EEF726F970BD0FB47CB504460D460D
:109B300009A80190019800902A4621460548089BF3
:109B4000DDF760FA06460020019030467CBC5DF8E7
:109B500014FB00001B6B000870B506460C4600BFE6
:109B600000BF2546002045F8600F288A20F0F0004D
:109B70002882288A20F00F00401D28820120E860FA
:109B8000104868604042A860288A20F480702882CB
:109B9000288A20F4C06000F580602882603D0121A1
:109BA000204601F079FF0121204601F0E4FE8221E8
:109BB0002046FEF7FFFA204600F08EF900BF00BFF6
:109BC00070BD00009F86010070B5054600BF00BF54
:109BD0002C46E16E206E401AA16E88420EDBE16ECB
:109BE000206E401A05D5206E002802DD206E40420E
:109BF0002066E16E206E401A20660DE0B4F8700019
:109C0000C0F3002030B1A16E206E884202D1606E98
:109C1000206601E0A06E2066284600F05DF970BD68
:109C20002DE9F34F83B00120029077480499FAF7A9
:109C300029FB02900298012802D005B0BDE8F08F00
:109C40000498F4F7CAF906460498F4F727FA074689
:109C50003C46082E7ED1F6F7E1FA01900198F6F71E
:109C600032FB042840D13846FAF73CFC0546F5F7AC
:109C700023F8002811D094F8700000F00F0001289C
:109C80000BDDB4F87000C0F34120022814D1E06E5F
:109C9000012803DD384600F0E6F87AE094F8700019
:109CA00000F00F00821E0A200021FEF7DBFBE066B9
:109CB000384600F0EBF86CE094F8700000F00F000C
:109CC000421E0A200021FEF7CDFBE26ED317101AC8
:109CD0008B4103DA384600F0D9F85AE00A20E066F2
:109CE000384600F0C0F854E0384601F032FE8246B3
:109CF0005046D6F74DFB8346206C1AF800002E28FC
:109D000003D1384601F0ABFC11E0206C584505D179
:109D1000ABF10101384601F039FE08E0206C30B9A2
:109D2000A06E002803DA0121384601F02FFE94F8D6
:109D3000700000F00F00401E00904020005B85B2D4
:109D400094F87010C1F30311206C884208D994F87C
:109D5000700000E01EE0C0F3031008B1681E85B279
:109D60000098A0EB0508A06E002801DA08F10108B0
:109D70000120E0664FF0000908E0E06E00EB800093
:109D80004000E06609F101001FFA80F9C145F4D3F3
:109D900000BF36E00D2E34D1F6F740FA8146F6F7D3
:109DA00092FA80460498F4F776F90568132D0AD1E3
:109DB000B8F1040F03D1384600F028F820E0384607
:109DC00000F051F81CE0142D0AD1B8F1040F03D1B2
:109DD0003846FFF7F9FE13E0384600F057F80FE079
:109DE000112D03D1384600F011F809E0122D03D1EE
:109DF0003846FFF7E9FE03E02946384601F002FA4B
:109E000000BF00BF19E70000F040030870B5054629
:109E100000BF00BF2C46E16E206E0844616E884290
:109E20000FDCE16E206E0844002805DD206E00285E
:109E300002DA206E40422066E16E206E0844206601
:109E40000DE0B4F87000C0F3002030B1D4E918017F
:109E5000884202D1A06E206601E0606E206628462E
:109E600000F03AF870BD70B5064600BF00BF34463A
:109E70000A21E06E90FBF1F5002D01DDE56601E0C1
:109E80000120E066304600F027F870BD2DE9F04172
:109E9000054600BF00BF2C46D4E91910002802DA9D
:109EA000A06E404200E0A06E814201DD606E06E0DF
:109EB000A06E002802DAA06E404200E0A06E0746C5
:109EC000E06E00EB80004600BE4200DCE6662846FD
:109ED00000F002F8BDE8F0812DE9F04F8BB081462B
:109EE0004D46122106A8F8F7BCFB06AE4FF0000B5A
:109EF000A86E002808DA286E002801DB2B2000E07D
:109F00002D203070761C03E00BF1010000F0FF0BF8
:109F1000286E002801DD286E01E0286E40420346CD
:109F20003EA20E2102A8FFF7FFFD02A8D6F730FAE5
:109F300095F8701001F00F01A1EB0008B8F1000FC7
:109F400015DD02A8D6F724FA84B206E002A8005D67
:109F500004EB080102AA5054641E002CF6DA002417
:109F600003E0302002A90855641C4445F9DB95F84C
:109F70007000C0F3031020B995F8700000F00F00D6
:109F800003E095F87000C0F303100190002404E092
:109F900002A8005D3070761C641C0198844203DACC
:109FA00002A8005D0028F3D195F87000C0F30310FB
:109FB00090B12E203070761C04E002A8005D307055
:109FC000761C641C95F8700000F00F00A04203DDC1
:109FD00002A8005D0028F0D106A9484601F0AEFDB8
:109FE000D5F86CA095F8700000F00F0704E00A2087
:109FF0009AFBF0FA781EC7B2BAF10A0FF7DA0198A5
:10A00000874201DD781CC7B2A7EB0B00C7B2394607
:10A01000484601F0BBFC0BB0BDE8F08F25640000A2
:10A0200030B591B005460C4602212046F9F720FCD8
:10A0300001A8ECF7F9FC00BF019400BF1A4901A880
:10A04000ECF77CFD01A84FF6FF71818700BF17492F
:10A0500008680B9000BF1648006800F5B4721448F9
:10A06000016801A8ECF792FD01A8ECF7B5FD1148D5
:10A07000079000BF4FF4B472002101A8ECF786FDF1
:10A080000D4901A8ECF75AFD01A8ECF7A5FD4FF426
:10A09000B47200212046EDF7A8F94FF487712046ED
:10A0A000EDF778FA11B030BD997C0008C4010020AA
:10A0B000C8010020616A0108A97C000870B5044647
:10A0C0000D46164632462946204600F03CF870BD43
:10A0D000F0B503469888C00B68B11C6807E020887B
:10A0E000884203D1606810600120F0BD08342088E8
:10A0F0000028F4D1F9E7D87908B90020F5E7D87934
:10A10000012815DDD8791F6807EB80052E4600244D
:10A110000AE036F81400884205D11F6857F8240079
:10A1200010600120E1E7641CD879A042F1D808E072
:10A130009888C0F30E00884203D11868106001208F
:10A14000D3E70020D1E7F0B503469888C00B68B18B
:10A150001C6807E02088884203D1606810600120F5
:10A16000F0BD083420880028F4D1F9E7D87908B97F
:10A170000020F5E7D879012815DDD8791F6807EBAD
:10A1800080052E4600240AE036F81400884205D1E6
:10A190001F6857F8240010600120E1E7641CD8799B
:10A1A000A042F1D808E09888C0F30E00884203D19D
:10A1B000186810600120D3E70020D1E710B50446ED
:10A1C00008212046F8F74DFA10BD014600BF00BF38
:10A1D000C87908B9012070470020FCE73EB5044665
:10A1E0004E2C75D01EDC332C73D00EDC292C78D08D
:10A1F00006DC202C45D0222C53D0252C6CD177E0C6
:10A20000302C4FD0312C67D168E0462C68D004DC6C
:10A210003B2C49D0442C79D145E0472C48D04D2CDB
:10A2200074D143E040F63C01601A8C425AD010DCF5
:10A2300040F25741A4EB01008C4238D004DC522C90
:10A2400033D0532C62D150E0012848D00B285DD187
:10A2500043E040F2CA72811A904253D006DC0928CA
:10A2600041D0A0F2C770002850D14AE0A1F253407B
:10A2700088B3A0F50C50B53870BB4FF480700290D5
:10A2800048E000BFFF2211461046EFF742FC009065
:10A29000BDF8001008460190BDF80400ADF80800B4
:10A2A00038E000BF00BF00BF00BF00BF00BF00BF5D
:10A2B00000BF002211461046EFF72BFC0090BDF8BE
:10A2C000001008460190BDF80400ADF8080021E038
:10A2D0000AE010E005E011E018E000BF00BF00BF99
:10A2E00000BF00BF00BF00BF00BFFF20029011E011
:10A2F000FF2002900EE00F2002900BE00748029032
:10A3000008E000BF41F6FF70029003E000200290D9
:10A31000029000BF00BF02983EBD0000C076030857
:10A3200003480088401C024908800846008870479E
:10A33000280200202DE9FE4F0446884600BF00BFDA
:10A34000A088C00B20B100BF00BF0020BDE8FE8F79
:10A35000E07908B90020F9E7E07901280ED1A0885A
:10A36000C0F30E00404507D1A0886FF30E00A08017
:10A370000020E0710120E9E70020E7E7E0792168AB
:10A3800001EB80060296029E002553E036F8150088
:10A3900040454ED1D4F80090E079022812D1012036
:10A3A000E0710DB9708800E03088A18860F30E017B
:10A3B000A1801DB9D9F80400206035E0D9F800006B
:10A3C000206031E0E079401E00EB40004000019049
:10A3D0000198F7F761FE8246BAF1000F01D1002023
:10A3E000B4E7C4F800A0E079401EE071E0790AEB20
:10A3F0008000029002980090D34600273D460FE06F
:10A4000036F8170040450AD059F827104BF82510A8
:10A4100036F8172028466D1C009921F810207F1C63
:10A42000E079B842ECD200BF4846F7F703FF0120BD
:10A430008CE76D1CE079A842A8D8002086E710B50B
:10A44000044600BF00BFA088C00B10B100BF00BF12
:10A4500010BDE079012802DD2068F7F7EBFE082146
:10A460002046F8F7FEF800BFF2E738B505460C467F
:10A47000009465212846009A00F087F938BD13B58D
:10A4800082B00446BDF80C00ADF80400522120460D
:10A49000019A00F07AF91FBD38B505460C460094C4
:10A4A00051212846009A00F070F938BD38B50546AC
:10A4B0000C4600944FF405612846009A00F065F9B7
:10A4C00038BD13B582B00446BDF80C00ADF80400E9
:10A4D00020212046019A00F058F91FBD13B582B023
:10A4E0000446BDF80C00ADF8040022212046019A74
:10A4F00000F04BF91FBD38B505460C46009440F6F8
:10A5000028012846009A00F040F938BD38B50546C4
:10A510000C46009421212846009A00F036F938BDF7
:10A5200013B582B00446BDF80C00ADF8040030212C
:10A530002046019A00F029F91FBD38B505460C46A2
:10A54000009431212846009A00F01FF938BD38B533
:10A5500005460C46009434212846009A00F015F96F
:10A5600038BD38B505460C46009433212846009A7C
:10A5700000F00BF938BD38B505460C46009441F2A1
:10A5800032012846009A00F000F938BD38B505467A
:10A590000C46009461212846009A00F0F6F838BD78
:10A5A00038B505460C46009463212846009A00F011
:10A5B000ECF838BD38B505460C46009464212846B1
:10A5C000009A00F0E2F838BD38B505460C46009414
:10A5D00041F204012846009A00F0D7F838BD13B5BF
:10A5E00082B00446BDF80C00ADF804004D212046B1
:10A5F000019A00F0CAF81FBD38B505460C46009414
:10A6000040F649012846009A00F0BFF838BD38B539
:10A6100005460C46009441F206012846009A00F0D7
:10A62000B4F838BD38B505460C46009441F2030134
:10A630002846009A00F0A9F838BD13B582B0044648
:10A64000BDF80C00ADF804003B212046019A00F053
:10A650009CF81FBD38B505460C46009440F63C01F9
:10A660002846009A00F091F838BD38B505460C46EA
:10A67000009440F63D012846009A00F086F838BD67
:10A6800038B505460C46009440F63A012846009A33
:10A6900000F07BF838BD70B504460D4629462046CB
:10A6A00000F03BF82946204600F042F829462046B3
:10A6B00000F054F82946204600F001F870BD38B586
:10A6C00005460C46009441F611012846009A00F018
:10A6D0005CF838BD38B505460C46009441F61501C6
:10A6E0002846009A00F051F838BD70B504460D4672
:10A6F0002946204600F027F829462046FFF7EAFFC2
:10A7000070BD70B504460D462946204600F005F898
:10A710002946204600F00CF870BD38B505460C46B9
:10A72000009441F612012846009A00F02EF838BD38
:10A7300038B505460C46009441F613012846009AA8
:10A7400000F023F838BD38B505460C46009441F6B4
:10A7500014012846009A00F018F838BD38B50546AF
:10A760000C46009441F610012846009A00F00DF8BE
:10A7700038BD70B504460D4629462046FFF7EEFF6A
:10A7800029462046FFF79BFF70BD2DE9F74F82B0A9
:10A7900004460F4600BF00BFA088C00B20B100BF19
:10A7A00000BF05B0BDE8F08FE079012843DDE07916
:10A7B000216801EB8008C246E079451E09E03AF8BD
:10A7C0001500B84204D12068049A40F82520E8E733
:10A7D0006D1E002DF3DAE079401C00EB40004000D4
:10A7E000019020680199F7F779FD064606B9D8E788
:10A7F0002660E07906EB8008C246E079451E05E058
:10A800003AF81510A81C2AF810106D1E002DF7DA62
:10A81000E079401CE071E07906EB8008C246B3465F
:10A82000E079401E2AF81070E079401E5E460499D7
:10A830004BF8201037E0E07901282CD1A088C0F334
:10A840000E00B84202D104982060AAE7E079401CCB
:10A8500000EB40004FEA400B5846F7F71DFC054659
:10A8600005B99EE7206801902560E079401CE07101
:10A87000E07905EB8008C2462E46A088C0F30E00A2
:10A88000D046AAF80000AAF8027035460198306058
:10A890000498706007E00120E071A08867F30E0063
:10A8A000A080049820603846DBF77EFE8146A179BF
:10A8B000012202FA09F21143A17100BF71E738B514
:10A8C00005460C46009460212846009AFFF75DFF7C
:10A8D00038BD13B582B00446BDF80C00ADF80400D5
:10A8E00044212046019AFFF750FF1FBD38B50546A9
:10A8F0000C46009440F642012846009AFFF745FFB7
:10A9000038BD38B505460C46009440F6450128464A
:10A91000009AFFF73AFF38BD38B505460C4600945B
:10A9200040F643012846009AFFF72FFF38BD38B59F
:10A9300005460C4600944FF404612846009AFFF740
:10A9400024FF38BD70B504460D462946204600F068
:10A9500054F829462046FFF737FE70BD38B5054646
:10A960000C46009441F25D412846009AFFF70DFF26
:10A9700038BD13B582B00446BDF80C00ADF8040034
:10A9800040F257412046019AFFF7FFFE1FBD38B540
:10A9900005460C46009441F259412846009AFFF7BB
:10A9A000F4FE38BD38B505460C46009441F25B41D3
:10A9B0002846009AFFF7E9FE38BD38B505460C4633
:10A9C000009440F60B012846009AFFF7DEFE38BDE2
:10A9D00038B505460C46009440F60A012846009A10
:10A9E000FFF7D3FE38BD38B505460C460094672105
:10A9F0002846009AFFF7C9FE38BD38B505460C4613
:10AA0000009441F201012846009AFFF7BEFE38BDCE
:10AA10002DE9F04704460D4616461F46DDE9088934
:10AA200014212046F7F71DFE25600EB9054800E009
:10AA30003046A060E760C4F81080C4F80490BDE818
:10AA4000F0870000E76A010870B504460D46264607
:10AA500075623046FBF7E5FE70BD70B504462568AB
:10AA60004FF0FF3068622846FBF7DBFE70BD70B523
:10AA700006460C4625464FF0FF30686210212046FE
:10AA8000F8F7F6FE08212046F8F7D6F94FF4806172
:10AA90002046F8F7D1F970BD70B506460C4625463C
:10AAA00000212846EBF778FF70BD00002DE9FC5F20
:10AAB0000F4639463D48F9F7E5FB0190019801281A
:10AAC00001D0BDE8FC9F3846F3F787FA05463846C3
:10AAD000F3F7E4FA0090132D58D14FF44031009869
:10AAE000FAF7DEFE80464FF440310098FAF781FF16
:10AAF00081464FF440310098FBF74BF882464FF403
:10AB000040310098FAF7EFFD8346C84501DD404625
:10AB100000E04846D34501DD594600E051468842F1
:10AB200005DDC84501DD404606E0484604E0D34562
:10AB300001DD584600E050460646B01C06B24FF410
:10AB400040310098F8F71BFD304406B23846F3F761
:10AB5000A2FA0446B4F90000B04202DDB4F90000E4
:10AB600000E0304620804FF400310098F8F707FDF0
:10AB7000B4F90010884202DAB4F9000004E04FF49E
:10AB800000310098F8F7FBFC20800DE01C2D06D169
:10AB9000009800F00DF80098FBF743FE04E0152D37
:10ABA00002D13846E3F7C7F900BF8AE748F4040842
:10ABB0002DE9F04790B0804600BF00BF4446002515
:10ABC000652229462046FBF70BF80F900F9F00BF28
:10ABD000002F47D04046FAF7F3FA00F0010A606A06
:10ABE000401C80B9BAF1000F01D0002001E04FF401
:10ABF00080700546BAF1000F02D04FF4807000E07B
:10AC00000020064608E0656ABAF1000F02D04FF452
:10AC1000807000E000200646A81B002801DDA81B6C
:10AC200000E0701B78434FEA102900212046EBF723
:10AC3000B3FE6846EBF7F8FE00BF009400BF0B4878
:10AC4000019000BF00BF07950895099600BF08480E
:10AC5000039000BF00BFCDF8289000BF6846EBF717
:10AC6000BBFF00BF10B0BDE8F087000049AA020892
:10AC70005BAA020870B506460C4625460120A8844A
:10AC8000E884A98C4800F7F707FA2863E98C4800A4
:10AC9000F7F702FAE8628220296B0880E96A0880E7
:10ACA000EA8CAB8C5A439100A86AF7F717FBA862AD
:10ACB0000020A96A086070BD2DE9F04107460E46E4
:10ACC000344600250EE0A06A50F8250040B1A16A84
:10ACD00051F82500F7F7AEFA0020A16A41F82500E7
:10ACE000681C85B2A08CE18C4843A842EBDCA06ACA
:10ACF00010B1A06AF7F79EFAE06A10B1E06AF7F7C0
:10AD000099FA206B10B1206BF7F794FABDE8F08147
:10AD10002DE9F34F83B083480499F9F7B3FA8146DC
:10AD2000B9F1010F02D005B0BDE8F08F0498F3F738
:10AD300054F906460498F3F7B1F9824654462A2E90
:10AD400004D10021504603F0C3FCE9E02C2E27D1AA
:10AD50000498F3F7A0F980464FF0000B002506E0B9
:10AD6000206B30F8150058440FFA80FB6D1CA08C46
:10AD7000A842F5D80027002505E0E06A30F8150064
:10AD8000384407B26D1CE08CA842F6D8ABF1010044
:10AD900000B2A8F80000781E00B2A8F80200BFE0D8
:10ADA000012E01D0022E1BD102AA01A95046E9F7BB
:10ADB0000DF80546012D12D1A08EBDF8081088426D
:10ADC00004D1E08EBDF80410884208D0BDF8080018
:10ADD000A086BDF80400E0865046FBF722FD9FE008
:10ADE000082E2BD15046FBF71CFDF5F717FA8046CD
:10ADF0004046F5F758FA0746A08E4FF6FF71884295
:10AE00000DD0E08E88420AD04FB900221C21504656
:10AE1000F3F74AF98146B9F1010F00D083E7F5F75E
:10AE2000FDF98346F5F74FFA0546012D01D0032DB4
:10AE300003D14FF6FF70A086E08671E00E2E03D19D
:10AE40005046FBF7EEFC6BE00D2E64D10498F3F74F
:10AE500022F9D0F80080A78EE58E4FF6FF7087426A
:10AE600001D0854206D10020A086E0865046FBF73F
:10AE7000D8FC58E7A08CB84200DC0027E08CA84240
:10AE800000DC0025B8F1140F01D17F1E0FE0B8F1EE
:10AE9000130F01D17F1C0AE0B8F1110F01D16D1E13
:10AEA00005E0B8F1120F01D16D1C00E03BE7A08C6A
:10AEB000B84209DCE08C401EA84202DD00276D1C70
:10AEC0000AE0A08C471E07E0002F05DA1DB1A08C18
:10AED000471E6D1E00E00027E08CA84202DCE08CDB
:10AEE000451E02E0002D00DA0025A08EB84202D1F6
:10AEF000E08EA8420ED0A786E5865046FBF791FC6F
:10AF000000221C215046F3F7CFF88146B9F1010F1A
:10AF100000D008E704E0152E02D10498E3F7EEF81C
:10AF200000BF00E764F404082DE9F04781460D46B0
:10AF30002C465148007884F82C0094F82C00012805
:10AF400010D0022813D0042802D0082814D104E01D
:10AF500001212846FCF794FD0EE009212846FCF764
:10AF60008FFD09E000212846FCF78AFD04E0082156
:10AF70002846FCF785FD00BF00BF42F2640211467F
:10AF80002846FCF7AEFE2846EDF70CF807462846A3
:10AF9000F8F734FD804601213846EDF719FD04200D
:10AFA000F7F77AF8606235A0616A08603846616A2E
:10AFB000EDF716FC00231C2231493846F7F7F4FE62
:10AFC0004FF480413846F7F737FF00231A462D49E2
:10AFD0004046F7F7E9FE00214046FCF768FE94F88A
:10AFE0002C00012819D0022818D0042802D00828E3
:10AFF00026D100E000BF2448B0F9002042F26401ED
:10B000003846FCF76EFE42F264014046FDF7D2F886
:10B0100001214046FCF746FD12E000BF42F2640207
:10B020001948B0F900103846FCF75BFE42F26401A3
:10B030004046FCF746FD01214046FCF733FD00BFCA
:10B0400000BFF3F733FE06461EB139463046F3F72C
:10B0500067FD00214046FCF713FD03214046FCF745
:10B060000CFE80214046F7F7E7FE4FF48061404632
:10B07000F8F7FEFBBDE8F087CC01002000000000DF
:10B080007781000853950008CE0100202DE9F0419A
:10B0900007460E46344694F82C0000F00C0070B1C0
:10B0A000002509E0616A51F82500F7F7C3F8002090
:10B0B000616A41F825006D1C208DA842F2D894F8F1
:10B0C0002C0000F0030080B100250BE06A00616AEB
:10B0D00051F82200F7F7AEF800206A00616A41F8E3
:10B0E00022006D1C208DA842F0D8606AF7F7A2F804
:10B0F00000206062BDE8F0812DE9F04781460C46F2
:10B1000021460E48F9F7BEF80646012E01D0BDE8EB
:10B11000F0872046F2F761FF05462046F2F7BEFFB2
:10B120000746292D08D1384600F011F88046002244
:10B130004146384600F018F800BFE8E72841030808
:10B1400010B5044601212046F9F7C1F810BD0146AB
:10B1500000BF00BF0A46508D704710B5044600215D
:10B160002046F9F7B4F810BD2DE9FC5F80460C4687
:10B17000934600BF00BF4646308DA04201D8308DB7
:10B18000441E4046FDF768F84046FFF7D9FF0546E4
:10B190000DB9BDE8FC9F4FF0000A41F6150251467B
:10B1A0002846FAF71DFD0090009807B200BF284618
:10B1B000F9F72DF9814600214046FAF788F8012871
:10B1C00008D007EB0900604301B25A462846FCF755
:10B1D000D1FB0BE0C4F1000A07EB090000FB0AF009
:10B1E00001B25A462846FCF7C5FB00BF4046FFF7B0
:10B1F000B4FF0190A1B280220198EDF79FFA748507
:10B2000000BFC6E72DE9F34792B0074600BF00BF75
:10B210003C46139810900020119010AD29463846F6
:10B22000EAF7ECFB0646012E02D014B0BDE8F08729
:10B2300094F85C00C0F3C00040B113980A2802D013
:10B2400013980D2802D100BF00BFEEE7002113A81C
:10B25000414A12689047814649463846DDF7D8FB97
:10B2600010B900BF00BFE0E794F85C00C0F38000B5
:10B2700010B1384602F07EFFA06A50B1606AF5F75F
:10B2800001FF804698F8000010B93846FBF7C9FA6C
:10B2900000BF2A46216C606AF5F706FF384600F0C9
:10B2A00025F994F85C00C0F38000002844D0E06ADF
:10B2B000D5F76EF882462846D5F76AF8504400F173
:10B2C00001084146E06AF7F709F8E06200BFE06A6A
:10B2D00018B900BF00BF00BFFEE700BFE06A00B9B9
:10B2E000A3E72A46216CE06ADBF74AFA208F18B9F7
:10B2F000384602F03FFF1FE06846EBF795FB21461A
:10B300006846EBF755FC15496846EBF71BFC218FA7
:10B310006846EBF72DFC012200216846EBF73EFC66
:10B320000F496846EBF712FC0E496846EBF714FC30
:10B330006846EBF751FC00BF384600F0F5FA00F123
:10B3400001084146384600F021FB00221C21384606
:10B35000F2F7AAFE00BF68E74C0200202DE20208C7
:10B36000136B01082FE202082DE9F04391B0064665
:10B370000D4600BF00BF00BF1DB900BF00BF00BF2A
:10B38000FEE700BF344694F85C00C0F3800010B1C3
:10B39000304602F0EFFE304600F0C0FA18B93046F1
:10B3A00000F0C8FAC8B1002010900FE010A928469C
:10B3B000484A12689047804640464749096888478E
:10B3C000814649463046FFF71DFF00BF1098285CB4
:10B3D0000028EBD111B0BDE8F08329463046EAF7EA
:10B3E0000DFB0746012F00D0F4E7A06A50B1606A58
:10B3F000F5F748FE804698F8000010B93046FBF794
:10B4000010FA00BF2A46216C606AF5F74DFE3046FF
:10B4100000F06CF894F85C00C0F38000002844D081
:10B42000E06AD4F7B5FF81462846D4F7B1FF484417
:10B4300000F101084146E06AF6F750FFE06200BF04
:10B44000E06A18B900BF00BF00BFFEE700BFE06AB6
:10B4500000B9BFE72A46216CE06ADBF791F9208F3B
:10B4600018B9304602F086FE1FE001A8EBF7DCFABF
:10B47000214601A8EBF79CFB184901A8EBF762FBFA
:10B48000218F01A8EBF774FB0122002101A8EBF743
:10B4900085FB134901A8EBF759FB124901A8EBF70B
:10B4A0005BFB01A8EBF798FB00BF304600F03CFACD
:10B4B000814628460C490968884709EB000841463F
:10B4C000304600F063FA00221C213046F2F7ECFD12
:10B4D00000BF7FE74C020020440200202DE202085A
:10B4E000136B01082FE202085C02002070B50546CC
:10B4F00000BF00BF2C46606AF5F7D0FD4FF6FF7124
:10B50000884206D1606AF5F7C3FD4FF6FF718842A5
:10B5100009D04FF6FF71606AF6F736FB4FF6FF7100
:10B52000606AF6F726FB70BD2DE9F04107460C4630
:10B53000254695F85C0020F0040085F85C000020AA
:10B54000E86240F2DC5028870020286368635020BE
:10B55000405D20F00100401C502148550121296424
:10B560005020405D20F00200801C502148550020F2
:10B57000A88795F85C0020F0080085F85C0095F835
:10B580005C0020F0020085F85C0000206862A86280
:10B590002046F5F755FA68626420FCF7F3FE06468C
:10B5A0003146686AFCF706FE0BA1686AF6F750FAA6
:10B5B00000231A460949686AF7F7F6FB4FF48061E1
:10B5C0002046F7F739FC0021204600F0DFF920463D
:10B5D00003F0E2FFBDE8F0810000000065630108B0
:10B5E0002DE9F84F054600BF00BF2C46284600F065
:10B5F0009BF980466A464146606AF5F73FFC0021A8
:10B600002846FAF75EFC064600212846FAF7E5FBD5
:10B6100081464846F2F7B2FE0746BDF80210B81957
:10B62000401C084400B2ADF80200A08FADF8000045
:10B63000606AF8F761FFBDF9021088420DDD6946C6
:10B64000606AF5F7E7FA8246B4F93C80514628462D
:10B6500000F09CF9A4F83C8000BFBDE8F88F70B5FD
:10B66000054600BF00BF284600F05EF9044624B13D
:10B67000641E2146284600F089F970BD70B5054664
:10B6800000BF00BF284600F04FF90446641C214665
:10B69000284600F07BF970BD2DE9F84F044600BF45
:10B6A00000BF2546204600F03FF983462C466A46F7
:10B6B0005946686AF5F7E2FB00212046FAF701FCDB
:10B6C000064600212046FAF788FB81464846F2F7F5
:10B6D00055FE0746BDF80210B819401E081A00B200
:10B6E000ADF80200A88FADF800006946686AF5F76A
:10B6F00091FA8246B5F93C805146204600F046F961
:10B70000A5F83C80BDE8F88F2DE9F843054600BF59
:10B7100000BF2C46276C0FB9BDE8F8832AA000684B
:10B72000009069462846EAF769F90646012E00D0DE
:10B73000F2E7606AF5F7A6FC8146206C411E012203
:10B740004846DAF745FF4946606AF6F781F9284628
:10B75000FFF7CCFEA06A50B1606AF5F793FC804613
:10B7600098F8000010B92846FBF75BF800BF94F882
:10B770005C00C0F38000D0B1226C511E0122E06A4F
:10B78000DAF726FFE06AD4F703FE00F1010841462C
:10B79000E06AF6F7A3FDE06200BFE06A18B900BFF7
:10B7A00000BF00BFFEE700BFE06A00B9B4E7206C4D
:10B7B000411E284600F0EAF800221C212846F2F734
:10B7C00073FC00BFA8E700007F00000070B50546CD
:10B7D00000BF00BF284600F0A7F80446611C2846B9
:10B7E00000F0D4F8284600F09FF8A04202D0284686
:10B7F000FFF78AFF70BD70B506460D462C46E06A1D
:10B8000020B1E06AF6F716FD0020E062A06A20B1E0
:10B81000A06AF6F70FFD0020A06270BD2DE9F04789
:10B8200081460E4631463C48F8F72CFD0746012F6D
:10B8300001D0BDE8F0873046F2F7CFFB0546304631
:10B84000F2F72CFC80460E2D03D1404603F0A4FEF7
:10B8500060E00D2D47D13046F2F71DFC0468132C33
:10B8600003D14046FFF70AFF3CE0142C03D14046C9
:10B87000FFF7F5FE36E0112C03D14046FFF70CFF31
:10B8800030E0122C03D14046FFF7AAFE2AE0082C34
:10B8900003D14046FFF738FF24E07F2C03D1404618
:10B8A000FFF794FF1EE0022C04D10021404600F077
:10B8B0006DF817E0032C05D147F6FF71404600F004
:10B8C00065F80FE00A2C09D1404600F039F828B19C
:10B8D00000221F214046F2F7E7FB03E021464046E5
:10B8E000FFF790FC16E0012D05D0022D03D0032DAB
:10B8F00001D0082D03D1304607F0E3F80AE0152DFA
:10B9000003D13046E3F7D8F804E0182D02D13046D1
:10B91000DFF75EFB00BF8CE780F40408014600BF40
:10B9200000BF0A46106B7047014600BF00BF0A46C1
:10B93000106C7047014600BF00BF0A46506B70474D
:10B94000014600BF00BF0A4692F85C00C0F3C00089
:10B95000704770B5054600BF00BF2C4694F85C00E8
:10B96000C0F3800020B9606AF5F78CFB064600E062
:10B97000E66A304670BD10B500BF00BF02465023D6
:10B980009B5C61F341035024A35410BD2DE9FC5F7F
:10B9900080460C4600BF00BF4546286CA04201D13E
:10B9A000BDE8FC9F686AF5F76DFB3A4900900968AD
:10B9B00088470646002C00DA3444B44203DC47F6DC
:10B9C000FF70844200D134462C644046FCF744FCAE
:10B9D00000214046FAF701FA834601AA2146686A27
:10B9E000F5F74CFA5846F2F7C9FC07464046F8F717
:10B9F00073FFBDF90610884205DDBDF9061001226E
:10BA00004046FBF7D3FF4046F8F7E2FC814640464C
:10BA1000F8F762FFBDF906103944081A484509DDF8
:10BA2000BDF80600A0EB0900384401B201224046EF
:10BA3000FBF7BCFF4046F8F755FEBDF904108842FD
:10BA400005DDBDF9041001224046FBF793FF404697
:10BA5000F8F7DDFC82464046F8F744FEBDF90410D5
:10BA60003944081A504509DDBDF80400A0EB0A006E
:10BA7000384401B201224046FBF77CFFBDF80400C8
:10BA8000A887404603F088FD404602F0E9FB00BF6E
:10BA900086E700005C0200202DE9F04105460E46D5
:10BAA00000BF00BF2C4694F85C00C0F3C000B04259
:10BAB00001D1BDE8F08106B394F85C0020F00800E5
:10BAC000083084F85C0042F2D171606AFCF772FBC6
:10BAD0006420FCF757FC074600223946606AFCF7F1
:10BAE000C9FA42F2D1712846FBF7EBFF00231A4650
:10BAF00019462846FBF70FFF1EE094F85C0020F083
:10BB0000080084F85C006420FCF73CFC07463946DA
:10BB1000606AFCF74FFB00221146606AFCF7AAFA44
:10BB2000002241F204012846FBF7BAFC00231A4622
:10BB300019462846FBF7EFFE00BFBAE72DE9F041B2
:10BB400090B006460D4600BF00BF00BF1DB900BF44
:10BB500000BF00BFFEE700BF34463046FFF7C6FC1B
:10BB60003046FFF7DBFE18B93046FFF7E3FE40B37F
:10BB700045A1606AF5F76CFF47F6FF713046FFF7A5
:10BB800005FF94F85C00C0F3800010B10020E16A6A
:10BB9000087000200F900FE00FA928463B4A12685A
:10BBA0009047074638463A490968884780464146E3
:10BBB0003046FFF727FB00BF0F98285C0028EBD129
:10BBC00008E02946606AF5F743FF47F6FF71304603
:10BBD000FFF7DCFEA06A48B1606AF5F753FA074642
:10BBE000387810B93046FAF71CFE00BF94F85C00B4
:10BBF000C0F3800000283FD02846D4F7C9FB471C7B
:10BC00003946E06AF6F76AFBE06200BFE06A18B9FD
:10BC100000BF00BF00BFFEE700BFE06A10B910B070
:10BC2000BDE8F0812946E06AD4F7D4FB208F18B92B
:10BC3000304602F09FFA1FE06846EAF7F5FE21461B
:10BC40006846EAF7B5FF13496846EAF77BFF218F9C
:10BC50006846EAF78DFF012200216846EAF79EFF59
:10BC60000D496846EAF772FF0C496846EAF774FF27
:10BC70006846EAF7B1FF00BF00221C213046F2F708
:10BC800013FA00BFCBE70000000000004C020020C8
:10BC9000440200202DE20208136B01082FE2020883
:10BCA00070B50446204600F099F8054605B970BD08
:10BCB00000BF064A00212046FBF721FC00BF2146B9
:10BCC0002846DBF7D9FF00BFF1E70000FFFF0F00B8
:10BCD00000B500F067F808B9002000BD0048FCE797
:10BCE0000C4500202DE9FF4104461E460A9D00F048
:10BCF00059F860B90020254908704FF41270F6F722
:10BD0000CBF9234908600846006822490860EEF72D
:10BD1000D1FC0746EEF7E6FCB0F5A07F03DC03207C
:10BD20001D4908700EE0EEF7C5FC0746EEF7DAFC99
:10BD3000B0F5347F03DA02201749087002E00120D1
:10BD4000154908701548C460BDF804100182BDF89B
:10BD50000810418245618561C56111480F4908603D
:10BD60000846066203F05CFC2CB12046EEF718FD95
:10BD70000A49884202D10020FBF76AFC01200349EE
:10BD80000870064804B0BDE8F08100000E010020F4
:10BD90001402002000010020040100200C450020B6
:10BDA000E11303080348006808B101207047002030
:10BDB000FCE700001402002038B50546284600F0D4
:10BDC0000DF8044614B1208A009003E01120FCF71E
:10BDD000C1FA0090BDF80010084638BD70B50446A1
:10BDE0001CB12046F8F73EFB01E0EEF763FC054688
:10BDF0002846EEF7D5FC70BD70B5044600F009F892
:10BE00000546A54201D32C1B01E064422C44204688
:10BE100070BD10B507F0EEFB10BD000070B5054613
:10BE20000C4642F2640211462046FBF75AFF0023FB
:10BE30001A4608492046F6F7B7FF80212046F6F754
:10BE4000FBFF03212046FBF718FF03212046FBF7E9
:10BE500021FF70BDCD2503082DE9F04781460C4632
:10BE60002046F8F799FB804642F2640211462046CC
:10BE7000FBF737FF2046FCF7EFF94046F8F7A8FA42
:10BE800010490988484306B24046F8F7C0FA0E49FF
:10BE90000988484307B2324639462046FBF7CFFEB1
:10BEA00025460A48007885F824000748006838B914
:10BEB0000448006820B9054801784046FBF7CEFEEB
:10BEC000BDE8F087D8010020D4010020D001002077
:10BED0002DE9F04105460E46174600240F48DAF7D3
:10BEE0004FF8044600BF1CB900BF00BF00BFFEE70B
:10BEF00000BF14B90020BDE8F0812660A5604FF0B6
:10BF0000FF30206100206061FFF783FF6060E76021
:10BF10000120034908702046EDE700005845002045
:10BF20002F02002010B5044621460548DAF774F8C0
:10BF30000120044908702046F6F77CF910BD000086
:10BF4000584500202E02002001490870704700006B
:10BF50002C02002070B50446207D00F0010008B1DD
:10BF6000002070BD0025204600F0DFF888B9266962
:10BF70002069002802DD2069401E2061FFF749FF8B
:10BF80006060A06818B116B12046A16888470125F5
:10BF900000BF0548007820B9206910B92046FFF796
:10BFA000C1FF2846DDE700002E020020014800788E
:10BFB000704700002D0200202DE9F041494800782B
:10BFC00010B10120BDE8F0810120464908704648C3
:10BFD000007818B9002008700120F3E7FFF719FF77
:10BFE000074667B941480068401C40490860084658
:10BFF0000068642803D90020086000BF00BF00BFAC
:10C0000000203B4908703B4908703B48D9F785FF41
:10C010003A49086013E0394801683748D9F795FF75
:10C02000044636480068FFF795FF30B13148007884
:10C0300010B92F48007800B105E0304804602F485F
:10C0400000680028E7D100BF2C4800680028D7D13D
:10C05000461E2948D9F761FF044610E0207D00F014
:10C06000010038B9204600F060F88046B04500D2A3
:10C07000464600BF21462048D9F767FF0446002CFA
:10C08000ECD13846FFF7B8FE1D49096808441C4941
:10C0900008601C480068FFF7AFFE0546B5F5FA7F5B
:10C0A0001AD31748006864214843B0FBF5F01649DD
:10C0B000087008460078642801DD002003E012487B
:10C0C0000078C0F164001049087000200C49086035
:10C0D000FFF79FFE0B4908600020024908703046B8
:10C0E00070E70000300200202C0200203C020020FB
:10C0F0002E0200202F0200205845002010020020B0
:10C1000038020020340200202D020020012141616C
:10C11000704710B50446FFF77CFE2168401A401EA8
:10C12000606010BD00214161704770B504466068D1
:10C13000FFF762FE05462068A84201D8002070BDC6
:10C140002068401BFBE72DE9F04707460C461646E2
:10C1500000F0ADF88046A6EB08000421DBF773FA87
:10C160000546E11704EB91718910A4EB810121B11F
:10C1700000BF00BF0020BDE8F0870C2D02D3B5F54D
:10C18000004F03D900BF00BF0020F4E76FF00301A8
:10C19000204601F0F3FB814629464846DBF7FCFECA
:10C1A0004846DBF7EAFE4846DBF7F1FE49463846EB
:10C1B000DBF7C8FD4846DBF7EBFD82460021504621
:10C1C000DBF7EAFE5046DBF7EDFE5046DBF7DAFE22
:10C1D0002046D0E710B50446E11704EB91718910B1
:10C1E000A4EB810119B100BF00BF002010BD2046A3
:10C1F000DDF707FA2046F9E72DE9F04104460D4640
:10C200002046FFF7E7FF064600F0BEF82F1A00F0C1
:10C21000BBF800EB04083A4641463046FFF793FF6F
:10C220003046BDE8F0812DE9F04105460C4604B3E7
:10C230002F462046DBF782FD064600BF3046DBF77F
:10C2400093FD18B100BF00BF00BFFEE700BF30463E
:10C25000DBF7D1FD31463846DBF70EFE06463146A8
:10C260003846DBF7E2FD064631463846DBF76AFD25
:10C2700000BFBDE8F08100B5014600F085F8084434
:10C2800000BD2DE9F04104460D462646042128460E
:10C29000DBF7C1F9074639463046DBF782FD8046B9
:10C2A0003A4641463046DBF72BFEBDE8F0810820D8
:10C2B00070472DE9FE4F80460C461546C2464FF0AA
:10C2C00000092CB125B921464046FFF7ACFF58E0E4
:10C2D0002CB929464046FFF7D4FF814651E020465D
:10C2E000DBF72CFD02900298DBF7EEFD019002983F
:10C2F000DBF75DFE06460198DBF759FE3044001D72
:10C30000009004212846DBF786F9074600BF029813
:10C31000DBF72AFD18B100BF00BF00BFFEE700BF7A
:10C32000B7421ED90198DBF71FFD10B10098874274
:10C3300017D929464046FFF7A4FF8146B9F1000FFF
:10C340001ED0AE4201D2304600E0284683465A460F
:10C3500021464846F5F7F7FF21464046FFF763FFC1
:10C360000EE0B74206D950460299DBF75EFD02980F
:10C37000DBF74EFD3A4650460299DBF791FEA146A7
:10C3800000BF4846BDE8FE8F4FF49760704700003D
:10C390002DE9F05F07460D4616460DB1284600E030
:10C3A000144880466FF00301384601F0E7FA04466E
:10C3B00017E02046DBF7D8FC08B9012000E0002098
:10C3C00081462046DBF7F3FD82462046DBF73EFE42
:10C3D000834633464A465146C0472046DBF774FD44
:10C3E000044624B12046DBF7C4FC0028E1D0BDE8B8
:10C3F000F09F00001D99000810B5044604F15A0092
:10C4000000B200F009F810BD10B5044604F15A005E
:10C4100000B200F001F810BD014600204FF4B472E4
:10C4200091FBF2F302FB1311002902DA01F5B47259
:10C4300011B25A2903DA134A32F9110020E05A29BD
:10C4400008DBB42906DAC1F1B40211B20D4A32F99F
:10C45000110015E0B4290BDBB1F5877F08DAA1F1F3
:10C46000B40211B2074A32F81120524210B207E06A
:10C47000C1F5B47211B2034A32F81120524210B21F
:10C480007047000024F204082DE9FF4F85B0834671
:10C49000139CBBF1000F02D09BF8000018B90020DC
:10C4A00009B0BDE8F08F069808B90020F8E71298A7
:10C4B00000F0020010B141F6FF7008904FF0000844
:10C4C0000020049003900025814600268246471EE6
:10C4D000019004A95846444A1268904705460498BA
:10C4E000039065E003A958463F4A12689047814689
:10C4F0000AF1010A129800F0010050B1294614987F
:10C50000DAF76EF928B1DDF81080039804904D46F3
:10C510004EE04A4629460698F1F709FF00B202901C
:10C520000298304406B20298002802DD0798304491
:10C5300006B2781C40B90798311A0898814203DD89
:10C540004746AAF1010001900A2D1DD00D2D1BD0E8
:10C5500028460022B0F59C4F05D349F6A5739842B2
:10C5600001D801230FE0002107E020A35B5C834298
:10C5700001D1012205E04B1CD9B21CA35B5C002B4E
:10C58000F3D100BF13464BB1B8F1000F03D1781CB3
:10C5900008B904B12660AAF1010A0DE014B1781CB3
:10C5A00000B92660DDF81080039804904D4600BF66
:10C5B0001BF80800002895D100BF781C58B9BAF1C3
:10C5C000000F04D00D2D04D1B9F10A0F01D1DDF80F
:10C5D0001080404664E7159808B1384660E70CB112
:10C5E0000020206000205BE74C020020202C2E3B26
:10C5F0003A2D5F002DE9FF4F83B004460E4690466A
:10C60000DDF848B0DDF8409000202080608016B949
:10C6100007B0BDE8F08FB8F1000F00D1F8E70BF0DC
:10C62000020010B141F6FF7011900025AA4600BF2C
:10C63000B8F8080087B231E00020CDE9000B70198E
:10C640004146119B069ADAF705F88244B4F90200D4
:10C6500038444844B0F5004F02D300BF00BFD7E7CD
:10C660006088384400B260806088484400B26080CE
:10C67000AAEB05017019CDF800B04246069B00F008
:10C680002BF80290B4F900100298814201DA029866
:10C6900001E0B4F900002080554600BF705D00281D
:10C6A000CAD16DB1681E305C0A2803D0681E305CA8
:10C6B0000D2805D1608807EB0901084400B26080AD
:10C6C000608810B938B2608004E06088A0EB09008F
:10C6D00000B2608000BF9BE72DE9FF4705460E468C
:10C6E00017469846DDF830A01DB9002004B0BDE81B
:10C6F000F0870FB90020F9E7287808B90020F5E79E
:10C70000002003900024029046B31FE003AB6A466A
:10C7100001A92846D9F782FF0AF0010028B102A832
:10C720000199DAF75DF800B110E03846DDE9002143
:10C73000F1F7FDFD0FFA80F9B9F1000F05DD04EB0B
:10C74000090004B204EB080004B200BF0398B04231
:10C75000DCD3002C02DDA4EB080004B22046C5E7C0
:10C7600008B50146802901D2084608BDB1F5006F21
:10C7700011D2C1F3841040F0C0008DF8000001F028
:10C780003F0040F080008DF8010000208DF802008D
:10C790008DF8030033E0B1F5803F15D2C1F30330CB
:10C7A00040F0E0008DF80000C1F3851040F08000FB
:10C7B0008DF8010001F03F0040F080008DF802008C
:10C7C00000208DF803001AE0B1F5881F17D2C1F3DD
:10C7D000824040F0F0008DF80000C1F3053040F0D9
:10C7E00080008DF80100C1F3851040F080008DF8C5
:10C7F000020001F03F0040F080008DF803006A461F
:10C800001068B2E731B582B0029800F08000E8B15C
:10C81000042202A901A8F5F7DEFE9DF80400000637
:10C820009DF8051000EB01409DF8061000EB01207B
:10C830009DF807104418002504E0E0B200B9240A6E
:10C84000681CC5B2042DF8DB029400BF02983EBDFF
:10C850002DE9F04105460E46002400270CE028197A
:10C860000949096888478046B8F1000F01D0404661
:10C8700000E0012004447F1CB74202D2285D00285A
:10C88000EDD12046BDE8F08140020020F8B5064613
:10C890000C4600200090002505E069463046044A19
:10C8A000126890476D1C0098A042F6D32846F8BD48
:10C8B0004C02002038B5044600250020009005E019
:10C8C00069462046044A126890476D1C0098205C17
:10C8D0000028F5D1284638BD4C02002008B5024694
:10C8E00000230020009001B969460868105C00F040
:10C8F000800028B90868135C0868401C08608FE055
:10C900000868105C00F0E000C02817D10868105CCF
:10C91000C006430D0868401C08600868105C00F001
:10C92000C000802801D0002008BD0868105C00F01D
:10C930003F0003440868401C086071E00868105C10
:10C9400000F0F000E02828D10868105C0007030C14
:10C950000868401C08600868105C00F0C00080286F
:10C9600001D00020E0E70868105C00F03F0003EB16
:10C9700080130868401C08600868105C00F0C00064
:10C98000802801D00020CFE70868105C00F03F004D
:10C9900003440868401C086042E00868105C00F02E
:10C9A000F800F02839D10868105C4007C30A08680D
:10C9B000401C08600868105C00F0C000802801D0AE
:10C9C0000020B1E70868105C00F03F0003EB003383
:10C9D0000868401C08600868105C00F0C0008028EF
:10C9E00001D00020A0E70868105C00F03F0003EBD6
:10C9F00080130868401C08600868105C00F0C000E4
:10CA0000802801D000208FE70868105C00F03F000C
:10CA100003440868401C086002E00868401C086085
:10CA2000184681E72DE9F84306460C4600272068A2
:10CA3000401E206000BF042F02DB0020BDE8F88309
:10CA4000216888190D490968884705463DB920685D
:10CA500018B12068401E206001E00020EEE7781C3D
:10CA6000C7B2002DE7D02068009069463046044ADE
:10CA70001268904780464046E0E7000040020020F0
:10CA80004C0200200146087800F0800008B901201F
:10CA90007047087800F0E000C02801D10220F7E7D5
:10CAA000087800F0F000E02801D10320F0E70878D2
:10CAB00000F0F800F02801D10420E9E70020E7E7C2
:10CAC0007FB582B004460D461646059833462A4681
:10CAD000214600900248DAF795FA06B070BD0000D2
:10CAE0001B6B00082DE9F04782460C462046F7F7FD
:10CAF00053FD05462846F7F7FFFC80462846F9F720
:10CB000096FA8146424649462046FBF7EAF801215B
:10CB10002046FAF7B5FF2046F6F770FF06461048A4
:10CB2000B0F9002042F264013046FBF7DAF8002148
:10CB30003046FAF7A5FF02231A4600213046FAF7DD
:10CB40007FFF2046F6F75AFF074601213846FAF7DD
:10CB5000A9FF42F264013846FBF72CFBBDE8F087E1
:10CB6000DC0100201CB54FF44070D6F711F8D6F761
:10CB700093FE26A0D7F77EFDD4F708FBD7F7CCF8B5
:10CB8000D7F72AFA0446D7F799FA0546E01704EBD7
:10CB900090508212294620A0D7F76CFDD6F7A2FD4F
:10CBA000D4F7DEFB25A0D7F765FD29480121002336
:10CBB0008A02CDE9001027A1294806F04FFC294838
:10CBC000022100230A02CDE9001027A1294806F01E
:10CBD00045FC2948032100234FF48062CDE9001071
:10CBE00026A1294806F03AFC2848012100230A0220
:10CBF000CDE9001026A1294806F030FC06F03AFAEB
:10CC000027A0D7F737FD00BFFEE70000555341527C
:10CC100054204F4B2E0A000020202D2D20466C6101
:10CC20007368204944203D20307825582C204672D6
:10CC300065653A202564204B420A00004553503870
:10CC400032363620496E6974204F4B2E0A000000A0
:10CC50007C0300204C56474C5F5461736B0000000E
:10CC600091280008C8030020426F6F745F546173FD
:10CC70006B000000350E0008CC03002048545450CF
:10CC80005F5461736B0000000D1C0008D00300208E
:10CC9000537461727455705461736B005936000897
:10CCA0005B464154414C5D205363686564756C6517
:10CCB00072207374617274206661696C6564210D01
:10CCC0000A00000070B504460D4680222946204621
:10CCD000EBF720FD064680212046EBF735F926B11B
:10CCE000802229462046EBF729FD70BD2DE9FF4F34
:10CCF00087B0054692461F46DDF850B0DDF85880F3
:10CD00000898EAF7C2FD06900898EAF73DFD0590FD
:10CD10001898012804D0022805D0032809D105E07D
:10CD2000DFF8D0900AE0DFF8D09007E0DFF8CC9091
:10CD300004E000BF00BF0BB0BDE8F08F00BFB8F14A
:10CD4000000F21D100261BE0002411E005EB440078
:10CD50000088039007EB440000880290159A03991D
:10CD6000C847049005EB4400BDF810100180641C16
:10CD700006988442EADB05EB4A0507EB4B07761C75
:10CD800005988642E0DB33E000262EE0002422E016
:10CD900018F8040000B91DE018F80400FD2801DBB4
:10CDA000159804E018F804001599484300120490FF
:10CDB00005EB44000088029007EB440000880190D6
:10CDC000049A0299C847039005EB4400BDF80C1083
:10CDD000018000BF641C06988442D9DB05EB4A053C
:10CDE00007EB4B0717988044761C05988642CDDBED
:10CDF00000BFA0E775930008A194000817940008ED
:10CE00002DE9FF4F85B005461F46DDF85090069886
:10CE1000EAF73BFD83460698EAF7B6FC0490B9F1C1
:10CE2000000F3DD11398FD2814DB4FF000080DE0F2
:10CE30004FEA4B0239462846F5F785FA079805EB85
:10CE40004005129807EB400708F101080498804557
:10CE5000EEDB79E14FF000081EE0002412E005EB64
:10CE600044000088029007EB440000880190139A68
:10CE70000299ECF7B9FE039005EB4400BDF80C10E5
:10CE80000180641C5C45EADB079805EB40051298BD
:10CE900007EB400708F1010804988045DDDB53E10A
:10CEA0001398FD287DDDABF1040003904FF00008DE
:10CEB0000EE14E4600241FE03078D8B13078FF28CC
:10CEC00006D105EB440007EB44010988018011E01D
:10CED000327805EB44000088019007EB440000889D
:10CEE00000900199ECF780FE029005EB4400BDF83C
:10CEF00008100180761C641C5C4503DA06F0030010
:10CF00000028D9D1B246B1E0DAF8000000281ED0DE
:10CF1000DAF80000401CD8B905EB440007EB4401E7
:10CF200009880180601C05EB400107EB4000008888
:10CF30000880A01C05EB400107EB4000008808803A
:10CF4000E01C05EB400107EB4000008808808AE008
:10CF500056463078D8B13078FF2806D105EB44002A
:10CF600007EB44010988018011E0327805EB4400A9
:10CF70000088019007EB4400008800900199ECF7CD
:10CF800033FE029005EB4400BDF808100180761CCA
:10CF9000307808B33078FF2809D1601C05EB4001D8
:10CFA00000E09AE007EB40000088088014E0327847
:10CFB000601C05EB400000880190601C07EB4000FE
:10CFC000008800900199ECF70FFE0290601C05EBC1
:10CFD0004000BDF808100180761C3078F8B1307838
:10CFE000FF2807D1A01C05EB400107EB400000889B
:10CFF000088014E03278A01C05EB40000088019006
:10D00000A01C07EB4000008800900199ECF7ECFDB4
:10D010000290A01C05EB4000BDF808100180761CB2
:10D020003078F8B13078FF2807D1E01C05EB4001DB
:10D0300007EB40000088088014E03278E01C05EB24
:10D04000400000880190E01C07EB40000088009041
:10D050000199ECF7C9FD0290E01C05EB4000BDF81A
:10D0600008100180761C0AF1040A241D03988442EA
:10D07000FFF64AAF56461FE03078D8B13078FF2827
:10D0800006D105EB440007EB44010988018011E05B
:10D09000327805EB44000088019007EB44000088DB
:10D0A00000900199ECF7A0FD029005EB4400BDF85B
:10D0B00008100180761C641C5C45DDDB079805EBDD
:10D0C0004005129807EB40071598814408F10108C4
:10D0D00004988045FFF6EDAE36E04FF0000830E0F2
:10D0E000002422E019F80400F0B119F80400FD282A
:10D0F00001DB139804E019F8040013994843001267
:10D10000064605EB44000088029007EB44000088C7
:10D11000324601900299ECF767FD039005EB44005D
:10D12000BDF80C10018000BF641C5C45DADB079879
:10D1300005EB4005129807EB40071598814408F16C
:10D14000010804988045CBDB09B0BDE8F08F2DE9DC
:10D15000FF4F85B082460E461F46DDF848B0DDF829
:10D160005080D9F713FA81463046EAF78EFB0490D7
:10D170003046EAF709FB0390B8F1000F23D10025F0
:10D180001DE0002415E01398029007EB440000888E
:10D19000ADF804007088284400B200903188214422
:10D1A0000BB2D9F80000D0F81CC05146079AE047EE
:10D1B000641C04988442E6DB07EB4B076D1C039864
:10D1C0008542DEDB2BE0002526E000241CE018F879
:10D1D0000400C0B118F8040013994843000A0290F3
:10D1E00007EB44000088ADF804007088284400B2C2
:10D1F0000090318821440BB2D9F80000D0F81CC04F
:10D200005146079AE047641C04988442DFDB159876
:10D21000804407EB4B076D1C03988542D5DB09B0B2
:10D22000BDE8F08F2DE9F04104460F469046802C72
:10D2300006D200252046E11704EB91718E1009E01B
:10D24000204605F038FA0546681F24FA00F080F001
:10D250002006AD1F3D60C8F80060BDE8F0812DE9F3
:10D26000F04104460D461646802C09D3204605F0B1
:10D2700022FA401F012101FA00F0471E3C4400BF82
:10D28000324629462046FFF7CDFFBDE8F081024631
:10D29000FD2901DB10467047022901DC0020FAE776
:10D2A00002FB01F000EBC01303EBC030C0F3C7502A
:10D2B000F1E700002DE9F84305462846F0F7EEFEB9
:10D2C00004462046F7F768F980464046F7F764F9C8
:10D2D00081464846EBF736FC064630680090002150
:10D2E0004046F6F7F4FFA04214D19DF80200012851
:10D2F00009D10C208DF80200BDF80000401E80B25C
:10D30000ADF800001AE09DF80200401E40B28DF812
:10D31000020013E09DF802000C2809D101208DF8CD
:10D320000200BDF80000401C80B2ADF8000005E02E
:10D330009DF80200401C40B28DF802009DF90220C9
:10D34000BDF800104846EBF705FC01214046F6F712
:10D35000BEFF07469DF90200401E054951F82030E6
:10D36000BDF8002003A13846F4F7CAFBBDE8F883F6
:10D370003C01002025642025730000002DE9F843BE
:10D3800004462046F0F78AFE07462046F0F789FE5D
:10D3900080463846F0F756FB05464046EBF7D2FB91
:10D3A000064630680090681C40B28DF802009DF976
:10D3B0000220BDF800104046EBF7CCFBBDE8F88337
:10D3C0002DE9F04782460D4600212846F9F7E8FB93
:10D3D00000212846FAF754FB00230222194628466A
:10D3E000FAF72EFB2846EAF77FFD814600222FA19F
:10D3F0004846FAF7BBFD6420002804DAC0F57A71CC
:10D4000041F4005101E040F400510CB2214648467D
:10D41000FAF757FB4846FAF71FFF4846F7F76CF84C
:10D42000064631464846FAF7C5FE00230722204942
:10D430004846F5F7B9FC04214846F6F719FA28469C
:10D44000F3F7FEFA074603213846F4F7BFFA002245
:10D4500002213846FAF75CFE01213846FAF722FB32
:10D460002846EAF741FD8046002212A14046FAF71D
:10D470007DFD324631464046FAF733FC0023072251
:10D480000B494046F5F790FC04214046F6F7F0F9C9
:10D4900000231C2208492846F5F786FC00221C219F
:10D4A0002846F0F701FEBDE8F0870000EF81930009
:10D4B000B5D20208EF819400D93103082DE9F0417B
:10D4C00080460C462046F7F767F8054600212046BF
:10D4D000F9F766FB00212046FAF7D2FA2046F0F76A
:10D4E000D3F90646174801683046F0F7A5FC2B46ED
:10D4F0001C2215493046F5F757FC01213046FAF752
:10D50000D1FA2046F0F7C0F90746104801683846BE
:10D51000F0F792FC2B461C220D493846F5F744FCE7
:10D5200001213846FAF7BEFA00231C220949204699
:10D53000F5F73AFC00221C212046F0F7B5FDBDE8C6
:10D54000F081000070010020293903086C010020DF
:10D550007DD302082932030810B50A4A0A4900207F
:10D56000D6F716FD002808DB064802680648016861
:10D5700006A0D7F77FF8012010BD14A0D7F77AF8DE
:10D580000020F9E7B8030020B40300205B466F6E6B
:10D59000745D20E5AD97E5BA93E5B7B2E5AD98E5E2
:10D5A0009CA8E4BA8E205732355136342C20616461
:10D5B00064723D307825582C2073697A653D257555
:10D5C00020E5AD97E88A820D0A0000005B466F6E89
:10D5D000745D20E5AD97E5BA93E69CAAE783A7E5DD
:10D5E000BD95EFBC8CE99C80E9A696E6ACA1E586EA
:10D5F00099E585A50D0A000010B54FF4A9620C4904
:10D600000020D6F7D1FB0446002C0CDB094A0A495E
:10D610000020D6F7BDFC074802680748016807A04C
:10D62000D7F728F803E0214613A0D7F723F810BD59
:10D63000A41B0508B8030020B40300205B466F6EEE
:10D64000745D20E5AD97E5BA93E5B7B2E58699E557
:10D6500085A5205732355136342C20616464723DE3
:10D66000307825582C2073697A653D257520E5AD05
:10D6700097E88A820D0A00005B466F6E745D20E5B4
:10D68000AD97E5BA93E58699E585A5E5A4B1E8B43B
:10D69000A521207265743D25640D0A0070B5C0B0E7
:10D6A0001848006820B918A0D6F7E4FF40B070BD54
:10D6B0004FF4A96500241DE0281BB0F5807F02D936
:10D6C0004FF4807000E0281B06460E4909680819CF
:10D6D00032466946D6F7C6FC1548011932466846F7
:10D6E000D2F76BFE20B1214612A0D6F7C3FFDDE7CB
:10D6F00004F58074AC42DFD3294617A0D6F7BAFFF1
:10D7000000BFD3E7B40300205B466F6E745D20E575
:10D71000AD97E5BA93E69CAAE58699E585A5EFBCA9
:10D720008CE8B7B3E8BF87E6A0A1E9AA8C0D0A0090
:10D73000A41B05085B466F6E745D20E6A0A1E9AAF4
:10D740008CE5A4B1E8B4A52040206F6666736574CB
:10D750003D2575210D0A00005B466F6E745D20E665
:10D76000A0A1E9AA8CE9809AE8BF872028E585B1C5
:10D7700020257520E5AD97E88A82290D0A00000072
:10D7800070B50446254615F83C0F00F00300401C18
:10D79000032190FBF1F201FB1200297860F30101F3
:10D7A00005F83C19204600F09DFE2046F9F739F8AF
:10D7B00070BD000070B504460C48006808B9002030
:10D7C00070BD14B90A480068FAE70CB90020F7E701
:10D7D0002046E5F743FE0546601906490968884278
:10D7E00001D30020ECE76019EAE70000C400002044
:10D7F0001C020020C800002037B5034601B93EBD19
:10D8000008461D682D1D2844024602AC2568156097
:10D8100000BFF4E737B5034601B93EBD08461D68B1
:10D820002844024602AC2568156000BFF5E72DE9E3
:10D83000F05F0446002221212046F0F735FC8246A5
:10D84000BAF1000F01D1BDE8F09F00212046F6F7A4
:10D850003EFD804607E04046FFF7E9FF00212046F5
:10D86000F6F735FD8046B8F1000FF4D12046F6F703
:10D8700039FE81460020F2F7D7FC07461DE0786AA2
:10D88000A04202D0B86AA04203D121463846F2F73E
:10D89000BFFD386BA04201D100213963386D484586
:10D8A00007D1F2F7CFFCA04203D121463846F2F768
:10D8B000AFFD3846F2F7B8FC0746002FDFD120460F
:10D8C000D8F7F2FB606840BB2046F6F7CBFD054673
:10D8D000002606E0E86850F82600A04200D103E0E8
:10D8E000761C686AB042F5D800BFB3465E4606E0D3
:10D8F000701CE96851F8200041F82600761C686A1F
:10D90000401EB042F4D8686A401E68626A6A91009C
:10D91000E868F4F7E3FCE8602BE02046F6F7F5FD55
:10D92000064635460BE0606880680168681C51F85F
:10D93000200061688968096841F825006D1C6068ED
:10D9400080684068401EA842EDD8606880684068E2
:10D95000401E6168896848606268926852689100F8
:10D96000626892681068F4F7B9FC616889680860B9
:10D9700000BF2046F4F75EFC00BF64E70246501883
:10D98000704770B505460C46E1B200222846FAF70A
:10D990007EFB70BD00BF18B900BF00BF00BFFEE72F
:10D9A00000BF002141600161C1608160016041618F
:10D9B0007047F0B5DDE90554012B0BDC032805D0D9
:10D9C000042802D0052803D100BF00BF022000E0D8
:10D9D00000BF00BF062842D2DFE800F0410F03334A
:10D9E0002017002626808E1A06EBD677B5F800C0E1
:10D9F0000CEB67073FB22F8034E0002626802E888C
:10DA00008F1A3E4436B22E802CE08E1A37B25E1E3C
:10DA100036B297FBF6F636B2268023E08E1A36B27F
:10DA200096FBF3F627883E4436B22680B4F90060B0
:10DA300006EBD677B5F800C00CEB67073FB22F8036
:10DA400010E08E1A37B25E1C36B297FBF6F636B28D
:10DA500026802E8827883E4436B22E8002E000269B
:10DA6000268000BF00BFF0BD2DE9FF4F81B0054605
:10DA70000C461646049870B12088A0EB660000B2F0
:10DA8000208020883044401E00B2A080E88A608058
:10DA9000688BE0800DE06088A0EB660000B26080DB
:10DAA00060883044401E00B2E080A88A2080288B25
:10DAB000A0804FF440312846F7F7E5FE81464FF449
:10DAC00040312846F7F788FF82464FF44031284618
:10DAD000F8F752F883464FF440312846F7F7F6FD41
:10DAE00000904FF440312846F8F72CFA80464FF466
:10DAF00040312846F8F70CFA0746208809EB080160
:10DB0000401A00B22080A0880AEB0801084400B245
:10DB1000A08061880BEB0700081A00B26080E288E1
:10DB20000099C819104400B2E08005B0BDE8F08F3C
:10DB30002DE9F84F05462C462846E6F716F8064626
:10DB40000EB9BDE8F88F3046F6F7D6FC8346284676
:10DB5000F6F73EFC834500DCF3E700213046F8F79A
:10DB60000CF900900098F0F7FDFB074600213046C5
:10DB7000F8F773F9804607EB08000FFA80F9E08E9A
:10DB800000FB09F00FFA80FA00225146606AF9F7AB
:10DB90000DFF606AF8F745FE00BFD2E72DE9F041BE
:10DBA00005460E461C4807681C480068001D05F025
:10DBB00080F850B91948006890F82C10012088406E
:10DBC00017490968814316480160681C38B936B1A5
:10DBD00012480168091D134805F0A9F81AE07C19DC
:10DBE0000E4800684460BC4207D20C480168091D19
:10DBF0000D48006805F081F80CE008480168091D2F
:10DC00000A48006805F079F809480068844201D2A2
:10DC100007480460BDE8F0813C0000202800002097
:10DC200040000020A8060020300000202C0000202A
:10DC30005800002010B5044605F086F82348006817
:10DC4000401C224908602248006840B9204804600E
:10DC50000846006801280DD100F036F90AE01D4899
:10DC6000006838B91A480068C06AE16A884201D879
:10DC70001748046018480068401C1749086094F869
:10DC80002C10012088401549096808431349086091
:10DC9000E16A01EB8101124A02EB8100211D05F0CE
:10DCA00046F805F08DF80B48006868B10848006830
:10DCB000C06AE16A884207D24FF080500949086083
:10DCC000BFF34F8FBFF36F8F10BD000038000020EF
:10DCD00028000020440000205400002040000020C4
:10DCE000D803002004ED00E070B523E005F016FA3B
:10DCF0001348006808B9012000E00020054605F03F
:10DD000081FDBDB905F020F80D48C068C468201D2C
:10DD100004F0CFFF0B480068401E0A4908600A481B
:10DD20000068401E0849086005F04AF8204600F0E7
:10DD30000DF800BF044800680028D7D170BD00006E
:10DD400094060020380000203400002010B504465E
:10DD5000206B05F065F8204605F062F810BD000064
:10DD600030B54FF44053174800F007042CB1C01DE4
:10DD700020F00700134C041B1B1B0246124C2260B0
:10DD80000024114D6C60D018083820F007000F4CAB
:10DD9000206000240D4D2D686C600C4D2D682C60AA
:10DDA0001146441A4C60094C24680C60084D4C68BC
:10DDB0002C60084D4C682C604FF00044064D2C60E0
:10DDC00030BD0000BC060020640000206C00002074
:10DDD00074000020700000207800002000BFFFF7D2
:10DDE00083FF064800680128F9D94FF080500449A4
:10DDF0000860BFF34F8FBFF36F8FF0E7D8030020A9
:10DE000004ED00E02DE9FF5F81460E469246DDE914
:10DE10000E7B109CAAF10100216B01EB800828F019
:10DE2000070808F0070008B9012000E0002028B921
:10DE300040F22B321AA120A0D6F71CFC002507E0E7
:10DE4000715D04F134004155705D00B902E06D1C54
:10DE5000102DF5D300BF002143200155202F00D302
:10DE60001F27E762201D04F045FF04F1180004F0AD
:10DE700041FF2461C7F12000A0616462002060645A
:10DE800084F8480049464046039A00F0D7F92060DC
:10DE9000BBF1000F01D0CBF80040BDE8FF9F0000B0
:10DEA0004672656552544F535C7372635C74617360
:10DEB0006B732E63000000004572726F723A257317
:10DEC0002C25640D0A00000010B5002407E004EBC7
:10DED00084010F4A02EB810004F0FFFE641C202C39
:10DEE000F5D30C4804F0F9FE0B4804F0F6FE0B489D
:10DEF00004F0F3FE0A4804F0F0FE0A4804F0EDFED8
:10DF000004480949086004480849086010BD000039
:10DF1000D8030020580600206C0600208006002050
:10DF200094060020A80600202C00002030000020CD
:10DF300010B50146164800E0006803688B42FBD329
:10DF40000246436813448B4204D143684C6823441F
:10DF5000436001460A464B6813440468A34211D14A
:10DF60000C4C03682468A34208D04B6804686468BA
:10DF700023444B6003681B680B6005E0054B1B687E
:10DF80000B6001E003680B60884200D0016010BDA7
:10DF9000640000206C0000200A490968096809B97A
:10DFA000012100E0002121B14FF0FF31064A11604C
:10DFB00006E004490968C968C868034A41681160F5
:10DFC000704700002C000020580000200B4800681B
:10DFD000401C08B9012000E0002020B9F42208A16B
:10DFE0000EA0D6F747FB00BF502080F31188BFF387
:10DFF0004F8FBFF36F8F00BF00BFFEE77C00002094
:10E000004672656552544F535C706F727461626CF6
:10E01000655C706F72742E63000000004572726F51
:10E02000723A25732C25640D0A0000002DE9F04199
:10E0300004464FF0000805F071F83E48006808B942
:10E04000FFF78EFE3C480068204000285FD1A4B155
:10E05000083404F0070080B104F00700C0F10800A4
:10E06000044404F0070008B9012000E0002020B9B2
:10E07000BF2232A138A0D6F7FDFA002C47D03A488B
:10E080000068844243D8394E3046056801E02E4688
:10E090002D686868A04202D228680028F7D1254878
:10E0A0000068854233D0306800F108082868306085
:10E0B0006868001B102813D92F1907F0070008B94A
:10E0C000012000E0002020B9EC221CA122A0D6F7FC
:10E0D000D1FA6868001B78606C603846FFF728FF4B
:10E0E000214968680968081A1F49086008460068DD
:10E0F0001F490968884203D21B4800681C49086010
:10E100000D4968680968084368600020286005F0C8
:10E1100079FB08F0070008B9012000E0002028B9C9
:10E120004FF4967205A10CA0D6F7A4FA4046BDE8BC
:10E13000F08100006C0000207800002046726565C8
:10E1400052544F535C706F727461626C655C6865A9
:10E1500061705F342E6300004572726F723A2573EE
:10E160002C25640D0A0000007000002064000020CF
:10E17000740000202DE9F04F87B08046C14699F821
:10E180005C00C0F38000002847D0D9F82400F2F7E3
:10E1900079FF069022490698096888478246BAF1B5
:10E1A000000F02D107B0BDE8F08F00214046F7F71D
:10E1B00014FE0590002342F2220201A90598F0F70F
:10E1C00024F88346BBF1000F01D016A700E016A784
:10E1D0003846D2F7DDF804460AFB04F1481CF3F791
:10E1E00095FF0546002606E006FB04502246394608
:10E1F000F4F7A9F8761C5645F6DB002106FB04F07F
:10E2000029542946D9F82400F3F722FC2846F3F7CD
:10E21000F9FF404600F024F800BF00BFC2E700004D
:10E220005C020020E280A2002A000000704770B566
:10E23000044625682846FFF79DFF70BD001F4FF07C
:10E2400080730360001F21F001030360001F034B74
:10E25000036014380260203870470000CDDF0208E8
:10E260002DE9F04F8FB00646344600213046F7F7CF
:10E27000B4FD0E9000213046F7F723FE0D90304696
:10E28000FDF752FB0C90606AF2F7FCFE81464846AF
:10E29000914A0C9912689047074609EB0700002144
:10E2A0008E4A1268904705460E98F0F767F80B9073
:10E2B0001DB10A2D01D00D2D07D1002220210E986D
:10E2C000F0F735F80FFA80FA06E0002229460E989A
:10E2D000F0F72DF80FFA80FA0AAA606A0C99F2F7A3
:10E2E000CDFD606AF2F7CEFE0190606A0021019ACE
:10E2F000F5F7E0F98346BDF92800616AB1F9141019
:10E30000084400EB0A01606AB0F91800814235DD6B
:10E3100094F85C00C0F3C00040BBBBF1030F2DD0EC
:10E320000020ADF82800BDF82A200D990B9808446C
:10E33000104400B2ADF82A0065B109EB0700684946
:10E3400009688847074409EB07000021634A1268FF
:10E35000904705461DB10A2D01D00D2D07D1002291
:10E3600020210E98EFF7E3FF0FFA80FA06E0002273
:10E3700029460E98EFF7DBFF0FFA80FAE7644FF4B7
:10E38000E0213046F7F73EF880464FF4E021304672
:10E39000F7F719FC404400B209904FF4E0200190D7
:10E3A00041F6110230460199F7F71AFC00900098E7
:10E3B000404400B208904FF4E0213046F7F78AFA63
:10E3C000404400B207904FF4E020019041F6130260
:10E3D00030460199F7F704FC00900098404400B2E1
:10E3E0000690BDF828100798081A00B2ADF8100082
:10E3F000BDF82A100998081A00B2ADF81200BDF84D
:10E400002810069808445044401E00B2ADF814008D
:10E41000BDF82A10089801440B980844401E00B229
:10E42000ADF8160004F1440102A8E9F788F9BDF837
:10E430000800616A898A084400B2ADF80800BDF896
:10E440000A10606AC08A084400B2ADF80A00BDF83C
:10E450000C00616A898A084400B2ADF80C00BDF86E
:10E460000E10606AC08A084400B2ADF80E0002A91E
:10E470003046F8F710FA04A904F14400E9F75FF90F
:10E4800004F1440102A8E9F75AF9BDF80800616AED
:10E49000898A084400B2ADF80800BDF80A10606A25
:10E4A000C08A084400B2ADF80A00BDF80C00616AE9
:10E4B000898A084400B2ADF80C00BDF80E10606AFD
:10E4C000C08A084400B2ADF80E0002A93046F8F741
:10E4D000E2F90FB0BDE8F08F540200204C0200209A
:10E4E000400200202DE9F04704462046E7F7A3FB51
:10E4F00025462046F7F79BFD064600212046F6F705
:10E5000098FE8146A6EB090000EBD07149100FB2CE
:10E510002046E4F778FE80460FFA88F0FDF77CFF8E
:10E520007843C01300B228850FFA88F0FDF764FF26
:10E530007843C01301B26985304606EBD0712A8D4D
:10E5400002EB610109B2298506EBD0714A10698D91
:10E5500011440AB26A852046E7F76DFBBDE8F087F3
:10E560002DE9F34F97B007463846E5F70AFB054615
:10E5700015B919B0BDE8F08F2846F2F783FD824641
:10E58000524600212846F5F795F81690169801286E
:10E5900028D0022802D0032829D113E03846F5F705
:10E5A00036FF82462846F7F742FDAAEB000010909E
:10E5B00000EBD070401000B201460F902846F9F7EA
:10E5C00012FE14E03846F5F722FF82462846F7F798
:10E5D0002EFDAAEB000000B2014610902846F9F784
:10E5E00002FE04E000212846F9F7FDFD00BF00BF50
:10E5F000BB4600213846F7F7D8FB15900021384676
:10E60000F7F745FC14901598EFF7B4FE80463846AE
:10E61000F5F7DEFE81464FF0000A65225146384686
:10E62000F7F7DEFA1090109884B2189800B114B978
:10E630003846E7F76DF8BBF826001390149808EBFE
:10E6400000011398414308B21290494609EBD17278
:10E650005210404608EBD073A2EB630212B2119243
:10E66000DDE91120101A06B2189800B144B9154915
:10E670002846E8F791F931462846F9F7CDFD1FE025
:10E6800001A8E8F7D1F900BF019500BF0D4802903D
:10E6900000BF2846F7F7F7FC8246CDF820A0CDF85A
:10E6A00024A00A9600BF00BF0B9400BF0648049048
:10E6B00000BF0648079000BF01A8E8F78DFA00BF29
:10E6C00000BF56E7F5F10208CFEA0208A36A010885
:10E6D0002DE9F04F8BB006460F4635464FF4A0218A
:10E6E0003046F7F7EAF881464FF4A0213046F7F7B5
:10E6F0008DF982464FF4A0213046F7F757FA83464A
:10E700004FF4A0213046F6F7FBFF0A904FF4A0210A
:10E710003046F7F788FB09904FF4A0213046F7F711
:10E72000C3FB08904FF4A0213046F7F74AFB07904F
:10E730004FF4A0213046F6F7F9FE06904FF4A021E1
:10E740003046F6F7E6FE80463C462DE00A98CDE9D5
:10E7500002ABCDF8049004900898A1B20090304626
:10E76000099B079AE5F7CEFCE96A21F81400E86AEC
:10E7700030F91400404503DAE86A30F9140000E08B
:10E7800040460699884201DA069809E0E86A30F9BD
:10E790001400404503DAE86A30F9140000E040460E
:10E7A000E96A21F81400641CE88CA042CED83046F7
:10E7B000F8F7E3FD0BB0BDE8F08F2DE9F041054619
:10E7C0002846F5F7A2FD0646002412E0A868006876
:10E7D00050F824703846F8F724F800222A213846E9
:10E7E000EFF762FC3846F8F71CF83846FFF7E5FF0C
:10E7F000641CB442EAD3BDE8F08100002DE9F04F7B
:10E8000087B005462846E5F7BCF906461EB9012043
:10E8100007B0BDE8F08FF1F701FD06902C46069891
:10E82000F1F751FD0746042F01D0022F10D1E08CE3
:10E830002085042F0CD12846F5F754FE804640462B
:10E84000F0F73AFA18B100214046F0F7D8FA00BFC5
:10E850000698F1F738FD012804D00698F1F733FD4A
:10E8600003287DD14FF0FF38A06AC0F34040002854
:10E8700038D1804603A90698F1F7EAFCBDF80E10DE
:10E88000F08A081A00B2ADF80E00BDF80C00B18A8B
:10E89000401A00B2ADF80C0003A93046F2F7BAF9FD
:10E8A00081463046F2F7EEFB83460020029001904D
:10E8B000824600BF13E002A95846324A12689047C8
:10E8C000009000980A2806D10198484503D008F125
:10E8D00001000FFA80F8029801900AF1010ACA4576
:10E8E000E9D339E000212846F7F75FFA03900021C9
:10E8F0002846F7F7CCFA82460398EFF73BFD8346AC
:10E900000BEB0A0000B20290B5F91A20B5F9161007
:10E91000501A00EBD0714A10E98A114409B20191F2
:10E920000C210698F1F7DFFDF18A084400B200904F
:10E93000DDE90010411A029891FBF0F9B9F1000FDE
:10E9400001DA4FF00009A08C484502DCA08CA0F150
:10E9500001090FFA89F800BFB8F1000F07DB00E0EA
:10E9600006E01FFA88F101222846FAF73AFB00BFB9
:10E97000E08C059005AA1C212846EFF795FB049032
:10E98000049845E74C020020F0B50C46E568A16804
:10E9900000BF1DB900BF00BF00BFFEE700BF00BF42
:10E9A00019B900BF00BF00BFFEE700BFCD60A9607E
:10E9B00000F1380606EBC21656F82360A6421BD1BA
:10E9C00000F1380606EBC21646F82310814213D137
:10E9D00000F1140656F8226001279F40BE4300F163
:10E9E000140747F822603E4656F8226026B90127F0
:10E9F00097400669BE430661F0BD2DE9F041064629
:10EA00000D4600240EE026B1E86850F83400B0420C
:10EA100007D14FF6FF724FF470212846F8F7C6FC75
:10EA200005E0641C688CC0F3C500A042EBD800BFB1
:10EA30002846F5F76AFC0746002407E0A868006846
:10EA400050F824103046FFF7D8FF641CBC42F5D3C1
:10EA5000BDE8F08170B505462868F5F703FD04466A
:10EA6000002227212069EFF71FFB0022282160697F
:10EA7000EFF71AFB606938B194F8280000F0010044
:10EA800010B16069F4F7CAFF00206061A061002244
:10EA900040F262412868F8F703FD70BD70B5044686
:10EAA0002068F5F7DFFC0546FAF7C7FA68612068C9
:10EAB0002861002226212869EFF7F6FA70BD10B50B
:10EAC000044600220A212068EFF7EEFA10BD70B567
:10EAD00004462068F5F760FD05462846E6F718FE6F
:10EAE00070BD00002DE9FF4F91B090461298F5F7E8
:10EAF00053FD074610213846F7F7F6FA10B915B05E
:10EB0000BDE8F08F3846F5F7BFFD10904FF00009D3
:10EB1000CA4600253846F5F7D5FE0F900F9818B174
:10EB2000129800F1140400E0119C00213846F6F719
:10EB300035FC0E9000213846F6F7B6FF01460E98D8
:10EB4000084400B20D9000213846F6F764FD0146F6
:10EB50000E98084400B20C90F98A0D980844618818
:10EB6000401AB8F80210401A00B20B90798B0C983A
:10EB7000081AE188401AB8F80210081A00B20A9080
:10EB80003846F5F7B9FC01460D98091A0C98081A91
:10EB900000B209900B98002804DB0A98002801DBDA
:10EBA00000251BE00B98002808DD0B9D3846F5F783
:10EBB00093FE0246501B00D500250FE00A9800285E
:10EBC0000CDD0A98404205B23846F5F7FDFC01908D
:10EBD00001982844002800DA002500BF0F9801287A
:10EBE00004D0022810D003283AD11BE0F98A0D98EE
:10EBF00008440FFA80F9608828440FFA80FAA9EBDC
:10EC00000A00284405B22BE0798B0C98081A0FFAF9
:10EC100080F9E08828440FFA80FAA9EB0A0028441A
:10EC200005B21DE0099800EBD0714A10FB8A0D99DE
:10EC3000194411440FFA81F900BFE1886288891AEA
:10EC4000491C09B2084601EBD071628802EB6101F0
:10EC500029440FFA81FAA9EB0A00284405B200BF43
:10EC600000BF00263846F5F723FE0890089818B133
:10EC7000129800F1140400E0119C00213846F6F7C8
:10EC8000A7FD0E9908440FFA80FB00213846F6F7DD
:10EC900048FE0E99084400B20790B88A584421886B
:10ECA000401AB8F80010401A00B20690398B079845
:10ECB000081AA188401AB8F80010081A00B2059086
:10ECC0000698002804DB0598002801DB00261DE0DB
:10ECD000069800280ADD069E3846F5F703FD0190E8
:10ECE00001983044002800DD00260FE00598002838
:10ECF0000CDD0598404206B23846F5F76BFD0190F1
:10ED000001983044002800DA002600BF3846F7F7A3
:10ED10008EF9A0EB0B010798081A00B2049008982E
:10ED2000012804D002280FD0032838D11AE0B88A6D
:10ED300058440FFA80F9208830440FFA80FAA9EB82
:10ED40000A00304406B22AE0398B0798081A0FFAF5
:10ED500080F9A08830440FFA80FAA9EB0A00304409
:10ED600006B21CE0049800EBD071BA8A5A4402EB58
:10ED700061010FFA81F900BFA1882288891A491C14
:10ED800009B2084601EBD071228802EB61013144DF
:10ED90000FFA81FAA9EB0A00304406B200BF00BFA7
:10EDA00029493846E7F7F8FD039028493846E7F740
:10EDB000F3FD0290039808B9029850B100220A218D
:10EDC0003846EFF771F901900198012800D096E6D6
:10EDD00000BF109800F0010010B9002E00DA0026E4
:10EDE000109800F0020010B9002E00DD00261098E7
:10EDF00000F0040010B9002D00DA0025109800F092
:10EE0000080010B9002D00DD0025B8F90010149895
:10EE100008B9002000E03046084400B2A8F800001D
:10EE2000B8F90210149808B9002000E028460844F8
:10EE300000B2A8F802002A4631463846149BF8F77B
:10EE400029FC00BF5BE60000A9EF02088DEF020875
:10EE50002DE9F04104460D46164615B90EB9BDE838
:10EE6000F0812046F4F7E2FAA068008A284400B254
:10EE7000A1680882A068408A304401B2A06841823B
:10EE80000123324629462046F7F7A8FD00220B2130
:10EE90002046EFF709F90746012F00D0DFE72046AB
:10EEA000F7F7BFFC00BFDAE710B5DAB1B0F91630FA
:10EEB000B2F900401C44B0F932309C4204DA448E6E
:10EEC000C38AE31A1BB21380B0F91630B2F90040BE
:10EED0001C44B0F936309C4204DDC48EC38AE31A68
:10EEE0001BB21380D9B1B0F91430B1F900401C4401
:10EEF000B0F930309C4204DA048E838AE31A1BB2E4
:10EF00000B80B0F91430B1F900401C44B0F9343032
:10EF10009C4204DD848E838AE31A1BB20B8010BDF1
:10EF20002DE9F0410546B5F918400026F1F776F9CC
:10EF30000746386890F8198008E0301906B2C8F121
:10EF400064006043642190FBF1F004B2002CF4D122
:10EF50003046BDE8F0812DE9F0410546B5F91A408B
:10EF60000026F1F75BF90746386890F8198008E049
:10EF7000301906B2C8F164006043642190FBF1F0DF
:10EF800004B2002CF4D13046BDE8F08170B50546DE
:10EF90000C462846F5F7AAFC204406B2002231466A
:10EFA0002846FFF755FF70BD70B505460C4628464C
:10EFB000F5F7A6FC204406B2324600212846FFF7AA
:10EFC00047FF70BD2DE9FC4105460C462046EDF794
:10EFD000CBFA4FF480312846F6F7ACF9E070E078D0
:10EFE00002280CDD4FF48037202239462846F6F7F8
:10EFF000F7FD009000980190BDF80400A0804FF448
:10F000008037312239462846F6F7EAFD019001980B
:10F01000C0B284F8220094F8220002281EDD00BF4E
:10F0200041F2320239462846F6F7DAFD019001989E
:10F0300000B22084B4F9200000280CDD00BF30228B
:10F0400039462846F6F7CCFD009000980190BDF8AF
:10F050000400E08302E0002084F822004FF48037AF
:10F0600040F6450239462846F6F7BAFD0190019868
:10F07000C0B284F8360094F83600022829DD00BFBB
:10F080004FF4046239462846F6F7AAFD019001982C
:10F0900000B2E085B4F92E00002817DD00BF40F66D
:10F0A000430239462846F6F79BFD0190019800B2CD
:10F0B000A08600BF442239462846F6F791FD00900D
:10F0C00000980190BDF80400A08502E0002084F8BB
:10F0D00036004FF480312846F6F735FA0646FD2E05
:10F0E0000DDAE07870430012E070E07870430012AF
:10F0F00084F82200E0787043001284F83600E0784B
:10F1000028B994F8220010B994F8360040B14FF4B1
:10F1100080312846F6F7C0FD20800120BDE8FC8143
:10F120000020FBE72DE9F04704460E4617463568F8
:10F13000D7F8008004F1140050F825004FF0FF319B
:10F1400001FA08F100EA0109B9F1000F16D1691CB2
:10F150004FF0FF328A40206900EA020ABAF1000F3C
:10F1600002D10020BDE8F087504603F099FA054629
:10F17000356004F1140050F8259000BF00BFB9F1CC
:10F18000000F03D100BF00BF00BFFEE700BF48462D
:10F1900003F086FA8046C7F8008004F1380000EBDF
:10F1A000C51050F82800DDE770B504460D46264628
:10F1B00028B2A6F844002046F7F733FB70BD70B5BF
:10F1C00004460D46264629B2462081532046F7F7CD
:10F1D00028FB70BD70B505460C4621B22846F9F7EC
:10F1E00002F870BD70B505460C4621B22846F9F705
:10F1F00013F870BD70B505460C4621B22846F9F7E4
:10F200000BF870BD2DE9F04F85B0044689461746CE
:10F210004FEA690004904FEA6900039009F0010089
:10F2200010B90498401E04906000F2F76FFF834607
:10F23000B846002631E0601E38F8100000FB09F0E7
:10F240000090651E1FE0009A2BF815200021039AFC
:10F250002A44A24203DA039A2A4438F81210009A88
:10F26000521A0092049AAA1A521E002A02D5B8F81D
:10F27000000004E0049AAA1A521E38F81200009AFC
:10F28000024400926D1E002DDDDA620059464046B0
:10F29000F3F759F808EB4408761CA642CBDB4FF491
:10F2A0007F5002900298B0FBF9F001904FF0000AF5
:10F2B00015E037F81A0000B90FE037F81A10029875
:10F2C000814203D1019827F81A0005E037F81A00A7
:10F2D00090FBF9F027F81A0000BF0AF1010A04FBBD
:10F2E00004F05045E5D8002542E007EB4508B8F8A2
:10F2F000001001FB09F000262AE0002801DA0023B3
:10F3000000E083112BF81630039BF31A002B02DC6C
:10F31000B8F8001005E0039BF31A03FB045337F819
:10F320001310401A049B33445B1CA34207DA049B6E
:10F3300033445B1C03FB045337F8132004E0631EC3
:10F3400003FB045337F813201044761C08EB4408E1
:10F35000A642D2DB07EB4508002606E03BF8161074
:10F36000A8F80010761C08EB4408A642F6DB6D1CDA
:10F37000A542BADB5846F2F745FF05B0BDE8F08F6D
:10F380002DE9FF4F8BB00D46144627460E983E18C8
:10F3900009A80B99E8F7A6F9204604EBD0714A10AA
:10F3A0000E991144491E04F0010282F00102891AEB
:10F3B00009B2ADF8281004EBD0714910491C09B20C
:10F3C000ADF826100B98E8F775FABDF82810081A62
:10F3D00000B2ADF824000B98E8F7E4F9BDF8261068
:10F3E000084400B2ADF82A00002309A903A80E9A28
:10F3F000ECF7A4FF012F01D1012401E0781004B241
:10F400003046F2F783FE8146A846002002903BE09A
:10F4100031464846F3F75CF903A8009033B2DDE9C2
:10F42000020C02B200214846E0478346BBF1000FC0
:10F4300004D171004046F3F714F920E099F8001068
:10F44000890191FBF4F1A8F80010012014E019F8EB
:10F450000020411E19F801108A4205D1411E38F8DA
:10F46000111028F8101006E019F80010890191FB1E
:10F47000F4F128F81010401CB042E8DB00BF08EBA4
:10F4800046080298401C02900298B042C0DB4846F1
:10F49000F2F7B8FE03A8ECF7B5FB012C0FD1294613
:10F4A000002005E035F81020C2F387120A54401CF2
:10F4B00006FB06F28242F5DC0FB0BDE8F08F2A466B
:10F4C000214630B2FFF79EFE07F00100204404B24F
:10F4D000012C27DD4FF47F5090FBF4F000904FF0AB
:10F4E000000B15E035F81B0000B90FE035F81B00E4
:10F4F000FF2803D1009825F81B0006E035F81B0013
:10F50000800190FBF4F025F81B0000BF0BF1010B0C
:10F5100006FB06F05845E5D82A46214630B2FFF7EB
:10F5200071FE00BF01954FF0000A06E015F81A10B1
:10F53000019800F80A100AF1010A06FB06F050458E
:10F54000F4DC00BFB8E770B598B006460C46154627
:10F550000AA8EDF709F800BFFF2211461046EAF7A6
:10F5600048FA0090BDF8001008460190BDF804006C
:10F57000ADF82C0022460AA93046ECF7D9FF02A8C4
:10F58000EBF7E6FF00202B46224602A9009030460A
:10F59000EBF72AFC18B070BDF0B591B006463546C1
:10F5A0004FF4E027652239463046F6F719FB1090F4
:10F5B000109804465CB918493046E7F7EDF9502039
:10F5C000405D20F00100401C5021485522E001A878
:10F5D000E7F72AFA294601A8E7F7EAFA0E4901A84F
:10F5E000E7F7B0FA214601A8E7F7C2FA00BF0E9488
:10F5F00000BF0022012101A8E7F7D0FA074901A8BE
:10F60000E7F7A4FA01A84FF6FF71818700BFE7F77B
:10F61000E3FA00BF11B0F0BD4F960008136B01086C
:10F620000EB5FE4890F8200000F0010040B1FC4803
:10F63000EAF73CF90190FB48BDF80410018008E0AE
:10F6400004211220F8F75AFE0290F648BDF808107F
:10F650000180F24890F8200000F0010048B1052137
:10F660001220F8F74BFE0190EF48BDF8041001801E
:10F6700008E004211220F8F717FE0290EA48BDF8CE
:10F6800008100180E54890F8200000F0010040B12A
:10F69000E648EAF70BF90190E548BDF8041001804F
:10F6A00006E0EAF7DFFB0290E148BDF808100180B0
:10F6B000DA4890F8200000F0010040B1DD48EAF798
:10F6C000F5F80190DC48BDF80410018008E0022143
:10F6D0001220F8F713FE0290D748BDF808100180F9
:10F6E000002046215023D54ACDE90010D449D54801
:10F6F000FBF78EF9002000905023D04AD0490190AA
:10F70000D148FBF785F9D1480068D03001F058FEA8
:10F71000CC49CE480068D030FBF765F9CB4800688B
:10F72000D83001F04DFEC849C8480068D830FBF712
:10F730005AF9C6480068083001F042FEB74890F810
:10F74000200000F0010028B102211220F8F7ACFDE2
:10F75000029003E01220F8F7FDFD0290BB480299E9
:10F7600000680830FAF7ADFE47F6FF71B748006849
:10F770000830FBF7A4F8A948C06807210190EAF710
:10F7800074FE01460290B14800680830FAF783FF22
:10F79000A248C06805210190EAF767FE0146029081
:10F7A000AA4800680830FBF728F96621A7480068D6
:10F7B0000830FAF7ABFEA449A44800680830FBF70C
:10F7C00012F9A2480068103001F0FAFDFF219F48AD
:10F7D00000681030FAF79AFE9C48006801F0F0FDCE
:10F7E000FF219A480068FAF791FE8E48008801468A
:10F7F000029096480068FAF764FE8B48008801463C
:10F80000029092480068FBF7B4F89148007801280C
:10F8100006D18248C0680E210190EAF726FE10E06A
:10F820008B480078022806D17C48C0680C210190E2
:10F83000EAF71BFE05E07948C0680A210190EAF763
:10F8400014FE0146029081480068FAF77CFF804868
:10F850000078012806D17148C0680E210190EAF7AE
:10F8600004FE10E07A480078022806D16B48C06890
:10F870000C210190EAF7F9FD05E06848C0680A210B
:10F880000190EAF7F2FD0146029070480068FAF72D
:10F8900021FF6E480068183001F092FD6C48007836
:10F8A000012806D15D48C0680C210190EAF7DDFD12
:10F8B00005E05A48C06808210190EAF7D6FD0146E4
:10F8C0000290624800681830FAF7F9FFFF215F489C
:10F8D00000681830FAF71AFE554800880146029071
:10F8E0005A4800681830FAF7ECFD53480088014682
:10F8F0000290564800681830FAF712FE4748C06870
:10F9000002210190EAF7B1FD014602904F480068DC
:10F910001830FAF730FE01214C4800681830FAF729
:10F9200016FE414800880146029048480068183099
:10F93000FBF71FF846480078012806D13748C06811
:10F9400018210190EAF791FD10E041480078022863
:10F9500006D13248C06814210190EAF786FD05E01F
:10F960002E48C06810210190EAF77FFD0146029001
:10F97000364800681830FAF78EFE354800780128BE
:10F9800006D12648C0680E210190EAF76EFD10E00E
:10F990002F480078022806D12048C0680C21019029
:10F9A000EAF763FD05E01D48C0680A210190EAF707
:10F9B0005CFD01460290254800681830FAF7C3FE46
:10F9C00023480078012806D11448C0680E21019010
:10F9D000EAF74BFD10E01E480078022806D10F48D8
:10F9E000C0680C210190EAF740FD05E00B48C068B3
:10F9F0000A210190EAF739FD014602901348006898
:10FA00001830FAF767FE1220F8F7A4FC01460290BE
:10FA10000E4800681830FAF7E2FD1BE00C450020A4
:10FA20001A1715000601002008010020302B2800BD
:10FA30000A01002037322F000C010020E76A01087C
:10FA4000DC3A030830450020444500200001002036
:10FA500004010020F848C06801210190EAF705FD83
:10FA600001460290F54800681830FAF7C5FDF348E2
:10FA70000068A03001F0A4FCEF480169EF4800687D
:10FA8000A030FAF7DAFDEC48C06803210190EAF7EC
:10FA9000ECFC01460290E9480068A030FAF7F0FD5E
:10FAA000E548C06803210190EAF7DFFC01460290B7
:10FAB000E2480068A030FAF7D8FD7F21DF480068EF
:10FAC000A030FAF7C7FDDD480068A83001F078FCE7
:10FAD000D948408A01460290D8480068A830FAF711
:10FAE000ACFDD548C06803210190EAF7BEFC014691
:10FAF0000290D2480068A830FAF7C2FD7F21CF48B3
:10FB00000068A830FAF7A6FDCC480068203001F064
:10FB100057FCCB480078012806D1C748C06810219F
:10FB20000190EAF7A2FC10E0C5480078022806D14F
:10FB3000C148C0680C210190EAF797FC05E0BE4877
:10FB4000C06808210190EAF790FC01460290BB488A
:10FB500000682030FAF7B3FEFF21B8480068203073
:10FB6000FAF7D4FCB748008801460290B348006811
:10FB70002030FAF7A6FCB04890F8200000F0010011
:10FB8000E8BB1220F8F7E6FB01460290AB4800689C
:10FB90002030FAF79EFE0020EAF792FD00EB4000CD
:10FBA0005030A02190FBF1F0012809DD0020EAF798
:10FBB00087FD00EB40005030A02190FBF1F000E009
:10FBC000012000B2014602909C4800682030FAF7FC
:10FBD000AEFE7F21994800682030FAF792FE00209F
:10FBE000EAF76EFD502101EB8000A02190FBF1F0BF
:10FBF00001280BDD0020EAF763FD502100E015E04D
:10FC000001EB8000A02190FBF1F000E0012000B2A8
:10FC100001908948C06800900199EAF726FC0146E6
:10FC20000290864800682030FAF760FE8648008817
:10FC300001460290814800682030FAF79AFE804819
:10FC40000078012806D17C48C06818210190EAF7A5
:10FC50000CFC10E07A480078022806D17648C0688B
:10FC600014210190EAF701FC05E07348C0681021F7
:10FC70000190EAF7FAFB01460290704800682030D4
:10FC8000FAF73FFD6E480078012806D16A48C0683F
:10FC90000E210190EAF7E9FB10E06948007802289C
:10FCA00006D16548C0680C210190EAF7DEFB05E04B
:10FCB0006148C0680A210190EAF7D7FB014602902B
:10FCC0005E4800682030FAF754FD5B48C0680521A3
:10FCD0000190EAF7CAFB01460290584800682030BC
:10FCE000FAF7F8FC5448C06805210190EAF7BDFB1B
:10FCF00001460290514800682030FAF724FD53492C
:10FD00005348E9F7D1FD53495348E9F7CDFD4B4836
:10FD10000068583001F054FB4D494848006858309D
:10FD2000FAF73EFC2321454800685830FAF742FCB8
:10FD300042480068603001F043FB47493F48006893
:10FD40006030FAF72DFC7F213C4800686030FAF7FC
:10FD500031FC3A480068C03001F032FB01213748DD
:10FD60000068C030FAF712FC012134480068C03046
:10FD7000FAF7EDFB31480068803001F021FB304894
:10FD80000078012806D12C48C06818210190EAF7B4
:10FD90006CFB10E02A480078022806D12648C0688B
:10FDA00014210190EAF761FB05E02348C0681021A7
:10FDB0000190EAF75AFB0146029020480068803023
:10FDC000FAF769FC1E480078012806D11A48C06875
:10FDD00018210190EAF749FB10E019480078022841
:10FDE00006D11548C06814210190EAF73EFB05E0F2
:10FDF0001148C06810210190EAF737FB01460290D4
:10FE00000E4800688030FAF79EFC0D480078012803
:10FE100006D10948C06818210190EAF726FB23E0C3
:10FE200007480078022819D10348C06814210190BE
:10FE3000EAF71BFB18E000000C4500200001002041
:10FE4000040100200C01002008010020CD960008CC
:10FE5000100100207944010818010020FE48C06804
:10FE600010210190EAF701FB01460290FB4800686F
:10FE70008030FAF72FFCF9480068783001F0A0FADA
:10FE8000F7480078012806D1F348C0680E21019098
:10FE9000EAF7EBFA10E0F2480078022806D1EE48C3
:10FEA000C0680C210190EAF7E0FA05E0EA48C06872
:10FEB0000A210190EAF7D9FA01460290E748006862
:10FEC0007830FAF7E8FBE6480078012806D1E248E6
:10FED000C0680E210190EAF7C8FA10E0E048007807
:10FEE000022806D1DC48C0680C210190EAF7BDFA6F
:10FEF00005E0D948C0680A210190EAF7B6FA014640
:10FF00000290D64800687830FAF7EFFBD3480068D3
:10FF1000883001F055FAD048C0680A210190EAF70C
:10FF2000A4FA01460290CD4800688830FAF70BFC2D
:10FF3000C948C0680A210190EAF797FA0146029081
:10FF4000C64800688830FAF7C5FBC448006890309E
:10FF500001F036FAC048C06814210190EAF785FA2A
:10FF600001460290BD4800689030FAF71BFDBB487F
:10FF70000068983001F024FA0221B84800689830EF
:10FF8000FAF7ECFCB5480068683001F019FA002176
:10FF9000B24800686830FAF77EFB0021AF4800687D
:10FFA0006830FAF7D0FB0021AC4800686830FAF7F7
:10FFB00091FBAA480068703001F002FAA848007866
:10FFC000012806D1A448C06808210190EAF74DFA3B
:10FFD00010E0A3480078022806D19F48C068062197
:10FFE0000190EAF742FA05E09B48C06802210190BF
:10FFF000EAF73BFA01460290984800687030FAF739
:020000040803EF
:100000004AFB97480078012806D19348C068082128
:100010000190EAF72AFA10E091480078022806D108
:100020008D48C06806210190EAF71FFA05E08A486A
:10003000C06802210190EAF718FA01460290874849
:1000400000687030FAF77FFB85480078012806D1F8
:100050008148C06808210190EAF707FA10E080485B
:100060000078022806D17C48C06806210190EAF792
:10007000FCF905E07848C06802210190EAF7F5F93B
:1000800001460290754800687030FAF723FB734808
:100090000068283001F094F96F4801696F480068E2
:1000A0002830FAF70EFAE9F7DDFE014602906B48B8
:1000B00000682830FAF75DFCFF21684800682830A6
:1000C000FAF724FA65480068303001F079F962489F
:1000D0000169624800683030FAF7F3F95E48016957
:1000E0005E4800683030FAF744FC33215B48006812
:1000F0003030FAF70BFA59480068383001F060F9EF
:100100005548408A01460290544800683830FAF752
:10011000D8F9E9F7A7FE0146029050480068383048
:10012000FAF727FCFF214D4800683830FAF7EEF95E
:100130004A480068403001F043F94748408A014688
:100140000290464800684030FAF7BBF94248408ABE
:1001500001460290414800684030FAF70AFC33211A
:100160003E4800684030FAF7D1F93C480068483012
:1001700001F026F93B4800880146029037480068A4
:100180004830FAF79EF9FF21344800684830FAF702
:10019000BDF9354800880146029030480068483073
:1001A000FAF7E7FB2D480068503001F009F92F48B5
:1001B000008801460290294800685030FAF781F91A
:1001C000FF21264800685030FAF7A0F92648008839
:1001D00001460290214800685030FAF7CAFB1F48D8
:1001E0000068B03001F0ECF847F6FF711B4800687A
:1001F000B030FAF764FB19480068B83001F0E0F855
:10020000002116480068B830FAF759FB1348006817
:10021000C83001F0D5F81048C06803210190EAF712
:1002200024F9014602900D480068C830FAF7D0FB67
:100230000948C06803210190EAF717F901460290C6
:1002400006480068C830FAF7B8FB04480068F03088
:1002500001F0B6F800480BE00C450020000100203A
:10026000040100200C010020080100200A010020E8
:100270000169FE480068F030FAF723F9FF21FB48D6
:100280000068F030FAF742F9F948C0680621019099
:10029000EAF7EBF801460290F4480068F030FAF70C
:1002A000FAF947F6FF71F1480068F030FAF707FBFA
:1002B000EE480068E03001F083F8C821EB480068A0
:1002C000E030FAF7D2F8E9480068E83001F078F851
:1002D0007821E6480068E830FAF7C7F8E348006894
:1002E00000F5807001F06CF8E24800880146029049
:1002F000DE48006800F58070FAF7C1F8DC48C06895
:100300000F210190EAF7B1F801460290D748006842
:1003100000F58070FAF7CAF80121D448006800F5AA
:100320008070FAF7B9F8D148006800F5847001F0E0
:1003300047F8CF480169CD48006800F58470FAF7A6
:100340009EF8CA48006800F5987001F039F84FF43B
:100350008271C648006800F59870FAF758F9C348EA
:10036000006800F59C7001F02BF8C148C0680321BB
:100370000190EAF77AF801460290BC48006800F55F
:100380009C70FAF788F9BA48C06802210190EAF730
:100390006CF801460290B548006800F59C70FAF7C9
:1003A000EAF8B3480169B148006800F59C70FAF7B3
:1003B000B7F8B148008801460290AC48006800F5E3
:1003C0009C70FAF77EF8FF21A848006800F59C7041
:1003D000FAF79CF8A9480078012806D1A448C0681B
:1003E0000C210090EAF741F805E0A148C068082117
:1003F0000090EAF73AF8029000EBD070401000B29B
:10040000014601909948006800F59C70FAF757FA88
:100410009648006800F5A07000F0D2FF98A19348BC
:10042000006800F5A070FAF766F8E9F71BFD0146D1
:1004300002908E48006800F5A070FAF79AFA8C488E
:100440004069014602908948006800F5A070FAF7FB
:100450009EFA8648006800F5A47000F0B1FF844859
:10046000C06804210190EAF700F8404200B201465A
:1004700002907E48006800F5A470FAF70CF9E9F7DD
:10048000F1FC014602907948006800F5A470FAF783
:1004900018F87648006800F5A87000F091FF012177
:1004A0007248006800F5A870FAF7A6F87548008849
:1004B000014602906D48006800F5A870FAF78FF8C1
:1004C0006A48006800F5947000F07AFF00216748E0
:1004D000006800F59470FAF73AF86548C0680A2198
:1004E0000190E9F7C2FF014602906048006800F5FC
:1004F0009470FAF7EFF85F480088014602905B4875
:10050000006800F59470FAF76AF85848006800F53A
:10051000887000F055FF5648C06803210190E9F744
:10052000A4FF014602905148006800F58870FAF770
:1005300063F84F48C06803210190E9F796FF014630
:1005400002904A48006800F58870FAF7B8F9484800
:10055000C06808210190E9F788FF014602904348EE
:10056000006800F58870FAF7EDF94148C06802218B
:100570000190E9F77AFF014602903C48006800F5D7
:100580008870FAF7A7F83948006800F58C7000F019
:1005900017FF47F6FF713548006800F58C70FAF7D1
:1005A0008EF93348C06808210190E9F75EFF0146E3
:1005B00002902E48006800F58C70FAF7C3F92C48B9
:1005C00001692A48006800F58C70F9F77AFFFF216D
:1005D0002648006800F58C70F9F798FF23480068FA
:1005E00000F5907000F0ECFE2148C06801210190F8
:1005F000E9F73BFF014602901C48006800F5907047
:10060000F9F7FAFF1F480088014602901748006872
:1006100000F59070F9F7E3FF1548C06802210190DA
:10062000E9F723FF014602901048006800F590703A
:10063000FAF731F81220F7F78DFE014602900B48C9
:10064000006800F59070FAF794F90848006800F522
:10065000D07000F0B5FE00210448006800F5D070AD
:10066000FAF719F80021014800680DE000010020A8
:100670000C4500200C0100200A010020040100208C
:10068000EF808C000801002000F5D070FAF72DF8FB
:100690000021FE48006800F5D070FAF710F901213A
:1006A000FA48006800F5D070F9F770FF0021F748AC
:1006B000006800F5D070F9F754FFF448006800F5C1
:1006C000EC7000F07DFEF2480078012806D1F14878
:1006D000C0680C210190E9F7C8FE05E0ED48C0684C
:1006E00008210190E9F7C1FE01460290E748006841
:1006F00000F5EC70FAF7E3F80121E448006800F532
:10070000EC70F9F743FFFF21E048006800F5EC705A
:10071000F9F7FCFEE048008801460290DB480068DB
:1007200000F5EC70F9F7CDFEDC4800880146029038
:10073000D648006800F5EC70FAF71BF9D34800685A
:1007400000F5D47000F03CFED1480078012806D1B5
:10075000D048C0680E210190E9F787FE10E0CC4830
:100760000078022806D1CB48C0680C210190E9F737
:100770007CFE05E0C748C0680A210190E9F775FED4
:1007800001460290C148006800F5D470F9F7B9FF3E
:10079000BF480078012806D1BE48C0680E210190EC
:1007A000E9F763FE10E0BA480078022806D1B9489C
:1007B000C0680C210190E9F758FE05E0B548C06813
:1007C0000A210190E9F751FE01460290AF48006806
:1007D00000F5D470F9F7CDFFAD480078012806D1B7
:1007E000AC48C0680E210190E9F73FFE10E0A84830
:1007F0000078022806D1A748C0680C210190E9F7CB
:1008000034FE05E0A348C0680A210190E9F72DFEF7
:10081000014602909D48006800F5D470F9F765FF25
:100820009C48C06801210190E9F71FFE0146029033
:100830009648006800F5D470F9F79DFE1921934899
:10084000006800F5D470F9F778FE944800880146F6
:1008500002908E48006800F5D470F9F761FE00211F
:100860008A48006800F5D470F9F77BFE8748006875
:1008700000F5D87000F0A4FD00218448006800F560
:10088000D870F9F708FF00218048006800F5D8709B
:10089000F9F72BFF7F48C06801210190E9F7E5FDDA
:1008A000014602907948006800F5D870F9F763FEB8
:1008B00019217648006800F5D870F9F73EFE7748B0
:1008C0000088014602907148006800F5D870F9F779
:1008D00027FE08216D48006800F5D870F9F741FE41
:1008E0006A48006800F5DC7000F06AFD0021674886
:1008F000006800F5DC70F9F7CEFE0021634800685F
:1009000000F5DC70F9F7F1FE6048006800F5E4706E
:1009100000F056FD5E480078012806D15D48C068A9
:100920000E210190E9F7A1FD10E059480078022856
:1009300006D15848C0680C210190E9F796FD05E002
:100940005448C0680A210190E9F78FFD01460290E2
:100950004E48006800F5E470F9F7D3FE4C48007883
:10096000012806D14B48C06808210190E9F77DFDB8
:1009700010E047480078022806D14648C0680621A2
:100980000190E9F772FD05E04248C068022101903C
:10099000E9F76BFD014602903C48006800F5E47001
:1009A000F9F7E7FE3A480078012806D13948C068CF
:1009B0000E210190E9F759FD10E035480078022832
:1009C00006D13448C0680C210190E9F74EFD05E0DE
:1009D0003048C0680A210190E9F747FD01460290BE
:1009E0002A48006800F5E470F9F77FFE27480068A0
:1009F00000F5E87000F0E4FC25480078012806D1F5
:100A00002448C06808210190E9F72FFD10E0204834
:100A10000078022806D11F48C06806210190E9F736
:100A200024FD05E01B48C06802210190E9F71DFD87
:100A3000014602901548006800F5E870F9F761FE7C
:100A400013480078012806D11248C0680821019097
:100A5000E9F70BFD10E00E480078022806D10D489A
:100A6000C06806210190E9F700FD05E00948C0686B
:100A700002210190E9F7F9FC014602900348006861
:100A800000F5E870F9F775FE002109E0000100208B
:100A9000040100200C4500200A010020080100206C
:100AA000FC48006800F5E870F9F72BFF0021F948D1
:100AB000006800F5E870F9F729FDF748008801465D
:100AC0000290F448006800F5E870F9F752FFF14829
:100AD000006800F5E07000F073FC0021ED4800684C
:100AE00000F5E070F9F70DFE0021EA48006800F516
:100AF000E070F9F7FAFDE748006800F5F07000F0E3
:100B00005FFC3321E348006800F5F070F9F7FEFC64
:100B10001220F7F71FFC01460290DE48006800F53E
:100B2000F070F9F7CEFCDB48006800F5F47000F0D7
:100B300047FC0021D748006800F5F470F9F7E6FC9F
:100B4000D6480078012806D1D548C0680821019010
:100B5000E9F78BFC10E0D1480078022806D1D04894
:100B6000C06806210190E9F780FC05E0CC48C06828
:100B700002210190E9F779FC01460290C54800681E
:100B800000F5F470F9F7F5FDC248006800F5B070A3
:100B900000F016FCC248C06805210190E9F765FC29
:100BA00001460290BB48006800F5B070F9F724FDDB
:100BB000B948008801460290B648006800F5B07058
:100BC000F9F70DFDB648C06814210190E9F74DFC16
:100BD00001460290AF48006800F5B070F9F7B2FE28
:100BE000AF48C0680F210190E9F73FFC0146029031
:100BF000A848006800F5B070F9F78FFDA5480068B7
:100C000000F5B47000F0DCFB47F6FF71A148006806
:100C100000F5B470F9F753FE9F4800880146029032
:100C20009C48006800F5B470F9F74BFCFF21994827
:100C3000006800F5B470F9F769FC9948C0680F21A5
:100C40000190E9F712FC014602909248006800F515
:100C5000B470F9F777FE8F48006800F5AC7000F0CB
:100C6000AFFB8F48C06801210190E9F7FEFB014608
:100C700002908848006800F5AC70F9F77CFC894860
:100C80000088014602908348006800F5AC70F9F7CF
:100C900047FC03217F48006800F5AC70F9F761FC60
:100CA0007C48006800F5B87000F08AFB7A4800883C
:100CB000014602907748006800F5B870F9F730FCFB
:100CC0007748C06802210190E9F7CFFB0146029006
:100CD0007048006800F5B870F9F74DFC7048C068BE
:100CE00001210190E9F7C1FB404200B201460290A8
:100CF0006848006800F5B870F9F70FFD04216548F1
:100D0000006800F5B870F9F72CFC4FF4C871614821
:100D1000006800F5B870F9F7A8FB5E48006800F5B8
:100D2000BC7000F04DFB5E4890F8200000F0010020
:100D300028B102211220F7F7B7FA029004E001214E
:100D40001220F7F7DBFA029052480299006800F58A
:100D5000BC70F9F70EFE4F48006800F5C07000F057
:100D60002FFB4E480078012806D14D48C0680E215F
:100D70000190E9F77AFB10E048480078022806D194
:100D80004748C0680C210190E9F76FFB05E0444833
:100D9000C0680A210190E9F768FB014602903D48CE
:100DA000006800F5C070F9F776FC3C48007801282F
:100DB00006D13B48C0680E210090E9F756FB10E0D1
:100DC00036480078022806D13548C0680C210090CA
:100DD000E9F74BFB05E03248C0680A210090E9F7CB
:100DE00044FB029000EBD070401000B2014601902D
:100DF0002848006800F5C070F9F777FC25480068BE
:100E000000F5C47000F0DCFA2548C06801210190AB
:100E1000E9F72BFB014602901E48006800F5C470FC
:100E2000F9F7A9FB1F48008801460290194800689D
:100E300000F5C470F9F774FB1B4800880146029066
:100E40001448006800F5C470F9F73BFB33211148E2
:100E5000006800F5C470F9F759FB0E48006800F50A
:100E6000C87000F0ADFA0D480078012806D10C4892
:100E7000C0680E210190E9F7F8FA1DE007480078F4
:100E8000022813D10648C0680C210190E9F7EDFA59
:100E900012E00000000100200801002004010020F1
:100EA0000C4500200C0100200A010020F848C06811
:100EB0000A210190E9F7D9FA01460290F548006845
:100EC00000F5C870F9F71DFCF3480078012806D139
:100ED000EF48C0680E210190E9F7C7FA10E0EE482C
:100EE0000078022806D1EA48C0680C210190E9F791
:100EF000BCFA05E0E648C0680A210190E9F7B5FAB6
:100F000001460290E348006800F5C870F9F726FC36
:100F1000E1480078012806D1DD48C0680821019029
:100F2000E9F7A3FA10E0DC480078022806D1D84897
:100F3000C06806210190E9F798FA05E0D448C06836
:100F400002210190E9F791FA01460290D148006828
:100F500000F5C870F9F7B3FBCF480078012806D137
:100F6000CB48C0680E210190E9F77FFA10E0CA482B
:100F70000078022806D1C648C0680C210190E9F724
:100F800074FA05E0C248C0680A210190E9F76DFAD9
:100F900001460290BF48006800F5C870F9F7A5FB4C
:100FA000BC48006800F5CC7000F00AFAB848C06888
:100FB0000A210190E9F759FA01460290B548006804
:100FC00000F5CC70F9F772FAB248006800F5FC70D1
:100FD00000F0F6F9AE48C06804210190E9F745FA3F
:100FE00001460290AB48006800F5FC70F9F753FB2E
:100FF000A848006800F5F87000F0E2F9642001905C
:101000000198002805DA0198C0F57A7040F4005084
:1010100002E0019840F4005000B2014602909D4861
:10102000006800F5F870F9F7FDFA9A48006800F5D5
:10103000007000F0C5F91220F7F78CF90146029014
:101040009448006800F50070F9F73BFA7F21914859
:10105000006800F50070F9F759FA8E48006800F54D
:10106000027000F0ADF900218A48006800F50270B6
:10107000F9F75DFC88480078032816D18648007887
:10108000012806D18248C0680C210090E9F7EDF9EB
:1010900005E07F48C06808210090E9F7E6F9029072
:1010A000029800EBD070401010E07B4800780128D7
:1010B00006D17748C0680C210090E9F7D6F905E021
:1010C0007348C06808210090E9F7CFF900B20146E3
:1010D00001907048006800F50270F9F7F0FB6D4868
:1010E000006800F50E7000F06BF969480169694805
:1010F000006800F50E70F9F713FA6548C068022120
:101100000190E9F7B2F9400000B20146029061484F
:10111000006800F50E70F9F72EFA01215D480068AD
:1011200000F50E70F9F71DFA5A48006800F50C70CA
:1011300000F046F95648C06802210190E9F795F998
:10114000404200B2014602905248006800F50C701F
:10115000F9F78BFA4F48006800F5047000F030F999
:101160004D480078012806D14948C06818210190EF
:10117000E9F77BF910E048480078022806D1444896
:10118000C06814210190E9F770F905E04048C06893
:1011900010210190E9F769F9014602903D48006885
:1011A00000F50470F9F7ADFA00213A48006800F53F
:1011B0000470F9F7DEFA00213648006800F5047083
:1011C000F9F793FA01213348006800F50470F9F744
:1011D000DDF93048006800F5067000F0F1F82C48A1
:1011E000C06801210190E9F740F9014602902948C1
:1011F000006800F50670F9F7BEF928480088014636
:1012000002902448006800F50670F9F789F9012179
:101210002048006800F50670F9F7A3F91E48007829
:10122000012806D11A48C0680E210190E9F71DF97E
:1012300010E019480078022806D11548C0680C2132
:101240000190E9F712F905E01148C0680A21019000
:10125000E9F70BF9014602900E48006800F50670A8
:10126000F9F719FA0C480078012806D10848C06837
:101270000E210190E9F7F9F818E0074800780228F4
:101280000ED10348C0680C210190E9F7EEF80DE09B
:101290000C45002000010020040100200C0100206A
:1012A0004448C0680A210190E9F7DFF8014602903E
:1012B0004148006800F50670F9F70CFA3E480068EE
:1012C00000F5087000F07CF83C480078012806D151
:1012D0003848C06818210190E9F7C7F810E037488E
:1012E0000078022806D13348C06814210190E9F73C
:1012F000BCF805E02F48C06810210190E9F7B5F867
:10130000014602902C48006800F50870F9F760FB70
:101310002948006800F5107000F052F8FF212648B7
:10132000006800F51070F9F7F1F8E8F79BFD014649
:1013300002902148006800F51070F9F7C2F81220F9
:10134000F7F708F8014602901B48006800F5107096
:10135000F9F7C4F847F6FF711748006800F51070F8
:10136000F9F7ADFA1348C0680F210190E9F77DF84D
:10137000014602901048006800F51070F9F7D7FA9E
:10138000E8F770FD014602900B48006800F5107008
:10139000F9F79FFA0748C06805210190E9F765F859
:1013A000014602900448006800F51070F9F7B4FA9D
:1013B0000EBD00000C4500200001002004010020AB
:1013C00010B504460548007818B12046F9F737F8FB
:1013D00002E02046F8F7F2FE10BD00000E010020EA
:1013E0002DE9F04107460C462046F3F7D5F8B0B991
:1013F0000022FE4801682046F1F76BFD4FF4803271
:10140000FA48016808312046F1F763FDF84AF748C9
:10141000016810312046F1F75CFDBDE8F081F54927
:101420002046F2F76BF9002876D02046F3F7B4F89F
:101430000546F1492846F2F761F900B1EDE7284683
:10144000F3F7AAF80646EC49F2F758F9B0B10022D2
:10145000E648016880312046F1F73BFD4FF48032C9
:10146000E248016808312046F1F733FDE04ADF48E1
:10147000016810312046F1F72CFDCEE72046F3F746
:1014800044F8B0B92046F3F787F80646DB49F2F78F
:1014900035F970B10022D548016848312046F1F78E
:1014A00018FD0022D148016870312046F1F711FD86
:1014B000B3E72046F3F729F8012824D12046F3F7B3
:1014C0006BF80646CD49F2F719F9E0B10022C7489A
:1014D00001682046F1F7FDFC0022C4480168803114
:1014E0002046F1F7F6FC4FF48032C048016808311D
:1014F0002046F1F7EEFCBE4ABC4801681031204698
:10150000F1F7E7FC89E72046F3F746F80646BC49C1
:10151000F2F7F4F808B180E717E00022B348016859
:1015200018312046F1F7D5FC4FF48032AF480168FE
:1015300008312046F1F7CDFCAD4AAC4801681031C6
:101540002046F1F7C6FC01F02FB8AE492046F2F76D
:10155000D5F8002860D00022A44801682031204638
:10156000F1F7B7FC0022A148016828312046F1F7C5
:10157000B0FC00229D480168D0312046F1F7A9FC5B
:1015800020229A48016858312046F1F7A2FC202217
:1015900096480168D8312046F1F79BFC0422934815
:1015A0000168A0312046F1F794FC20228F480168A1
:1015B000C8312046F1F78DFC01228C480168383192
:1015C0002046F1F786FC8022884801686031204679
:1015D000F1F77FFC2046F2F7DFFF05468A49F2F774
:1015E0008DF840B92046F2F7D7FF05468749F2F754
:1015F00085F80028A7D000227C48016801F5E87131
:101600002046F1F766FC20227848016801F5F07168
:101610002046F1F75EFC96E77D492046F2F76EF82A
:1016200040B100227148016801F5A8712046F1F728
:1016300050FC88E777492046F2F760F800287DD013
:101640002046F2F7A9FF05467349F2F757F8E0B3D1
:1016500000226648016801F5FC712046F1F739FC6B
:1016600000226248016888312046F1F732FC4FF4CD
:10167000A0225E48016820312046F1F72AFC674A23
:101680005A48016858312046F1F723FC634A60321A
:101690005648016860312046F1F71BFC5F4A1F3A4B
:1016A0005248016828312046F1F713FC5B4A1C3A86
:1016B0004E48016830312046F1F70BFC574A183A82
:1016C0004A4801684031204600E002E0F1F701FCA1
:1016D000A3E62046F2F760FF05464749F2F70EF809
:1016E00068B300224148016850312046F1F7F1FB10
:1016F00004223E480168A0312046F1F7EAFB0422AB
:101700003A48016801F50C712046F1F7E2FB434AC3
:101710003648016858312046F1F7DBFB3F4A1F3A53
:101720003248016830312046F1F7D3FB3B4A1F3A7B
:101730002E48016801F50E71204601E0C4E01BE06F
:10174000F1F7C7FB354A1C3A28480168A03120460A
:10175000F1F7BFFB314A183A24480168A831204606
:10176000F1F7B7FB2D4A1C3A2048016801F50C71CE
:101770002046F1F7AEFB50E62046F2F70DFF054696
:101780001F49F1F7BBFF78B300221848016801F543
:10179000C0712046F1F79DFB042214480168A03176
:1017A0002046F1F796FB082210480168A831204630
:1017B000F1F78FFB4FF4A0220C48016801F5C471CA
:1017C0002046F1F786FB154A084801685831204643
:1017D000F1F77FFB114A603204480168603120460E
:1017E000F1F777FB0D4A1BE029E000000001002023
:1017F0004000010070390308284103087C410308B8
:10180000F43A030814F3040864400308484003084A
:10181000D8F3040830F304089C40030820000500B6
:101820001C3AFE480168A0312046F1F752FBFC4A01
:10183000FA480168A8312046F1F74BFBEDE500229C
:10184000F648016818312046F1F743FB0422F348BB
:101850000168A0312046F1F73CFB0822EF480168FF
:10186000A8312046F1F735FB4FF4A022EB48016880
:1018700020312046F1F72DFBE94A7832E74801682C
:1018800060312046F1F725FBE54A1832E34801684C
:1018900058312046F1F71DFBE14AD21FDF480168AD
:1018A00028312046F1F715FBDD4A121FDB4801689D
:1018B000A0312046F1F70DFBD94AD8480168A8317C
:1018C0002046F1F706FB3EE6D6492046F1F716FF23
:1018D00060B30022D148016830312046F1F7F9FAAF
:1018E0000022CE480168B0312046F1F7F2FA042216
:1018F000CA480168A0312046F1F7EBFA0822C74830
:101900000168A8312046F1F7E4FA4FF40032C348E9
:10191000016828312046F1F7DCFA4FF40032BF4865
:101920000168B0312046F1F7D4FA0CE6BE492046F2
:10193000F1F7E4FEF0B30022B848016830312046E8
:10194000F1F7C7FA0022B5480168B0312046F1F737
:10195000C0FA0422B1480168A0312046F1F7B9FA73
:101960000822AE480168A8312046F1F7B2FA4FF4D8
:101970000032AA48016828312046F1F7AAFA4FF44C
:101980000032A6480168B0312046F1F7A2FA4FF4C0
:101990004032A2480168F0312046F1F79AFAA34A92
:1019A0009E480168C8312046F1F793FA4FF440325F
:1019B0009A4800E00CE00168D0312046F1F789FA3E
:1019C0009A4A96480168D8312046F1F782FABAE57A
:1019D00097492046F1F792FE002862D000228F48F6
:1019E000016818312046F1F774FA00228B4801682B
:1019F00068312046F1F76DFA002288480168B83155
:101A00002046F1F766FA042284480168A031204696
:101A1000F1F75FFA082281480168A8312046F1F702
:101A200058FA4FF480327D48016808312046F1F7BA
:101A300050FA804A7948016810312046F1F749FA96
:101A40004FF4A0227548016850312046F1F741FA61
:101A50004FF4A0227148016801F5AC712046F1F7FE
:101A600038FA4FF4A0226D48016880312046F1F722
:101A700030FA6B4A18326948016858312046F1F74C
:101A800028FA674A121F6548016828312046F1F795
:101A900020FA634A6148016838312046F1F719FAA3
:101AA00051E565492046F1F729FEE8B300225B487D
:101AB000016888312046F1F70CFA04225748016882
:101AC000A0312046F1F705FA5C4A544801686031BC
:101AD0002046F1F7FEF94FF400325048016801F555
:101AE0009C712046F1F7F5F9544A7F3A4B4801685A
:101AF00028312046F1F7EDF9504A7F3A474801680E
:101B000001F5A0712046F1F7E4F94C4A603A4348E8
:101B1000016858312046F1F7DCF9484A603A3F48FD
:101B20000168C831204600E012E0F1F7D2F9434ADB
:101B3000603A3A480168D8312046F1F7CAF94FF4C3
:101B4000003236480168D0312046F1F7C2F9FAE494
:101B50003B492046F1F7D2FD002873D000222F48E0
:101B6000016848312046F1F7B4F900222B4801689A
:101B7000B0312046F1F7ADF9002228480168E8317C
:101B80002046F1F7A6F980222448016860312046FA
:101B9000F1F79FF9042221480168A0312046F1F7AE
:101BA00098F9264A7F3A1D48016828312046F1F706
:101BB00090F94FF4003219480168B0312046F1F72E
:101BC00088F91E4A1548016860312046F1F781F90D
:101BD0004FF4403211480168F0312046F1F779F9AD
:101BE0004FF440320D48016850312046F1F771F949
:101BF0004FF440320948016801F5A4712046F1F71D
:101C000068F90A4A60320548016860312046F1F7F8
:101C100060F90A4A7F3A0148016814E00001002097
:101C200008000500F8F204082CF404082000030062
:101C300064F40408400001004CF304088000020032
:101C400048F404080CE0D8312046F1F742F94FF48B
:101C50000032FA480168D8312046F1F73AF972E4C7
:101C6000F7492046F1F74AFDF0B30022F348016836
:101C700018312046F1F72DF90022F048016878313B
:101C80002046F1F726F90022EC48016801F594712D
:101C90002046F1F71EF94FF48032E8480168083118
:101CA0002046F1F716F9E74AE4480168103120466A
:101CB000F1F70FF94FF4A022E048016801F58871AF
:101CC0002046F1F706F94FF40032DC48016801F5CF
:101CD0008C712046F1F7FDF84FF4C022D748016817
:101CE00001F59071204600E00BE0F1F7F2F84FF4B7
:101CF000E022D248016801F588712046F1F7E9F841
:101D000021E4D1492046F1F7F9FC90B30022CB48F9
:101D1000016818312046F1F7DCF80022C748016855
:101D2000E0312046F1F7D5F80022C448016890312F
:101D30002046F1F7CEF80022C048016898312046CD
:101D4000F1F7C7F80422BD480168A0312046F1F739
:101D5000C0F80822B9480168A8312046F1F7B9F85F
:101D60004FF48022B548016828312046F1F7B1F8D8
:101D700027E2FFE7B5492046F1F7C0FCC8B30022CF
:101D8000AE48016818312046F1F7A3F80022AB48AD
:101D9000016878312046F1F79CF80022A7480168D5
:101DA000D0312046F1F795F82022A4480168D831B7
:101DB0002046F1F78EF82022A048016858312046CD
:101DC000F1F787F804229D480168A0312046F1F719
:101DD00080F8082299480168A8312046F1F779F87F
:101DE0004FF4003295480168D8312046F1F771F878
:101DF000DAE3FFE796492046F1F780FCF0B30022D2
:101E00008E48016818312046F1F763F800228B48AC
:101E10000168C0312046F1F75CF80022874801686C
:101E200090312046F1F755F800228448016801F509
:101E300098712046F1F74DF84FF480327F480168E1
:101E400008312046F1F745F87E4A7C480168103198
:101E50002046F1F73EF84FF480227848016850316F
:101E60002046F1F736F87B4A74480168283120464D
:101E7000F1F72FF8774A1F32704800E005E001685B
:101E800058312046F1F725F88EE373492046F1F7E3
:101E900035FC10B300226948016801F580712046C5
:101EA000F1F717F84FF400326448016801F58071CA
:101EB0002046F1F70EF84FF400326048016801F552
:101EC00084712046F1F705F84FF440325B48016811
:101ED000F0312046F0F7FDFF66E360492046F1F758
:101EE0000DFCD0B100225548016801F580712046F3
:101EF000F0F7EFFF4FF400325048016801F58071B0
:101F00002046F0F7E6FF4FF400324C48016801F537
:101F100084712046F0F7DDFF46E351492046F1F792
:101F2000EDFBB8B100224548016818312046F0F7B2
:101F3000D0FF002241480168B0312046F0F7C9FFC8
:101F40004FF400323D48016801F5B4712046F0F7C6
:101F5000C0FF29E343492046F1F7D0FBE0B300225C
:101F60003648016818312046F0F7B3FF00223348A5
:101F7000016878312046F0F7ACFF04222F48016851
:101F8000A0312046F0F7A5FF08222C480168A831AF
:101F90002046F0F79EFF4FF4803228480168083150
:101FA0002046F0F796FF274A244801681031204662
:101FB000F0F78FFF2C4A2148016801F5B8712046DF
:101FC000F0F787FF4FF400221C48016801F5BC714F
:101FD0002046F0F77EFFE7E2FFE724492046F1F7CD
:101FE0008DFB70B100221548016818312046F0F7CA
:101FF00070FF00221148016868312046F0F769FF40
:10200000D2E21B492046F1F779FB40B100220B4890
:10201000016801F5C8712046F0F75BFFC4E215497D
:102020002046F1F76BFB40B100220448016801F53E
:10203000C8712046F0F74DFFB6E21DE00001002018
:10204000483B030840000100F4F3040868F3040867
:1020500084F3040801000400DCF204080C410308C6
:102060008040030880F4040802000700F43A0308E3
:10207000103B03082C3B0308F6492046F1F73EFBD2
:10208000F0B30022F44801682046F0F722FFF3483D
:102090000078012803D1F0480068783002E0EE486B
:1020A00000687030014600222046F0F712FF04223B
:1020B000E9480168A0312046F0F70BFF0822E64806
:1020C0000168A8312046F0F704FF4FF4A022E2484F
:1020D000016820312046F0F7FCFEE14ADE48016845
:1020E00060312046F0F7F5FE4FF4A022DA4801688F
:1020F00050312046F0F7EDFE4FF4A022D64800E024
:1021000026E0016801F502712046F0F7E2FED44AAC
:10211000603AD148016858312046F0F7DAFED04ADB
:102120007F3ACD48016848312046F0F7D2FECC4ACC
:102130007C3AC948016830312046F0F7CAFEC84AE7
:10214000783AC548016840312046F0F7C2FE2BE2DC
:10215000C4492046F1F7D2FAF8B10022BE4801681E
:1021600018312046F0F7B5FE0022BB48016801F5A2
:1021700004712046F0F7ADFE4FF48032B648016896
:1021800008312046F0F7A5FEB74AB3480168103180
:102190002046F0F79EFEFFF740B9B4492046F1F71C
:1021A000ADFA78B10022AC48016848312046F0F71A
:1021B00090FE0022A848016801F508712046F0F75A
:1021C00088FEF1E1AA492046F1F798FA68B30022A7
:1021D000A148016850312046F0F77BFE00229E485E
:1021E000016801F506712046F0F773FE04229A4853
:1021F000016828312046F0F76CFE042296480168F9
:1022000001F508712046F0F764FE2022924801682B
:1022100001F508712046F0F75CFE20228E48016827
:1022200058312046F0F755FEBEE192492046F1F7BD
:1022300065FA78B100228848016818312046F0F725
:1022400048FE00228448016801F5D0712046F0F76D
:1022500040FEA9E188492046F1F750FAB8B10022C2
:102260007D48016801F5D8712046F0F732FE4FF441
:1022700080327948016808312046F0F72AFE7A4A10
:102280007548016810312046F0F723FE8CE17B4948
:102290002046F1F733FAB8B100226F48016801F522
:1022A000DC712046F0F715FE4FF480326A48016871
:1022B00008312046F0F70DFE6B4A6748016810317F
:1022C0002046F0F706FE6FE16D492046F1F716FA59
:1022D000F0B100226048016801F5D4712046F0F7A2
:1022E000F8FD20225C48016801F5F0712046F0F706
:1022F000F0FD21225848016830312046F0F7E9FD11
:1023000001225548016830312046F0F7E2FD4BE1EB
:102310005C492046F1F7F2F920B95B492046F1F714
:10232000EDF980B100224C48016801F5E4712046C6
:10233000F0F7CFFD20224848016801F5F0712046F2
:10234000F0F7C7FD30E151492046F1F7D7F9B8B1B0
:1023500000224148016801F5E0712046F0F7B9FD1F
:102360004FF480323C48016808312046F0F7B1FD57
:102370003D4A3948016810312046F0F7AAFD13E1C3
:1023800043492046F1F7BAF940B1002232480168CA
:1023900001F5EC712046F0F79CFD05E13D49204632
:1023A000F1F7ACF940B100222B48016801F5F47156
:1023B0002046F0F78EFDF7E037492046F1F79EF909
:1023C00078B100222448016818312046F0F781FDD9
:1023D00000222148016801F5F8712046F0F779FDE7
:1023E000D9E62E492046F1F789F940B100221A4872
:1023F000016801F500712046F0F76BFDD4E0284933
:102400002046F1F77BF920B3002213480168183108
:102410002046F0F75EFD00220F4801687831204623
:10242000F0F757FD04220C480168A0312046F0F770
:1024300050FD082208480168A8312046F0F749FD00
:102440004FF4E0220448016828312046F0F741FDAE
:10245000AAE027E0803B03080001002004010020DF
:1024600080000500303F030840000100683F03087A
:102470004C3F0308843F0308104003082C40030826
:10248000BC3F03086440030848400308A03F03081A
:10249000D83F0308F43F03089C400308D4400308D6
:1024A000F040030841492046F1F728F9A8B100227D
:1024B0003F4801682046F0F70CFD4FF480323C485D
:1024C000016808312046F0F704FD3A4A38480168AF
:1024D00010312046F0F7FDFC66E037492046F1F761
:1024E0000DF978B14FF48032314801680831204647
:1024F000F0F7EFFC2F4A2E48016810312046F0F724
:10250000E8FC51E02D492046F1F7F8F868B10022C7
:10251000274801682046F0F7DCFC002224480168C7
:1025200068312046F0F7D5FC3EE025492046F1F71A
:10253000E5F838B100221E480168C0312046F0F7A6
:10254000C8FC31E01F492046F1F7D8F8F8B1002265
:102550001748016801F5CC712046F0F7BAFC00225B
:102560001348016880312046F0F7B3FC4FF4403245
:102570000F48016850312046F0F7ABFC4FF4403271
:102580000B48016880312046F0F7A3FC0CE00E49AF
:102590002046F1F7B3F838B100220548016801F58B
:1025A00010712046F0F795FC00BFF4E544410308A4
:1025B0000001002040000100604103082841030899
:1025C0007C410308643B0308143F03082DE9F14FE5
:1025D00088B00898EBF701FD07900898EBF75EFDCF
:1025E0008046CDF8188007980A2856D14046F1F762
:1025F0000EFF04464046F1F7EBFE054605A94046AE
:10260000F2F74CF8BDF914000490BDF9169020467D
:1026100004EBD0714A100499114491FBF4F1614329
:102620000FFA81FA284605EBD07109EB610191FBA5
:10263000F5F1694309B203910F200290002721E0D0
:1026400039464046F1F743FE06463046F3F7F8FCBC
:1026500001903046F3F717FD00900198504510D1D6
:102660000399009888420CD1B3460698C0F824B06C
:102670009BF82400029000221C214046EBF714FD39
:1026800005E07F1C4046F1F740FEB842D8D800BFB5
:1026900040460299F5F7E2FA00BF09B0BDE8F08FB5
:1026A0000146C843401C01EA0002B2FA82F0C0F1C0
:1026B0002003581E7047014621B1B1FA81F0C0F1E4
:1026C000200000E000200246501E704710B5D1F7F0
:1026D00003FE10BD70B505460C46D1F741FF012839
:1026E00006D108490848D1F781FD0120A07301E017
:1026F0000020A07304480088208003484088608040
:1027000070BD0000AC0200208C0000202DE9F047D5
:1027100086B080460D46444627680026D7E0F86814
:1027200000EBC6004068C0F3406040B1F86800EBC1
:10273000C600406820F07F40A168884200D0C5E014
:10274000A08847284AD00EDC34281ED006DC20287A
:102750003FD030283ED033287CD115E03B283CD0F8
:10276000442877D138E0682810D004DC63281ED0D4
:1027700067286FD112E0A0F2574060B3A0F58050F7
:102780000238002866D10AE000BF00BFFF2D02DA40
:10279000E068059001E0206905906CE000BFFF2D26
:1027A00002DAE068059001E02069059063E0E068E6
:1027B00010B9206905900BE0206910B9E068059018
:1027C00006E0802D02DAE068059001E020690590BE
:1027D00051E000BF00BF00BF00BF00BF002D03DC01
:1027E000A089ADF8140033E0FF2D03DB208AADF89B
:1027F00014002DE021690191E168E8B2029100F135
:10280000040C4FEAEC00BDF808C04CEA0C4CDFF8B1
:10281000D4A00CEA0A01BDF804C04CEA0C4C0CEA46
:102820000A02A2EB010C0CFB00FC01EB5C1C0CEAA5
:102830000A0343EA134C1FFA8CFCCDF800C0BDF824
:1028400000A0D446CDF80CC0BDF80C00ADF81400C3
:1028500011E0FFE715B9E06805900BE0FF2D02D10C
:102860002069059006E0D4E90310401A684301EBA3
:102870002020059000BF00BF4FF00109FA6852F810
:102880003600A18804AAF7F719FC78B1DDE9041035
:1028900088420BD1BDF81400BDF81010884205D154
:1028A000DDE90410884201D14FF00009FA6852F8BE
:1028B0003600A188059AF7F768FFB9F1000F04D038
:1028C000A288A1682068F4F771FD06E0761C788C78
:1028D000C0F3C500B0423FF622AF00BF06B0BDE86E
:1028E000F08700001FF8E0072DE9F05F8146D9F876
:1028F00000402568B4F804A04FF0000B2D48D3F732
:102900000CFB064615E0A6420ED0306821688842CE
:102910000AD1B068A168884206D1B088A1888842EF
:1029200002D14FF0010B06E031462248D3F70DFBF0
:102930000646002EE7D100BFBBF1000F38D10027BB
:102940002FE0E86800EBC7004068C0F3406038B390
:10295000E86800EBC700406820F07F40A16888422B
:102960001ED121461348D3F757FB2046EFF762FCF0
:10297000E86800EBC7085146D8F80000F7F7DAFC22
:10298000E96851F83700F7F720FC40B1D8F80400A7
:1029900020F07F422846D8F80010F4F7B0FD05E09B
:1029A0007F1C688CC0F3C500B842CAD800BF00BF06
:1029B000BDE8F09FAC4500202DE9F04105462C68AC
:1029C000A068F5F742FC8046A28841462068F3F7EC
:1029D00007F9E060A6880020A080234632464146E1
:1029E000206800F00DF8A680A1682068E1F7E1FCFE
:1029F0000746A1883868E268F7F7C7FEBDE8F081AE
:102A00002DE9F05F05460E4690469A464FF0000BC2
:102A10002848D3F7A7FA044646E0544500D145E0DC
:102A200021462448D3F798FA81462068A8423AD133
:102A3000A068B04202D0B6F5702F34D1A0884045CE
:102A400003D04FF6FF7080452DD1002725E0E868C0
:102A500000EBC7004068C0F34060E8B1B6F5702FE6
:102A600007D0E86800EBC700406820F07F40B04224
:102A700012D1EA6852F83700A188F7F75BFC002111
:102A80002046E3F789FF21460A48D3F7C5FA2046D6
:102A9000EFF7D0FB4FF0010B7F1C688CC0F3C50033
:102AA000B842D4D800BF4C46002CB6D100BF58461F
:102AB000BDE8F09FAC450020024610880B88C01A84
:102AC00070472DE9F14F86B0EDF7A8FB8346BBF1C7
:102AD000000F02D107B0BDE8F08F0698EBF77DFA42
:102AE00006460698EBF7DAFA804644465020005D29
:102AF000C0F3400000B9EDE75846EDF7E4FB0228CB
:102B000004D05846EDF7DFFB042800D1E2E704A922
:102B1000606AF1F79BFC03A95846EDF799FB02A9FF
:102B20005846EDF7D7FBBDF90C00002803DBBDF9D3
:102B30000E00002800DACDE7BDF80C00BDF810103B
:102B4000401A00B2ADF80400BDF80E00BDF8121036
:102B5000401A00B2ADF80600606AF3F768FA8246E0
:102B6000656ABDF90400002803DA00274FF0010967
:102B700013E0BDF90400504504DB47F6FF774FF042
:102B800001090AE001A9606AEEF744F887B201A9D9
:102B9000606AEEF7D3FA80F0010994F85C00C0F3A4
:102BA000400010B394F85C0000F00100A8B9B9F13E
:102BB000000F12D1012E10D167654FF6FF70A0658E
:102BC00094F85C0020F00100401C84F85C004FF495
:102BD00040714046F0F74CFE16E094F85C0000F0BF
:102BE000010018B1022E01D1A7650DE094F85C0038
:102BF00000F0010040B1032E01D0082E04D14FF4A3
:102C000040714046F0F718F994F85C0000F00100BC
:102C100008B9012E03D139464046F8F7B7FE94F8BB
:102C20005C0000F00100E8B3D4E9150188420FD937
:102C3000E86BA16D884203D1286C616D88422AD06F
:102C4000A06DE863606D28644046F3F7EAFD22E07A
:102C5000D4E9150188420FD2E86B616D884203D137
:102C6000286CA16D884216D0606DE863A06D286461
:102C70004046F3F7D6FD0EE04FF6FF71E86B884251
:102C800002D1286C884206D04FF6FF70E8632864B2
:102C90004046F3F7C6FD032E01D0082E07D194F865
:102CA0005C0000E003E020F0010084F85C0000BF5D
:102CB00010E701460A69D1E901309860D1E90103C2
:102CC00058605068884201D18868506000200861CF
:102CD0001068401E10601068704700F108014160E4
:102CE0004FF0FF31816000F10801C16001610021F6
:102CF0000160704700210161704710B502460B6802
:102D00005C1C0CB9106907E002F1080000E04068A3
:102D1000446824689C42FAD944684C604C68A160BD
:102D2000886041600A611468641C146010BD4268C8
:102D30004A6093688B60936859609160086103688A
:102D40005B1C03607047000010B500BF502080F38B
:102D50001188BFF34F8FBFF36F8F00BF0B48006820
:102D6000401C0A4908600846006801280DD108483F
:102D70000068C0B208B9012000E0002028B94FF473
:102D8000BD7204A10AA0D1F775FC10BD7C00002023
:102D900004ED00E04672656552544F535C706F72EB
:102DA0007461626C655C706F72742E630000000069
:102DB0004572726F723A25732C25640D0A0000006B
:102DC00010B50B48006828B940F2811209A110A083
:102DD000D1F750FC06480068401E054908600846C7
:102DE000006820B9002080F3118800BF00BF10BD2B
:102DF0007C0000204672656552544F535C706F72C0
:102E00007461626C655C706F72742E630000000008
:102E10004572726F723A25732C25640D0A0000000A
:102E200070B506463546002E35D0083D2C461A4969
:102E300060680968084008B1012000E0002028B956
:102E40004FF4A07215A11CA0D1F714FC206808B99A
:102E5000012000E0002028B940F241120FA116A085
:102E6000D1F708FC0C4960680968084098B12068EF
:102E700088B90949606809688843606000F04EF9C4
:102E800011496068096808440F4908602046FBF74B
:102E90004FF800F0B7FC70BD780000204672656501
:102EA00052544F535C706F727461626C655C6865FC
:102EB00061705F342E6300004572726F723A257341
:102EC0002C25640D0A0000007000002006480068F0
:102ED0004FF47A71B0FBF1F0401E4FF0E0214861F1
:102EE00007200861704700001400002070B50446F8
:102EF0000025ACB10F48006808B9012000E00020AF
:102F000028B940F2CF420CA111A0D1F7B3FB00F0D9
:102F100005F900212046FAF741FE00F073FC054652
:102F20003DB94FF080500E490860BFF34F8FBFF39B
:102F30006F8F70BD600000204672656552544F531C
:102F40005C7372635C7461736B732E6300000000CA
:102F50004572726F723A25732C25640D0A000000C9
:102F600004ED00E070B50546FFF7EEFE15B92D48FB
:102F7000006800E028460446201DFFF79AFE78B955
:102F8000E06A00EB8000284951F8200040B994F82D
:102F90002C1001208840254909688143234801609D
:102FA000A06A18B104F11800FFF783FE20480068FA
:102FB000401C1F4908601B480068844209D1211D3C
:102FC0001C48FFF7B4FE1C480068401C1A49086002
:102FD00009E01A480068401E184908602046FAF7C0
:102FE000B5FEFAF7D9FFFFF7EBFE15480068C0B150
:102FF0000C480068844214D11248006808B90120C6
:1030000000E0002028B940F265420FA114A0D1F7DA
:1030100031FB4FF0805016490860BFF34F8FBFF36C
:103020006F8F70BD28000020D803002040000020D2
:1030300054000020940600203400002038000020B6
:1030400044000020600000204672656552544F53D2
:103050005C7372635C7461736B732E6300000000B9
:103060004572726F723A25732C25640D0A000000B8
:1030700004ED00E01CB5184800210B468022CDE984
:10308000001016A1174800F0E9F90446012C15D1EB
:1030900000BF502080F31188BFF34F8FBFF36F8FB5
:1030A00000BF4FF0FF301049086001200F49086051
:1030B00000200F49086000F067F90BE0601C08B1C0
:1030C000012000E0002028B940F2847209A10FA07D
:1030D000D1F7D0FA1CBD00005C00002049444C45EB
:1030E00000000000DDDD0208580000204400002040
:1030F0003C0000204672656552544F535C73726306
:103100005C7461736B732E63000000004572726F14
:10311000723A25732C25640D0A00000002480068ED
:10312000401C0149086070476000002010B51B4832
:10313000006818B101201A4908602DE000201849E4
:10314000086018480068B0FA80F0C0F11F0404EB72
:103150008400154951F8200008B1012000E000204A
:1031600028B940F6F62211A116A0D1F783FA04EB94
:1031700084010D4A02EB810041684968416000F119
:10318000080142688A4202D1416849684160416849
:10319000C968104A116000BF10BD00006000002027
:1031A0004C00002040000020D803002046726565D6
:1031B00052544F535C7372635C7461736B732E6310
:1031C000000000004572726F723A25732C25640D61
:1031D0000A000000280000202DE9F041054628469D
:1031E000EAF75CFF06463046F1F7D6F9074638465F
:1031F000E5F7A8FC044601213046F1F768F880465F
:1032000094F90200401E054951F82030228804A19B
:103210004046EEF775FCBDE8F08100003C0100205F
:1032200025642025730000002DE9F0470546284657
:10323000EAF734FF06463046F1F7AEF9074638465E
:10324000E5F780FC044600213046F1F740F880465F
:10325000208840F2E772101A81B24046EAF783FEF6
:1032600001213046F1F733F8814694F90200401EFF
:1032700081B24846EAF777FEBDE8F0872DE9F843CA
:10328000814600BF00BF4C46B4F92E0010F5004F38
:1032900001D1BDE8F883A08D07B2A08D618D884271
:1032A00003DAA08D00F5B47007B294F83400C0F3CF
:1032B000410000284FD0012802D002285CD139E01B
:1032C000618DC81900EBD07149100EB2B4F93010FD
:1032D000B4F93220881800EBD07149100FFA81F848
:1032E000B4F92E00404512DA0096638DB4F930101F
:1032F000B4F92E004246EEF7BBFE05B2A9B248462D
:10330000E4F753F9B1B24846E4F7FEF811E000974C
:10331000B4F93220B4F92E0033464146EEF7A8FE48
:1033200005B2B1B24846E4F740F9A9B24846E4F71D
:10333000EBF824E00097638DB4F93220B4F9301033
:10334000B4F92E00EEF794FE05B2A28DA9B248465C
:10335000E4F73EF813E00097638DB4F93220B4F936
:103360003010B4F92E00EEF783FE05B2AAB2618DDB
:103370004846E4F72DF802E000BF00BF89E700BF30
:10338000A58700BF85E700001CB5224801460978E3
:103390000191FF21024611700146097800919DF8C4
:1033A000001001F050011C4A117007211B4A1160E6
:1033B00009E01A490968491E184A11609DF8001071
:1033C0004906090E00919DF8001001F08001802946
:1033D000EFD0124909680902104A116011460988A4
:1033E00001F4E06111600B4A019911700C4800680A
:1033F00040F470000A4908600846006840F07040D8
:103400000860FFF763FD002006490860CCF7ACFEBA
:1034100000201CBD00E400E08000002084000020AB
:1034200020ED00E07C00002010B500BF502080F3AC
:103430001188BFF34F8FBFF36F8F00BF00F0E0F82C
:1034400018B14FF080500449086000BF002080F39D
:10345000118800BF10BD000004ED00E02DE9FF4F12
:1034600085B0804689461746DDE912ABB800FAF709
:10347000DDFD064656B14C20FAF7D8FD04460CB1E6
:10348000266304E03046FFF7CBFC00E000247CB16B
:103490000020CDE900ABCDE902403A46494640461E
:1034A000089BFAF7AFFC2046FAF7C4FB012501E0C0
:1034B0004FF0FF35284609B0BDE8F08F2DE9F04701
:1034C00006460D46174698464FF0010A2EB941F2BE
:1034D000FD0232A137A0D1F7CDF83446FFF734FC16
:1034E000B8F1000F02D0606CC8F8000094F8489062
:1034F000022084F84800052F17D2DFE807F01503F3
:10350000070B0D00606C284360640EE0606C401C8B
:1035100060640AE0656408E0B9F1020F01D06564F7
:1035200001E04FF0000A00E000BF00BFB9F1010F59
:103530002ED1201DFFF7BDFB94F82C1001208840F0
:103540002049096808431F490860E16A01EB8101CD
:103550001D4A02EB8100211DFFF7E9FBA06A08B9B3
:10356000012000E0002028B941F235120BA111A082
:10357000D1F780F81549E06A0968C96A884207D915
:103580004FF0805012490860BFF34F8FBFF36F8F29
:10359000FFF716FC5046BDE8F087000046726565EF
:1035A00052544F535C7372635C7461736B732E631C
:1035B000000000004572726F723A25732C25640D6D
:1035C0000A00000040000020D8030020280000204E
:1035D00004ED00E00549096809B9012005E0044946
:1035E000096809B9022000E000207047440000206B
:1035F0006000002001490868704700003C0000207E
:103600002DE9F0414FF0000841480068002872D1D0
:1036100040480068451C3F480560EDB93E480068D9
:10362000006808B9012000E0002028B940F6D9124E
:103630003AA140A0D1F71EF8374807684148006812
:10364000354908603F4807603F480068401C3E49D4
:103650000860FAF7A1FC00BF3C48006885423CD3F3
:1036600000BF2D480068006808B9012000E0002074
:1036700020B14FF0FF30354908602DE02648006842
:10368000C068C4686668B54202D23048066023E06C
:10369000201DFFF70EFBA06A18B104F11800FFF718
:1036A00008FB94F82C100120884029490968084338
:1036B00027490860E16A01EB8101264A02EB81009B
:1036C000211DFFF734FB2449E06A0968C96A884272
:1036D000C7D34FF00108C4E700BF1F480068C06AA5
:1036E00000EB80001B4951F82000012801D94FF060
:1036F000010805E0FFE719480068401C1749086009
:103700001748006808B14FF001084046BDE8F08155
:10371000600000203C0000202C00002046726565FF
:1037200052544F535C7372635C7461736B732E639A
:10373000000000004572726F723A25732C25640DEB
:103740000A00000030000020500000205800002037
:1037500040000020D803002028000020480000205E
:103760004C0000202DE9F0410746884614461D46CE
:10377000FFF7EAFA2148006890F84800022818D0BC
:103780001E49096801F14400496CB94301600120F8
:103790001A49096881F848005DB101212846FAF705
:1037A000FDF94FF0805016490860BFF34F8FBFF30B
:1037B0006F8FFFF705FBFFF7C7FA1CB10F480068D2
:1037C000406C20600D48006890F84800012801D145
:1037D000002608E00949096801F14400496C21EA22
:1037E00008010160012600200449096881F84800A9
:1037F000FFF7E6FA3046BDE8F0810000280000201F
:1038000004ED00E070B5002400263448006828B9B3
:103810004FF4FD6232A138A0D0F72CFFFFF794FAE5
:103820002E480068401E2D490860084600680028A0
:103830004FD13548006800284BD024E03348C06899
:10384000C46804F11800FFF734FA201DFFF731FABD
:1038500094F82C10012088402D49096808432C4910
:103860000860E16A01EB81012A4A02EB8100211D17
:10387000FFF75DFA2849E06A0968C96A884202D3FD
:103880000120264908602148006808B9012000E0AD
:1038900000200028D2D00CB1FAF77EFB2048056842
:1038A00065B100BFFFF7ACFE10B101201B490860F5
:1038B0006D1E002DF6D100201949086017480068D8
:1038C00038B10126300717490860BFF34F8FBFF3A7
:1038D0006F8FFFF775FA304670BD00006000002062
:1038E0004672656552544F535C7372635C746173C6
:1038F0006B732E63000000004572726F723A25737D
:103900002C25640D0A0000003800002080060020ED
:1039100040000020D8030020280000204C00002098
:103920004800002004ED00E02DE9F843044620465D
:10393000EAF7B4FB07462046EAF7B3FB8046384671
:10394000EAF780F805464046E5F7FCF80646306899
:10395000009040F2E770401B80B2ADF800009DF986
:103960000220BDF800104046E5F7F4F8BDE8F88302
:10397000000000003D390208993A020800000000EA
:10398000593E0208820082004A020000000001E065
:1039900001E0000000FF0055AAFF0024496D92B627
:1039A000DBFF00112233445566778899AABBCCDD32
:1039B000EEFF000102030405060708090A0B0C0DBF
:1039C0000E0F101112131415161718191A1B1C1D9F
:1039D0001E1F202122232425262728292A2B2C2D8F
:1039E0002E2F303132333435363738393A3B3C3D7F
:1039F0003E3F404142434445464748494A4B4C4D6F
:103A00004E4F505152535455565758595A5B5C5D5E
:103A10005E5F606162636465666768696A6B6C6D4E
:103A20006E6F707172737475767778797A7B7C7D3E
:103A30007E7F808182838485868788898A8B8C8D2E
:103A40008E8F909192939495969798999A9B9C9D1E
:103A50009E9FA0A1A2A3A4A5A6A7A8A9AAABACAD0E
:103A6000AEAFB0B1B2B3B4B5B6B7B8B9BABBBCBDFE
:103A7000BEBFC0C1C2C3C4C5C6C7C8C9CACBCCCDEE
:103A8000CECFD0D1D2D3D4D5D6D7D8D9DADBDCDDDE
:103A9000DEDFE0E1E2E3E4E5E6E7E8E9EAEBECEDCE
:103AA000EEEFF0F1F2F3F4F5F6F7F8F9FAFBFCFDBE
:103AB000FEFF808080818182828384858687898AD7
:103AC0008C8D8F91939597999B9EA0A2A5A7AAAD47
:103AD000AFB2B500FF1FFF1F01E001E02100200091
:103AE0000A080B080D300C300E380F3864006300E4
:103AF00000000000703903081D8A01080000000062
:103B00000000000000000000C300C300041C00000F
:103B100070390308C1D30208000000000000000053
:103B20000000000064202B00000000007039030832
:103B3000BDD40208000000000000000000000000EA
:103B40006420D1270000000070390308078D0108A8
:103B50007D8D010800000000ED8D01086420040146
:103B6000C008000070390308A19E01080000000091
:103B700000000000F99E0108040104010104000096
:103B800030F3040865060208000000000000000091
:103B9000000000006420322001040000F82C050819
:103BA0002C2E0508442E0508042E0508302E050885
:103BB000382E05084C2E05083C2E0508102E050849
:103BC000242E0508282E0508682E0508E82C05086F
:103BD0007C2D0508F02D0508342E0508002E05085B
:103BE000082E05080C2E0508FC290508142E0508CA
:103BF000182E0508042A0508702E0508E82C05086B
:103C0000EC2D0508242D0508502E0508482E050822
:103C1000FC2D0508402E0508F42D0508202E05086A
:103C20001C2E0508282D05081C2D0508582D0508F3
:103C3000E82C05086C2E0508602E0508EC2C0508FC
:103C4000642E05085C2E0508742E050895010402F3
:103C50000402040204020402040204020402040234
:103C60000402870096010302030203020302030217
:103C700003020302030203028700810281020102A0
:103C8000010201020102010201020102810281021C
:103C9000810292018200060082009201F82C050840
:103CA000B82D0508D02D0508882D0508BC2D050860
:103CB000C42D0508D82D0508C82D0508982D050820
:103CC000B02D0508B42D0508682E0508E82C050858
:103CD000F82D0508742D0508C02D0508842D05084C
:103CE0008C2D0508902D0508942D05089C2D0508A0
:103CF000A02D0508A42D0508702E0508E82C050840
:103D0000EC2D0508242D0508DC2D0508D42D05080B
:103D1000802D0508CC2D0508782D0508AC2D05084B
:103D2000A82D0508282D05081C2D0508582D050867
:103D3000E82C05086C2E0508602E0508EC2C0508FB
:103D4000642E05085C2E0508742E050895010402F2
:103D50000402040204020402040204020402040233
:103D60000402870096010302030203020302030216
:103D7000030203020302030287008102810201029F
:103D8000010201020102010201020102810281021B
:103D9000810292018200060082009201342D050802
:103DA000382D05083C2D0508402D0508442D050833
:103DB000482D05084C2D0508502D0508542D0508E3
:103DC000302D0508682E0508E82C0508F82D050893
:103DD000182D0508242D05082C2D0508142D05087F
:103DE000642D0508042D0508F02C05086C2D050828
:103DF000FC2C0508602D0508682D0508E82C050831
:103E0000E42D0508702D0508002D05080C2D05086A
:103E1000102D0508542E0508582E0508E02D05081C
:103E2000E82D05085C2D0508F42C0508082D05086B
:103E3000E82C05086C2E0508602E0508EC2C0508FA
:103E4000642E05085C2E0508742E05080102010287
:103E5000010201020102010201020102010201024A
:103E6000820092010102010201020102010201022B
:103E7000010201020102010201020102010201022A
:103E8000010201020102010201020102010201021A
:103E9000010292018200060082009201342D050881
:103EA000382D05083C2D05086C2E0508E82C050862
:103EB000402D0508442D0508482D05085C2E0508F1
:103EC000E82C05084C2D0508502D0508542D050833
:103ED000682E0508E82C0508202D0508302D05085A
:103EE000282D0508602E0508642E0508742E050887
:103EF0000100010001009201010001000100920196
:103F000001000100010002000100010001000100A8
:103F100001000000703903083D1C02080000000089
:103F2000000000005D1C02081A001A008002000058
:103F300070390308000000000000000000000000CD
:103F400000000000C30004010000000014F3040896
:103F50000000000000000000000000000000000061
:103F60000000000000000000BCF304080000000096
:103F70000000000000000000000000000000000041
:103F8000000000007039030821280208A92902084E
:103F90000000000000000000C30004014006000013
:103FA00070390308D92902080F2A0208000000000E
:103FB000000000006420D12780020000703903084F
:103FC0008529020800000000000000000000000039
:103FD0006420D1270000000070390308B72A0208C6
:103FE0000000000000000000000000006420D12755
:103FF000000000007039030800000000000000000D
:104000000000000000000000D127D12700000000C0
:1040100070390308000000000000000000000000EC
:1040200000000000000000000000000070390308DC
:104030000000000000000000000000000000000080
:1040400000000000000000007039030800000000BC
:104050000000000000000000000000000000000060
:10406000000000007039030800000000000000009C
:104070000000000000000000000000000000000040
:10408000703903084D2C02086B2C02080000000058
:10409000892C020800000000C003000070390308EA
:1040A0000000000000000000000000000000000010
:1040B0000401D127800300007039030800000000CC
:1040C0000000000000000000000000006420D12774
:1040D00040020000703903080000000000000000EA
:1040E0000000000000000000642064204002000086
:1040F00080F40408599B0208000000000000000042
:10410000219C02080000000041070000DCF20408C6
:1041100021A00208000000000000000000000000D4
:1041200000000000000000007039030829AF0208F9
:104130008DB0020800000000F9B00208642064207D
:1041400000030000703903081DBE020800000000D3
:1041500000000000000000000000000080020000DD
:104160007039030859BE020800000000000000007A
:104170000000000000000000800200007039030809
:10418000E5CA020800000000000000000000000076
:1041900064206420400200000EA0D90D90C80C805D
:1041A000B70A60110B80D91F0991F0881F0880F0B1
:1041B00088000000000D203C00000F0069002FFF68
:1041C000FFFFF7015C11A610006900C30000880022
:1041D000D2009FFFFFFFF012C523E22000D203C0F0
:1041E0000000F004B0000000700000000E000000AD
:1041F00000E0000019EFEA300CD6E6A702F40E004A
:10420000001F80E000006FEF50000016FFE5000087
:104210000E0AF00100E05F13F85E6EB005CFFE916C
:1042200000000E0000000070000008DD3000A70054
:104230004B02D004C0007700D01D20004B03D0A754
:10424000000007DC34C4CC3000001D2D22D000005B
:10425000A63B00B30005C03A00A3001D200D00D00E
:1042600000A60004CC40004DFC300000F718C00050
:1042700001F205D00000BB6E4000005FF3000007B4
:10428000E6DB03802F301DBAA05F0001DF401FB4C2
:1042900048FEC003BFFC40B200000000001F01F058
:1042A0001F00F0000003F10B900F404F007D009BBA
:1042B00000AA00AA009B007D004F000F400B900356
:1042C000F15E000E6008C004F001F300F500E600A6
:1042D000E600F501F304F008C00E605E00009300F4
:1042E00088A6C209FE404DDDB14293500052000045
:1042F0000450000008A0000008A0001FFFFFF30307
:1043000039B3300008A0000008A0000103F61E60C9
:10431000E12C00000003FFF90333100003F52E40E9
:1043200000000E400004E000009A00000E4000046F
:10433000F000009A00000E400003F000009A000018
:104340000E500003F000009A00000E500003F00031
:1043500000004CFE70004FB68F900DB0005F32F43D
:104360000000E74F20000CA4F20000CA2F40000E0E
:1043700070DB0005F204FB68F90004CFE700EFFBF7
:1043800044CB00AB00AB00AB00AB00AB00AB00AB71
:1043900000AB07DFEA108E857EC0010006F1000049
:1043A00006F000000D900000CC00001CC00001DBF6
:1043B00000001DE544427FFFFFF97FFFFFF024442A
:1043C0005F900000BC000009E100003FD81000042D
:1043D0006DD0000002F4100002F4BD757DD019DF2D
:1043E000EA1000000DA0000000AC00000007E10092
:1043F00000004F40100002F600F5001DA000F5007F
:104400007FFFFFFFF3133333F730000000F50000A8
:104410000000F50009FFFFF00AB444400C800000E2
:104420000E7000000FFFFC4003345CF2000000F748
:10443000100000F78E856CF108DFFB30002AEFD505
:10444000003FD657400CC0000002F40000004F5B54
:10445000FFA104FE845DD03F80003F30E80003F2FE
:1044600006F845DC0005DFE9109FFFFFFD9D444491
:10447000E99C0004F200000BB000002F400000ADEA
:10448000000001F6000008E000000E8000006F1040
:1044900000019EFE9100BE636EC00F60006F00CCF5
:1044A000202BC002EFFFE200DC424CD05F20001F57
:1044B00055F20002F50ED535DE001AEFEA1003BF03
:1044C000EA202FA44BE18E0000E99D0000DD4F7132
:1044D00029FF07FFFC9E000210AC000002F60765F2
:1044E0008FB00AEFD7002E53F50000000000003F08
:1044F00052E42E53F50000000000002E52F60D216C
:10450000D001000000003100006CF2018ED6000FD7
:10451000C300000AFB40000017EE70000005C30056
:104520000000001FFFFFF3033333300000000000E2
:104530000000001FFFFFF303333330040000000EC0
:10454000D71000005CF92000002AF20003AFB1068A
:10455000DE82001C6000000000000007DFEA109E01
:10456000746EC0010006F0000009C000008E20003B
:1045700006F2000008700000000000000B80000040
:104580000C900000006CEFDA4000003DA41016D93A
:104590000001E509EE98CA900A80BD43AFC0D30F71
:1045A00013F2000CC0693C06D00007C03B4B06D09C
:1045B0000007C02C3C03F2000CC04A0F10BD439E04
:1045C000E3C50A8009EE91CF9001E50000000000EC
:1045D000003DA41028000000007CEFD9100000006E
:1045E0000CF1000000003FD700000000B96E000091
:1045F0000002F20E50000009A007D000001F30009A
:10460000F400007FFFFFFB0000E733334F2005F08D
:1046100000000C900C90000006F18FFFFEC408E330
:10462000334BF28E00001F58E00018F18FFFFFF8A7
:1046300008E33337F68E000009C8E000009D8E3392
:10464000347F78FFFFFD700007CFFB4000CF966AF4
:10465000F50AE20000301F600000004F200000005B
:104660004F200000001F600000000AE2000030013F
:10467000CF966AF50007DFFB408FFFFEA4008E4453
:1046800046CF708E000007F38E000000DA8E000027
:10469000009D8E0000009D8E000000DA8E00000755
:1046A000F38E4446BF708FFFFEA4008FFFFFF68E8F
:1046B0004444418E0000008E0000008FFFFFC08E3A
:1046C0003333208E0000008E0000008E4444428F61
:1046D000FFFFF98FFFFFF68E4444418E0000008EED
:1046E0000000008E0000008FFFFFC08E3333208E4D
:1046F0000000008E0000008E0000000007CFFC507C
:1047000000CF966AF60AE20000201F600000004F0A
:10471000200000004F200000B91F600000B90AE32C
:104720000000B900CF966AF80007DFFC608E000039
:1047300008E8E000008E8E000008E8E000008E8FA0
:10474000FFFFFFE8E333339E8E000008E8E000003F
:104750008E8E000008E8E000008E8E8E8E8E8E8E8B
:104760008E8E8E8E02FFFFC00444BC000009C00084
:10477000009C000009C000009C000009C02000BA95
:104780000EB58F603CFE808E00004F508E0004F608
:10479000008E003F70008E03F800008E2EC00000D7
:1047A0008EECF600008FB07F30008E000AE1008EA4
:1047B0000000CC008E00001EA08E0000008E0000C5
:1047C000008E0000008E0000008E0000008E0000B1
:1047D000008E0000008E0000008E4444408FFFFFDA
:1047E000F28E00000008E8F7000002FE8FF10000E2
:1047F000BFE8DCA0004F9E8D2F300D87E8D09C06CF
:10480000E07E8D01E7E507E8D006FC007E8D000A1A
:104810002007E8D00000007E8E100008E8FC0000B1
:104820008E8FF90008E8E6F6008E8E09F308E8E0BE
:104830000CE18E8E001EB8E8E0003FEE8E00006FA7
:10484000E8E00000AE0007CFEB500000CF966BF918
:10485000000AE200005F601F6000000AD04F2000E5
:104860000006F04F20000006F01F6000000AD00A8A
:10487000E200005F6000CF966BFA000007DFEB50AC
:10488000008FFFFD7008E4458FB08E00005F38E0B8
:104890000001F58E00003F48E0014DD08FFFFFB2D0
:1048A00008E33310008E00000008E000000000075D
:1048B000CFEB500000CF966BF9000AE200005F607A
:1048C0001F6000000AD04F20000006F04F200000BB
:1048D00005F01F6000000AD00AE200005F6001DFFF
:1048E000855AFA000008DFFC5000000001EC21941A
:1048F0000000001BFFC10000000012008FFFFD70D0
:1049000008E4458FB08E00005F38E00001F58E00AE
:10491000003F38E0014DD08FFFFFC208E333DA00DB
:104920008E0002F608E00005F3019EFDA200CE64B1
:104930006B702F40000001F800000006FD9500009C
:10494000016AEE500000009F00200005F13FA547DE
:10495000EB004BEFE910FFFFFFFF2444BD44400094
:1049600009C00000009C00000009C00000009C007D
:10497000000009C00000009C00000009C000000009
:104980009C00009C00000BA9C00000BA9C00000B1A
:10499000A9C00000BA9C00000BA9C00000BA8E009C
:1049A000000D94F40003F50CF868FD0009EFE91020
:1049B0000CB000000AC05F200001F500E900008E85
:1049C0000008F0000E70001F6005F10000AD00C986
:1049D000000003F43F3000000CBAC00000005FF597
:1049E00000000000EE00006F10000DB00002F21F8A
:1049F00060003FF10008D00BB0008BE6000D7006A0
:104A0000F000E69B002F2001F503F14F108D000010
:104A1000CA09B00E60D800006F0E6009B2F3000042
:104A20001F9F1004F9D000000CFB0000EF80000075
:104A300007F600009F30003F50000DA008F2009DD7
:104A40000000CC04F300002F9E70000006FC000064
:104A50000009FE1000004F4DB00001E802F7000B06
:104A6000D0007F207F20000BD00CB000009C002FD6
:104A700050002F30009E000C900000E805F100006F
:104A800005F3E60000000CFD000000003F400000C0
:104A90000002F3000000002F3000000002F30000CD
:104AA0004FFFFFFF9144444AF3000003F60000016A
:104AB000EA000000CC0000009E1000006F400000E3
:104AC0003F7000001ED4444436FFFFFFFC8FF68D7C
:104AD000318D008D008D008D008D008D008D008D3D
:104AE000008D008D008D318FF65D000000F200001A
:104AF0000B8000006D000001F200000B8000006DD3
:104B0000000001F200000B7000006D000001F200D7
:104B1000000B7000006D000001F2BFF325F302F3FB
:104B200002F302F302F302F302F302F302F302F3DD
:104B300002F325F3BFF300AD00001EC4000885A0FA
:104B400000E20E105B00970B5002E0EEEEEEE00B81
:104B5000C00009B004CFEA100B745DB0000004F08F
:104B600004CEEEF21F8214F24F1004F21F703DF2D9
:104B700004DFD7F2BA000000BA000000BA0000005B
:104B8000BA8EFC30BFD54BF3BE1000CABA00007E0F
:104B9000BA00007EBE1000CABFD55BF3B98EFC30F0
:104BA000007DFD6009F748F42F5000205F000000F1
:104BB0005F0000002F50002009F748F4007DFD60E1
:104BC0000000001F40000001F40000001F4008EF3B
:104BD000C4F40AF748FF42F50007F45F00002F45D0
:104BE000F00001F42F50006F40AE637EF4008EFCA5
:104BF0004F40008EFC400AD538F42F20008C5FEE29
:104C0000EEFF5F2111112F70001009F846E4007DBE
:104C1000FE80009EE305F44108C000CFFFF029D3D9
:104C20002008D00008D00008D00008D00008D0002C
:104C300008D000007EFC4E60AF747FF62F50005FFE
:104C400065F00000F65F00000F62F60006F609F757
:104C500047FF5007EFC4F50000003F20CB646EB063
:104C600003AEFD8000BA000000BA000000BA0000E8
:104C700000BA8EFB20BFC56DD0BE0003F2BA0000A3
:104C8000F4BA0000F5BA0000F5BA0000F5BA000069
:104C9000F5BAA800BABABABABABABABA000AB00033
:104CA0009900000000AB000AB000AB000AB000ABF6
:104CB000000AB000AB000AB000AA064E71DFA0BA2D
:104CC000000000BA000000BA000000BA001CC0BA20
:104CD00001CC00BA1CD100BBCF6000BFDBE100BD3E
:104CE00011DC00BA003F70BA0007F3BABABABABA18
:104CF000BABABABABABAB99EFA15DFD40BFB45ED07
:104D0000E64AF2BE0006F6000E7BA0004F2000C966
:104D1000BA0003F1000C9BA0003F1000C9BA0003C9
:104D2000F1000C9BA0003F1000C9B99EFB20BFB44E
:104D30005DD0BE0003F2BA0000F4BA0000F5BA007C
:104D400000F5BA0000F5BA0000F5007DFD60009F97
:104D5000748F702F50007F05F00001F35F00002F6B
:104D600032F50007F009F748F70007DFD600B98EE3
:104D7000FC30BFC43AF3BE1000CABA00007EBA00CD
:104D8000007EBE1000CABFD55BF3BA7EFC30BA000D
:104D90000000BA000000BA000000008EFC3F40AFE7
:104DA000748EF42F50007F45F00001F45F00002F57
:104DB00042F50007F40AF748FF4008EFC4F400008A
:104DC000001F40000001F40000001F40B98E4BFDA1
:104DD00071BE100BB000BA000BA000BA000BA0000F
:104DE00005DFEA13F735A06F000001EE9610016AA7
:104DF000EF300000D96C646F62AEFD7008D000081F
:104E0000D000CFFFF029D32008D00008D00008D070
:104E10000008D00005F551009FE3C80002F3C80068
:104E200002F3C80002F3C80002F3C90003F3AB00A9
:104E300007F35F837EF306DFC5F30D90000AA06ED3
:104E40000001F300F5007D0009C00E60003F24F072
:104E50000000C8B9000006FF3000000FC000C80005
:104E600006F1000D56D000CF6003F01F302F9C00DC
:104E70009A00B807B2F10E4005E0D60C74E0000FBE
:104E80006F007C990000AFA001FF400005F4000B0B
:104E9000E0004F3007E109D02F4000D9D900003F92
:104EA000D000004FE10001E7BB000BB01E707E1088
:104EB00005F30D90000AA06F0001F300F6007D00DD
:104EC00009C00D60002F34F00000C9A9000005FFE3
:104ED0002000000EC0000000E5000094AD00001BA3
:104EE000FC2000005FFFFFA13337F40001E7000062
:104EF000CB00008E10004F40001EA33326FFFFFCA6
:104F0000006EA00F9201F4001F4001F4003F303FFB
:104F1000C0006F3001F4001F4001F4001F4000FA90
:104F20002005EA8B8B8B8B8B8B8B8B8B8B8B8B8B63
:104F30008BBE5002AE0005F0005F0005F0004F1080
:104F400000DF104F5005F0005F0005F0005F002A01
:104F5000E00BE40007EC40B41E25DFC001000000B8
:104F600004CC302B01C05700932B01C005CC300678
:104F7000A10FF60BE200000000000000000000009E
:104F800000027BFB000000049DFFFFD00003AFFF89
:104F9000FFFFFD0000AFFFFFFFDFD0000AFFFFB6FD
:104FA00010ED0000AF9400000ED0000AF1000000E8
:104FB000ED0000AF1000000ED0000AF1000045FD2A
:104FC0000000AF1001EFFFD0179DF1005FFFFC0E56
:104FD000FFFF1000AFFD31FFFFE00000010003BD47
:104FE000A3000000000050188888888405FABFDDFF
:104FF000DDDDFDAFE47F100000CA4EE04F10000081
:10500000C80EFEEF100000CFEFE03FEEEEEEF80E20
:10501000F68F766666EB6FF8AF100000CC8FE03F3E
:10502000100000C80EFCDF655555EECFC25FFFFFD4
:10503000FFF92C57750577777775FFFF1FFFFFFF87
:10504000FFFFFF2FFFFFFFFFEFFF0EFFFFFFFE0140
:10505000100011111110EFFE0EFFFFFFFEFFFF2FDA
:10506000FFFFFFFFFFFF1FFFFFFFFF688707888825
:10507000888668870788888886FFFF1FFFFFFFFFF5
:10508000FFFF2FFFFFFFFFDFFD0DFFFFFFFD000014
:10509000000000015000000000001DF800000000AA
:1050A00001DFFD000000001DFFE22D600001DFFEBA
:1050B00020DFF7001DFFE2008FFF71DFFE200008F8
:1050C000FFFEFFE20000008FFFFE2000000008FF4F
:1050D000E200000000007D20000000000000000051
:1050E0007F60000BE2EFF600BFF84FFF6BFFD104CB
:1050F000FFFFFD10005FFFE10000BFFFF6000BFFA8
:10510000DFFF60BFFD14FFF5CFD1004FF617100091
:10511000036000000011000000000000FF0000001C
:10512000006F21FF12F70006FF61FF16FF601FF9F5
:1051300001FF109FF16FE001FF100EF6AF8001FF3D
:105140001008FACF6001FF1006FCAF8000AA00082B
:10515000FB7FD00000000DF71FF80000008FF10763
:10516000FF91002AFF70009FFFEEFFF9000005CFBE
:10517000FFFD50000000024420000000000000007D
:10518000000000000AFFA0000000000CFFC00000AB
:1051900003D6DFFFFD6D300EFFFFFFFFFFE05FFF77
:1051A000FFAAFFFFF51AFFF4004FFFA103FFD00095
:1051B0000DFF3004FFF0000FFF404FFFFB22BFFF49
:1051C000F42FFFFFFFFFFFF209FEFFFFFFEF90004C
:1051D000505EFFE5050000000CFFC0000000000469
:1051E0007740000000000003100341000000009F12
:1051F000F50DF50000001BFDFF8DF5000002DFB18D
:105200002DFFF500004FF83EC2BFF50007FF55FF28
:10521000FE39FE409FE38FFFFFF56FF6AC2AFFFFDC
:10522000FFFF73E6005FFFFFFFFFF100006FFFD796
:105230007FFFF200006FFF900DFFF200006FFF9004
:105240000DFFF200004FFF700BFFE1000000003384
:1052500000000000000BFFB0000000000CFFC000C9
:105260000000000CFFC0000000000CFFC0000000A8
:10527000000CFFC00000008FFFFFFFF800002EFFB2
:10528000FFFFE2000002EFFFFE200000002DFFE222
:105290000000799982DE289997FFFFFB22BFFFFF6C
:1052A000FFFFFFFFFFFFFFFFFFFFFFFAB3CFACCC15
:1052B000CCCCCCCCCA0006BBBBBBBA3000004FFF85
:1052C000FFFFFFE10000EF30000006FB0009F800DF
:1052D000000000CF504FD0000000002FE1DF8442DB
:1052E0000000344BF9FFFFFD0001FFFFFBFFFFFF54
:1052F000988BFFFFFCFFFFFFFFFFFFFFFCFFFFFF9F
:10530000FFFFFFFFFB9FFFFFFFFFFFFFF600000017
:105310000000003300018DFFC600EF004EFFFFFFCD
:10532000E4DF04FFB3004CFFFF0EF90000008FFF25
:105330006FC00001FFFFFF8E500001DEEEED0000A8
:10534000000000000022222200000021FFFFFF10C9
:105350000008F8FFFBBC10001EF4FFFC100001DF8A
:10536000C0FEEFE8448EFE10FE1AFFFFFFC100FDF5
:105370000028BB940000000002700002EF0002EF62
:10538000FDFFFFFFFFFFFFFFFFFFFFFFFFFFFFFF2F
:10539000FFFF3447FFF00005FF000005C0000000DC
:1053A0000000027000000002EF00000002EFF000B9
:1053B0000DFFFFFF0220FFFFFFF08E1FFFFFFF002A
:1053C000E7FFFFFFF03F5FFFFFFF08903447FFF06C
:1053D00000000005FF0000000005C0000000000004
:1053E00000000000000000077000000002700005CF
:1053F000FA0000002EF000814F600002EFF001DDA6
:1054000007F0DFFFFFF0321E80F6FFFFFFF08E2770
:10541000E0B9FFFFFFF00E73F19BFFFFFFF03F5479
:10542000F09AFFFFFFF0890AC0D83447FFF0007FF1
:1054300043F300005FF002F60CB0000005C000006E
:10544000BF10000000000009E3000000000000029F
:10545000100037888888888873EFFFFFFFFFFFFE02
:10546000FE32DFFFFFFFFFF9007FFFFDFFFFFD10B2
:10547000CFFFA07FFFFFFFFFFA0007FFFFF35FA052
:105480000000CFFF3003000000CFFC000000000050
:10549000CFFFCCCCCCCCCCFFAFFFFFFFFFFFF900A0
:1054A000002000000001FA00000006FF1000000DBF
:1054B000FF7000006FFFF10001EFFFFA000BFFFF2C
:1054C000FF605FFFFFFFE0CFFFFFFFF6FEBFFFFFC4
:1054D000F9FD4FFFFFF9BF49FFFFF53FE52EFFD074
:1054E00006FFFFFD200028BA600004300000311FD5
:1054F000E00006F91FE0007FFA1FE009FFFA1FE055
:10550000AFFFFA1FEBFFFFFA1FFFFFFFFA1FFFFFBE
:10551000FFFA1FE6FFFFFA1FE05FFFFA1FE004FF3C
:10552000FA1FE0003EFA0FD00002D7000000000092
:105530000200000000000CFB2000000000FFFF90B4
:105540000000000FFFFFE6000000FFFFFFFC30003F
:105550000FFFFFFFFF9100FFFFFFFFFFE60FFFFFC1
:10556000FFFFFFF2FFFFFFFFFFFD0FFFFFFFFFF851
:1055700000FFFFFFFFB2000FFFFFFD400000FFFF35
:10558000F70000000FFFA1000000006A40000000CB
:1055900000001444200144420DFFFF10DFFFF1FF23
:1055A000FFF30FFFFF3FFFFF40FFFFF4FFFFF40F8C
:1055B000FFFF4FFFFF40FFFFF4FFFFF40FFFFF4F20
:1055C000FFFF40FFFFF4FFFFF40FFFFF4FFFFF401F
:1055D000FFFFF4FFFFF40FFFFF4FFFFF30FFFFF36C
:1055E0009FFFC009FFFC001444444444420DFFFFE8
:1055F000FFFFFFF1FFFFFFFFFFFF3FFFFFFFFFFF89
:10560000F4FFFFFFFFFFFF4FFFFFFFFFFFF4FFFF70
:10561000FFFFFFFF4FFFFFFFFFFFF4FFFFFFFFFF55
:10562000FF4FFFFFFFFFFFF4FFFFFFFFFFFF4FFFF5
:10563000FFFFFFFFF39FFFFFFFFFFC0002100000D2
:10564000420FE20003FB0FFE3004FB0FFFF404FBEC
:105650000FFFFF54FB0FFFFFFAFB0FFFFFFFFB0FD6
:10566000FFFFFFFB0FFFFFD6FB0FFFFD14FB0FFF3C
:10567000C104FB0FFB0004FB0CA00003FA000000B8
:10568000000000000012000000000003FF600000A6
:1056900000002EFFF500000001EFFFFF4000001D9D
:1056A000FFFFFFF30000CFFFFFFFFE200AFFFFFF19
:1056B000FFFFE00EFFFFFFFFFFF203999999999911
:1056C00050058888888888700FFFFFFFFFFFF30F61
:1056D000FFFFFFFFFFF40BFFFFFFFFFFD100000004
:1056E000000000003F9000003FFC00003FFD100064
:1056F0003FFD10003FFD10001FFD100000CFF40023
:105700000000CFF4000000CFF4000000CFF4000050
:1057100000CFE0000000A4000000000000CD100059
:10572000001FFD1000003FFD1000003FFD100000B5
:105730003FFD1000003FFD000008FF900008FF90B3
:105740000008FF900008FF900002FF900000078013
:10575000000000000004500000000002FF60000094
:1057600000003FF70000000003FF70000000003F52
:10577000F7000006999AFFC99980FFFFFFFFFFFF1E
:105780003DFFFFFFFFFFF201113FF7111000000383
:10579000FF70000000003FF70000000003FF7000F2
:1057A0000000000CD30000006999999999980FFFA7
:1057B000FFFFFFFFF3DFFFFFFFFFFF200000000000
:1057C000000000000156640000000003BFFEEFF976
:1057D0001000007FFA1003DFE40008FFA009B41EE8
:1057E000FF504FFF200BFF26FFE1EFFF09CFFF63C4
:1057F000FFFABFFF09FFFF54FFF61EFF51DFFB0951
:10580000FFB003EFE204305FFC10002CFF956AFF4D
:105810009000000049DFFD92000000000000000041
:10582000000000CD20000000000000008FF50014F3
:10583000664000000004EFACFFEFFF910000001C89
:10584000FFA1004DFE300000009FF5AB31EFF400EA
:1058500007B105FFFFE17FFE100FFE302DFFF54F72
:10586000FF900CFFE000AFF65FFF6002FFF4000660
:10587000FFEFFB00004FFD10003EFFC0000002DF05
:10588000E85401BFE300000005AEFF6007FF6000C1
:105890000000000000004EF60000000000000001C3
:1058A000A10000000000000000000000003ED00049
:1058B00000000000000CFF80000000000006FFFF59
:1058C000200000000000EFFFFB00000000008FFC44
:1058D000CFF4000000002FFB00FFD00000000BFF02
:1058E000C00FFF70000004FFFD01FFFF100000DF8C
:1058F000FFE02FFFFA00007FFFFF9BFFFFF3001F79
:10590000FFFFB00EFFFFC00AFFFFFE24FFFFFF6096
:10591000FFFFFFFFFFFFFFFA06CCCCCCCCCCCCCBFB
:10592000300000000000360000000000007F80DD35
:10593000DB00008DEFF8FFFFB007FFFFFD556FF4B0
:105940006FF8AFE2000574FF907E2000003FFA0080
:1059500000000002EFB2504A00012EFD1DF48FB08E
:10596000FFFFD10BFFFFFBFFFE2000CFFFFB12214B
:105970000000029FC000000000005B00000007A0C4
:105980000000000008FFB000000008FFFFB00000AA
:1059900008FF95FFB00008FF9005FFB007FF9000DB
:1059A00005FFB09F90000005FD00400000000310BF
:1059B0004C20000000B60BFE200000CFF02EFE2091
:1059C00000CFF4002EFE20CFF400002EFECFF40016
:1059D00000002EFFF4000000002EF4000000000084
:1059E0001300000000083000000000000000BFF3BA
:1059F00008BBBBBB90000BFFFF39FFFFFFF1008F1F
:105A0000CFCFF000000AF100382F948000000AF197
:105A100000002F900000000AF100002F900000030A
:105A20000AF130002F9000001FCBF8F8002FEBBBDD
:105A3000BB39FFFFE2001FFFFFFFB09FFD2000000A
:105A40000000000008D10037888700000000EFFF49
:105A5000FFA0000000FFFFFFFDCCCCB6FFFFFFFF63
:105A6000FFFFFFFFFFFFFFFFFFFFFFFFFFFFFFFF46
:105A7000FFFFFFFFFFFFFFFFFFFFFFFFFFFFFFFF36
:105A8000FFFFFFFFFFFFFFFFFFFFFFFFFFAFFFFF76
:105A9000FFFFFFF900000000000000000001DD1022
:105AA000000000001DFFD100000001DFFFFD10001D
:105AB000001DFFFFFFD100009FFFFFFFF900000165
:105AC0001CFFC1100000000CFFC0000000000CFF14
:105AD000C0000000000CFFC0000079993BFFB399A3
:105AE00097FFFFB2442BFFFFFFFFFEDDEFFFFFFF3D
:105AF000FFFFFFFAB3CFACCCCCCCCCCCCA000000BB
:105B000000000200000000000004FFC700000000C9
:105B100000AFFFF0000000001FFFFD0000000006C6
:105B2000FFFFC00000000008FFF700000000000CAD
:105B3000FF300000000004FFC00000000001EFF390
:105B400000004A3002DFF80005DFFE15EFFB000021
:105B5000EFFFFFFFFA00000BFFFFFFF70000007FE1
:105B6000FFFFA200000002BA8500000000000486CA
:105B70000000001006FFFA0002DFD1EF3CF101DF68
:105B8000FA0EE0AF21DFFA009FEFF6DFFA00008D9A
:105B9000FFFFFB00000006FFFD00000048EFFFF6DE
:105BA00000006FFFFBFFF6000EF3CF23FFF600EEC1
:105BB0000AF204FFF609FEFC0004FFF108DA100007
:105BC00002620000000000000000006FFFF9870083
:105BD0000008FFFF98F708A68FFFF95990FFA8FF6C
:105BE000FFFCCC0FFA8FFFFFFFF1FFA8FFFFFFFFC5
:105BF0001FFA8FFFFFFFF1FFA8FFFFFFFF1FFA8FC4
:105C0000FFFFFFF1FFA8FFFFFFFF1FFA7FFFFFFF6E
:105C1000F0FFE3122222210FFFFFFFF90000ACCCBE
:105C2000CCCB5000004999999995000EFFFFFFFFDA
:105C3000F600FD2222224FF60FC0000001FFF3FC08
:105C40000000001FFF6FC0000002FFF6FFFFFFFF14
:105C5000FFFF6FFFFFDCFFFFF6FFFFB005FFFF6FE9
:105C6000FFF6000FFFF6FFFFC006FFFF6FFFFFED1F
:105C7000FFFFF69FFFFFFFFFFD10CDDDDDDDDDDD6A
:105C80002FFFFFFFFFFFF31222222222220000003B
:105C9000000000000000000000000FFFFFFFFFFFFA
:105CA000F3DEEEEEEEEEEE2000000000000000005D
:105CB000000000000DEEEEEEEEEEE2FFFFFFFFFF54
:105CC000FF3000000000000037888888888873EF64
:105CD000FFFFFFFFFFFEEFFFFFFFFFFFFE1CFFFFC9
:105CE000FFFFFFC1D28FFFFFFFF82DFF64EFFFFE24
:105CF00045FFFFFA2BFFB2AFFFFFFFD3553DFFFF7C
:105D0000FFFFFFBBFFFFFFFFFFFFFFFFFFFFAFFF37
:105D1000FFFFFFFFF9000000000001FFFFF000049B
:105D2000FFFFD00006FFFF800008FFFF30000AFFE2
:105D3000FFAAA60CFFFFFFF80EFFFFFFE10BDDDF60
:105D4000FF6000004FFD0000007FF3000000BFA0D7
:105D5000000000FF10000003F800000003C0000076
:105D60000000200000000455EFB5520000FFFD1FA9
:105D7000FFB0000FFFFFFFFC0000FFFF53332000C8
:105D80000FFF97FFFB5700FFF8AFFFC6F80FFF8A22
:105D9000FFFC4AA1FFF8AFFFE3220FFF8AFFFFFFDE
:105DA000F4FFF8AFFFFFFF4FFF8AFFFFFFF435520C
:105DB000AFFFFFFF40000AFFFFFFF400007FFFFF7F
:105DC000FE20000001100000000000AF00000000F5
:105DD000018FFA30000002EFFFFF500000BFFFFF0D
:105DE000FF10001FFFFFFFF50003FFFFFFFF700024
:105DF0005FFFFFFFF90008FFFFFFFFC000DFFFFFAD
:105E0000FFFF209FFFFFFFFFFD0EFFFFFFFFFFF2E1
:105E1000022222222221000008FFC0000000000907
:105E2000A20000005BBBBBBBBBBBBBA3FFFFFFFF74
:105E3000FFFFFFFBFC0C30E11D0D11FCFC0B30E003
:105E40001D0D10FCFFFEFFEFFEFEEFFCFFF15A08F8
:105E500070A05FFCFFF37B2992C27FFCFFBFCBBB2E
:105E6000BBBFCBFCFC0B2000000D00FCFFCFCCCC5B
:105E7000CCCFCCFB9FFFFFFFFFFFFFF60000000031
:105E800000000200000000000005DFB0000000007C
:105E900007EFFFD000000018FFFFFF70000029FF90
:105EA000FFFFFF00003BFFFFFFFFF8000AFFFFFFBF
:105EB000FFFFF1000FFFFFFFFFFFA000049AAAAF52
:105EC000FFFF20000000000EFFFB00000000000E9E
:105ED000FFF400000000000EFFC000000000000EF4
:105EE000FF5000000000000DFD0000000000000455
:105EF000B300000035555502000FFFFFF2F400FF1C
:105F0000FFFF2FF40FFFFFF2FFF3FFFFFF32221F0F
:105F1000FFFFFFFFF7FFFFFFFFFF8FFFFFFFFFF810
:105F2000FFFFFFFFFF8FFFFFFFFFF8FFFFFFFFFFF8
:105F30008FFFFFFFFFF8FFFFFFFFFF8FFFFFFFFF58
:105F4000F88AAAAAAAAA300000002455310000004D
:105F50000003AFFFFFFFC7000002BFFFFEDEFFFF31
:105F6000F6005FFFB51000038EFFB0DFD300000026
:105F700000008FF5180005AEFEC81004600002DFB7
:105F8000FFFFFFF80000000CFF95347DFF4000008C
:105F900002A200000077000000000002960000004E
:105FA000000000000DFF500000000000000EFF6028
:105FB00000000000000005DA000000005BBBBBBB76
:105FC000BBBBBBBA20FFFFFFFFFFFFFFFF90FC1230
:105FD00022222222220FF7FC5FFFFFFFFFFF2CFA95
:105FE000FC5FFFFFFFFFFF21FAFC5FFFFFFFFFFFEA
:105FF00027FAFC2666666666661FFAFEBBBBBBBB5D
:10600000BBBBBFB1AFFFFFFFFFFFFFFF50000000B2
:106010000000000000005BBBBBBBBBBBBBBA20FFEA
:10602000FFFFFFFFFFFFFF90FC1222222221000F43
:10603000F7FC5FFFFFFFF8000CFAFC5FFFFFFFF8C3
:106040000001FAFC5FFFFFFFF80007FAFC26666616
:106050006663000FFAFEBBBBBBBBBBBBBFB1AFFFF0
:10606000FFFFFFFFFFFF50000000000000000000E6
:106070005BBBBBBBBBBBBBBA20FFFFFFFFFFFFFF90
:10608000FF90FC1222221000000FF7FC5FFFFFD0F0
:1060900000000CFAFC5FFFFFD0000001FAFC5FFF7C
:1060A000FFD0000007FAFC2666665000000FFAFEDB
:1060B000BBBBBBBBBBBBBFB1AFFFFFFFFFFFFFFF66
:1060C000500000000000000000005BBBBBBBBBBB7E
:1060D000BBBA20FFFFFFFFFFFFFFFF90FC12220073
:1060E0000000000FF7FC5FFF300000000CFAFC5FBF
:1060F000FF3000000001FAFC5FFF3000000007FAEB
:10610000FC2666100000000FFAFEBBBBBBBBBBBB8E
:10611000BFB1AFFFFFFFFFFFFFFF50000000000017
:10612000000000005BBBBBBBBBBBBBBA20FFFFFFDB
:10613000FFFFFFFFFF90FC0000000000000FF7FCD6
:106140000000000000000CFAFC000000000000014C
:10615000FAFC00000000000007FAFC00000000004C
:10616000000FFAFEBBBBBBBBBBBBBFB1AFFFFFFFAA
:10617000FFFFFFFF500000000000000000000000D3
:10618000000007B20000000000000ADFFA00000073
:10619000000000A93DF5000000044002E0001000EE
:1061A0000000AFF80B600000006C30FFFFFFFFFF46
:1061B000FFFFFFF4AFF9000C5000006D40055000E8
:1061C00004C00000100000000000C43EE800000011
:1061D0000000002EEFFA000000000000004FFA005F
:1061E000000000000000000000000000011000009E
:1061F0000007EFFFB30000AFFD8FFF2004FFFD0994
:10620000FFB00AFEFD12AFF00EF55D2C0EF30FFF8E
:1062100033129FF50FFFF307FFF60FFFE206FFF6BD
:106220000FFE24137FF50DF57D2C0DF30AFFFD11F4
:10623000BFF003FFFE0BFFA0007FFEBFFE100003B8
:10624000ACDC810000003443000005667FFFF96686
:1062500050FFFFFFFFFFFF356666666666501CCC89
:10626000CCCCCCC402FFFFFFFFFF602FF3FB7F6DA0
:10627000F602FF2FB7F5DF602FF2FB7F5DF602FF1E
:106280002FB7F5DF602FF2FB7F5DF602FF2FB7F52A
:10629000DF602FF3FB7F6DF601FFFFFFFFFF50076D
:1062A000BCCCCCCC9000000000000001200000001D
:1062B000000004FF500000000002FFFF500000003B
:1062C0000439FFFE00000004FF39FFA0000004FFB6
:1062D000FF39B0000004FFFFFF20000004FFFFFFB4
:1062E000B0000004FFFFFFB0000004FFFFFFB0009C
:1062F0000004FFFFFFB0000000BFFFFFB000000080
:106300000DFFFFB000000000FFFFB000000000091B
:10631000A860000000000000001788888888874077
:106320000002EFFFFFFFFFFFF4003EFFFFCFFFCFB4
:10633000FFF703EFFFF908F809FFF83EFFFFFE2023
:10634000402EFFF8DFFFFFFFE101EFFFF89FFFFFA7
:10635000FF80008FFFF809FFFFF902C209FFF80074
:106360009FFFFE4EFE4EFFF80009FFFFFFFFFFFFFD
:10637000F700008FFFFFFFFFFFC1000000000000DB
:1063800003EFFFFFE203FBFBCEBFA4FF1D03A1FA57
:10639000FFF1D03A1FAFFFFFFFFFFAFFFFFFFFFF44
:1063A000AFFFFFFFFFFAFFFFFFFFFFAFFFFFFFFFA2
:1063B000FAFFFFFFFFFFAFFFFFFFFFFAFFFFFFFF47
:1063C000FFADFFFFFFFFF829AAAAAAA8000000005E
:1063D0000000000300000000000004F1000820009D
:1063E0000001FF100BF70000002FF10CFF94444454
:1063F00045FF1BFFFFFFFFFFFFF18FFFFFFFFFFFC9
:10640000FD007FF70000000000006F60000000004A
:10641000000030000000000000000000000000004C
:106420000000C003000000000000C003030A0000D9
:106430000F008005050500051C00D0090A0A0000B0
:106440004E00B008090F00FE9200D00B0C0A0000AD
:10645000CE00A0090A0B00FF0501F00203050005AC
:106460000D01B004040E01FD2901C004040E00FD5D
:106470004501A0050606000557012008080700028F
:1064800073013003030500FE7B0160050503000373
:1064900083013003030300008801F004070EFFFFAF
:1064A000B9015009090A0000E6013005040A00009C
:1064B000FA011008080A000022020008080A000079
:1064C0004A0260090A0A00007C021008080A00005B
:1064D000A402A008090A0000D1026008080A00000E
:1064E000F9020009090A00002603A008080A0000B2
:1064F0004E033003030800005A033003030B00FD72
:106500006B032008080800018B032008080600021E
:10651000A303200808080001C3030008080A0000BC
:10652000EB03800E0E0D00FD4604400A0C0AFF002E
:106530008204A00A090A0100AF04200A0A0A000026
:10654000E104900B0A0A010013056009080A010022
:106550003B05E008080A01006305D00A0A0A0000AA
:106560009505600B090A0100C2055004020A0100EA
:10657000CC053007070AFF00EF05100A0A0A0100E0
:1065800021065008080A01004906600D0B0A0100A7
:106590008006600B090A0100AD06C00B0C0A000062
:1065A000E906200A090A01001607C00B0C0D00FDC0
:1065B0006407300A090A01009107B008090A0000BF
:1065C000BE073008090A0000EB07100B090A01009A
:1065D0001808F0090B0AFF004F08C00F100A00004E
:1065E0009F0870090A0A0000D10810090B0AFF0071
:1065F00008093009090A00003509B004040E01FD3C
:106600005109F004070EFFFF8209B004040E00FDDB
:106610009E09300807060102B3090007070100FFC1
:10662000B709600805020109BC09600808080000F4
:10663000DC099009080B0100080A0008080800009E
:10664000280A9009090B00005A0A9008080800005F
:106650007A0AF004060B00009B0AB009090B00FD42
:10666000CD0A9009080B0100F90AE003020B0100B2
:10667000040B0004050EFEFD270BA008080B01000B
:10668000530BE003020B01005E0BD00E0D0801005E
:10669000920B900908080100B20BE00809080000FD
:1066A000D60B9009080B01FD020C9009090B00FDA7
:1066B000340CC00505080100480C0007070800005D
:1066C000640CD005060A0000820C8009080801004D
:1066D000A20CD0070908FF00C60C900C0D080000A2
:1066E000FA0CC007080800001A0DD007090BFFFDBF
:1066F0004C0D500707080000680DF004050E00FD62
:106700008B0D3004020E01FD990DF004050E00FD05
:10671000BC0D200808030003C80DE00506050006AF
:10672000D70D600404030003DD0D000E0F0FFFFE04
:106730004E0E000E0E0B00009B0E000E0E0D00FF05
:10674000F60E000E0E0B0000430FA0090A0B00000E
:106750007A0F000E0E0F00FEE30F000E0E0F00FE6C
:106760004C10C00F100D00FFB410000E0E0F00FEF5
:106770001D11C00F100B00007511000E0E0F00FE52
:10678000DE110007070C00FF0812800A0B0C00FF47
:106790004A12C00F100E00FEBA12000E0E0B0000BF
:1067A0000713A0090A0F00FE5213400C0A0E01FE47
:1067B0009813400C0D0F00FEFA13400C0D0D00FF56
:1067C0004F14400C0D0D00FFA414400C0A0E01FEE6
:1067D000EA14400C0E0DFFFF4515C008090D00FF1F
:1067E0008015C008090D00FFBB15400C0D0D00FF02
:1067F0001016400C0D0400032A16C00F100B0000E9
:1068000082168011120F00FE0917C00F110FFFFE34
:106810008917000E0E0D00FFE417400C0D08000153
:106820001818400C0D0800014C188011120B0000C4
:10683000AF18000E0E0B0000FC18000E0E0F00FE2D
:106840006519000E0F0FFFFED619400C0D0D00FF4D
:106850002B1A400C0D0F00FE8D1A400C0D0D00FF81
:10686000E21A400C0D0C00FF301B000E0E0B000056
:106870007D1BC0080A0FFFFEC81B400C0D0F00FE59
:106880002A1C400C0D0F00FE8C1CC00F100B0000CA
:10689000E41C000E100FFFFE5C1D800A0B0F00FEB3
:1068A000AF1D8011120D00FF241E8011120A00007E
:1068B0007E1E8011120A0000D81E8011120A0000EC
:1068C000321F8011120A00008C1F8011120A000072
:1068D000E61F8011120C00FF5220400C0C0F00FE2E
:1068E000AC20400C0D0F00FE0E21000E0F0FFFFE1E
:1068F0007F218011120B0000E221800A0B0F00FEA5
:106900003522100E0F0A00000000721F51EF58EFE1
:106910005BEF5CEF5DEF61EF63EF65EF69EF6CEFED
:1069200071EF76EF77EF78EF8EEF93EF98EF9BEFC5
:106930009CEF9DEFA1EFA2EFA3EFA4EFB7EFB8EFAD
:10694000BEEFC0EFC1EFC4EFC7EFC8EFC9EFCBEFA9
:10695000E3EFE5EF14F015F017F019F030F037F031
:106960003AF043F06CF074F0ABF03BF190F191F140
:1069700092F193F194F1D7F1E3F13DF254F2AAF4DC
:1069800012F7F2F7200000005F0001000000000095
:106990000000000000000200B0000000F3F76000FB
:1069A00008690308000000003E0003000000010227
:1069B0000003040502060708090A090A0B0C000D6A
:1069C0000E0F101112130C141400000015161718D6
:1069D00019161A1B1C1D1D1E1F201D1D16212223EA
:1069E00003241E2525262728292A2B002C002D2E9E
:1069F0002F303132332D343435302D2D2E2E363785
:106A00003839333A3A3B3A3C290000093D09000045
:106A10000000000000000000000000000000000076
:106A20000000000000000000000000000000000066
:106A30000000000000000000000000000000000056
:106A40000000000000000000000000000102000340
:106A5000040502060708090A090A0B0C0D0E0F109F
:106A6000110C121314151500000016171819171918
:106A700019191719191A1919191917191719031B9F
:106A80001C1D1D1E1F202122230024002526272730
:106A900027002726282926262A2A272A272A2B2C98
:106AA0002D2E2E2F2E30000023093109000000006A
:106AB00000000000000000000000000000000000D6
:106AC00000000000000000000000000000000000C6
:106AD00000000000000000000000000000000000B6
:106AE00000000000000000000001000000000000A5
:106AF0000001000002000000000200000000000091
:106B00000000000000000000000001000000000084
:106B1000000000000000000000010A0006FB000069
:106B20000000F4F3020B0504F7020B010902070051
:106B3000000000000000000000000D02FE00000048
:106B40000000000000000000000400F90000000048
:106B500000FC04040000FE00FE0200FE00FEFFFC3C
:106B600000000000FE0000FDFD0000FE00FC000033
:106B700000000000000000FEFE00FD00FA00E5003D
:106B800000FC0004070000FC02020704FC040000F3
:106B9000F30000000000000000000000F80000000A
:106BA0000000000000000000000000FAFDF500F702
:106BB000FE00000000000900F9FEFF0100FC0000DB
:106BC000FEEF0000000000000000000000EEFE09E3
:106BD000000000000000000000000000F7000000BE
:106BE000000000000000000700020000FC000000A0
:106BF000000000000000000000000000000009028A
:106C00000100000000000000000000000000000083
:106C10000000000000000000000000000000000074
:106C20000000000000000000F8000000000000006C
:106C30000000000000000000000000000000000252
:106C4000040207FE000004FEF9E102060400FD0054
:106C5000080007000700EB00FD070007FE04020024
:106C60000001FE0000FC12001200070009030407E7
:106C7000000000F80000000001FE0002FCFDFC0224
:106C800000FE000000F7000000000000000000000F
:106C900000F1000000000000000000000000000003
:106CA0000001F400F200000000FE0016FDFD0202EB
:106CB000FE00FD020000F4000000000000000000E3
:106CC0000000EA00020000000000000000000000D8
:106CD00000F2000D0000F8000700F1EAF1FC0700E7
:106CE00000F10003FB00FD000000000000000000B8
:106CF0000000000607E500000000000000000000A2
:106D000000000B000200000000000202FDFC00FF7A
:106D1000FFFE0000FE000000FC00FE00FBFC00FA8D
:106D2000F9F9FC00FC00FC00000000FE000002007D
:106D300002FE000100000002FE000000FE0202FF51
:106D4000000000FC00FF0000000000010003FE0046
:106D5000FD00FC0000FE00070000FE000000000037
:106D6000FF01FEFE0000FE00FE000000000000002B
:106D70000000FFFF00FEFD0000000000010000FE1B
:106D800000FEFEFE000000000000000000FF00000A
:106D90000000FEFD00FD00F9FEF9040000FC020405
:106DA0000600FAFFFD00FFF502FE02F402000001FA
:106DB000F400F4FEEDFE00F5000406000300000000
:106DC000000000FCFD00F9000000FE000000FE00D5
:106DD00000000000FFFF00FFFD00000000000000B9
:106DE000FEFE00FEFDFE0000FE00000000000000B0
:106DF00000000000FEFE00FD00FE00FC020000FDA1
:106E0000010202000000000000FE0000000000027D
:106E10000000FE00FEFEFD00000000000000020079
:106E2000FE00000000FEFD00FC0007FE01F900006E
:106E300006F5F4F7FC0200FEF1FC00FC00FC03FC8C
:106E4000F200FA000001FF02FE000200F9F700F56F
:106E5000FBFBFBF9FDFA00FCFA01000100FE00005B
:106E6000000200020000000000000000000000FE20
:106E700000FF00FFFE00FCFBFBFF00F9000000002C
:106E80000000FE0000000001FF0000000200000002
:106E900000000000000B00000000000002000000E5
:106EA000FE0000000000000000000000FC000200E6
:106EB000000000000000000000000000FE000000D4
:106EC000FC00000000F5F9000000FDF50000FE02E6
:106ED00000FA00000000000000000000FC0000FCC0
:106EE0000000000000000000000000000200FC00A4
:106EF000000000030002FCFC00FEFEFD000000009C
:106F00000000F900FE00FDFE00FBFAF9FE00FC00A7
:106F1000F900000000120000010000FD000200F670
:106F20000000000000EBFC0707FEF70002FD00F583
:106F3000FFFD02F0FE030003F8FDF8F9F70000F38F
:106F4000000D0000FF000000FFFFFEFAF900EB005B
:106F50000000000000000000010000000000000030
:106F6000000000000000000000FE00FFFEFD000029
:106F7000FC00FE0000000000000000000000000017
:106F80000000FF00FC000004FF0300FB02FEFFFA0C
:106F9000FE00FDFEFE00FDFC0000FEFFFEFCFD000D
:106FA00000FE0002FE00FB000000FC00FC00FCFCF8
:106FB000020000000000000000FC0200FD00FEFDD9
:106FC000F9FEFEFEFFFEFDFF0000000000FEFEFEDB
:106FD0000000000003FE00FE000000FEFDFEFEFDBE
:106FE000FE000209FF00FA00FE0400FEF7FD0300A8
:106FF00000F5FC02FC0200FEFEF900FD010000FCB1
:107000000000000202FCFC00FCFEFDFEFE00FC0194
:10701000FCFC07000000000000000000020000006F
:107020000000000000000000000000000000000060
:1070300000000000FC000000000000000000000054
:107040000000000000000000000000000000000040
:107050000000000000000000000000000000000030
:10706000FE00000000000000000000000000000022
:107070000000000000000000000000000000FEFE14
:10708000000000000000000000000000FD0000FD06
:107090000000FEFE00000000FE00000000FF0000F7
:1070A000000000FE00000000FD00FC000000F900F0
:1070B00002FB0400FEF50000FBFE00F7FAFA0000F8
:1070C000F6FEF7F7F500FA00020FFD00FBFEFFFEEB
:1070D000FCFAFCF8F7FBFE0000FE00010000F0FEE9
:1070E0000705FBF80001F900F5FEFE04EBFD0100C9
:1070F00000F1FDF4FEF00000F0000D0100FE0000C4
:107100000000FFFEF7FE00F100000000F900FE00A5
:10711000FFFAF50000FFFDF9FE00FE00000000F69A
:10712000FEF9F9FEFCFAFEFC00FCFEF9FD00FDFC98
:10713000FEFC000100FEF9000400FC00000000035A
:107140000002FC0900FEFEFD000000000000F90046
:10715000FE00FDFE00FBFAF9FE00FC020900000043
:1071600000120000010000FD00020000000000000D
:107170000000000000000000FEFC0000000000FF16
:10718000000000FEFE0000FCFE0000FC0004FF000A
:1071900000000000000100000000030402FE00F9EE
:1071A000FC0007F9F9FCFC090402EDFE04FE00FEF8
:1071B00002FEF800FE02FDFEF9FE0000070400FAE0
:1071C00000F4FD06FDF701FDF9F9FE090200FD00DE
:1071D000FA000207FBF8F7FA070001F0FE02FCFED6
:1071E000FB00FBF8FDFDFE0000FBFBFE000705FEBB
:1071F000F400F4FD00F8F3FFF9FCF9FA060000FDD5
:1072000000FCFE00FEFC0004F9020000F400FEFB9E
:10721000FCFEF9FAF9FB00F9FEFBFCF9FE000001A7
:107220000BFC00F9FE00FEFCFBFAFAF7FDFC040083
:10723000FD00F5FD0104F9F8FCF907FE01EBFC0483
:10724000FBFCF800F9F7FDFEFEFEFBF9FF0000076E
:1072500006FEF100F3FB05F7F1FCF8F7F5F9040081
:10726000000000FD000002FD0402FC040000F9FF24
:1072700000FF000101FE000000000000FE00000011
:107280000002070000FD00000000FEFEFD000000FF
:107290000102000000000200FE000900040101FDDF
:1072A00000040000000200000000000000000000D8
:1072B00000070006000000000000000000000000C1
:1072C0000000F300FE04000700001603FCFC0202AD
:1072D000FE01F500000BF3000000000000000000BC
:1072E0000000F1091F000000000000000000000085
:1072F00000F300000000000000000000000000009B
:10730000000000000000000000000000FC0000FC85
:10731000FE0000000000000000000000000000006F
:1073200000000000FE00FA0000010000021DFCFE4B
:107330000706FA0200000202FD0000000000000043
:1073400000000000E3060000000000000000000054
:1073500000000000000000FA000000FA0000000039
:10736000FBFF000000FB00FD00F500000000000036
:107370000000000000F1000000000100000000001B
:1073800000FE0000FC00FD00FA000000FC02FD0011
:1073900000FAFEFB0000FA00FE00F500FE0000EE21
:1073A000FCF7FEF80000F100FAFF0000000000000A
:1073B0000000FDFCFEFC00000000FB00FB03FE04DF
:1073C00000FEFBFEFCFC00FDFFFE02FAFF000000D9
:1073D000ECFEFD00FB00FEF5FE0000FEFE000000DE
:1073E000000200FEFCFE040000000000000000009F
:1073F000000000000000000000000000000000008D
:10740000000000000000000000000000000000007C
:10741000000003000000000000FB00FE000000FC74
:1074200002000000FAFEFC0000FA00FE00F5000079
:107430000000EA00FCF8F50000F100FEFD0000008D
:107440000000000000FEFDFFFD01000004FD00073C
:107450000BFEFEF9030B0405FA03090306050600FB
:10746000000000000000000000000E0BFCFE00FE0B
:10747000120A12000000020000080000FC000000D8
:10748000000000000000FE000000000000000003FB
:1074900000000000EDFDFEF7F50000F10000000027
:1074A00000000000000000000000000000FC0000E0
:1074B00000000000000000FE0000000000000000CE
:1074C0000300000000EDFDFEF7F50000F7000000EE
:1074D00000000000000000000000000000000000AC
:1074E000FE000000FB0200FE020402F90000FE02A2
:1074F000000200000000FA00FEFEFC00FEF7000E95
:10750000FE00FBFE00FEFC00FEFAFCFD000000FC9D
:10751000000000000000000000FE0000000000006D
:1075200000000300000000EDFDFEF7F50000F10093
:1075300000000000000B0000000000000000000040
:10754000FC00F9FDFE07FEFEF701FF01FEFA000553
:1075500000020102FBF7FD00F7FCFAF7F700FCFC64
:10756000FDFDFEFEFDFE00FEFF030003FE00070022
:107570000000000000000000000000FEFEFE000011
:10758000FA00FF00FC000000000000000000000006
:10759000F30000000000000000000000FEFE00FDFF
:1075A00000000000FE0000FCFE0200FCFCFE00FAF1
:1075B000FEFBFEFD00FC00000000000000000000DB
:1075C00000F100070000FC00000000FD00FE0000CC
:1075D000FF0000FE00FB000009FDF9F902020200B5
:1075E000FA020302070207FEFA0000F70000F9FAA8
:1075F0000000FC00FDFC00FD00FD00FE0300FEF9A4
:10760000FE080000FE00FC000003FB0002FE02007A
:1076100000F900FEFF00FE02FE000000F7FDFB0087
:10762000F90000F50008FE00FC000100FE00FEF974
:1076300000FE0200000000FE000002FD010000FD4F
:10764000FE00FD000000000000000000000000003F
:1076500000000000F200050000FE00000000000035
:10766000FEFE0000000400050000000000F2F3012F
:107670000A0704F7020900080004000000000000E7
:1076800000000000000C00000000000000000000EE
:107690000000000000000000E86A0308AC6903086D
:1076A0004A6A03083D310000984103081864030842
:1076B000846903089876030810000228E00100207E
:1076C00069E20108A9E101081000030000FF0100C0
:1076D000A876030800000000000000003FFFFF2321
:1076E000FFFFF12FFFFF11FFFFF01FFFFF00FFFF64
:1076F000F00FFFFE00FFFFD00FFFFD00EFFFC00DFA
:10770000FFFC00DFFFB00CFFFA00CFFFA00BFFF97A
:1077100000AFFF800AFFF8009FFF7009FFF7008F9E
:10772000FF6007FFF5007FFF5006FFF400144410D0
:10773000000000000000000000000000200007FF23
:10774000F604FFFFF39FFFFF79FFFFF63FFFFF10F7
:107750004CFC30FFFF00004FFFBFFFF00004FFFBB9
:10776000EFFF00003FFFAEFFF00003FFFAEFFF0066
:10777000003FFFADFFE00002FFF9DFFE00002FFF3A
:107780009CFFD00001FFF8CFFD00001FFF8CFFC061
:107790000001FFF7BFFC00000FFF7BFFC00000FFF0
:1077A000F7BFFB00000FFF61221000002220000045
:1077B000000000FFF6000000009FFC000000000039
:1077C000000002FFF400000000BFFA00000000000B
:1077D000000004FFF100000000DFF80000000000DE
:1077E000000006FFF000000000FFF60000000000AF
:1077F000000008FFD000000001FFF40000000000BE
:1078000000000AFFB000000004FFF20000000000CA
:1078100000000DFF9000000006FFF00000000000D7
:1078200000000FFF7000000008FFE000000002FFF2
:10783000FFFFFFFFFFFFFFFFFFFFFFFFFFF702FF5D
:10784000FFFFFFFFFFFFFFFFFFFFFFFFFFF702FF4D
:10785000FFFFFFFFFFFFFFFFFFFFFFFFFFF70188B5
:107860008888CFFF888888889FFFB8888883000031
:1078700000009FFD000000002FFF400000000000FE
:107880000000BFFB000000003FFF200000000000E0
:107890000000CFF9000000005FFF000000000000C2
:1078A0000000EFF7000000007FFE00000000000075
:1078B0000000FFF5000000009FFC00000000000039
:1078C0000002FFF300000000BFFB0000000000000A
:1078D0000004FFF100000000DFF9000000000000DC
:1078E0000006FFF000000000FFF7000000000000AD
:1078F0000008FFE000000001FFF5000000006888BC
:10790000888DFFE888888889FFFA88888700BFFF0C
:10791000FFFFFFFFFFFFFFFFFFFFFFFFFE00BFFFB7
:10792000FFFFFFFFFFFFFFFFFFFFFFFFFE00BFFFA7
:10793000FFFFFFFFFFFFFFFFFFFFFFFFFE00000055
:10794000002FFF400000000AFFC000000000000000
:10795000004FFF200000000CFFA00000000000000E
:10796000006FFF000000000EFF800000000000001C
:10797000007FFE000000000FFF600000000000001C
:10798000009FFC000000002FFF40000000000000EE
:1079900000BFFA000000003FFF20000000000000D0
:1079A00000DFF8000000005FFF00000000000000A2
:1079B00000FFF7000000007FFE0000000000000054
:1079C00001FFF5000000009FFC0000000000000027
:1079D000000000006FFB000000000000000000003D
:1079E0000006FFB000000000000000000000006F73
:1079F000FB000000000000000000000006FFB000D7
:107A0000000000000000000000006FFB000000000C
:107A10000000000000000006FFB0000000000000B1
:107A200000000027BDFFFFFDC8500000000000055A
:107A3000CFFFFFFFFFFFFFFA300000000AFFFFFF4C
:107A4000FFFFFFFFFFFFA100000CFFFFFFFFFFFF95
:107A5000FFFFFFFF30000AFFFFFE957FFC458CFF14
:107A6000FFC00004FFFFF80006FFB000017EF50034
:107A700000BFFFF700006FFB0000000800000FFFD1
:107A8000FD000006FFB0000000000002FFFF9000B4
:107A9000006FFB0000000000003FFFF8000006FF41
:107AA000B0000000000002FFFFA000006FFB00001C
:107AB000000000000FFFFF200006FFB000000000E4
:107AC0000000BFFFFE30006FFB000000000000035D
:107AD000FFFFFFB406FFB000000000000008FFFF3A
:107AE000FFFECFFB0000000000000008FFFFFFFFCB
:107AF000FFFA5100000000000004DFFFFFFFFFFF5E
:107B0000FC600000000000005BFFFFFFFFFFFFF7CD
:107B1000000000000000015AEFFFFFFFFFFD100012
:107B2000000000000006FFEEFFFFFFFE2000000047
:107B30000000006FFB03AFFFFFFC0000000000002F
:107B400006FFB0001BFFFFF40000000000006FFB09
:107B500000000AFFFF90000000000006FFB00000D8
:107B60001FFFFC0000000000006FFB000000EFFFA3
:107B7000D0000000000006FFB000000EFFFC005423
:107B8000000000006FFB000003FFFF900EF80000F4
:107B90000006FFB00000CFFFF506FFFE7100006F8A
:107BA000FB0001BFFFFD00DFFFFFFB7437FFB36A7F
:107BB000FFFFFF4005FFFFFFFFFFFFFFFFFFFFFF8E
:107BC000700001AFFFFFFFFFFFFFFFFFFF6000003E
:107BD000003AFFFFFFFFFFFFFFFA20000000000058
:107BE00048BEFFFFFFDA6100000000000000000057
:107BF0006FFB000000000000000000000006FFB066
:107C000000000000000000000000006FFB0000000A
:107C1000000000000000000006FFB00000000000AF
:107C20000000000000006FFB0000000000000000EA
:107C30000000000388500000000000000005BEFEA8
:107C4000C700000000000000007FFF3000000002BD
:107C5000DFFFFFFFE300000000000002FFF800006C
:107C600000001EFFFECDFFFF3000000000000CFFF3
:107C7000D000000000CFFE40003CFFE0000000000C
:107C8000008FFF3000000004FFF2000001DFF7006A
:107C900000000003FFF8000000000BFF8000000060
:107CA0005FFD000000000DFFD0000000000FFF305E
:107CB0000000000FFF100000008FFF2000000000F8
:107CC0001FFF000000000DFF40000003FFF7000051
:107CD0000000002FFE000000000BFF5000000DFF11
:107CE000C000000000002FFE000000000BFF50004D
:107CF000008FFF2000000000001FFF000000000DAB
:107D0000FF400003FFF70000000000000FFF3000FD
:107D100000000FFF10000DFFC00000000000000B6E
:107D2000FF900000005FFD00009FFF2000000000AA
:107D3000000004FFF2000001DFF70004FFF700007D
:107D4000000000000000CFFE50003CFFE0000EFFEE
:107D5000C000000000000000001EFFFECEFFFF304C
:107D6000009FFF200016ABB94000000002DFFFFFBC
:107D7000FFE40004FFF60005EFFFFFFC3000000009
:107D800005BEFEC700001EFFB0007FFFFFFFFFF330
:107D9000000000000000000000AFFF1003FFFB30F8
:107DA00015EFFE100000000000000004FFF6000DBB
:107DB000FFA000001DFF90000000000000001EFF5B
:107DC000B0003FFE00000004FFF0000000000000D3
:107DD00000AFFE10008FF900000000EFF40000007B
:107DE00000000005FFF50000BFF500000000AFF83F
:107DF0000000000000001EFFB00000DFF3000000E4
:107E0000008FF9000000000000AFFE100000EFF24C
:107E1000000000007FFA000000000005FFF50000F0
:107E200000DFF3000000007FFA00000000001EFFEA
:107E3000A0000000CFF4000000009FF80000000048
:107E400000BFFE100000009FF800000000DFF500FA
:107E500000000006FFF5000000005FFD00000002CA
:107E6000FFF1000000001FFFA0000000000EFF70E7
:107E700000000CFFA000000000BFFE10000000008A
:107E800006FFF70002BFFF2000000006FFF400001D
:107E900000000000AFFFFDDFFFF6000000002FFF35
:107EA0009000000000000009FFFFFFFF60000000DD
:107EB00000CFFE000000000000000039DFFD81005F
:107EC000000000000006ADFFEC9300000000000081
:107ED000000000007FFFFFFFFFFC2000000000000B
:107EE000000000AFFFFFFFFFFFFE200000000000CA
:107EF00000008FFFFFA768CFFFFC0000000000001C
:107F0000001FFFFC1000005FFFF4000000000000F5
:107F100007FFFF100000008FFF800000000000003E
:107F2000AFFFA000000003FFFA0000000000000BFC
:107F3000FFF9000000003FFFA00000000000009FCC
:107F4000FFB000000008FFF800000000000006FF7E
:107F5000FF10000002FFFF300000000000001FFFC4
:107F6000FA000003EFFFB0000000000000009FFFD8
:107F7000F70006FFFFE10000000000000001EFFF36
:107F8000F63CFFFFE2000000000000000003FFFFDE
:107F9000FFFFFFC100000000000000000004FFFF21
:107FA000FFFF70000000000000000000006FFFFFF6
:107FB000FD2000000000000000000002CFFFFFFFD6
:107FC000F600000000000000000006FFFFFDFFFFBC
:107FD000F7000000000000000008FFFFF604FFFFAC
:107FE000F70000004FB6100008FFFFC10004FFFFBC
:107FF000F7000008FFF70005FFFFA0000003FFFFE8
:10800000F70000CFFF4000EFFFC000000003FFFFBC
:10801000F8002FFFF0005FFFF30000000003FFFFF8
:10802000F809FFFA000AFFFD000000000003EFFF5F
:10803000F9FFFF4000CFFFB0000000000003EFFF9A
:10804000FFFFD0000DFFFC00000000000002EFFF6A
:10805000FFF40000BFFFF000000000000002EFFF8F
:10806000FE000008FFFF900000000000004EFFFF30
:10807000FA00002FFFFF9000000000018FFFFFFFBC
:10808000FA00008FFFFFE730000159FFFFFFEFFF0D
:10809000FA0000BFFFFFFFFEEFFFFFFFFE31DFFF33
:1080A000FA00009FFFFFFFFFFFFFFFFB1002EFFF43
:1080B000C000003BFFFFFFFFFFFFB4000002EFE145
:1080C000000000027ADFFFEDA61000000002D300DE
:1080D00000000000000000000000000000000000A0
:1080E000FFFF0FFFF0EFFF0EFFF0EFFF0DFFE0DFF0
:1080F000FE0CFFD0CFFD0CFFC0BFFC0BFFC0BFFBD1
:10810000012210000001FFFF6000009FFFD000006F
:108110002FFFF5000009FFFD000001FFFF700000C8
:108120007FFFF000000DFFFA000002FFFF4000009B
:108130007FFFF000000CFFFB000000FFFF7000005D
:108140004FFFF3000007FFFF000000AFFFD000006B
:108150000DFFFA000000FFFF8000001FFFF6000087
:1081600003FFFF5000004FFFF3000005FFFF20005A
:10817000006FFFF2000006FFFF1000006FFFF1002C
:108180000006FFFF1000006FFFF2000005FFFF2058
:1081900000004FFFF3000003FFFF5000001FFFF639
:1081A000000000FFFF8000000DFFFA000000AFFF9D
:1081B000D0000007FFFF0000004FFFF3000000FFAA
:1081C000FF7000000CFFFB0000007FFFF0000002CA
:1081D000FFFF4000000CFFFA0000007FFFF00000EE
:1081E00001FFFF70000009FFFD0000002FFFF500F8
:1081F00000009FFFD0000001FFFF603FFFF3000081
:1082000000AFFFC0000002FFFF5000000BFFFC00AA
:1082100000004FFFF4000000DFFFA0000007FFFF99
:108220001000002FFFF6000000CFFFB0000008FF95
:10823000FF0000003FFFF4000000FFFF7000000C93
:10824000FFFB0000009FFFE0000007FFFF000000B1
:108250004FFFF3000002FFFF5000001FFFF6000079
:1082600000FFFF7000000EFFF9000000EFFF90001C
:10827000000DFFFA000000DFFFA000000DFFFA0074
:108280000000EFFF9000000EFFF9000000FFFF70FC
:1082900000001FFFF6000002FFFF5000004FFFF339
:1082A000000007FFFF0000009FFFE000000CFFFB45
:1082B000000000FFFF7000003FFFF3000008FFFF19
:1082C000000000CFFFA000001FFFF6000007FFFF27
:1082D000000000DFFFA000004FFFF400000BFFFCD8
:1082E000000002FFFF500000AFFFC000003FFFF39F
:1082F00000000000000000DFF000000000000000AF
:108300000DFF0000000000000000DFF00000000092
:108310000A30000DFF00002A1005FFA100DFF00069
:108320008FF800DFFFF70CFF05EFFFF102BFFFFD45
:10833000EFFBFFFFD400004DFFFFFFFFFE600000DA
:108340000006EFFFFFF800000000004DFFFFFE7089
:1083500000000002BFFFFFFFFFD4000019FFFFEE87
:10836000FFCFFFFB200DFFFF80CFF06EFFFF106FF0
:10837000FB200DFF0019FF9000B50000DFF00003A7
:10838000B1000000000DFF0000000000000000DF51
:10839000F0000000000000000DFF000000000000E1
:1083A0000000122000000000000000000444400013
:1083B000000000000000000FFFF0000000000000BF
:1083C00000000FFFF000000000000000000FFFF0B1
:1083D00000000000000000000FFFF000000000009F
:1083E0000000000FFFF000000000000000000FFF81
:1083F000F000000000000000000FFFF0000000008F
:10840000000000000FFFF000000000ADDDDDDDDF4B
:10841000FFFDDDDDDDD9CFFFFFFFFFFFFFFFFFFF2A
:10842000FBCFFFFFFFFFFFFFFFFFFFFBCFFFFFFFC4
:10843000FFFFFFFFFFFFFB000000000FFFF0000049
:108440000000000000000FFFF0000000000000002E
:10845000000FFFF000000000000000000FFFF00020
:10846000000000000000000FFFF00000000000000E
:1084700000000FFFF000000000000000000FFFF000
:1084800000000000000000000FFFF00000000000EE
:108490000000000FFFF00000000000575000CFFF69
:1084A000B07FFFFF5AFFFFF99FFFFF83FFFFF50437
:1084B000EFFF100DFFB001FFF6005FFF1009FFB0E6
:1084C00000DFF6001FFF1005FFB0000000000000F5
:1084D00000004FFFFFFFFFFFFA4FFFFFFFFFFFFA14
:1084E0004FFFFFFFFFFFFA4FFFFFFFFFFFFA00798B
:1084F0007001DFFFC08FFFFF6BFFFFF9AFFFFF735E
:10850000FFFFF104CFC3000000000000000000AF37
:10851000FF70000000000000000FFFF200000000EC
:1085200000000005FFFC0000000000000000BFFF8D
:1085300070000000000000001FFFF20000000000BB
:10854000000006FFFC0000000000000000BFFF600C
:10855000000000000000001FFFF10000000000000C
:108560000006FFFB0000000000000000CFFF6000DD
:108570000000000000001FFFF100000000000000EC
:1085800007FFFB0000000000000000CFFF500000CC
:1085900000000000002FFFF00000000000000007B6
:1085A000FFFA0000000000000000DFFF50000000A4
:1085B000000000002FFFF00000000000000008FF96
:1085C000FA0000000000000000DFFF400000000093
:1085D0000000003FFFE00000000000000009FFF97C
:1085E0000000000000000000EFFF4000000000005D
:1085F00000004FFFE00000000000000009FFF9004C
:1086000000000000000000EFFF300000000000004C
:10861000004FFFE0000000000000000AFFF800002B
:10862000000000000000FFFF30000000000000001C
:108630005FFFD0000000000000000AFFF80000000B
:108640000000000000FFFF20000000000000005FAD
:10865000FFD0000000000000000BFFF7000000004A
:1086600000000001FFFF20000000000000006FFF7D
:10867000C0000000000000000BFFF7000000000039
:10868000000001FFFF10000000000000006FFFC0AD
:10869000000000000000000CFFF6000000000000D9
:1086A0000001FFFF10000000000000007FFFB0008D
:1086B0000000000000000CFFF600000000000000B9
:1086C00002FFFF00000000000000007FFFB000007C
:1086D00000000000000DFFF5000000000000000297
:1086E000FFFF000000000000000000000000038BFE
:1086F000EFFEC8300000000000000004DFFFFFFFB5
:10870000FFFD40000000000000AFFFFFFFFFFFFF84
:10871000FA00000000000CFFFFFFFFFFFFFFFFC19A
:1087200000000000CFFFFFFB7557BFFFFFFC0000FC
:108730000008FFFFFB10000001BFFFFF8000002FBB
:10874000FFFF800000000008FFFFF30000BFFFF9FB
:108750000000000000009FFFFB0002FFFFE100009F
:10876000000000000EFFFF2008FFFF700000000067
:10877000000006FFFF800DFFFF100000000000005A
:1087800001FFFFD01FFFFB0000000000000000BF42
:10879000FFF15FFFF800000000000000008FFFF510
:1087A0007FFFF500000000000000005FFFF79FFF63
:1087B000F300000000000000003FFFF9AFFFF200EF
:1087C000000000000000002FFFFAAFFFF2000000E1
:1087D00000000000001FFFFBAFFFF20000000000E0
:1087E0000000001FFFFBAFFFF200000000000000D0
:1087F000002FFFFA9FFFF300000000000000003F81
:10880000FFF97FFFF500000000000000005FFFF7A8
:108810005FFFF800000000000000008FFFF51FFF61
:10882000FC0000000000000000BFFFF10DFFFF1082
:1088300000000000000001FFFFD008FFFF700000F3
:108840000000000006FFFF9002FFFFE100000000B3
:1088500000000EFFFF2000BFFFFA00000000000034
:108860009FFFFB00003FFFFF800000000008FFFFAC
:10887000F3000008FFFFFB10000001BFFFFF8000B6
:108880000000CFFFFFFB7667BFFFFFFC000000008A
:108890000CFFFFFFFFFFFFFFFFC10000000000AF64
:1088A000FFFFFFFFFFFFFA00000000000004DFFFF2
:1088B000FFFFFFFD4000000000000000038CEFFE02
:1088C000C830000000009FFFFFFFFFFFB9FFFFFF60
:1088D000FFFFFB9FFFFFFFFFFFB9FFFFFFFFFFFB56
:1088E00023333334FFFFB00000000FFFFB00000014
:1088F00000FFFFB00000000FFFFB00000000FFFFC3
:10890000B00000000FFFFB00000000FFFFB0000000
:10891000000FFFFB00000000FFFFB00000000FFF92
:10892000FB00000000FFFFB00000000FFFFB000095
:108930000000FFFFB00000000FFFFB00000000FF81
:10894000FFB00000000FFFFB00000000FFFFB000C1
:1089500000000FFFFB00000000FFFFB00000000F51
:10896000FFFB00000000FFFFB00000000FFFFB0056
:10897000000000FFFFB00000000FFFFB0000000040
:10898000FFFFB00000000FFFFB00000000FFFFB082
:108990000000000FFFFB00000000FFFFB000000020
:1089A0000FFFFB000000037BDEFFED9610000000D0
:1089B000000007EFFFFFFFFFFFFA1000000006EFC7
:1089C000FFFFFFFFFFFFFFE5000000AFFFFFFFFF1E
:1089D000FFFFFFFFFF50000BFFFFFFFA76557AFF06
:1089E000FFFFF2001CFFFFD40000000019FFFFFA98
:1089F0000000BFF70000000000007FFFFF0000093B
:108A0000600000000000000DFFFF400000000000BB
:108A10000000000007FFFF600000000000000000F1
:108A20000005FFFF7000000000000000000006FFCE
:108A3000FF6000000000000000000008FFFF400091
:108A400000000000000000000DFFFF00000000001B
:108A500000000000004FFFFB0000000000000000CD
:108A60000000DFFFF40000000000000000000AFF2B
:108A7000FFB00000000000000000008FFFFE1000AB
:108A80000000000000000008FFFFF30000000000ED
:108A9000000000009FFFFF500000000000000000E9
:108AA00009FFFFF5000000000000000000AFFFFF1D
:108AB0005000000000000000000AFFFFF40000006A
:108AC000000000000000BFFFFF40000000000000A9
:108AD00000000BFFFFF3000000000000000000CFCB
:108AE000FFFF3000000000000000000CFFFFE3006B
:108AF0000000000000000001CFFFFE200000000089
:108B0000000000001DFFFFE2000000000000000068
:108B100001DFFFFD2000000000000000001DFFFF3E
:108B2000F5333333333333333301EFFFFFFFFFFFCD
:108B3000FFFFFFFFFFFE03FFFFFFFFFFFFFFFFFF42
:108B4000FFFFFE03FFFFFFFFFFFFFFFFFFFFFFFE33
:108B500003FFFFFFFFFFFFFFFFFFFFFFFE03FFFF1E
:108B6000FFFFFFFFFFFFFFFFFF0003FFFFFFFFFF10
:108B7000FFFFFFFFFFFF0003FFFFFFFFFFFFFFFF00
:108B8000FFFFFF0003FFFFFFFFFFFFFFFFFFFFFCF3
:108B900000003333333333333338FFFFE100000059
:108BA0000000000000002EFFFF3000000000000069
:108BB000000000DFFFF50000000000000000000BD7
:108BC000FFFF800000000000000000008FFFFB009E
:108BD000000000000000000005FFFFD100000000C1
:108BE00000000000003FFFFF200000000000000028
:108BF0000001EFFFF40000000000000000000CFF87
:108C0000FF70000000000000000000AFFFFA00004D
:108C10000000000000000005FFFFFDA7200000008D
:108C20000000000008FFFFFFFFFD500000000000F3
:108C30000008FFFFFFFFFFFC10000000000007EE30
:108C4000EFFFFFFFFFE10000000000000000138EB7
:108C5000FFFFFC000000000000000000008FFFFF8D
:108C60005000000000000000000008FFFFC00000EE
:108C70000000000000000000EFFFF0000000000016
:108C80000000000000AFFFF3000000000000000043
:108C900000008FFFF4000000000000000000009FB3
:108CA000FFF300000000000000000000CFFFF20012
:108CB000A20000000000000003FFFFE006FF6000CC
:108CC00000000000001DFFFF900EFFFE720000007C
:108CD0000005EFFFFF108FFFFFFFD976567AEFFFF9
:108CE000FFF7002DFFFFFFFFFFFFFFFFFFFF9000DB
:108CF000007FFFFFFFFFFFFFFFFFF7000000017D88
:108D0000FFFFFFFFFFFFFA200000000000269CEF9E
:108D1000FFEC9610000000000000000000000005BD
:108D2000FFFFC0000000000000000000000002FF84
:108D3000FFE2000000000000000000000000DFFF74
:108D4000F4000000000000000000000000AFFFF889
:108D50000000000000000000000000006FFFFC00A9
:108D600000000000000000000000003FFFFE1000B7
:108D7000000000000000000000000DFFFF400000A8
:108D80000000000000000000000AFFFF800000005B
:108D9000000000000000000007FFFFC0000000000E
:108DA0000000000000000003FFFFE10000000000E1
:108DB00000000000000001EFFFF4000000000000D0
:108DC000000000000000BFFFF800000000000000ED
:108DD00000000000007FFFFC000000000000000019
:108DE000000000004FFFFE10000000000000000027
:108DF0000000001EFFFF40000003BBBB100000008E
:108E000000000CFFFF800000005FFFF20000000088
:108E10000008FFFFB000000005FFFF200000000079
:108E200004FFFFE1000000005FFFF200000000010E
:108E3000EFFFF40000000005FFFF2000000000CF5E
:108E4000FFF700000000005FFFF2000000009FFF3E
:108E5000FB000000000005FFFF200000005FFFFF97
:108E60004222222222227FFFF42222211FFFFFFF23
:108E7000FFFFFFFFFFFFFFFFFFFFFF82FFFFFFFF7F
:108E8000FFFFFFFFFFFFFFFFFFFFF82FFFFFFFFFC9
:108E9000FFFFFFFFFFFFFFFFFFFF82FFFFFFFFFF5F
:108EA000FFFFFFFFFFFFFFFFFFF8000000000000D3
:108EB00000000008FFFF200000000000000000008C
:108EC0000000008FFFF20000000000000000000022
:108ED000000008FFFF20000000000000000000006C
:108EE00000008FFFF2000000000000000000000002
:108EF0000008FFFF2000000000000000000000004C
:108F0000008FFFF2000000000000000000000000E1
:108F100008FFFF200000000000000000000000002B
:108F20008FFFF200000000000FFFFFFFFFFFFFFFB9
:108F3000FFFF0000001FFFFFFFFFFFFFFFFFFF001D
:108F400000003FFFFFFFFFFFFFFFFFFF0000005F8C
:108F5000FFFFFFFFFFFFFFFFFF0000006FFFF43385
:108F60003333333333330000008FFFF00000000051
:108F7000000000000000AFFFD00000000000000073
:108F8000000000BFFFB00000000000000000000073
:108F9000DFFFA000000000000000000000FFFF80D5
:108FA00000000000000000000000FFFF6000000063
:108FB00000000000000002FFFF4000000000000071
:108FC00000000003FFFF3000000000000000000070
:108FD00005FFFFFFFFFEDC96200000000007FFFFFB
:108FE000FFFFFFFFFFFD6000000008FFFFFFFFFF26
:108FF000FFFFFFFD3000000AFFFFFFFFFFFFFFFF45
:10900000FFF3000002333333334579DFFFFFFF20E6
:10901000000000000000000003BFFFFFB0000000E0
:1090200000000000000007FFFFF200000000000049
:1090300000000000BFFFF70000000000000000007B
:10904000004FFFFB000000000000000000000FFFC9
:10905000FC000000000000000000000FFFFD000009
:1090600000000000000000000FFFFC0000000000F6
:1090700000000000004FFFFA004A0000000000005E
:109080000000BFFFF600DFD400000000000007FF73
:10909000FFF106FFFFC50000000002AFFFFF900ECA
:1090A000FFFFFFFC876568CFFFFFFE1006FFFFFF95
:1090B000FFFFFFFFFFFFFFE300002BFFFFFFFFFFAE
:1090C000FFFFFFFD2000000039FFFFFFFFFFFFFE55
:1090D000600000000000047BDEFFFDB840000000DF
:1090E000000000000016ACEFFEDB84000000000072
:1090F0000004CFFFFFFFFFFFFE81000000002BFFF9
:10910000FFFFFFFFFFFFFF400000004FFFFFFFFFDB
:10911000FFFFFFFFC00000004FFFFFFFB7533357B3
:10912000BFF40000002FFFFFF81000000000170040
:1091300000000DFFFFD2000000000000000000074B
:10914000FFFFD100000000000000000000EFFFF36F
:10915000000000000000000000006FFFF8000000A9
:10916000000000000000000BFFFF100000000000E6
:109170000000000000FFFFC0000000000000000031
:1091800000003FFFF80000000000000000000006A3
:10919000FFFF500005ADEFFEB8300000008FFFF379
:1091A000008FFFFFFFFFFFD4000009FFFF22DFFF5A
:1091B000FFFFFFFFFFFA0000AFFFF4EFFFFFFFFF2D
:1091C000FFFFFFFB000BFFFFEFFFF94100038EFFE6
:1091D000FFF800AFFFFFFFC2000000001AFFFFF220
:1091E00009FFFFFFC000000000000AFFFF908FFF93
:1091F000FFF10000000000001FFFFF06FFFFFA0064
:10920000000000000000AFFFF23FFFFF6000000021
:1092100000000006FFFF40FFFFF400000000000018
:10922000005FFFF40BFFFF6000000000000007FF7D
:10923000FF305FFFF900000000000000AFFFF10009
:10924000EFFFF10000000000001FFFFD0007FFFF1F
:10925000C000000000000AFFFF70000DFFFFC20009
:109260000000001AFFFFE000002FFFFFFA4100039B
:109270008EFFFFF40000004FFFFFFFFFFFFFFFFF27
:10928000F7000000003DFFFFFFFFFFFFFFF50000BC
:1092900000000007EFFFFFFFFFFFA100000000003C
:1092A000000049CEFFFDA6100000009FFFFFFFFF5A
:1092B000FFFFFFFFFFFFFFFC9FFFFFFFFFFFFFFF21
:1092C000FFFFFFFFFC9FFFFFFFFFFFFFFFFFFFFF11
:1092D000FFFC9FFFFFFFFFFFFFFFFFFFFFFFFA9F66
:1092E000FFF433333333333333DFFFF49FFFF000C6
:1092F000000000000002FFFFC09FFFF00000000020
:10930000000009FFFF509FFFF00000000000001F59
:10931000FFFE009FFFF00000000000008FFFF7003D
:109320009FFFF0000000000000EFFFF10025555006
:10933000000000000006FFFF900000000000000099
:1093400000000DFFFF200000000000000000004FA3
:10935000FFFB00000000000000000000BFFFF40061
:10936000000000000000000002FFFFD0000000002D
:1093700000000000000AFFFF600000000000000085
:1093800000001FFFFE000000000000000000008F32
:10939000FFF800000000000000000000EFFFF100F7
:1093A000000000000000000006FFFF900000000029
:1093B00000000000000DFFFF200000000000000082
:1093C00000004FFFFB00000000000000000000CF85
:1093D000FFF400000000000000000003FFFFD000C9
:1093E00000000000000000000AFFFF600000000015
:1093F00000000000001FFFFE000000000000000051
:1094000000008FFFF800000000000000000000FFD7
:10941000FFF100000000000000000006FFFFA000B8
:1094200000000000000000000DFFFF300000000001
:1094300000000000005FFFFC0000000000000000D2
:109440000000CFFFF400000000000000000003FF58
:10945000FFD00000000000000000000AFFFF6000D5
:1094600000000000000000000169CEFFFEC95000AE
:1094700000000000002AFFFFFFFFFFFFFA200000AE
:1094800000008FFFFFFFFFFFFFFFFF600000009F56
:10949000FFFFFFFFEFFFFFFFFF8000006FFFFFF800
:1094A00041000149FFFFFF50000FFFFFB100000026
:1094B0000002CFFFFE0005FFFFD00000000000000B
:1094C000DFFFF4009FFFF500000000000006FFFF33
:1094D000700AFFFF100000000000002FFFF900AF2E
:1094E000FFF100000000000002FFFF8007FFFF50B7
:1094F0000000000000006FFFF6003FFFFD000000CD
:109500000000000DFFFF1000BFFFFC100000000076
:109510002CFFFF900001EFFFFF95200025AFFFFF1C
:10952000C0000001CFFFFFFFFFFFFFFFFFB1000002
:1095300000008FFFFFFFFFFFFFFF60000000009FA4
:10954000FFFFFFFFFFFFFFFF70000002DFFFFFFFD5
:10955000DBBCDFFFFFFFC10001EFFFFF9300000056
:1095600004AFFFFFD100BFFFFD2000000000003E60
:10957000FFFF903FFFFE100000000000002FFFFFE4
:1095800029FFFF60000000000000008FFFF7CFFF01
:10959000F10000000000000002FFFFADFFFF00002F
:1095A0000000000000000FFFFCDFFFF000000000E3
:1095B00000000001FFFFCCFFFF20000000000000C2
:1095C000004FFFFA8FFFF9000000000000000AFFC3
:1095D000FF73FFFFF400000000000006FFFFF10B27
:1095E000FFFFF6000000000008FFFFFA002EFFFF5B
:1095F000FD730000148EFFFFFE10003FFFFFFFFF12
:10960000FFFFFFFFFFFE2000002CFFFFFFFFFFFF1B
:10961000FFFFFB1000000005DFFFFFFFFFFFFFC49F
:1096200000000000000027ACEFFFECA620000000C7
:10963000000000038CEFFFDB720000000000000060
:109640005DFFFFFFFFFFFC400000000001BFFFFFC8
:10965000FFFFFFFFFFA000000001DFFFFFFFFFFF94
:10966000FFFFFFC0000000CFFFFFB5100015BFFFD8
:10967000FFB000007FFFFE40000000003DFFFF70D4
:10968000000EFFFF3000000000001DFFFF2004FF60
:10969000FF800000000000004FFFF9008FFFF30083
:1096A000000000000000DFFFE009FFFF00000000F5
:1096B0000000000AFFFF50AFFFF0000000000000B4
:1096C00000AFFFF909FFFF300000000000000DFFB0
:1096D000FFC06FFFF800000000000004FFFFFF0163
:1096E000FFFFF3000000000001EFFFFFF10AFFFFA2
:1096F000E40000000003DFFFFFFF202FFFFFFB520D
:1097000000015BFFFFEFFFF3004FFFFFFFFFFFFFD5
:10971000FFFFB8FFFF40004EFFFFFFFFFFFFFFA06E
:109720008FFFF4000019FFFFFFFFFFFD5009FFFF4F
:10973000300000016ADFFFEC840000AFFFF20000A0
:1097400000000000000000000DFFFF00000000000E
:10975000000000000000FFFFD0000000000000003B
:109760000000004FFFF900000000000000000000B2
:109770000AFFFF5000000000000000000002FFFF91
:10978000E000000000000000000000BFFFF8000043
:1097900000000000000000008FFFFF10000000002C
:1097A00000000000008FFFFF700000047000000048
:1097B0000004CFFFFFB0000000BFFA7433459DFFE7
:1097C000FFFFD10000003FFFFFFFFFFFFFFFFFC1D2
:1097D0000000000AFFFFFFFFFFFFFFFF7000000017
:1097E000003BFFFFFFFFFFFFF9100000000000013A
:1097F00069CEFFFEB940000000000004CFC303FFA4
:10980000FFF2AFFFFF7BFFFFF98FFFFF61EFFFC0AC
:10981000007960000000000000000000000000006F
:109820000000000000000000000000000000000038
:10983000000000000000000000000000000007978A
:10984000001DFFFC08FFFFF6BFFFFF9AFFFFF73F79
:10985000FFFF104CFC3004CFC303FFFFF2AFFFFF4C
:109860007BFFFFF98FFFFF61EFFFC0007960000011
:1098700000000000000000000000000000000000E8
:1098800000000000000000000000000000000000D8
:109890000000000000000000000575000CFFFB0741
:1098A000FFFFF5AFFFFF99FFFFF83FFFFF504EFFAF
:1098B000F100DFFB001FFF6005FFF1009FFB000DC3
:1098C000FF6001FFF1005FFB0000000000000000EE
:1098D00000000000360000000000000000006CFBEB
:1098E00000000000000000039FFFFB0000000000DC
:1098F0000006CFFFFFFB000000000039FFFFFFFF65
:10990000D5000000006CFFFFFFFF93000000039FE5
:10991000FFFFFFFC6000000006CFFFFFFFE8200014
:10992000000039FFFFFFFFB50000000000CFFFFF80
:10993000FE82000000000000CFFFFA40000000009F
:10994000000000CFFFFA4000000000000000CFFF41
:10995000FFFE8200000000000029FFFFFFFFB500AE
:10996000000000000006CFFFFFFFE820000000001D
:1099700000039FFFFFFFFC600000000000006CFF81
:10998000FFFFFF9300000000000039FFFFFFFFD53D
:1099900000000000000006CFFFFFFB0000000000F9
:1099A0000000039FFFFB0000000000000000006CAF
:1099B000FB0000000000000000000036CFFFFFFFAA
:1099C000FFFFFFFFFFFFFBCFFFFFFFFFFFFFFFFFDB
:1099D000FFFBCFFFFFFFFFFFFFFFFFFFFBADDDDD65
:1099E000DDDDDDDDDDDDDDD9000000000000000093
:1099F0000000000000000000000000000000000067
:109A00000000000000000000000000000000000056
:109A10000000000000000000000000000000000046
:109A20000000000000000000000000000000000036
:109A30000000000000ADDDDDDDDDDDDDDDDDDDD9DB
:109A4000CFFFFFFFFFFFFFFFFFFFFBCFFFFFFFFF8A
:109A5000FFFFFFFFFFFBCFFFFFFFFFFFFFFFFFFF4A
:109A6000FB6200000000000000000000CFC5000005
:109A700000000000000000CFFFE92000000000000F
:109A80000000CFFFFFFC600000000000006DFFFF42
:109A9000FFFE920000000000003AFFFFFFFFC6003B
:109AA000000000000006CFFFFFFFF92000000000CB
:109AB00000029EFFFFFFFC600000000000005BFF53
:109AC000FFFFFF9200000000000028EFFFFFFB00F7
:109AD00000000000000004BFFFFB000000000000C9
:109AE0000004BFFFFB00000000000028EFFFFFFBA9
:109AF00000000000005BFFFFFFFE92000000029EDE
:109B0000FFFFFFFC5000000006CFFFFFFFE9200031
:109B1000000039FFFFFFFFC5000000006DFFFFFFE1
:109B2000FE920000000000CFFFFFFC50000000008C
:109B30000000CFFFE92000000000000000CFC600B9
:109B400000000000000000006200000000000000B3
:109B5000000000000000048BDFFFEDA610000000F5
:109B600000018EFFFFFFFFFFFFB200000006FFFFB6
:109B7000FFFFFFFFFFFFF600000AFFFFFFFFFFFFF1
:109B8000FFFFFFF7000BFFFFFFC7432248EFFFFF78
:109B9000F304FFFFFB20000000008FFFFFA002DFA7
:109BA000F50000000000008FFFFF000085000000AE
:109BB00000000000EFFFF2000000000000000000C5
:109BC0000BFFFF30000000000000000000AFFFF2BC
:109BD0000000000000000000000CFFFF000000007B
:109BE000000000000003FFFFB000000000000000C4
:109BF0000000CFFFF4000000000000000000BFFFE5
:109C0000FA000000000000000001CFFFFD1000007E
:109C1000000000000001DFFFFD1000000000000058
:109C20000001DFFFFC100000000000000001DFFF6A
:109C3000FB000000000000000000BFFFFB00000070
:109C40000000000000004FFFFD10000000000000B9
:109C500000000AFFFF50000000000000000000EFBD
:109C6000FFF00000000000000000000FFFFD0000FA
:109C700000000000000000001111100000000000B2
:109C800000000000000000000000000000000000D4
:109C900000000000000000000000000000000000C4
:109CA0000000000000000000000000200000000094
:109CB00000000000000008FFF500000000000000A8
:109CC000000005FFFFF2000000000000000000AFF0
:109CD000FFFF60000000000000000009FFFFF5002A
:109CE00000000000000000004FFFFE100000000018
:109CF00000000000005DFC200000000000000000EB
:109D000000000000379CDEFFEDC96300000000008A
:109D100000000000000000000004AEFFFFFFFFFF96
:109D2000FFFFE93000000000000000000000000616
:109D3000DFFFFFFFFFFFFFFFFFFFFC500000000001
:109D4000000000000003DFFFFFFDA75433457ADF6A
:109D5000FFFFFB2000000000000000008FFFFFD687
:109D6000100000000000016DFFFFF6000000000081
:109D700000000BFFFFC40000000000000000004CCA
:109D8000FFFF90000000000000CFFFF60000000081
:109D9000000000000000006FFFFA00000000000B50
:109DA000FFFD20000000000000000000000002DFB6
:109DB000FF90000000009FFFD10000000037ABBA09
:109DC0007300003BBBA00CFFF600000004FFFE1078
:109DD0000000006EFFFFFFFFD5005FFFD001DFFF37
:109DE0002000000EFFF30000002DFFFFFFFFFFFF2C
:109DF000B15FFFD0003FFFB000006FFF80000003A5
:109E0000EFFFFFFFFFFFFFFC5FFFD00007FFF30046
:109E100000EFFE0000001EFFFFF9410138EFFFEFE9
:109E2000FFD00000EFFA0004FFF7000000CFFFFBB7
:109E3000100000000BFFFFFFD000006FFF100AFFB3
:109E4000F0000005FFFFB000000000009FFFFFD002
:109E500000001FFF600FFFB000000CFFFE100000AD
:109E60000000000DFFFFD000000BFFA02FFF6000DF
:109E7000002FFFF600000000000003FFFFD00000ED
:109E800007FFD05FFF3000007FFFF0000000000000
:109E90000000CFFFD0000004FFF08FFF000000AFF4
:109EA000FFB0000000000000008FFFD0000001FFA5
:109EB000F29FFE000000CFFF8000000000000000C5
:109EC0005FFFD0000000FFF3AFFD000000DFFF7078
:109ED000000000000000004FFFD0000000FFF4BFB2
:109EE000FD000000DFFF70000000000000003FFFE9
:109EF000D0000000FFF4AFFD000000CFFF800000A5
:109F000000000000004FFFD0000000FFF39FFE00A4
:109F10000000AFFFA0000000000000007FFFD000A5
:109F20000001FFF38FFF0000007FFFE00000000052
:109F3000000000BFFFD0000002FFF15FFF30000013
:109F40003FFFF400000000000001FFFFD00000050B
:109F5000FFE02FFF6000000DFFFC0000000000008C
:109F60000AFFFFD0000009FFB00EFFB0000007FF9E
:109F7000FF7000000000005FFFFFE000000FFF60C7
:109F800009FFF1000000DFFFF70000000006FFFFFF
:109F9000FFF200008FFF1004FFF70000003FFFFFFB
:109FA000C4000003BFFFDEFFFB0006FFF90000DF77
:109FB000FE00000006FFFFFFFCBCEFFFFF2AFFFFD3
:109FC000EBDFFFE100006FFF800000005FFFFFFF9D
:109FD000FFFFFFE302FFFFFFFFFF4000000DFFF365
:109FE00000000002AFFFFFFFFFFA10005FFFFFFF5E
:109FF000E400000003FFFE20000000028BEFFEB72C
:10A00000200000029EFEC710000000009FFFD1004C
:10A010000000000000000000000000000000000040
:10A020000000000BFFFE2000000000000000000008
:10A030000000000000000000000000CFFFF600005C
:10A040000000000000000000000000000000000010
:10A0500000000BFFFFC40000000000000000000033
:10A06000000000000000000000009FFFFFD620005D
:10A0700000000000039F40000000000000000000FE
:10A080000004DFFFFFFDA75544569BFFFFA0000023
:10A0900000000000000000000006DFFFFFFFFFFFE0
:10A0A000FFFFFFFFE00000000000000000000000D4
:10A0B0000005AFFFFFFFFFFFFFFFC600000000002D
:10A0C0000000000000000000000047ACEEFFEDB80B
:10A0D000510000000000000000000000000000002F
:10A0E00001FFFFF20000000000000000000000007F
:10A0F0000000008FFFFF9000000000000000000043
:10A1000000000000000EFFFFFF1000000000000034
:10A110000000000000000006FFFFFFF70000000045
:10A1200000000000000000000000DFFFFFFFE00073
:10A130000000000000000000000000004FFFF9FFD9
:10A14000FF600000000000000000000000000BFFA6
:10A15000FE0DFFFD000000000000000000000000F8
:10A1600003FFFF707FFFF40000000000000000000C
:10A17000000000AFFFF100FFFFB000000000000092
:10A1800000000000001FFFF90009FFFF2000000091
:10A190000000000000000008FFFF20002FFFFA0071
:10A1A00000000000000000000000EFFFC00000BF42
:10A1B000FFF1000000000000000000006FFFF5004C
:10A1C0000004FFFF800000000000000000000DFF01
:10A1D000FE0000000DFFFE00000000000000000077
:10A1E00005FFFF700000007FFFF600000000000088
:10A1F000000000CFFFF100000000FFFFD0000000D2
:10A2000000000000003FFFF90000000009FFFF50C0
:10A21000000000000000000AFFFF30000000002FD7
:10A22000FFFC0000000000000002FFFFC000000073
:10A230000000BFFFF3000000000000008FFFF500EA
:10A240000000000004FFFFA00000000000000FFF5E
:10A25000FE0000000000000DFFFF200000000000D5
:10A2600007FFFF700000000000007FFFF900000002
:10A27000000000EFFFFFFFFFFFFFFFFFFFFFFFF109
:10A2800000000000005FFFFFFFFFFFFFFFFFFFFF79
:10A29000FFFF70000000000CFFFFFFFFFFFFFFFF4C
:10A2A000FFFFFFFFFE0000000003FFFFFEEEEEEEEB
:10A2B000EEEEEEEEEEFFFFF500000000BFFFF50052
:10A2C0000000000000000004FFFFD00000002FFF8E
:10A2D000FD0000000000000000000DFFFF40000036
:10A2E00009FFFF600000000000000000005FFFFBAE
:10A2F000000001FFFFE0000000000000000000007F
:10A30000EFFFF200007FFFF70000000000000000F8
:10A31000000007FFFF90000EFFFF1000000000008C
:10A3200000000000000FFFFF1006FFFF900000007C
:10A3300000000000000000008FFFF800DFFFF200C7
:10A340000000000000000000000001FFFFE0FFFF30
:10A35000FFFFFFFFFFFFEDB8400000000FFFFFFF12
:10A36000FFFFFFFFFFFFFFE8000000FFFFFFFFFF11
:10A37000FFFFFFFFFFFFFE30000FFFFFFFFFFFFFAC
:10A38000FFFFFFFFFFFF3000FFFFD00000000000D5
:10A39000037DFFFFFE000FFFFD0000000000000036
:10A3A00008FFFFF700FFFFD00000000000000008DA
:10A3B000FFFFD00FFFFD00000000000000000FFFB6
:10A3C000FF00FFFFD00000000000000000BFFFF111
:10A3D0000FFFFD00000000000000000AFFFF10FF5B
:10A3E000FFD00000000000000000BFFFF00FFFFDE5
:10A3F00000000000000000000FFFFC00FFFFD00085
:10A4000000000000000009FFFF700FFFFD000000CA
:10A410000000000008FFFFE000FFFFD00000000088
:10A4200000148EFFFFF3000FFFFFFFFFFFFFFFFF92
:10A43000FFFFFFE40000FFFFFFFFFFFFFFFFFFFF45
:10A44000FFE300000FFFFFFFFFFFFFFFFFFFFFFF26
:10A45000FB2000FFFFFFFFFFFFFFFFFFFFFFFFFFEE
:10A46000400FFFFD0000000000000259FFFFFF3019
:10A47000FFFFD00000000000000001BFFFFD0FFF44
:10A48000FD000000000000000000CFFFF5FFFFD03E
:10A49000000000000000000004FFFFAFFFFD00000F
:10A4A000000000000000000FFFFDFFFFD0000000D3
:10A4B000000000000000EFFFEFFFFD0000000000C3
:10A4C000000000000FFFFEFFFFD0000000000000B2
:10A4D000000004FFFFCFFFFD0000000000000000AF
:10A4E00000CFFFF8FFFFD00000000000000001AF28
:10A4F000FFFF3FFFFD0000000000000249FFFFFFDB
:10A50000A0FFFFFFFFFFFFFFFFFFFFFFFFFFD10FD8
:10A51000FFFFFFFFFFFFFFFFFFFFFFFFB000FFFF99
:10A52000FFFFFFFFFFFFFFFFFFFC40000FFFFFFFEC
:10A53000FFFFFFFFFFEEC961000000000000000008
:10A540000037ADEFFEDB84000000000000000017C4
:10A55000EFFFFFFFFFFFFE910000000000007FFF04
:10A56000FFFFFFFFFFFFFFF80000000002DFFFFF1B
:10A57000FFFFFFFFFFFFFFFD20000004FFFFFFFFC5
:10A58000C965568BFFFFFFFE300004FFFFFFE81098
:10A59000000000005DFFFFF80002FFFFFF910000D8
:10A5A0000000000006FFF80000DFFFFF6000000071
:10A5B0000000000003E800008FFFFF5000000000D3
:10A5C000000000000000001FFFFF800000000000EE
:10A5D00000000000000007FFFFD0000000000000A6
:10A5E000000000000000DFFFF50000000000000098
:10A5F00000000000002FFFFE00000000000000002F
:10A600000000000005FFFF900000000000000000B7
:10A61000000000008FFFF5000000000000000000B7
:10A6200000000009FFFF30000000000000000000F3
:10A63000000000AFFFF2000000000000000000007A
:10A6400000000AFFFF2000000000000000000000E2
:10A6500000009FFFF3000000000000000000000069
:10A660000008FFFF50000000000000000000000094
:10A67000005FFFF900000000000000000000000083
:10A6800002FFFFE0000000000000000000000000EA
:10A690000DFFFF500000000000000000000000005F
:10A6A0007FFFFD000000000000000000000000012E
:10A6B000FFFFF8000000000000000000000000089C
:10A6C000FFFFF50000000000000000001000000D7A
:10A6D000FFFFF600000000000000003E9000003F79
:10A6E000FFFFF9100000000000006FFF9000004F16
:10A6F000FFFFFE810000000005DFFFFF9000004F1C
:10A70000FFFFFFFD975568BFFFFFFFE20000002D30
:10A71000FFFFFFFFFFFFFFFFFFFFC100000000087A
:10A72000FFFFFFFFFFFFFFFFFF80000000000001B1
:10A730008EFFFFFFFFFFFFE8100000000000000099
:10A74000037ADEFFFDB840000000FFFFFFFFFFFFC0
:10A75000FFFEDB961000000000000FFFFFFFFFFF71
:10A76000FFFFFFFFFFC50000000000FFFFFFFFFF2E
:10A77000FFFFFFFFFFFFFE500000000FFFFFFFFF86
:10A78000FFFFFFFFFFFFFFFFB1000000FFFFE3330C
:10A790003333334579DFFFFFFFD200000FFFFD00A9
:10A7A00000000000000029FFFFFFE20000FFFFD0D3
:10A7B0000000000000000002BFFFFFD0000FFFFDFF
:10A7C0000000000000000000008FFFFF9000FFFF6E
:10A7D000D00000000000000000007FFFFF300FFFEE
:10A7E000FD00000000000000000000BFFFFB00FFB4
:10A7F000FFD000000000000000000001FFFFF20F8A
:10A80000FFFD0000000000000000000009FFFF80C5
:10A81000FFFFD0000000000000000000002FFFFC40
:10A820000FFFFD0000000000000000000000EFFF2F
:10A83000F0FFFFD0000000000000000000000AFF51
:10A84000FF2FFFFD00000000000000000000008F4F
:10A85000FFF4FFFFD0000000000000000000000730
:10A86000FFFF5FFFFD00000000000000000000008F
:10A870007FFFF5FFFFD00000000000000000000097
:10A8800008FFFF4FFFFD0000000000000000000077
:10A8900000AFFFF2FFFFD00000000000000000004A
:10A8A000000EFFFF0FFFFD00000000000000000091
:10A8B0000002FFFFC0FFFFD000000000000000000A
:10A8C00000009FFFF80FFFFD0000000000000000E7
:10A8D00000001FFFFF20FFFFD0000000000000006D
:10A8E00000000BFFFFB00FFFFD00000000000000A4
:10A8F000000007FFFFF300FFFFD000000000000092
:10A90000000007FFFFF9000FFFFD0000000000003E
:10A9100000001BFFFFFD0000FFFFD0000000000053
:10A9200000029FFFFFFE20000FFFFE33333333345E
:10A93000469DFFFFFFFD200000FFFFFFFFFFFFFF21
:10A94000FFFFFFFFFFFB1000000FFFFFFFFFFFFFF8
:10A95000FFFFFFFFFFE500000000FFFFFFFFFFFF1D
:10A96000FFFFFFFFFC50000000000FFFFFFFFFFF95
:10A97000FFFFEEC961000000000000FFFFFFFFFFC6
:10A98000FFFFFFFFFFFFFC0FFFFFFFFFFFFFFFFFCA
:10A99000FFFFFFC0FFFFFFFFFFFFFFFFFFFFFFFC09
:10A9A0000FFFFFFFFFFFFFFFFFFFFFFFC0FFFFE302
:10A9B0003333333333333333320FFFFD00000000C2
:10A9C000000000000000FFFFD000000000000000B9
:10A9D00000000FFFFD00000000000000000000FF6D
:10A9E000FFD00000000000000000000FFFFD00008D
:10A9F0000000000000000000FFFFD0000000000089
:10AA0000000000000FFFFD0000000000000000003B
:10AA100000FFFFD00000000000000000000FFFFD5D
:10AA200000000000000000000000FFFFD2222222F0
:10AA30002222222221000FFFFFFFFFFFFFFFFFFF67
:10AA4000FFB000FFFFFFFFFFFFFFFFFFFFFB000F57
:10AA5000FFFFFFFFFFFFFFFFFFFFB000FFFFFFFF54
:10AA6000FFFFFFFFFFFFFB000FFFFD0000000000E6
:10AA70000000000000FFFFD0000000000000000008
:10AA8000000FFFFD00000000000000000000FFFFBD
:10AA9000D00000000000000000000FFFFD000000DB
:10AAA00000000000000000FFFFD0000000000000D8
:10AAB0000000000FFFFD000000000000000000008B
:10AAC000FFFFD00000000000000000000FFFFD00AD
:10AAD000000000000000000000FFFFD000000000A8
:10AAE00000000000000FFFFE3333333333333333C2
:10AAF0003331FFFFFFFFFFFFFFFFFFFFFFFF6FFF90
:10AB0000FFFFFFFFFFFFFFFFFFFFF6FFFFFFFFFF5E
:10AB1000FFFFFFFFFFFFFF6FFFFFFFFFFFFFFFFFD5
:10AB2000FFFFFFF6FFFFFFFFFFFFFFFFFFFFFFFC41
:10AB3000FFFFFFFFFFFFFFFFFFFFFFFCFFFFFFFF28
:10AB4000FFFFFFFFFFFFFFFCFFFFFFFFFFFFFFFF18
:10AB5000FFFFFFFCFFFFE333333333333333333251
:10AB6000FFFFD0000000000000000000FFFFD00049
:10AB70000000000000000000FFFFD0000000000007
:10AB800000000000FFFFD0000000000000000000F7
:10AB9000FFFFD0000000000000000000FFFFD00019
:10ABA0000000000000000000FFFFD00000000000D7
:10ABB00000000000FFFFD0000000000000000000C7
:10ABC000FFFFD0000000000000000000FFFFD000E9
:10ABD0000000000000000000FFFFD00000000000A7
:10ABE00000000000FFFFFFFFFFFFFFFFFFFFFB0074
:10ABF000FFFFFFFFFFFFFFFFFFFFFB00FFFFFFFF68
:10AC0000FFFFFFFFFFFFFB00FFFFFFFFFFFFFFFF57
:10AC1000FFFFFB00FFFFD22222222222222221005C
:10AC2000FFFFD0000000000000000000FFFFD00088
:10AC30000000000000000000FFFFD0000000000046
:10AC400000000000FFFFD000000000000000000036
:10AC5000FFFFD0000000000000000000FFFFD00058
:10AC60000000000000000000FFFFD0000000000016
:10AC700000000000FFFFD000000000000000000006
:10AC8000FFFFD0000000000000000000FFFFD00028
:10AC90000000000000000000FFFFD00000000000E6
:10ACA00000000000FFFFD0000000000000000000D6
:10ACB000FFFFD000000000000000000000000000C6
:10ACC000000027ACEFFFEC95100000000000000032
:10ACD000007DFFFFFFFFFFFFFB40000000000000C2
:10ACE0007FFFFFFFFFFFFFFFFFFB20000000002DA5
:10ACF000FFFFFFFFFFFFFFFFFFFFF600000004FF65
:10AD0000FFFFFFD975567AEFFFFFFF7000004FFF7E
:10AD1000FFFF820000000003AFFFFFD00002FFFF33
:10AD2000FFA100000000000002BFFD10000DFFFFAA
:10AD3000F6000000000000000008C100007FFFFFD7
:10AD400050000000000000000000000001FFFFF8BC
:10AD500000000000000000000000000007FFFFD01E
:10AD60000000000000000000000000000DFFFF4098
:10AD70000000000000000000000000002FFFFE00A7
:10AD80000000000000000000000000005FFFF9006C
:10AD90000000000000000000000000008FFFF50030
:10ADA0000000000000000000000000009FFFF30012
:10ADB000000000000000000000000000AFFFF200F3
:10ADC000000000000000000000233320AFFFF2006D
:10ADD000000000000000000000BFFFE09FFFF30044
:10ADE000000000000000000000BFFFE08FFFF50042
:10ADF000000000000000000000BFFFE05FFFF9005E
:10AE0000000000000000000000BFFFE02FFFFE0078
:10AE1000000000000000000000BFFFE00DFFFF5039
:10AE2000000000000000000000BFFFE007FFFFD0AF
:10AE3000000000000000000000BFFFE001EFFFF88D
:10AE4000000000000000000000BFFFE0007FFFFFE7
:10AE5000500000000000000000BFFFE0000CFFFFFA
:10AE6000F60000000000000000BFFFE00002FFFF4E
:10AE7000FFA100000000000001CFFFE000004FFF35
:10AE8000FFFF8200000000028FFFFFE0000004EFE0
:10AE9000FFFFFFD976567ADFFFFFFFD00000002DBD
:10AEA000FFFFFFFFFFFFFFFFFFFFFA1000000000A2
:10AEB0007FFFFFFFFFFFFFFFFFFD500000000000CE
:10AEC000017DFFFFFFFFFFFFFB40000000000000CF
:10AED000000027ADEFFFDB9510000000FFFFD00062
:10AEE0000000000000000000DFFFFFFFFD00000089
:10AEF0000000000000000DFFFFFFFFD00000000079
:10AF00000000000000DFFFFFFFFD00000000000068
:10AF10000000000DFFFFFFFFD00000000000000058
:10AF20000000DFFFFFFFFD00000000000000000048
:10AF30000DFFFFFFFFD0000000000000000000DF59
:10AF4000FFFFFFFD0000000000000000000DFFFFFC
:10AF5000FFFFD0000000000000000000DFFFFFFF47
:10AF6000FD0000000000000000000DFFFFFFFFD00B
:10AF7000000000000000000000DFFFFFFFFD0000F8
:10AF8000000000000000000DFFFFFFFFD0000000E8
:10AF9000000000000000DFFFFFFFFD0000000000D8
:10AFA000000000000DFFFFFFFFE333333333333383
:10AFB000333333EFFFFFFFFFFFFFFFFFFFFFFFFF15
:10AFC000FFFFFFFFFFFFFFFFFFFFFFFFFFFFFFFF91
:10AFD000FFFFFFFFFFFFFFFFFFFFFFFFFFFFFFFF81
:10AFE000FFFFFFFFFFFFFFFFFFFFFFFFFFFFFFFF71
:10AFF000FFFD0000000000000000000DFFFFFFFF4C
:10B00000D0000000000000000000DFFFFFFFFD0097
:10B0100000000000000000000DFFFFFFFFD0000057
:10B0200000000000000000DFFFFFFFFD0000000047
:10B0300000000000000DFFFFFFFFD0000000000037
:10B0400000000000DFFFFFFFFD0000000000000027
:10B0500000000DFFFFFFFFD0000000000000000017
:10B0600000DFFFFFFFFD0000000000000000000DFA
:10B07000FFFFFFFFD0000000000000000000DFFF26
:10B08000FFFFFD0000000000000000000DFFFFFFBB
:10B09000FFD0000000000000000000DFFFFFFFFD08
:10B0A0000000000000000000000DFFFFFFFFD000C7
:10B0B0000000000000000000DFFFFFFFFD000000B7
:10B0C0000000000000000DFFFFFFFFDFFFFDFFFF9E
:10B0D000DFFFFDFFFFDFFFFDFFFFDFFFFDFFFFDF06
:10B0E000FFFDFFFFDFFFFDFFFFDFFFFDFFFFDFFFD6
:10B0F000FDFFFFDFFFFDFFFFDFFFFDFFFFDFFFFDC8
:10B10000FFFFDFFFFDFFFFDFFFFDFFFFDFFFFDFFB5
:10B11000FFDFFFFDFFFFDFFFFDFFFFDFFFFD0000A3
:10B12000FFFFFFFFFFFFFFFFE0000FFFFFFFFFFF3D
:10B13000FFFFFE0000FFFFFFFFFFFFFFFFE0000F2C
:10B14000FFFFFFFFFFFFFFFE0000333333333333D6
:10B15000EFFFE0000000000000000EFFFE00000016
:10B160000000000000EFFFE0000000000000000E03
:10B17000FFFE0000000000000000EFFFE000000004
:10B18000000000000EFFFE0000000000000000EFC5
:10B19000FFE0000000000000000EFFFE00000000C5
:10B1A00000000000EFFFE0000000000000000EFFC4
:10B1B000FE0000000000000000EFFFE000000000C3
:10B1C0000000000EFFFE0000000000000000EFFF86
:10B1D000E0000000000000000EFFFE000000000084
:10B1E000000000EFFFE0000000000000000EFFFE86
:10B1F0000000000000000000EFFFE0000000000081
:10B2000000000EFFFE0000000000000000EFFFD075
:10B21000000000000000000EFFFD00000000000024
:10B220000000FFFFC0000000000000002FFFFA0038
:10B230003D100000000007FFFF702EFC0000000022
:10B2400000EFFFF31DFFFD30000000BFFFFD02FF18
:10B25000FFFFC64348EFFFFF6004FFFFFFFFFFFF54
:10B26000FFFFB00003EFFFFFFFFFFFFFB100000192
:10B270009FFFFFFFFFFF800000000016ADFFEDA65F
:10B28000100000FFFFD000000000000000006FFF72
:10B29000FE20FFFFD00000000000000005FFFFF3CC
:10B2A00000FFFFD0000000000000005FFFFF300043
:10B2B000FFFFD000000000000004FFFFF40000FFCB
:10B2C000FFD00000000000004FFFFF500000FFFF14
:10B2D000D0000000000003FFFFF6000000FFFFD0D9
:10B2E00000000000003FFFFF70000000FFFFD000E3
:10B2F00000000003EFFFF800000000FFFFD0000097
:10B3000000002EFFFF9000000000FFFFD0000000B3
:10B3100002EFFFFA0000000000FFFFD00000001E57
:10B32000FFFFA00000000000FFFFD0000001DFFFD2
:10B33000FB000000000000FFFFD000001DFFFFC069
:10B34000000000000000FFFFD00001DFFFFD100043
:10B350000000000000FFFFD0000CFFFFD100000044
:10B3600000000000FFFFD000CFFFFF7000000000D2
:10B37000000000FFFFD00BFFFFFFF3000000000004
:10B380000000FFFFD0BFFFFFFFFE10000000000025
:10B3900000FFFFDAFFFFFFFFFFC00000000000001A
:10B3A000FFFFFFFFFF68FFFFFA000000000000FF43
:10B3B000FFFFFFF600AFFFFF700000000000FFFF7F
:10B3C000FFFF70000CFFFFF40000000000FFFFFF14
:10B3D000F7000001DFFFFE2000000000FFFFFF700C
:10B3E0000000002EFFFFD000000000FFFFF800006B
:10B3F000000004FFFFFB00000000FFFFD000000082
:10B4000000006FFFFF80000000FFFFD00000000081
:10B410000008FFFFF5000000FFFFD0000000000063
:10B4200000AFFFFF300000FFFFD000000000000071
:10B430000CFFFFE10000FFFFD00000000000000152
:10B44000EFFFFC0000FFFFD0000000000000002F15
:10B45000FFFF9000FFFFD00000000000000004FF8D
:10B46000FFF600FFFFD000000000000000006FFFAB
:10B47000FF40FFFFD0000000000000000009FFFFB8
:10B48000E2FFFFD0000000000000000000FFFFD03E
:10B49000000000000000000000FFFFD000000000DE
:10B4A0000000000000FFFFD00000000000000000CE
:10B4B00000FFFFD0000000000000000000FFFFD0F0
:10B4C000000000000000000000FFFFD000000000AE
:10B4D0000000000000FFFFD000000000000000009E
:10B4E00000FFFFD0000000000000000000FFFFD0C0
:10B4F000000000000000000000FFFFD0000000007E
:10B500000000000000FFFFD000000000000000006D
:10B5100000FFFFD0000000000000000000FFFFD08F
:10B52000000000000000000000FFFFD0000000004D
:10B530000000000000FFFFD000000000000000003D
:10B5400000FFFFD0000000000000000000FFFFD05F
:10B55000000000000000000000FFFFD0000000001D
:10B560000000000000FFFFD000000000000000000D
:10B5700000FFFFD0000000000000000000FFFFD02F
:10B58000000000000000000000FFFFD000000000ED
:10B590000000000000FFFFD00000000000000000DD
:10B5A00000FFFFD0000000000000000000FFFFD0FF
:10B5B000000000000000000000FFFFD000000000BD
:10B5C0000000000000FFFFD00000000000000000AD
:10B5D00000FFFFD0000000000000000000FFFFE3BC
:10B5E000333333333333333330FFFFFFFFFFFFFF9A
:10B5F000FFFFFFFFF0FFFFFFFFFFFFFFFFFFFFFF6A
:10B60000F0FFFFFFFFFFFFFFFFFFFFFFF0FFFFFF68
:10B61000FFFFFFFFFFFFFFFFF0FFFF400000000004
:10B62000000000000000000007FFFCFFFFD000004A
:10B63000000000000000000000001FFFFCFFFFF6FC
:10B64000000000000000000000000000AFFFFCFF51
:10B65000FFFE100000000000000000000003FFFFDC
:10B66000FCFFFFFF90000000000000000000000C45
:10B67000FFFFFCFFFFFFF3000000000000000000E0
:10B68000005FFFFFFCFFFFFFFC0000000000000068
:10B69000000000EFFFFFFCFFFFFFFF500000000075
:10B6A0000000000008FFFFFFFCFFFFFFFFE00000BD
:10B6B0000000000000002FFFFFFFFCFFFFEFFFF87E
:10B6C0000000000000000000AFFFEEFFFCFFFFAB3A
:10B6D000FFFF2000000000000004FFFF6DFFFCFFE3
:10B6E000FFA2FFFFB00000000000000DFFFC0DFFF7
:10B6F000FCFFFFA08FFFF40000000000006FFFF3CD
:10B700000DFFFCFFFFA00EFFFD000000000001EF99
:10B71000FFA00DFFFCFFFFA005FFFF700000000071
:10B7200009FFFF100DFFFCFFFFA000BFFFF10000AD
:10B7300000002FFFF7000DFFFCFFFFA0002FFFFA16
:10B7400000000000BFFFD0000DFFFCFFFFA00008BD
:10B75000FFFF30000005FFFF40000DFFFCFFFFA0D2
:10B760000000EFFFC000000DFFFB00000DFFFCFF1D
:10B77000FFA000005FFFF600007FFFF200000DFF5A
:10B78000FCFFFFA000000CFFFE1001FFFF80000087
:10B790000DFFFCFFFFA0000002FFFF900AFFFE006C
:10B7A00000000DFFFCFFFFA00000009FFFF23FFF25
:10B7B000F50000000DFFFCFFFFA00000001EFFFBD6
:10B7C000CFFFB00000000DFFFCFFFFA0000000064F
:10B7D000FFFFFFFF200000000DFFFCFFFFA00000A7
:10B7E0000000CFFFFFF9000000000DFFFCFFFFA0ED
:10B7F000000000003FFFFFE1000000000DFFFCFF24
:10B80000FFA00000000009FFFF60000000000DFF26
:10B81000FCFFFFA00000000001EFFC0000000000A2
:10B820000DFFFCFFFFA000000000006EE300000021
:10B8300000000DFFFCFFFFA0000000000000000062
:10B84000000000000DFFFCFFFFA000000000000052
:10B850000000000000000DFFFCFFFFA00000000042
:10B8600000000000000000000DFFFCFFFFA0000032
:10B87000000000000000000000000DFFFCFFFF5072
:10B88000000000000000000000DFFFFFFFFF3000AD
:10B89000000000000000000DFFFFFFFFFE10000091
:10B8A000000000000000DFFFFFFFFFFB00000000C2
:10B8B000000000000DFFFFFFFFFFF8000000000088
:10B8C000000000DFFFFFFFFFFFF5000000000000A9
:10B8D000000DFFFFFFFFFFFFF2000000000000006F
:10B8E000DFFFFFFFFFFFFFD10000000000000DFFA2
:10B8F000FFFFFFFFFFFFB0000000000000DFFFFFC1
:10B90000FFFD7FFFFF8000000000000DFFFFFFFF35
:10B91000D0AFFFFF500000000000DFFFFFFFFD0081
:10B92000DFFFFF20000000000DFFFFFFFFD002FF40
:10B93000FFFD0000000000DFFFFFFFFD0004FFFF30
:10B94000FB000000000DFFFFFFFFD00008FFFFF825
:10B9500000000000DFFFFFFFFD00000BFFFFF40011
:10B9600000000DFFFFFFFFD000000DFFFFF2000001
:10B9700000DFFFFFFFFD0000002FFFFFD000000DE4
:10B98000FFFFFFFFD00000005FFFFFA00000DFFF10
:10B99000FFFFFD000000008FFFFF70000DFFFFFFA5
:10B9A000FFD000000000BFFFFF4000DFFFFFFFFDF2
:10B9B0000000000001DFFFFE200DFFFFFFFFD000B1
:10B9C00000000002FFFFFD00DFFFFFFFFD000000A1
:10B9D000000005FFFFFA0DFFFFFFFFD00000000091
:10B9E0000008FFFFF7DFFFFFFFFD00000000000081
:10B9F0000BFFFFFFFFFFFFFFD00000000000001E55
:10BA0000FFFFFFFFFFFFFD000000000000003FFF01
:10BA1000FFFFFFFFFFD0000000000000005FFFFFFE
:10BA2000FFFFFFFD00000000000000009FFFFFFF80
:10BA3000FFFFD00000000000000000CFFFFFFFFF6D
:10BA4000FD000000000000000001EFFFFFFFFFD03D
:10BA5000000000000000000003FFFFFFFFFD0000EA
:10BA60000000000000000006FFFF000000000000D2
:10BA700027ADEFFEDB8400000000000000000000A6
:10BA80000007DFFFFFFFFFFFFF9200000000000044
:10BA90000000007FFFFFFFFFFFFFFFFFFA10000025
:10BAA0000000000002CFFFFFFFFFFFFFFFFFFFFFCF
:10BAB00050000000000004EFFFFFFFC965568BFF38
:10BAC000FFFFFF800000000003FFFFFFE810000001
:10BAD00000005CFFFFFF8000000002FFFFFF9100FD
:10BAE000000000000006EFFFFF70000000CFFFFF26
:10BAF000500000000000000002DFFFFF2000007F78
:10BB0000FFFF50000000000000000001EFFFFC00FC
:10BB1000000EFFFF8000000000000000000003FF97
:10BB2000FFF50007FFFFD00000000000000000004C
:10BB30000008FFFFC000CFFFF5000000000000007C
:10BB4000000000000EFFFF201FFFFE0000000000AD
:10BB5000000000000000009FFFF705FFFF900000BD
:10BB600000000000000000000003FFFFA08FFFF5B1
:10BB70000000000000000000000000000FFFFD09B1
:10BB8000FFFF30000000000000000000000000EF98
:10BB9000FFE0AFFFF2000000000000000000000026
:10BBA000000DFFFF0AFFFF20000000000000000062
:10BBB00000000000DFFFF09FFFF300000000000026
:10BBC0000000000000000EFFFE08FFFF5000000014
:10BBD000000000000000000000FFFFD05FFFF90040
:10BBE00000000000000000000000004FFFFA01FF0D
:10BBF000FFE0000000000000000000000009FFFF5F
:10BC0000700CFFFF5000000000000000000000006A
:10BC1000EFFFF2007FFFFD000000000000000000C9
:10BC200000008FFFFC0000EFFFF8000000000000A4
:10BC3000000000003FFFFF500007FFFFF50000007D
:10BC40000000000000001EFFFFC000000CFFFFF618
:10BC500000000000000000002DFFFFF20000002F98
:10BC6000FFFFF9100000000000006EFFFFF700006A
:10BC700000003FFFFFFE810000000005CFFFFFF93D
:10BC800000000000004EFFFFFFFC965568BFFFFF5D
:10BC9000FFF80000000000002DFFFFFFFFFFFFFF87
:10BCA000FFFFFFF60000000000000007FFFFFFFF9E
:10BCB000FFFFFFFFFFA10000000000000000017D6A
:10BCC000FFFFFFFFFFFFFA20000000000000000060
:10BCD0000000027ADEFFEDB840000000000000FF27
:10BCE000FFFFFFFFFFFFEDB84000000000FFFFFF78
:10BCF000FFFFFFFFFFFFFE82000000FFFFFFFFFFCF
:10BD0000FFFFFFFFFFFF600000FFFFFFFFFFFFFFE0
:10BD1000FFFFFFFFFA0000FFFFE33333333456AE7B
:10BD2000FFFFFF9000FFFFD00000000000005EFF5B
:10BD3000FFF500FFFFD000000000000000CFFFFE75
:10BD400000FFFFD0000000000000000EFFFF50FFCA
:10BD5000FFD00000000000000005FFFFA0FFFFD0A3
:10BD60000000000000000000FFFFE0FFFFD0000027
:10BD7000000000000000CFFFF0FFFFD00000000037
:10BD800000000000AFFFF1FFFFD000000000000046
:10BD90000000AFFFF1FFFFD0000000000000000036
:10BDA000CFFFF0FFFFD00000000000000000FFFF09
:10BDB000E0FFFFD00000000000000005FFFFA0FF33
:10BDC000FFD0000000000000000EFFFF50FFFFD07A
:10BDD00000000000000000CFFFFE00FFFFD00000C9
:10BDE000000000005EFFFFF500FFFFE33333333454
:10BDF00056AEFFFFFFA000FFFFFFFFFFFFFFFFFFAB
:10BE0000FFFFFA0000FFFFFFFFFFFFFFFFFFFFFF45
:10BE1000600000FFFFFFFFFFFFFFFFFFFF9200003A
:10BE200000FFFFFFFFFFFFFFEDB84000000000FF35
:10BE3000FFD00000000000000000000000FFFFD065
:10BE40000000000000000000000000FFFFD0000024
:10BE5000000000000000000000FFFFD00000000014
:10BE600000000000000000FFFFD000000000000004
:10BE70000000000000FFFFD00000000000000000F4
:10BE8000000000FFFFD000000000000000000000E4
:10BE900000FFFFD00000000000000000000000FFD5
:10BEA000FFD00000000000000000000000FFFFD0F5
:10BEB0000000000000000000000000000000000082
:10BEC0000027ADEFFEDB8400000000000000000052
:10BED0000000007DFFFFFFFFFFFFF92000000000D2
:10BEE00000000000006EFFFFFFFFFFFFFFFFFA10E2
:10BEF000000000000000002CFFFFFFFFFFFFFFFF1E
:10BF0000FFFFF500000000000003EFFFFFFFC96521
:10BF1000568BFFFFFFFF8000000000003FFFFFFE89
:10BF2000810000000005DFFFFFF80000000002EFC5
:10BF3000FFFFA100000000000006FFFFFF600000FF
:10BF4000000CFFFFF600000000000000002DFFFFC6
:10BF5000F20000006FFFFF50000000000000000032
:10BF600001EFFFFC000000EFFFF800000000000000
:10BF7000000000003FFFFF400006FFFFD000000070
:10BF80000000000000000008FFFFC0000CFFFF5091
:10BF90000000000000000000000001FFFFF1001F92
:10BFA000FFFE0000000000000000000000009FFFF6
:10BFB000F6004FFFF9000000000000000000000044
:10BFC000004FFFFA008FFFF50000000000000000A6
:10BFD000000000000FFFFD009FFFF30000000000C5
:10BFE000000000000000000EFFFE00AFFFF20000A6
:10BFF000000000000000000000000DFFFF00AFFF88
:10C00000F20000000000000000000000000CFFFF34
:10C0100000AFFFF30000000000000000000000007F
:10C020000DFFFF008FFFF500000000000000000082
:10C030000000000FFFFD005FFFF80000000000009F
:10C040000000000000003FFFFA002FFFFD0000008D
:10C050000000000000000000008FFFF7000DFFFF50
:10C06000400000000000000000000000EFFFF200B0
:10C0700008FFFFC00000000000000000000007FFF4
:10C08000FFC00001FFFFF6000000000000000000FC
:10C09000002FFFFF6000009FFFFF40000000000036
:10C0A00000000001DFFFFD0000001EFFFFF40000A4
:10C0B0000000000000001CFFFFF400000004FFFF70
:10C0C000FF7000000000000004EFFFFF8000000090
:10C0D000007FFFFFFD600000000003BFFFFFFA00CC
:10C0E0000000000007FFFFFFFFA7433469DFFFFFE9
:10C0F000FFA00000000000005FFFFFFFFFFFFFFF49
:10C10000FFFFFFF80000000000000002BFFFFFFF7C
:10C11000FFFFFFFFFFFC30000000000000000004F4
:10C12000CFFFFFFFFFFFFFFB5000000000000000FB
:10C13000000000016ADEFFFFFFF7200000000000A2
:10C1400000000000000000000008FFFFFB000000EE
:10C15000000029000000000000000000008FFFFF29
:10C16000C200000004EF800000000000000000009A
:10C1700007FFFFFF941025BFFFF50000000000003F
:10C18000000000005FFFFFFFFFFFFFFFD100000086
:10C190000000000000000002CFFFFFFFFFFFFC10C7
:10C1A000000000000000000000000006DFFFFFFFAD
:10C1B000FE6000000000000000000000000000041D
:10C1C0008BCDC9500000FFFFFFFFFFFFFFEDB84020
:10C1D00000000000FFFFFFFFFFFFFFFFFFFE8100E9
:10C1E0000000FFFFFFFFFFFFFFFFFFFFFF600000FA
:10C1F000FFFFFFFFFFFFFFFFFFFFFFFA0000FFFF52
:10C20000E33333333456AEFFFFFF9000FFFFD0001F
:10C2100000000000005EFFFFF500FFFFD0000000FF
:10C2200000000000CFFFFE00FFFFD0000000000074
:10C2300000000EFFFF50FFFFD000000000000000D4
:10C2400005FFFFA0FFFFD00000000000000000FF7E
:10C25000FFE0FFFFD00000000000000000CFFFF073
:10C26000FFFFD00000000000000000BFFFF1FFFF53
:10C27000D00000000000000000AFFFF2FFFFD00080
:10C2800000000000000000CFFFF1FFFFD000000021
:10C290000000000000FFFFE0FFFFD00000000000F2
:10C2A000000005FFFFB0FFFFD0000000000000000D
:10C2B0000DFFFF60FFFFD000000000000000BFFF87
:10C2C000FE00FFFFD00000000000004DFFFFF60061
:10C2D000FFFFD222222222358DFFFFFFB000FFFF99
:10C2E000FFFFFFFFFFFFFFFFFFFB0000FFFFFFFF60
:10C2F000FFFFFFFFFFFFFF800000FFFFFFFFFFFFCB
:10C30000FFFFFFFF92000000FFFFFFFFFFFFFFFFA7
:10C31000FFFF30000000FFFFD00000000005FFFF1E
:10C32000D0000000FFFFD000000000009FFFF900D8
:10C330000000FFFFD000000000000DFFFF500000D4
:10C34000FFFFD0000000000003FFFFE10000FFFF3F
:10C35000D00000000000007FFFFC0000FFFFD000C5
:10C3600000000000000BFFFF7000FFFFD000000086
:10C3700000000001EFFFF300FFFFD000000000000D
:10C3800000004FFFFD00FFFFD00000000000000094
:10C3900009FFFFA0FFFFD00000000000000000DF49
:10C3A000FFF500000000169CEFFFEC963000000047
:10C3B000000003BFFFFFFFFFFFFFD81000000009D0
:10C3C000FFFFFFFFFFFFFFFFFF8000000CFFFFFFED
:10C3D000FFFFFFFFFFFFFF30000AFFFFFFA6422322
:10C3E00046ADFFFFD00004FFFFFA1000000000037D
:10C3F0009FF60000BFFFF9000000000000001900D8
:10C40000000FFFFE0000000000000000000002FF1F
:10C41000FF90000000000000000000003FFFF80057
:10C4200000000000000000000002FFFFA00000006C
:10C43000000000000000000FFFFF200000000000CF
:10C440000000000000BFFFFE300000000000000000
:10C45000000004FFFFFFA300000000000000000038
:10C4600008FFFFFFFD95100000000000000007FF1F
:10C47000FFFFFFFFD95100000000000004CFFFFFC5
:10C48000FFFFFFFB600000000000004AFFFFFFFF0E
:10C49000FFFFE70000000000000049DFFFFFFFFF93
:10C4A000FD1000000000000000149DFFFFFFFE20B3
:10C4B0000000000000000000027EFFFFFC00000002
:10C4C0000000000000000009FFFFF4000000000071
:10C4D000000000000009FFFF9000000000000000C5
:10C4E0000000001FFFFC0000000000000000000032
:10C4F00000EFFFD0000000000000000000000FFF70
:10C50000FC0065000000000000000003FFFF900E2B
:10C51000FA2000000000000000DFFFF406FFFFA487
:10C52000000000000003DFFFFD00DFFFFFFEA6426A
:10C5300022357CFFFFFF4003DFFFFFFFFFFFFFFF10
:10C54000FFFFFF6000008FFFFFFFFFFFFFFFFFFE09
:10C550004000000017CFFFFFFFFFFFFFE8100000C3
:10C56000000000169CEFFFEDB840000000DFFFFF69
:10C57000FFFFFFFFFFFFFFFFFFFFFFDFFFFFFFFFEB
:10C58000FFFFFFFFFFFFFFFFFFDFFFFFFFFFFFFFDB
:10C59000FFFFFFFFFFFFFFDFFFFFFFFFFFFFFFFFCB
:10C5A000FFFFFFFFFF333333333337FFFF93333363
:10C5B000333333000000000004FFFF700000000070
:10C5C00000000000000004FFFF70000000000000F9
:10C5D0000000000004FFFF700000000000000000E9
:10C5E000000004FFFF7000000000000000000000D9
:10C5F00004FFFF700000000000000000000004FFC6
:10C60000FF700000000000000000000004FFFF7049
:10C610000000000000000000000004FFFF700000A8
:10C62000000000000000000004FFFF700000000098
:10C6300000000000000004FFFF7000000000000088
:10C640000000000004FFFF70000000000000000078
:10C65000000004FFFF700000000000000000000068
:10C6600004FFFF700000000000000000000004FF55
:10C67000FF700000000000000000000004FFFF70D9
:10C680000000000000000000000004FFFF70000038
:10C69000000000000000000004FFFF700000000028
:10C6A00000000000000004FFFF7000000000000018
:10C6B0000000000004FFFF70000000000000000008
:10C6C000000004FFFF7000000000000000000000F8
:10C6D00004FFFF700000000000000000000004FFE5
:10C6E000FF700000000000000000000004FFFF7069
:10C6F0000000000000000000000004FFFF700000C8
:10C70000000000000000000004FFFF7000000000B7
:10C7100000000000000004FFFF70000000000000A7
:10C720000000000004FFFF70000000000000000097
:10C73000000004FFFF700000000000000000000087
:10C7400004FFFF7000000000004FFFF80000000031
:10C7500000000000007FFFF24FFFF8000000000023
:10C76000000000007FFFF24FFFF800000000000013
:10C770000000007FFFF24FFFF80000000000000003
:10C7800000007FFFF24FFFF80000000000000000F3
:10C79000007FFFF24FFFF8000000000000000000E3
:10C7A0007FFFF24FFFF80000000000000000007F54
:10C7B000FFF24FFFF80000000000000000007FFFC4
:10C7C000F24FFFF80000000000000000007FFFF2C1
:10C7D0004FFFF80000000000000000007FFFF24F54
:10C7E000FFF80000000000000000007FFFF24FFF94
:10C7F000F80000000000000000007FFFF24FFFF88B
:10C800000000000000000000007FFFF24FFFF80072
:10C8100000000000000000007FFFF24FFFF8000062
:10C82000000000000000007FFFF24FFFF800000052
:10C830000000000000007FFFF24FFFF80000000042
:10C8400000000000007FFFF24FFFF8000000000032
:10C85000000000007FFFF24FFFF800000000000022
:10C860000000007FFFF23FFFF90000000000000021
:10C8700000008FFFF22FFFFA000000000000000010
:10C88000009FFFF11FFFFB00000000000000000000
:10C89000AFFFF00FFFFE000000000000000000DF0F
:10C8A000FFE00CFFFF200000000000000001FFFF80
:10C8B000B008FFFF700000000000000007FFFF70DD
:10C8C00004FFFFE0000000000000000DFFFF30004B
:10C8D000DFFFF9000000000000009FFFFC00006F78
:10C8E000FFFF70000000000008FFFFF500000CFFD4
:10C8F000FFFB3000000003BFFFFFB0000001EFFFAF
:10C90000FFFD975579DFFFFFFE100000003EFFFF9F
:10C91000FFFFFFFFFFFFFFD20000000001CFFFFF7E
:10C92000FFFFFFFFFFFB10000000000005CFFFFF2F
:10C93000FFFFFFFC4000000000000000026ADEFF75
:10C94000ECA620000000000DFFFF500000000000DA
:10C95000000000000000CFFFF006FFFFC000000055
:10C960000000000000000003FFFF9000EFFFF30055
:10C970000000000000000000000AFFFF20008FFF01
:10C98000FA000000000000000000001FFFFB000094
:10C990001FFFFF100000000000000000008FFFF4E8
:10C9A00000000AFFFF80000000000000000000EF10
:10C9B000FFD0000003FFFFE00000000000000000C7
:10C9C00006FFFF60000000CFFFF60000000000003F
:10C9D00000000DFFFE000000005FFFFD00000000F2
:10C9E000000000004FFFF8000000000EFFFF4000B5
:10C9F000000000000000BFFFF10000000007FFFF83
:10CA0000A000000000000002FFFFA00000000001E5
:10CA1000FFFFF200000000000009FFFF30000000EF
:10CA200000009FFFF80000000000001FFFFC000056
:10CA3000000000002FFFFF0000000000007FFFF556
:10CA40000000000000000BFFFF600000000000EF8E
:10CA5000FFE000000000000004FFFFD00000000025
:10CA600005FFFF7000000000000000DFFFF4000081
:10CA700000000CFFFF10000000000000007FFFFB23
:10CA8000000000003FFFFA00000000000000000F5F
:10CA9000FFFF20000000AFFFF300000000000000D7
:10CAA0000009FFFF90000001FFFFC0000000000030
:10CAB00000000002FFFFF1000008FFFF500000002F
:10CAC000000000000000BFFFF700000EFFFE0000A6
:10CAD00000000000000000004FFFFD00006FFFF7A6
:10CAE000000000000000000000000DFFFF5000DF0C
:10CAF000FFF10000000000000000000006FFFFC082
:10CB000004FFFF900000000000000000000000EFA4
:10CB1000FFF20BFFFF2000000000000000000000FB
:10CB2000008FFFF92FFFFB00000000000000000055
:10CB30000000001FFFFFAFFFF40000000000000036
:10CB400000000000000AFFFFFFFFD000000000000F
:10CB50000000000000000003FFFFFFFF6000000076
:10CB600000000000000000000000CFFFFFFF0000F9
:10CB70000000000000000000000000005FFFFFF95F
:10CB800000000000000000000000000000000EFF98
:10CB9000FFF20000000000000000000000000000A4
:10CBA00007FFFFB0000000000000004FFFFA000088
:10CBB00000000000000002FFFF90000000000000E5
:10CBC00000003FFFF50FFFFF000000000000000025
:10CBD00008FFFFE000000000000000008FFFF00AE7
:10CBE000FFFF40000000000000000DFFFFF4000008
:10CBF000000000000000EFFFB005FFFFA0000000F4
:10CC0000000000002FFFFFF90000000000000003FB
:10CC1000FFFF5000FFFFE0000000000000008FFF5A
:10CC2000FFFE0000000000000008FFFF0000AFFF53
:10CC3000F400000000000000DFFFFFFF40000000E4
:10CC40000000000EFFFB00005FFFF9000000000085
:10CC50000003FFFFFFFF900000000000003FFFF512
:10CC600000000FFFFE00000000000008FFFDBFFFF6
:10CC7000E00000000000008FFFF000000AFFFF400E
:10CC800000000000000EFFF85FFFF400000000004D
:10CC900000EFFFB0000005FFFF9000000000003F24
:10CCA000FFF20FFFF9000000000003FFFF6000002B
:10CCB00000FFFFE000000000009FFFD00BFFFE0020
:10CCC0000000000008FFFF10000000AFFFF40000AC
:10CCD000000000EFFF8005FFFF40000000000EFF96
:10CCE000FB000000005FFFF90000000004FFFF20D0
:10CCF00000FFFF90000000003FFFF6000000000F63
:10CD0000FFFE0000000009FFFD0000AFFFE0000093
:10CD100000008FFFF1000000000AFFFF300000005C
:10CD20000EFFF700005FFFF400000000EFFFB0000F
:10CD300000000005FFFF900000004FFFF200000F11
:10CD4000FFF900000003FFFF600000000000FFFF8C
:10CD5000E0000000AFFFD000000AFFFE0000000866
:10CD6000FFFF100000000000BFFFF3000000FFFF06
:10CD700070000005FFFF4000000EFFFB00000000F8
:10CD800000005FFFF8000005FFFF20000000FFFF2C
:10CD90009000003FFFF60000000000000FFFFD00C4
:10CDA000000AFFFC00000000AFFFE000008FFFF171
:10CDB0000000000000000BFFFF30000FFFF7000035
:10CDC00000005FFFF40000EFFFB000000000000073
:10CDD00005FFFF80005FFFF2000000000FFFF90079
:10CDE00003FFFF6000000000000000FFFFD000BF55
:10CDF000FFC0000000000AFFFE0008FFFF10000057
:10CE00000000000000BFFFF301FFFF700000000002
:10CE100004FFFF400EFFFB00000000000000006F59
:10CE2000FFF806FFFF100000000000FFFF903FFF2B
:10CE3000F600000000000000001FFFFD0BFFFC00DB
:10CE40000000000000AFFFE08FFFF10000000000D5
:10CE50000000000BFFFF4FFFF70000000000004F35
:10CE6000FFF4EFFFC0000000000000000006FFFF1D
:10CE7000DFFFF10000000000000EFFFCFFFF60007C
:10CE80000000000000000001FFFFFFFFC0000000E5
:10CE900000000009FFFFFFFF10000000000000007D
:10CEA0000000BFFFFFFF6000000000000004FFFF64
:10CEB000FFFC000000000000000000006FFFFFFF0B
:10CEC0001000000000000000EFFFFFF6000000006F
:10CED0000000000000001FFFFFFB0000000000003A
:10CEE00000009FFFFFF100000000000000000000B4
:10CEF0000BFFFFF600000000000000004FFFFFC026
:10CF00000000000000000000000006FFFFF100002C
:10CF10000000000000000EFFFF7000000000000491
:10CF2000FFFFF300000000000000000CFFFF700096
:10CF30008FFFFE00000000000000007FFFFB0000EC
:10CF40000CFFFFA000000000000003FFFFE1000055
:10CF500002FFFFF60000000000000DFFFF40000090
:10CF6000006FFFFF200000000000AFFFF80000008E
:10CF7000000AFFFFC00000000005FFFFC000000026
:10CF80000001EFFFF8000000001FFFFF200000007D
:10CF900000004FFFFF40000000CFFFF60000000040
:10CFA000000008FFFFE1000007FFFFA000000000F5
:10CFB000000000CFFFFB00003FFFFE10000000005C
:10CFC0000000002FFFFF6000DFFFF3000000000003
:10CFD00000000006FFFFF209FFFF800000000000D4
:10CFE00000000000AFFFFD5FFFFC0000000000003C
:10CFF000000000001EFFFFFFFFF100000000000026
:10D000000000000003FFFFFFFF50000000000000D1
:10D0100000000000008FFFFFF9000000000000008A
:10D0200000000000000EFFFFF20000000000000002
:10D0300000000000006FFFFFFB0000000000000088
:10D040000000000002FFFFFFFF7000000000000072
:10D05000000000000DFFFFFFFFF3000000000000D4
:10D06000000000009FFFFB8FFFFD0000000000009C
:10D0700000000005FFFFE10CFFFFA0000000000022
:10D080000000001EFFFF4002FFFFF500000000004F
:10D09000000000CFFFF900006FFFFF20000000003C
:10D0A000000007FFFFD000000AFFFFC000000000E3
:10D0B00000003FFFFF20000001EFFFF8000000002C
:10D0C0000001EFFFF7000000003FFFFF40000000FD
:10D0D000000AFFFFB00000000008FFFFE1000000B1
:10D0E000006FFFFE100000000000CFFFFB000000FB
:10D0F00002FFFFF50000000000002FFFFF600000AE
:10D100000CFFFF9000000000000005FFFFF2000090
:10D110009FFFFD0000000000000000AFFFFD0004C5
:10D12000FFFFF300000000000000000DFFFF901E55
:10D13000FFFF70000000000000000003FFFFF50D7E
:10D14000FFFF300000000000000000000CFFFE00A8
:10D150004FFFFD00000000000000000006FFFF5030
:10D1600000AFFFF7000000000000000001EFFFB07B
:10D170000001FFFFF100000000000000009FFFF22F
:10D18000000007FFFFA0000000000000003FFFF8C4
:10D190000000000DFFFF300000000000000CFFFE4B
:10D1A000000000004FFFFD00000000000006FFFF30
:10D1B0005000000000AFFFF7000000000001EFFF8B
:10D1C000B00000000001FFFFF100000000009FFF21
:10D1D000F2000000000007FFFFA0000000003FFF7A
:10D1E000F80000000000000DFFFF300000000DFF00
:10D1F000FE000000000000004FFFFD00000006FFE1
:10D20000FF5000000000000000AFFFF7000001FF2A
:10D21000FFC00000000000000001FFFFF10000AFB0
:10D22000FFF2000000000000000007FFFFA0003F29
:10D23000FFF80000000000000000000DFFFF300DAF
:10D24000FFFE000000000000000000004FFFFD078F
:10D25000FFFF5000000000000000000000AFFFF8DA
:10D26000FFFFC00000000000000000000001FFFF01
:10D27000FFFFF2000000000000000000000007FFB8
:10D28000FFFFF80000000000000000000000000D9B
:10D29000FFFFFE0000000000000000000000000092
:10D2A0003FFFFF50000000000000000000000000F1
:10D2B00000DFFFE0000000000000000000000000B0
:10D2C000000DFFFE00000000000000000000000054
:10D2D0000000DFFFE0000000000000000000000090
:10D2E00000000DFFFE000000000000000000000034
:10D2F000000000DFFFE00000000000000000000070
:10D300000000000DFFFE0000000000000000000013
:10D3100000000000DFFFE00000000000000000004F
:10D32000000000000DFFFE000000000000000000F3
:10D330000000000000DFFFE000000000000000002F
:10D3400000000000000DFFFE0000000000000000D3
:10D35000000000000000DFFFE0000000000000000F
:10D360000000000000000DFFFE00000000000000B3
:10D370009FFFFFFFFFFFFFFFFFFFFFFFFFF809FF1A
:10D38000FFFFFFFFFFFFFFFFFFFFFFFF809FFFFF8C
:10D39000FFFFFFFFFFFFFFFFFFFFF809FFFFFFFF9A
:10D3A000FFFFFFFFFFFFFFFFFF5023333333333314
:10D3B000333333335FFFFF900000000000000000B4
:10D3C00000000CFFFFC00000000000000000000093
:10D3D00009FFFFE10000000000000000000006FF60
:10D3E000FFF30000000000000000000003FFFFF654
:10D3F0000000000000000000000001EFFFF9000045
:10D40000000000000000000000CFFFFC0000000052
:10D41000000000000000009FFFFE10000000000060
:10D4200000000000006FFFFF30000000000000005F
:10D430000000003FFFFF600000000000000000004F
:10D44000001EFFFFA0000000000000000000000C14
:10D45000FFFFC00000000000000000000009FFFF07
:10D46000E10000000000000000000006FFFFF400E3
:10D4700000000000000000000003FFFFF7000000B4
:10D480000000000000000001EFFFFA0000000000B3
:10D49000000000000000CFFFFD00000000000000C1
:10D4A000000000009FFFFE200000000000000000C0
:10D4B00000006FFFFF4000000000000000000000BF
:10D4C0003FFFFF70000000000000000000001EFF92
:10D4D000FFA0000000000000000000000CFFFFD0D3
:10D4E0000000000000000000000009FFFFF2000043
:10D4F000000000000000000006FFFFF40000000034
:10D5000000000000000003FFFFF800000000000022
:10D510000000000001EFFFFD333333333333333387
:10D52000333330BFFFFFFFFFFFFFFFFFFFFFFFFFB2
:10D53000FF2FFFFFFFFFFFFFFFFFFFFFFFFFFFF2D8
:10D54000FFFFFFFFFFFFFFFFFFFFFFFFFFFF2FFFBB
:10D55000FFFFFFFFFFFFFFFFFFFFFFFFF2FFFFFFE8
:10D56000FFFF1FFFFFFFFFF1FFFFFFFFFF1FFFFF99
:10D57000DDDDD1FFFFA000000FFFFA000000FFFF7C
:10D58000A000000FFFFA000000FFFFA000000FFF47
:10D59000FA000000FFFFA000000FFFFA000000FFEC
:10D5A000FFA000000FFFFA000000FFFFA000000F27
:10D5B000FFFA000000FFFFA000000FFFFA000000CC
:10D5C000FFFFA000000FFFFA000000FFFFA0000017
:10D5D0000FFFFA000000FFFFA000000FFFFA00009D
:10D5E00000FFFFA000000FFFFA000000FFFFA000F7
:10D5F000000FFFFA000000FFFFA000000FFFFA007D
:10D600000000FFFFA000000FFFFA000000FFFFA0D6
:10D6100000000FFFFA000000FFFFA000000FFFFA5C
:10D62000000000FFFFA000000FFFFA000000FFFF56
:10D63000A000000FFFFA000000FFFFA000000FFF96
:10D64000FFDDDDD1FFFFFFFFFF1FFFFFFFFFF1FF4A
:10D65000FFFFFFFF10AFFF8000000000000000058B
:10D66000FFFD00000000000000000FFFF3000000BD
:10D670000000000000AFFF90000000000000000468
:10D68000FFFE00000000000000000EFFF40000009C
:10D6900000000000009FFF90000000000000000359
:10D6A000FFFE00000000000000000EFFF40000007C
:10D6B00000000000008FFFA0000000000000000339
:10D6C000FFFF00000000000000000DFFF50000005B
:10D6D00000000000008FFFA000000000000000021A
:10D6E000FFFF00000000000000000DFFF50000003B
:10D6F00000000000007FFFB00000000000000002FA
:10D70000FFFF00000000000000000CFFF60000001A
:10D7100000000000007FFFB00000000000000001DA
:10D72000FFFF10000000000000000CFFF6000000EA
:10D7300000000000006FFFC00000000000000001BA
:10D74000FFFF10000000000000000BFFF7000000CA
:10D7500000000000006FFFC000000000000000019A
:10D76000FFFF20000000000000000BFFF70000009A
:10D7700000000000005FFFD000000000000000007B
:10D78000FFFF20000000000000000AFFF80000007A
:10D7900000000000005FFFD000000000000000005B
:10D7A000FFFF30000000000000000AFFF80000004A
:10D7B00000000000004FFFE000000000000000003B
:10D7C000EFFF300000000000000009FFF90000003A
:10D7D00000000000004FFFE000000000000000001B
:10D7E000EFFF400000000000000009FFF90000000A
:10D7F00000000000003FFFE000000000000000000B
:10D80000EFFF400000000000000008FFFA000000E9
:10D8100000000000003FFFF00000000000000000DA
:10D82000DFFF500000000000000008FFFA000000C9
:10D8300000000000002FFFF01FFFFFFFFFF1FFFFC0
:10D84000FFFFFF1FFFFFFFFFF1DDDDDFFFFF000038
:10D8500000AFFFF000000AFFFF000000AFFFF00084
:10D86000000AFFFF000000AFFFF000000AFFFF000A
:10D870000000AFFFF000000AFFFF000000AFFFF064
:10D8800000000AFFFF000000AFFFF000000AFFFFEA
:10D89000000000AFFFF000000AFFFF000000AFFF34
:10D8A000F000000AFFFF000000AFFFF000000AFFD9
:10D8B000FF000000AFFFF000000AFFFF000000AF14
:10D8C000FFF000000AFFFF000000AFFFF000000AB9
:10D8D000FFFF000000AFFFF000000AFFFF000000A4
:10D8E000AFFFF000000AFFFF000000AFFFF00000F4
:10D8F0000AFFFF000000AFFFF000000AFFFF00007A
:10D9000000AFFFF000000AFFFF000000AFFFF000D3
:10D91000000AFFFF000000AFFFF1DDDDDFFFFF1FAA
:10D92000FFFFFFFFF1FFFFFFFFFF1FFFFFFFFFF004
:10D93000000000002FFFF200000000000000008F38
:10D94000FFF90000000000000000EFFFFF000000F2
:10D950000000000006FFFFFF600000000000000D57
:10D96000FFBBFFD00000000000003FFF44FFF400B9
:10D970000000000000AFFE00DFFA00000000000120
:10D98000FFF7007FFF100000000008FFF1001FFFFD
:10D9900080000000000EFFA0000AFFE00000000071
:10D9A0005FFF300003FFF600000000CFFD00000025
:10D9B000DFFC00000003FFF60000006FFF300000F6
:10D9C0000AFFF00000000FFFA000001FFF90000002
:10D9D0000009FFF100007FFF2000000002FFF700B8
:10D9E00000EFFB0000000000CFFE0005FFF5000087
:10D9F0000000005FFF500CFFE000000000000EFF81
:10DA0000C03FFF80000000000008FFF2000000009F
:10DA10000000000000000000FFFFFFFFFFFFFFFF0E
:10DA2000FFFFFFFFFFFFFFFFFFFFFFFFFFFFFFFF06
:10DA3000FFFFFFFFFFFFFFFFFFFFFFFF078888508B
:10DA40000000003EFFFF700000001CFFFF700000A0
:10DA5000000AFFFF7000000007FFFF7000000004D5
:10DA6000EFFF7000000002CFFF7000000048BDEF24
:10DA7000FDB8300000000029FFFFFFFFFFFFC400DA
:10DA800000009FFFFFFFFFFFFFFFF80000AFFFFF59
:10DA9000FFFFFFFFFFFFF70003FFFFD95211259F94
:10DAA000FFFFF2000AFC40000000002DFFFFA00075
:10DAB000270000000000002FFFFF00000000000012
:10DAC0000000008FFFF3000000000000000004FFD2
:10DAD000FF6000000000000000002FFFF7000000C2
:10DAE000000000000001FFFF80000049CEFFFFFFA3
:10DAF000FFFFFFF80005EFFFFFFFFFFFFFFFFF80C5
:10DB000009FFFFFFFFFFFFFFFFFFF806FFFFFD8696
:10DB100055555556FFFF80FFFFF500000000001F20
:10DB2000FFF85FFFF6000000000001FFFF88FFFF25
:10DB30000000000000001FFFF89FFFF00000000041
:10DB40000006FFFF87FFFF200000000001EFFFF845
:10DB50004FFFFA0000000001DFFFFF80EFFFFA2017
:10DB6000000017EFFFFFF805FFFFFFDA9ACFFFFE77
:10DB7000EFFF8007FFFFFFFFFFFFFE2DFFF8000410
:10DB8000DFFFFFFFFFFA10DFFF80000049CEFFDB61
:10DB900072000DFFF8AFFFF0000000000000000071
:10DBA00000000AFFFF00000000000000000000006D
:10DBB000AFFFF0000000000000000000000AFFFFBF
:10DBC0000000000000000000000000AFFFF00000B7
:10DBD00000000000000000000AFFFF00000000003D
:10DBE000000000000000AFFFF00000000000000097
:10DBF0000000000AFFFF000000000000000000001D
:10DC000000AFFFF0000000000000000000000AFF6D
:10DC1000FF0000000000000000000000AFFFF00067
:10DC2000038CEFFEB8300000000AFFFF002CFFFF5E
:10DC3000FFFFFFD5000000AFFFF06FFFFFFFFFFF0A
:10DC4000FFFA10000AFFFF6FFFFFFFFFFFFFFFFD5E
:10DC50001000AFFFFFFFFF9521259FFFFFFD000A8A
:10DC6000FFFFFFFA100000001BFFFFF900AFFFFFEE
:10DC7000F7000000000007FFFFF30AFFFFFA0000B3
:10DC8000000000000AFFFFA0AFFFFE000000000040
:10DC900000001EFFFF0AFFFF8000000000000000E0
:10DCA0008FFFF5AFFFF30000000000000003FFFF4F
:10DCB0008AFFFF00000000000000000FFFFAAFFF26
:10DCC000F00000000000000000FFFFBAFFFF0000AE
:10DCD0000000000000000FFFFBAFFFF0000000009D
:10DCE00000000000FFFFAAFFFF300000000000005E
:10DCF000003FFFF7AFFFF80000000000000008FF42
:10DD0000FF4AFFFFE000000000000001FFFFF0AF4E
:10DD1000FFFFA0000000000000BFFFFA0AFFFFFFA6
:10DD20007000000000008FFFFF30AFFFFFFFA10079
:10DD3000000001BFFFFF900AFFFFFFFFF9521259D9
:10DD4000FFFFFFD000AFFFC7FFFFFFFFFFFFFFFF99
:10DD5000D1000AFFFC07FFFFFFFFFFFFFFB100003C
:10DD6000AFFFC003CFFFFFFFFFFD5000000AFFFC25
:10DD7000000038CEFFEB8300000000000000002709
:10DD8000BDFFFDA61000000000004CFFFFFFFFFFDD
:10DD9000FA100000001AFFFFFFFFFFFFFFF5000071
:10DDA00002DFFFFFFFFFFFFFFFFF50001DFFFFFE31
:10DDB000842135BFFFFFF300BFFFFF80000000029A
:10DDC000CFFFF805FFFFF400000000000BFE500D30
:10DDD000FFFF6000000000000080004FFFFB00001C
:10DDE000000000000000008FFFF4000000000000B1
:10DDF000000000CFFFF0000000000000000000EF76
:10DE0000FFC0000000000000000000FFFFB00000A5
:10DE100000000000000000FFFFB000000000000054
:10DE2000000000EFFFC0000000000000000000CF75
:10DE3000FFF00000000000000000008FFFF4000071
:10DE4000000000000000003FFFFB00000000000099
:10DE50000000000DFFFF60000000000000810005D1
:10DE6000FFFFF400000000000BFE5000BFFFFF703A
:10DE700000000002CFFFF8001DFFFFFE842135BF28
:10DE8000FFFFF20002DFFFFFFFFFFFFFFFFF500079
:10DE9000001AFFFFFFFFFFFFFFF4000000004CFF30
:10DEA000FFFFFFFFF910000000000027BDFFFDA6E7
:10DEB0001000000000000000000000000003FFFF51
:10DEC00060000000000000000000003FFFF60000BE
:10DED000000000000000000003FFFF6000000000E1
:10DEE0000000000000003FFFF600000000000000FE
:10DEF00000000003FFFF60000000000000000000C1
:10DF0000003FFFF60000000000000000000003FFDB
:10DF1000FF60000000000000000000003FFFF6006E
:10DF200000000000000000000003FFFF6000000090
:10DF3000000000000000003FFFF60000000049CE96
:10DF4000FFEB710003FFFF60000007EFFFFFFFFF23
:10DF5000F9103FFFF600003DFFFFFFFFFFFFFE331C
:10DF6000FFFF60004FFFFFFFFFFFFFFFFF7FFFF698
:10DF7000002FFFFFFE842136BFFFFFFFFF600DFF74
:10DF8000FFF7000000002DFFFFFFF607FFFFF40082
:10DF9000000000000BFFFFFF60EFFFF60000000035
:10DFA00000000DFFFFF64FFFFB0000000000000027
:10DFB0003FFFFF69FFFF4000000000000000CFFFAF
:10DFC000F6CFFFF00000000000000007FFFF6EFF2B
:10DFD000FC00000000000000004FFFF6FFFFB00053
:10DFE00000000000000003FFFF6FFFFB00000000C7
:10DFF000000000003FFFF6EFFFC00000000000003F
:10E000000004FFFF6CFFFF00000000000000007F25
:10E01000FFF69FFFF4000000000000000CFFFF640B
:10E02000FFFFB000000000000004FFFFF60EFFFF3E
:10E0300060000000000000DFFFFF607FFFFF400086
:10E0400000000000BFFFFFF600DFFFFF70000000D0
:10E0500002DFFFFFFF6002FFFFFFE842136BFFFFDD
:10E06000FFFFF60004FFFFFFFFFFFFFFFFF4FFFFCE
:10E07000600003DFFFFFFFFFFFFFE40FFFF600007C
:10E08000007EFFFFFFFFFFA100FFFF600000000513
:10E090009CEFFEB720000FFFF60000000049CEFF06
:10E0A000EB72000000000000007EFFFFFFFFFFB3E7
:10E0B00000000000002DFFFFFFFFFFFFFF800000BA
:10E0C0000003EFFFFFFFFFFFFFFFFA0000002EFF3E
:10E0D000FFF8300015CFFFFF900000CFFFFB1000CE
:10E0E000000005EFFFF40006FFFFA00000000000A5
:10E0F0003EFFFD000DFFFD00000000000005FFFFDA
:10E10000504FFFF500000000000000CFFFA09FFF70
:10E11000E0000000000000006FFFF0CFFFB0000043
:10E1200000000000002FFFF2EFFFFFFFFFFFFFFFE7
:10E13000FFFFFFFFF4FFFFFFFFFFFFFFFFFFFFFFFA
:10E14000FFF5FFFFFFFFFFFFFFFFFFFFFFFFF5EF03
:10E15000FFC555555555555555555551CFFFD0000F
:10E160000000000000000000008FFFF3000000002E
:10E170000000000000003FFFFA0000000000000067
:10E180000000000DFFFF4000000000000000000044
:10E1900005FFFFF40000000000009C000000BFFF2E
:10E1A000FF80000000002BFF9000001EFFFFFF9586
:10E1B00031236BFFFFF6000002DFFFFFFFFFFFFFD1
:10E1C000FFFFD20000001BFFFFFFFFFFFFFFFC105F
:10E1D000000000004CFFFFFFFFFFFD5000000000AB
:10E1E000000027BDFFFEC840000000000000000442
:10E1F0009DEFEC82000000002CFFFFFFFFF5000008
:10E20000002EFFFFFFFFFF3000000DFFFFFFDEFFCE
:10E21000D0000005FFFFD4000286000000AFFFF22F
:10E220000000000000000DFFFB00000000000000E7
:10E23000EFFF900000000000000FFFF8000000005A
:10E24000000000FFFF80000000004FFFFFFFFFFF06
:10E25000FFFFF004FFFFFFFFFFFFFFFF004FFFFF87
:10E26000FFFFFFFFFFF003DDDDFFFFFDDDDDDC0075
:10E2700000000FFFFA00000000000000FFFFA000F8
:10E2800000000000000FFFFA00000000000000FF87
:10E29000FFA00000000000000FFFFA0000000000D7
:10E2A0000000FFFFA00000000000000FFFFA0000C8
:10E2B0000000000000FFFFA00000000000000FFFB2
:10E2C000FA00000000000000FFFFA00000000000B6
:10E2D000000FFFFA00000000000000FFFFA0000098
:10E2E000000000000FFFFA00000000000000FFFF28
:10E2F000A00000000000000FFFFA00000000000076
:10E3000000FFFFA00000000000000FFFFA00000067
:10E3100000000000FFFFA00000000000000FFFFA57
:10E3200000000000000000FFFFA00000000000004F
:10E330000FFFFA00000000000000FFFFA000000037
:10E34000000000000059CEFFEC830000AFFFB000DA
:10E350000019FFFFFFFFFFFC400AFFFB00005EFF0C
:10E36000FFFFFFFFFFFF90AFFFB0007FFFFFFFFF4A
:10E37000FFFFFFFFAAFFFB006FFFFFFD8421248E3C
:10E38000FFFFFFFFB02FFFFFE50000000006FFFFCB
:10E39000FFFB0BFFFFD1000000000002EFFFFFB208
:10E3A000FFFFF100000000000003FFFFFB7FFFF70D
:10E3B0000000000000000009FFFFBBFFFF1000008D
:10E3C00000000000003FFFFBEFFFD0000000000056
:10E3D000000000FFFFBFFFFB000000000000000086
:10E3E0000DFFFBFFFFB00000000000000000DFFF9A
:10E3F000BEFFFD00000000000000000FFFFBBFFF9C
:10E40000F10000000000000003FFFFB8FFFF7000F4
:10E410000000000000009FFFFB2FFFFE2000000017
:10E420000000003FFFFFB0BFFFFD10000000000034
:10E430002EFFFFFB02FFFFFE40000000006FFFFF0A
:10E44000FFB006FFFFFFC7310137DFFFFFFFFB0013
:10E4500008FFFFFFFFFFFFFFFFFAEFFFB00006FF1F
:10E46000FFFFFFFFFFFFF90EFFFB000001AFFFFF03
:10E47000FFFFFFD400EFFFA000000016BEFFFFD992
:10E4800040000FFFF9000000000000100000000134
:10E49000FFFF80000000000000000000005FFFF6AA
:10E4A000000000000000000000000AFFFF20003014
:10E4B0000000000000000002FFFFE0001FC200009B
:10E4C0000000000000DFFFF8000AFFFA3000000043
:10E4D0000003DFFFFF1003FFFFFFD95321237BFF62
:10E4E000FFFF60004FFFFFFFFFFFFFFFFFFFFFA0E9
:10E4F00000001AFFFFFFFFFFFFFFFFFF700000009B
:10E50000039FFFFFFFFFFFFFFA3000000000000342
:10E510006ACDEFFDC96100000000AFFFF000000010
:10E520000000000000000AFFFF00000000000000E3
:10E53000000000AFFFF00000000000000000000A33
:10E54000FFFF00000000000000000000AFFFF0002F
:10E5500000000000000000000AFFFF0000000000B3
:10E560000000000000AFFFF000000000000000000D
:10E57000000AFFFF00000000000000000000AFFFE5
:10E58000F00000000000000000000AFFFF00000093
:10E5900000000000000000AFFFF000048CEFFEB7A9
:10E5A0002000000AFFFF003CFFFFFFFFFFB200005A
:10E5B000AFFFF09FFFFFFFFFFFFFE4000AFFFF9F99
:10E5C000FFFFFFFFFFFFFFF300AFFFFFFFFD8533FE
:10E5D00058EFFFFFE00AFFFFFFF5000000008FFF8C
:10E5E000FF60AFFFFFE200000000009FFFFD0AFF99
:10E5F000FFF4000000000000EFFFF1AFFFFC00009F
:10E600000000000008FFFF4AFFFF6000000000005C
:10E61000004FFFF6AFFFF200000000000002FFFF16
:10E620007AFFFF000000000000001FFFF8AFFFF0BE
:10E6300000000000000001FFFF8AFFFF0000000053
:10E640000000001FFFF8AFFFF00000000000000115
:10E65000FFFF8AFFFF000000000000001FFFF8AF6F
:10E66000FFF000000000000001FFFF8AFFFF000034
:10E6700000000000001FFFF8AFFFF00000000000E6
:10E680000001FFFF8AFFFF000000000000001FFFE5
:10E69000F8AFFFF000000000000001FFFF8AFFFF5D
:10E6A000000000000000001FFFF8AFFFF0000000B6
:10E6B00000000001FFFF8AFFFF00000000000000D3
:10E6C0001FFFF8AFFFF000000000000001FFFF8A0D
:10E6D000FFFF000000000000001FFFF8003750009F
:10E6E0008FFFD13FFFFF96FFFFFB4FFFFF90AFFF74
:10E6F000E100586100000000000000000000000080
:10E70000000000AFFFF00AFFFF00AFFFF00AFFFFBD
:10E7100000AFFFF00AFFFF00AFFFF00AFFFF00AFFE
:10E72000FFF00AFFFF00AFFFF00AFFFF00AFFFF0AE
:10E730000AFFFF00AFFFF00AFFFF00AFFFF00AFF84
:10E74000FF00AFFFF00AFFFF00AFFFF00AFFFF007E
:10E75000AFFFF00AFFFF00AFFFF00AFFFF0000006D
:10E760000000002661000000000005FFFF300000EF
:10E7700000000FFFFFD0000000002FFFFFF000009F
:10E7800000000FFFFFD00000000006FFFF40000068
:10E7900000000038720000000000000000000000CF
:10E7A0000000000000000000000000000000000069
:10E7B0000000000000000000000006FFFF30000025
:10E7C000000006FFFF300000000006FFFF300000E1
:10E7D000000006FFFF300000000006FFFF300000D1
:10E7E000000006FFFF300000000006FFFF300000C1
:10E7F000000006FFFF300000000006FFFF300000B1
:10E80000000006FFFF300000000006FFFF300000A0
:10E81000000006FFFF300000000006FFFF30000090
:10E82000000006FFFF300000000006FFFF30000080
:10E83000000006FFFF300000000006FFFF30000070
:10E84000000006FFFF300000000006FFFF30000060
:10E85000000006FFFF300000000006FFFF30000050
:10E86000000006FFFF300000000006FFFF30000040
:10E87000000006FFFF300000000006FFFF30000030
:10E88000000006FFFF300000000006FFFF30000020
:10E89000000007FFFF20000000000AFFFF0000004B
:10E8A00000002FFFFD0003D51004DFFFF70009FF74
:10E8B000FFFFFFFFE1001FFFFFFFFFFF40003EFFE4
:10E8C000FFFFFFE40000016BEFFEB6000000AFFFAA
:10E8D000F000000000000000000000AFFFF00000AA
:10E8E0000000000000000000AFFFF000000000008A
:10E8F0000000000000AFFFF000000000000000007A
:10E900000000AFFFF000000000000000000000AFBA
:10E91000FFF000000000000000000000AFFFF0006A
:10E92000000000000000000000AFFFF00000000049
:10E93000000000000000AFFFF00000000000000039
:10E94000000000AFFFF00000000000000000000029
:10E95000AFFFF0000000000000AFFFFD10AFFFF0C0
:10E9600000000000000BFFFFD100AFFFF00000002F
:10E970000001CFFFFD1000AFFFF0000000001DFF01
:10E98000FFD10000AFFFF000000001DFFFFD10002D
:10E9900000AFFFF00000002EFFFFD1000000AFFF2E
:10E9A000F0000003EFFFFD10000000AFFFF00000DB
:10E9B0003FFFFFD100000000AFFFF00004FFFFFDAC
:10E9C0001000000000AFFFF0005FFFFFD10000006B
:10E9D0000000AFFFF006FFFFFE100000000000AFD8
:10E9E000FFF07FFFFFFF400000000000AFFFF8FFD7
:10E9F000FFFFFFE20000000000AFFFFFFFFFFFFF8F
:10EA0000FC0000000000AFFFFFFFFA5FFFFF900077
:10EA1000000000AFFFFFFF9008FFFFF600000000BE
:10EA2000AFFFFFF80000BFFFFF20000000AFFFFFB7
:10EA30007000001DFFFFD0000000AFFFF6000000D7
:10EA400002FFFFFA000000AFFFF0000000005FFFD0
:10EA5000FF700000AFFFF00000000008FFFFF300B0
:10EA600000AFFFF00000000000BFFFFE1000AFFF8E
:10EA7000F000000000001EFFFFC000AFFFF000002C
:10EA800000000003FFFFF800AFFFF00000000000EF
:10EA9000006FFFFF50AFFFF000000000000009FF13
:10EAA000FFF2AFFFFAFFFFAFFFFAFFFFAFFFFAFF82
:10EAB000FFAFFFFAFFFFAFFFFAFFFFAFFFFAFFFF65
:10EAC000AFFFFAFFFFAFFFFAFFFFAFFFFAFFFFAFA5
:10EAD000FFFAFFFFAFFFFAFFFFAFFFFAFFFFAFFF45
:10EAE000FAFFFFAFFFFAFFFFAFFFFAFFFFAFFFFA3A
:10EAF000FFFFAFFFFAFFFFAFFFFAFFFFAFFFC0005E
:10EB000005ADFFFDA500000000028BEFFEC8400030
:10EB1000000AFFFC006EFFFFFFFFFE5000003CFFFD
:10EB2000FFFFFFFFC30000AFFFC0BFFFFFFFFFFFFE
:10EB3000FF90008FFFFFFFFFFFFFF6000AFFFCAF13
:10EB4000FFFFFFFFFFFFFF809FFFFFFFFFFFFFFFB4
:10EB5000F500AFFFFFFFFC74346BFFFFFF9FFFFF6B
:10EB6000B64347CFFFFFF10AFFFFFFE400000004B8
:10EB7000EFFFFFFFFC200000006FFFFF80AFFFFFF3
:10EB8000E10000000003FFFFFFFC00000000006F39
:10EB9000FFFE0AFFFFF300000000000AFFFFFF1066
:10EBA0000000000000DFFFF2AFFFFB0000000000EC
:10EBB000003FFFFF90000000000006FFFF6AFFFF1C
:10EBC00060000000000000FFFFF3000000000000F4
:10EBD0003FFFF7AFFFF20000000000000EFFFF0054
:10EBE000000000000001FFFF8AFFFF00000000009E
:10EBF0000000DFFFE00000000000000FFFF9AFFFA2
:10EC0000F00000000000000DFFFD0000000000000B
:10EC100000FFFF9AFFFF00000000000000DFFFC0C0
:10EC20000000000000000FFFF9AFFFF0000000003F
:10EC300000000DFFFC00000000000000FFFF9AFF35
:10EC4000FF00000000000000DFFFC0000000000027
:10EC5000000FFFF9AFFFF00000000000000DFFFC07
:10EC600000000000000000FFFF9AFFFF000000000E
:10EC7000000000DFFFC00000000000000FFFF9AF40
:10EC8000FFF00000000000000DFFFC00000000008D
:10EC90000000FFFF9AFFFF00000000000000DFFF00
:10ECA000C00000000000000FFFF9AFFFF0000000FF
:10ECB0000000000DFFFC00000000000000FFFF9AB4
:10ECC000FFFF00000000000000DFFFC000000000A8
:10ECD00000000FFFF9AFFFF00000000000000DFF83
:10ECE000FC00000000000000FFFF9AFFFF00000092
:10ECF00000000000DFFFC00000000000000FFFF96F
:10ED0000AFFFF00000000000000DFFFC000000005D
:10ED1000000000FFFF9AFFFF00000000000000DF7E
:10ED2000FFC00000000000000FFFF9AFFFC00004AB
:10ED30009CEFFEB72000000AFFFC004DFFFFFFFF25
:10ED4000FFB20000AFFFC0AFFFFFFFFFFFFFE40017
:10ED50000AFFFC9FFFFFFFFFFFFFFFF300AFFFFF76
:10ED6000FFFD853358EFFFFFE00AFFFFFFF50000CE
:10ED700000008FFFFF60AFFFFFE200000000009F78
:10ED8000FFFD0AFFFFF4000000000000EFFFF1AFFD
:10ED9000FFFC00000000000008FFFF4AFFFF6000CA
:10EDA00000000000004FFFF6AFFFF200000000007F
:10EDB0000002FFFF7AFFFF000000000000001FFFBD
:10EDC000F8AFFFF000000000000001FFFF8AFFFF26
:10EDD000000000000000001FFFF8AFFFF00000007F
:10EDE00000000001FFFF8AFFFF000000000000009C
:10EDF0001FFFF8AFFFF000000000000001FFFF8AD6
:10EE0000FFFF000000000000001FFFF8AFFFF00050
:10EE1000000000000001FFFF8AFFFF00000000006B
:10EE200000001FFFF8AFFFF000000000000001FF2E
:10EE3000FF8AFFFF000000000000001FFFF8AFFF87
:10EE4000F000000000000001FFFF8AFFFF0000004B
:10EE5000000000001FFFF8AFFFF0000000000000FE
:10EE600001FFFF8AFFFF000000000000001FFFF805
:10EE70000000000038BEFFEDA610000000000000FA
:10EE800005DFFFFFFFFFFF9100000000001BFFFFF9
:10EE9000FFFFFFFFFFF6000000002EFFFFFFFFFF58
:10EEA000FFFFFFF80000001EFFFFFE842125AFFFDB
:10EEB000FFF700000CFFFFF7000000002DFFFFF33D
:10EEC0000006FFFFF400000000000AFFFFD000DF93
:10EED000FFF60000000000000DFFFF504FFFFB0099
:10EEE0000000000000003FFFFB08FFFF40000000A3
:10EEF00000000000CFFFF0CFFFF000000000000096
:10EF00000007FFFF3EFFFC00000000000000004F74
:10EF1000FFF6FFFFB00000000000000003FFFF7FCE
:10EF2000FFFB00000000000000003FFFF6EFFFC005
:10EF30000000000000000004FFFF6CFFFF00000065
:10EF400000000000007FFFF38FFFF40000000000CE
:10EF500000000CFFFF03FFFFB000000000000004F2
:10EF6000FFFFB00DFFFF60000000000000DFFFF5B5
:10EF7000005FFFFF400000000000BFFFFD0000BF7A
:10EF8000FFFF7000000002DFFFFF300001EFFFFF16
:10EF9000E842125AFFFFFF70000002DFFFFFFFFF91
:10EFA000FFFFFFFF8000000001BFFFFFFFFFFFFF2B
:10EFB000FE5000000000005DFFFFFFFFFFF91000A2
:10EFC0000000000000038BEFFEDA6100000000AFDC
:10EFD000FFC000038CEFFEB8300000000AFFFC0009
:10EFE0003CFFFFFFFFFFD5000000AFFFC08FFFFF1A
:10EFF000FFFFFFFFFA10000AFFFC8FFFFFFFFFFF7C
:10F00000FFFFFD1000AFFFFFFFFF9521259FFFFFD2
:10F01000FD000AFFFFFFFB100000001BFFFFF900CF
:10F02000AFFFFFF8000000000007FFFFF30AFFFF3B
:10F03000FA0000000000000AFFFFA0AFFFFE100072
:10F0400000000000001EFFFF0AFFFF80000000001C
:10F050000000008FFFF5AFFFF3000000000000008C
:10F0600003FFFF8AFFFF00000000000000000FFF09
:10F07000FAAFFFF00000000000000000FFFFBAFF41
:10F08000FF00000000000000000FFFFBAFFFF000DA
:10F0900000000000000000FFFFAAFFFF300000009A
:10F0A000000000003FFFF7AFFFF800000000000085
:10F0B0000008FFFF4AFFFFE000000000000001FF22
:10F0C000FFF0AFFFFFA0000000000000BFFFFA0A42
:10F0D000FFFFFF7000000000008FFFFF30AFFFFF59
:10F0E000FFA100000001BFFFFF900AFFFFFFFFF933
:10F0F000521259FFFFFFD000AFFFF5FFFFFFFFFFE8
:10F10000FFFFFFD1000AFFFF05FFFFFFFFFFFFFF2B
:10F11000B10000AFFFF002BFFFFFFFFFFD50000096
:10F120000AFFFF000038CEFFEB8300000000AFFFB6
:10F13000F0000000000000000000000AFFFF0000D7
:10F14000000000000000000000AFFFF00000000021
:10F150000000000000000AFFFF00000000000000A7
:10F1600000000000AFFFF000000000000000000001
:10F17000000AFFFF0000000000000000000000AFD8
:10F18000FFF0000000000000000000000AFFFF0088
:10F1900000000000000000000000AFFFF0000000D1
:10F1A00000000000000000000000000049CEFFEB5E
:10F1B000720000FFFF60000007EFFFFFFFFFFA1083
:10F1C0000FFFF600003DFFFFFFFFFFFFFF40FFFFC7
:10F1D00060004FFFFFFFFFFFFFFFFF5FFFF6002F05
:10F1E000FFFFFE842136BFFFFFFFFF600DFFFFF72B
:10F1F000000000003DFFFFFFF607FFFFF4000000E6
:10F2000000000BFFFFFF60EFFFF6000000000000B2
:10F210001EFFFFF64FFFFB000000000000004FFF45
:10F22000FF69FFFF4000000000000000CFFFF6CFA5
:10F23000FFF00000000000000007FFFF6EFFFC0071
:10F24000000000000000004FFFF6FFFFB0000000CC
:10F250000000000003FFFF6FFFFB00000000000044
:10F2600000003FFFF6EFFFC00000000000000004B8
:10F27000FFFF6CFFFF00000000000000007FFFF6B2
:10F280009FFFF4000000000000000CFFFF64FFFF80
:10F29000B000000000000004FFFFF60EFFFF60005A
:10F2A0000000000000DFFFFF607FFFFF4000000064
:10F2B0000000BFFFFFF600DFFFFF7000000002DF6D
:10F2C000FFFFFF6002FFFFFFE842136BFFFFFFFF3E
:10F2D000F60004FFFFFFFFFFFFFFFFE6FFFF6000F8
:10F2E00003DFFFFFFFFFFFFFE23FFFF60000007EAE
:10F2F000FFFFFFFFFF8003FFFF60000000059CEFA2
:10F30000FEB710003FFFF600000000000000000004
:10F310000003FFFF60000000000000000000003F4D
:10F32000FFF60000000000000000000003FFFF6087
:10F33000000000000000000000003FFFF600000099
:10F340000000000000000003FFFF6000000000005C
:10F3500000000000003FFFF6000000000000000079
:10F36000000003FFFF60000000000000000000003C
:10F370003FFFF60000000000000000000003FFFF58
:10F3800060AFFFC000049CEF0AFFFC005EFFFFF0CF
:10F39000AFFFC09FFFFFFF0AFFFC7FFFFFFFF0AF43
:10F3A000FFEFFFFFD9880AFFFFFFFA200000AFFF41
:10F3B000FFF60000000AFFFFF800000000AFFFFEAC
:10F3C000000000000AFFFF8000000000AFFFF40013
:10F3D0000000000AFFFF1000000000AFFFF0000077
:10F3E00000000AFFFF0000000000AFFFF000000077
:10F3F000000AFFFF0000000000AFFFF00000000067
:10F400000AFFFF0000000000AFFFF0000000000A4C
:10F41000FFFF0000000000AFFFF0000000000AFF47
:10F42000FF0000000000AFFFF0000000000AFFFF37
:10F430000000000000AFFFF0000000000AFFFF0026
:10F440000000000000000038BDEFFEC961000000B0
:10F45000004DFFFFFFFFFFFFC5000009FFFFFFFF9B
:10F46000FFFFFFFF90009FFFFFFFFFFFFFFFFF3049
:10F4700004FFFFFB52000148DFFA000AFFFF6000B3
:10F4800000000004C2000EFFFB00000000000000AE
:10F49000000FFFF900000000000000000FFFFC005B
:10F4A000000000000000000CFFFF800000000000D2
:10F4B000000007FFFFFD8400000000000000DFFFE8
:10F4C000FFFFFDA740000000001BFFFFFFFFFFFF45
:10F4D000C6000000005DFFFFFFFFFFFFE30000002C
:10F4E00000269CFFFFFFFFFF5000000000000258B5
:10F4F000DFFFFFF10000000000000003DFFFF60067
:10F50000000000000000003FFFF9000000000000C4
:10F5100000000FFFFA01600000000000002FFFF85C
:10F5200008FD500000000000BFFFF51FFFFFA732DD
:10F5300010137DFFFFE09FFFFFFFFFFFFFFFFFFFB7
:10F54000403DFFFFFFFFFFFFFFFFF400005CFFFFF8
:10F55000FFFFFFFFFA10000000158CDEFFEC961095
:10F560000000000007888500000000000000FFFF89
:10F57000A00000000000000FFFFA000000000000E3
:10F5800000FFFFA00000000000000FFFFA000000D5
:10F5900000000000FFFFA0000000004FFFFFFFFF82
:10F5A000FFFFFFF004FFFFFFFFFFFFFFFF004FFF24
:10F5B000FFFFFFFFFFFFF003DDDDFFFFFDDDDDDC13
:10F5C0000000000FFFFA00000000000000FFFFA095
:10F5D0000000000000000FFFFA0000000000000023
:10F5E000FFFFA00000000000000FFFFA0000000075
:10F5F000000000FFFFA00000000000000FFFFA0065
:10F60000000000000000FFFFA00000000000000F4D
:10F61000FFFA00000000000000FFFFA00000000053
:10F6200000000FFFFA00000000000000FFFFA00034
:10F6300000000000000FFFFA00000000000000FFC3
:10F64000FFA00000000000000EFFFB000000000013
:10F650000000DFFFE00000000000000AFFFF500094
:10F6600000000000005FFFFF71003A80000000DF33
:10F67000FFFFFFFFFE00000003FFFFFFFFFFF5009D
:10F68000000003EFFFFFFFFE40000000006AEFFEF6
:10F69000B600EFFFB000000000000008FFFF1EFFF3
:10F6A000FB000000000000008FFFF1EFFFB0000042
:10F6B0000000000008FFFF1EFFFB0000000000002C
:10F6C000008FFFF1EFFFB000000000000008FFFF17
:10F6D0001EFFFB000000000000008FFFF1EFFFB0F5
:10F6E00000000000000008FFFF1EFFFB00000000FC
:10F6F0000000008FFFF1EFFFB000000000000008E5
:10F70000FFFF1EFFFB000000000000008FFFF1EF75
:10F71000FFB000000000000008FFFF1EFFFB00001C
:10F7200000000000008FFFF1EFFFB00000000000BC
:10F730000008FFFF1EFFFB000000000000008FFF1D
:10F74000F1DFFFC000000000000009FFFF1DFFFC0B
:10F7500000000000000000BFFFF1CFFFF00000003C
:10F760000000000FFFFF1AFFFF300000000000053F
:10F77000FFFFF16FFFF9000000000000DFFFFF1244
:10F78000FFFFF300000000009FFFFFF10BFFFFE40D
:10F7900000000001AFFFFFFF104FFFFFFC74346A51
:10F7A000FFFFFFFFF1007FFFFFFFFFFFFFFFE7FF0E
:10F7B000FF10008FFFFFFFFFFFFFE34FFFF100008F
:10F7C0004CFFFFFFFFFF9104FFFF100000048CEFD0
:10F7D000FEB720004FFFF10DFFFE0000000000000B
:10F7E00000000DFFFA07FFFF5000000000000000BE
:10F7F0004FFFF301FFFFB000000000000000BFFF5B
:10F80000C0009FFFF200000000000002FFFF600048
:10F810002FFFF900000000000008FFFE00000BFFB2
:10F82000FF0000000000000FFFF8000004FFFF6071
:10F8300000000000006FFFF1000000DFFFD00000BB
:10F84000000000DFFFA00000007FFFF400000000C8
:10F8500004FFFF300000001FFFFA000000000BFF54
:10F86000FC0000000009FFFF100000002FFFF60061
:10F8700000000002FFFF800000008FFFE00000009A
:10F880000000BFFFE0000000FFFF8000000000005C
:10F890004FFFF5000006FFFF1000000000000DFF05
:10F8A000FC00000DFFFA00000000000007FFFF3021
:10F8B000004FFFF300000000000001FFFF9000BFB9
:10F8C000FFC0000000000000009FFFF102FFFF608A
:10F8D000000000000000002FFFF708FFFE000000FE
:10F8E00000000000000BFFFD0FFFF800000000000B
:10F8F00000000005FFFFBFFFF10000000000000056
:10F900000000DFFFFFFFA00000000000000000007B
:10F910007FFFFFFF300000000000000000001FFF1D
:10F92000FFFD0000000000000000000009FFFFF6DE
:10F930000000000000000000000002FFFFE00000E7
:10F940000000008FFFD000000000000007FFFC0057
:10F950000000000000007FFFA2FFFF300000000059
:10F960000000DFFFF20000000000000DFFF40CFFBC
:10F97000F80000000000003FFFFF800000000000D2
:10F9800002FFFE007FFFE0000000000009FFFFFD16
:10F990000000000000008FFF9001FFFF400000000A
:10F9A0000000EFFFFFF300000000000EFFF3000B6C
:10F9B000FFF900000000004FFFFFFF900000000073
:10F9C00004FFFD00005FFFF0000000000AFFFCFFE5
:10F9D000FE0000000000AFFF700000FFFF500000BD
:10F9E0000001FFFF2EFFF5000000000FFFF10000F7
:10F9F0000AFFFB000000006FFFC09FFFB000000087
:10FA000005FFFC0000004FFFF10000000CFFF603B3
:10FA1000FFFF10000000BFFF60000000EFFF60006C
:10FA20000002FFFF000DFFF60000001FFFF00000C6
:10FA30000008FFFC0000008FFF90007FFFC0000067
:10FA400007FFFA000000002FFFF100000EFFF30097
:10FA500001FFFF200000DFFF4000000000CFFF702B
:10FA60000004FFFD00000BFFF800002FFFE0000086
:10FA7000000007FFFD0000AFFF7000005FFFD00037
:10FA800008FFF800000000001FFFF3000FFFF10067
:10FA90000000FFFF3000EFFF300000000000BFFF5C
:10FAA0008006FFFB00000009FFF9004FFFD00000B7
:10FAB00000000005FFFE00CFFF500000003FFFE008
:10FAC0000AFFF70000000000000FFFF42FFFF00016
:10FAD000000000DFFF50FFFF100000000000009F4B
:10FAE000FF98FFF90000000007FFFA5FFFB0000079
:10FAF0000000000004FFFFEFFF30000000001FFFC8
:10FB0000FCFFF5000000000000000EFFFFFFD0002A
:10FB100000000000BFFFFFFF000000000000000029
:10FB20008FFFFFF7000000000005FFFFFFA00000AF
:10FB3000000000000002FFFFFF1000000000000FA7
:10FB4000FFFFF400000000000000000CFFFFB00009
:10FB500000000000009FFFFE000000000000000009
:10FB6000006FFFF500000000000004FFFF800000B0
:10FB7000000007FFFFA0000000000002FFFFD00010
:10FB8000BFFFF600000000000DFFFF30001EFFFF6A
:10FB900020000000009FFFF6000003FFFFD00000E0
:10FBA0000005FFFFA00000007FFFFA0000002FFF0C
:10FBB000FD000000000BFFFF600000CFFFF200001F
:10FBC000000001EFFFF20009FFFF600000000000ED
:10FBD0003FFFFD005FFFFA00000000000007FFFF8D
:10FBE000A1EFFFD000000000000000BFFFFEFFFFFC
:10FBF00020000000000000001EFFFFFFF5000000D5
:10FC0000000000000003FFFFFF9000000000000064
:10FC10000000008FFFFE0000000000000000000058
:10FC2000DFFFFF4000000000000000000AFFFFFFB0
:10FC3000E200000000000000006FFFFFFFFC00007A
:10FC4000000000000003FFFFD7FFFF90000000004E
:10FC500000000DFFFF30AFFFF5000000000000AF17
:10FC6000FFF6001EFFFF200000000006FFFFA000BF
:10FC700003FFFFD0000000003FFFFD0000007FFFFA
:10FC8000FA00000001DFFFF30000000BFFFF60003F
:10FC9000000AFFFF6000000001EFFFF300007FFF9C
:10FCA000FA00000000004FFFFD0003FFFFD000003E
:10FCB00000000008FFFFA01EFFFF30000000000052
:10FCC00000CFFFF700DFFFE00000000000000000B1
:10FCD000DFFFA006FFFF50000000000000004FFF04
:10FCE000F3000FFFFC000000000000000BFFFC0011
:10FCF000008FFFF300000000000002FFFF50000132
:10FD0000FFFFA00000000000009FFFE000000AFFCE
:10FD1000FF1000000000000FFFF70000003FFFF899
:10FD2000000000000007FFFF00000000CFFFE00020
:10FD300000000000DFFF9000000005FFFF600000F2
:10FD400000004FFFF2000000000DFFFD000000006A
:10FD50000BFFFA00000000006FFFF400000002FF3C
:10FD6000FF300000000000FFFFB00000009FFFC058
:10FD7000000000000008FFFF2000001FFFF500004A
:10FD8000000000001FFFF9000007FFFE0000000058
:10FD9000000000AFFFF10000EFFF70000000000066
:10FDA0000003FFFF70005FFFF10000000000000093
:10FDB0000CFFFE000CFFF900000000000000005FD7
:10FDC000FFF503FFFF200000000000000000DFFF40
:10FDD000C0AFFFB0000000000000000007FFFF5FA1
:10FDE000FFF40000000000000000000FFFFFFFFD17
:10FDF000000000000000000000008FFFFFFF600017
:10FE0000000000000000000001FFFFFFE000000014
:10FE1000000000000000000AFFFFF80000000000E2
:10FE20000000000000003FFFFF1000000000000085
:10FE30000000000000FFFFA0000000000000000024
:10FE40000000006FFFF20000000000000000000052
:10FE5000000DFFFB00000000000000000000000695
:10FE6000FFFF400000000000000450000002FFFF00
:10FE7000C000000000000000DFB41027EFFFF30017
:10FE80000000000000006FFFFFFFFFFFF90000000F
:10FE9000000000000DFFFFFFFFFFFB00000000005F
:10FEA0000000002CFFFFFFFFF80000000000000032
:10FEB0000000038CEFEC8200000000000000000056
:10FEC0000CFFFFFFFFFFFFFFFFFFFD00CFFFFFFF66
:10FED000FFFFFFFFFFFFD00CFFFFFFFFFFFFFFFF54
:10FEE000FFFD00ADDDDDDDDDDDDDDFFFFF700000EE
:10FEF000000000000009FFFFB0000000000000004B
:10FF000005FFFFD10000000000000002FFFFF2002B
:10FF100000000000000001DFFFF50000000000000D
:10FF20000000BFFFF900000000000000008FFFFC90
:10FF300000000000000000004FFFFE100000000065
:10FF40000000002EFFFF30000000000000000DFF49
:10FF5000FF60000000000000000AFFFFA00000009A
:10FF60000000000006FFFFC00000000000000003CA
:10FF7000FFFFE20000000000000001EFFFF40000BE
:10FF8000000000000000CFFFF700000000000000AC
:10FF9000008FFFFB00000000000000005FFFFD007D
:10FFA000000000000000002FFFFF20000000000004
:10FFB00000000DFFFF50000000000000000BFFFFDD
:10FFC000FDDDDDDDDDDDDDDD31FFFFFFFFFFFFFFFF
:10FFD000FFFFFFF31FFFFFFFFFFFFFFFFFFFFF31EB
:10FFE000FFFFFFFFFFFFFFFFFFFFF3000000017BAC
:10FFF000EFFF0000004EFFFFFF000003FFFFFFFFC9
:020000040804EE
:1000000000000CFFFFFFDC00001FFFFF700000007E
:100010004FFFFA000000006FFFF5000000006FFFC7
:10002000F3000000006FFFF3000000006FFFF3001B
:100030000000006FFFF3000000006FFFF3000000FE
:10004000006FFFF3000000006FFFF3000000006F7F
:10005000FFF3000000006FFFF3000000006FFFF3EC
:10006000000000006FFFF2000000008FFFF10000B1
:100070000002EFFFF000003EEFFFFF9000004FFF97
:10008000FFF90000004FFFFFE70000004FFFFFFFF8
:100090007000000004FFFFE0000000009FFFF1007F
:1000A0000000006FFFF2000000006FFFF30000008F
:1000B000006FFFF3000000006FFFF3000000006F0F
:1000C000FFF3000000006FFFF3000000006FFFF37C
:1000D000000000006FFFF3000000006FFFF300005E
:1000E00000006FFFF3000000006FFFF3000000004E
:1000F0006FFFF3000000005FFFF5000000004FFFFE
:10010000FA000000001FFFFF800000000BFFFFFF50
:10011000DC000002FFFFFFFF0000004EFFFFFF00BA
:100120000000017BEFFFFFFF5FFFF5FFFF5FFFF5C3
:10013000FFFF5FFFF5FFFF5FFFF5FFFF5FFFF5FFCD
:10014000FF5FFFF5FFFF5FFFF5FFFF5FFFF5FFFFBD
:100150005FFFF5FFFF5FFFF5FFFF5FFFF5FFFF5F4D
:10016000FFF5FFFF5FFFF5FFFF5FFFF5FFFF5FFF9D
:10017000F5FFFF5FFFF5FFFF5FFFF5FFFF5FFFF597
:10018000FFFF5FFFF5FFFF5FFFF5FFFF5FFFF5FF7D
:10019000FF5FFFF5FFFF501FFFEB6000000001FF56
:1001A000FFFFE30000001FFFFFFFE2000001DEFF92
:1001B000FFFFA0000000019FFFFF0000000000BF44
:1001C000FFF30000000006FFFF40000000004FFFAB
:1001D000F50000000004FFFF50000000004FFFF595
:1001E0000000000004FFFF50000000004FFFF5007A
:1001F00000000004FFFF50000000004FFFF500006A
:10020000000004FFFF50000000004FFFF500000059
:100210000004FFFF50000000004FFFF50000000049
:1002200003FFFF60000000001FFFFD100000000042
:10023000CFFFFFEE00000001BFFFFFF1000000084C
:10024000FFFFFF10000009FFFFFFF1000001FFFFAB
:10025000E3000000003FFFF70000000004FFFF5034
:10026000000000004FFFF50000000004FFFF5000F9
:100270000000004FFFF50000000004FFFF500000E9
:1002800000004FFFF50000000004FFFF50000000D9
:10029000004FFFF50000000004FFFF5000000000C9
:1002A0004FFFF50000000004FFFF50000000005F5A
:1002B000FFF40000000007FFFF4000000000CFFF38
:1002C000F2000000019FFFFE000001DEFFFFFF9033
:1002D00000001FFFFFFFE1000001FFFFFFD2000051
:1002E000001FFFEB600000000000001588610000A7
:1002F00000000044400005FFFFFF9000000000FFE9
:10030000F1006FFFFFFFFD20000002FFF001FFFF83
:10031000FFFFFFE3000009FFD008FFF9104DFFFFCA
:1003200060003FFF900CFFB00000BFFFFDABFFFF80
:10033000300FFF30000009FFFFFFFFF9002FFF0023
:100340000000005EFFFFFFB0002AA90000000001CE
:100350008DFEC6000000000268862000000002CF6B
:10036000FFFFFC3000005FFFFFFFFFF60003FFFA16
:1003700030039FFF400DFF50000005FFE15FF800D4
:100380000000008FF7AFF1000000001FFCCFE0007D
:100390000000000DFEDFD0000000000DFEBFF000E9
:1003A0000000000FFD7FF5000000005FF92FFE1038
:1003B000000001EFF308FFD400003DFF9000BFFFF5
:1003C000DAADFFFC000008FFFFFFFF9000000039DE
:1003D000DFFD930000005BDC60009FFFFF905FFF8C
:1003E000FFFF5BFFFFFFFBCFFFFFFFDBFFFFFFFB1D
:1003F0006FFFFFFF60BFFFFFB0007DFD80000000CA
:1004000000000000000000000000000000000000EC
:1004100000000000000000000000000000000000DC
:1004200000000000000000000000015AEE80000003
:1004300000000000000000000000000000000000BC
:100440000027CFFFFFF900000000000000000000BF
:1004500000000000000000049EFFFFFFFFFE000000
:1004600000000000000000000000000000016BFF21
:10047000FFFFFFFFFFFF0000000000000000000082
:100480000000000038DFFFFFFFFFFFFFFFFF00005D
:100490000000000000000000000015AEFFFFFFFF9D
:1004A000FFFFFFFFFFFF0000000000000000000052
:1004B000027CFFFFFFFFFFFFFFFFFFFFFFFF0000CA
:1004C0000000000000000049EFFFFFFFFFFFFFFFFB
:1004D000FFFFFFFFFFFF0000000000000026BFFF3E
:1004E000FFFFFFFFFFFFFFFFFFFFFFFFFFFF00001A
:1004F000000000001BFFFFFFFFFFFFFFFFFFFFFFEC
:10050000FFFFFFFFFFFF000000000000BFFFFFFF35
:10051000FFFFFFFFFFFFFFFFFFFFFFFFFFFF0000E9
:1005200000000000FFFFFFFFFFFFFFFFFFFFFFFFD7
:10053000FFFFFFFFFFFF000000000000FFFFFFFFC5
:10054000FFFFFFFFFFFFFFFFFFFFFFFFFFFF0000B9
:1005500000000000FFFFFFFFFFFFFFFFFFFFFFFFA7
:10056000FFFC72FFFFFF000000000000FFFFFFFF25
:10057000FFFFFFFFFFFFFFFEA51000FFFFFF0000D2
:1005800000000000FFFFFFFFFFFFFFFFFFFFD8306D
:10059000000000FFFFFF000000000000FFFFFFFF62
:1005A000FFFFFFFFFB610000000000FFFFFF0000F6
:1005B00000000000FFFFFFFFFFFFFD9400000000B0
:1005C000000000FFFFFF000000000000FFFFFFFF32
:1005D000FFB7200000000000000000FFFFFF000048
:1005E00000000000FFFFFFE95000000000000000D5
:1005F000000000FFFFFF000000000000FFFFFF0001
:100600000000000000000000000000FFFFFF0000ED
:1006100000000000FFFFFF000000000000000000DD
:10062000000000FFFFFF000000000000FFFFFF00D0
:100630000000000000000000000000FFFFFF0000BD
:1006400000000000FFFFFF000000000000000000AD
:10065000000000FFFFFF000000000000FFFFFF00A0
:100660000000000000000000000000FFFFFF00008D
:1006700000000000FFFFFF0000000000000000007D
:10068000000000FFFFFF000000000000FFFFFF0070
:100690000000000000000000000000FFFFFF00005D
:1006A00000000000FFFFFF0000000000000000004D
:1006B000000000FFFFFF000000000000FFFFFF0040
:1006C0000000000000000000000000FFFFFF00002D
:1006D00000000000FFFFFF0000000000000000001D
:1006E000000000FFFFFF000000000000FFFFFF0010
:1006F0000000000000000038CEFFEBFFFFFF00000D
:1007000000000000FFFFFF000000000000002BFFC2
:10071000FFFFFFFFFFFF000000000000FFFFFF00E2
:10072000000000000005FFFFFFFFFFFFFFFF0000CC
:1007300000000000FFFFFF0000000000003FFFFF7F
:10074000FFFFFFFFFFFF000000000000FFFFFF00B2
:100750000000000000BFFFFFFFFFFFFFFFFF0000E2
:1007600000000000FFFFFF000000000000EFFFFF9F
:10077000FFFFFFFFFFFF000038CEFFEBFFFFFF0092
:100780000000000000EFFFFFFFFFFFFFFFFE002B58
:10079000FFFFFFFFFFFFFF000000000000BFFFFFA3
:1007A000FFFFFFFFFFFB05FFFFFFFFFFFFFFFF0056
:1007B00000000000003FFFFFFFFFFFFFFFF33FFFD0
:1007C000FFFFFFFFFFFFFF00000000000005FFFF2D
:1007D000FFFFFFFFFF50BFFFFFFFFFFFFFFFFF0017
:1007E0000000000000002BFFFFFFFFFFB200EFFF43
:1007F000FFFFFFFFFFFFFF000000000000000038C8
:10080000CEFFEC830000EFFFFFFFFFFFFFFFFE00C6
:100810000000000000000000000000000000BFFF1A
:10082000FFFFFFFFFFFFFB000000000000000000D3
:100830000000000000003FFFFFFFFFFFFFFFF3008D
:10084000000000000000000000000000000005FFA4
:10085000FFFFFFFFFFFF500000000000000000004E
:10086000000000000000002BFFFFFFFFFFB20000B0
:100870000000000000000000000000000000000078
:1008800038CEFFEC830000000000000000000000F4
:100890000000000000003DF000000FFFFFFFFFFF21
:1008A000FFFFFFFFFFFFFFFFFFF000000FD3DFF0B0
:1008B00000000FFFFFFFFFFFFFFFFFFFFFFFFFFF36
:1008C000FFF000000FFDFFF300003FFFFFFFFFFF01
:1008D000FFFFFFFFFFFFFFFFFFF300003FFFFFFFF2
:1008E000FFFFFFFFFFFFFFFFFFFFFFFFFFFFFFFF18
:1008F000FFFFFFFFFFFFFFFFFFFFFFFFFE8888886E
:1009000088888888888888EFFFFFFFFFFFFFFFFF48
:10091000FFFFFFFFF8000000000000000000008F54
:10092000FFFFFFFFFFFFFFF300003FFFF8000000A5
:10093000000000000000008FFFF300003FFFFFF009
:1009400000000FFFF8000000000000000000008F12
:10095000FFF000000FFFFFF000000FFFF8000000A5
:10096000000000000000008FFFF000000FFFFFF00C
:1009700000000FFFF8000000000000000000008FE2
:10098000FFF000000FFFFFF000000FFFF800000075
:10099000000000000000008FFFF000000FFFFFF3D9
:1009A00000003FFFF8000000000000000000008F82
:1009B000FFF300003FFFFFFFFFFFFFFFF800000015
:1009C000000000000000008FFFFFFFFFFFFFFFFFA0
:1009D000FFFFFFFFF8000000000000000000008F94
:1009E000FFFFFFFFFFFFFFFFFFFFFFFFF80000001B
:1009F000000000000000008FFFFFFFFFFFFFFFF37C
:100A000000003FFFFD44444444444444444444DF24
:100A1000FFF300003FFFFFF000000FFFFFFFFFFFAD
:100A2000FFFFFFFFFFFFFFFFFFF000000FFFFFF0E2
:100A300000000FFFFFFFFFFFFFFFFFFFFFFFFFFFB4
:100A4000FFF000000FFFFFF000000FFFFFFFFFFFB0
:100A5000FFFFFFFFFFFFFFFFFFF000000FFFFFF0B2
:100A600000000FFFFFFFFFFFFFFFFFFFFFFFFFFF84
:100A7000FFF000000FFFFFF300003FFFFD44444480
:100A800044444444444444DFFFF300003FFFFFFF7D
:100A9000FFFFFFFFF8000000000000000000008FD3
:100AA000FFFFFFFFFFFFFFFFFFFFFFFFF80000005A
:100AB000000000000000008FFFFFFFFFFFFFFFFFAF
:100AC000FFFFFFFFF8000000000000000000008FA3
:100AD000FFFFFFFFFFFFFFF300003FFFF8000000F4
:100AE000000000000000008FFFF300003FFFFFF058
:100AF00000000FFFF8000000000000000000008F61
:100B0000FFF000000FFFFFF000000FFFF8000000F3
:100B1000000000000000008FFFF000000FFFFFF05A
:100B200000000FFFF8000000000000000000008F30
:100B3000FFF000000FFFFFF000000FFFF8000000C3
:100B4000000000000000008FFFF000000FFFFFF327
:100B500000003FFFF8000000000000000000008FD0
:100B6000FFF300003FFFFFFFFFFFFFFFF800000063
:100B7000000000000000008FFFFFFFFFFFFFFFFFEE
:100B8000FFFFFFFFFE88888888888888888888EF2C
:100B9000FFFFFFFFFFFFFFFFFFFFFFFFFFFFFFFF65
:100BA000FFFFFFFFFFFFFFFFFFFFFFFFFFFFFFF361
:100BB00000003FFFFFFFFFFFFFFFFFFFFFFFFFFF03
:100BC000FFF300003FFFDFF000000FFFFFFFFFFF1C
:100BD000FFFFFFFFFFFFFFFFFFF000000FFD3DF0F5
:100BE00000000FFFFFFFFFFFFFFFFFFFFFFFFFFF03
:100BF000FFF000000FD33DFFFFFFFFFFC20003DF48
:100C0000FFFFFFFFFFFFFFFFFFFFFFFFFFD3DFFF40
:100C1000FFFFFFFFFC000DFFFFFFFFFFFFFFFFFFD8
:100C2000FFFFFFFFFFFDFFFFFFFFFFFFFF000FFFC5
:100C3000FFFFFFFFFFFFFFFFFFFFFFFFFFFFFFFFC4
:100C4000FFFFFFFFFF000FFFFFFFFFFFFFFFFFFFA3
:100C5000FFFFFFFFFFFFFFFFFFFFFFFFFF000FFF93
:100C6000FFFFFFFFFFFFFFFFFFFFFFFFFFFFFFFF94
:100C7000FFFFFFFFFF000FFFFFFFFFFFFFFFFFFF73
:100C8000FFFFFFFFFFFFFFFFFFFFFFFFFF000FFF63
:100C9000FFFFFFFFFFFFFFFFFFFFFFFFFFFFFFFF64
:100CA000FFFFFFFFFF000FFFFFFFFFFFFFFFFFFF43
:100CB000FFFFFFFFFFFFFFFFFFFFFFFFFF000FFF33
:100CC000FFFFFFFFFFFFFFFFFFFFFFFFFFFFFFFF34
:100CD000FFFFFFFFFF000FFFFFFFFFFFFFFFFFFF13
:100CE000FFFFFFFFFFFFDFFFFFFFFFFFFC000DFF28
:100CF000FFFFFFFFFFFFFFFFFFFFFFFFFFFD3DFFC8
:100D0000FFFFFFFFC20003DFFFFFFFFFFFFFFFFF4B
:100D1000FFFFFFFFFFD30000000000000000000005
:100D200000000000000000000000000000000000C3
:100D300000000000000000000000000000000000B3
:100D400000000000000000000000000000000000A3
:100D500000000000000000000000000000003DFF57
:100D6000FFFFFFFFC20003DFFFFFFFFFFFFFFFFFEB
:100D7000FFFFFFFFFFD3DFFFFFFFFFFFFC000DFFC3
:100D8000FFFFFFFFFFFFFFFFFFFFFFFFFFFDFFFF75
:100D9000FFFFFFFFFF000FFFFFFFFFFFFFFFFFFF52
:100DA000FFFFFFFFFFFFFFFFFFFFFFFFFF000FFF42
:100DB000FFFFFFFFFFFFFFFFFFFFFFFFFFFFFFFF43
:100DC000FFFFFFFFFF000FFFFFFFFFFFFFFFFFFF22
:100DD000FFFFFFFFFFFFFFFFFFFFFFFFFF000FFF12
:100DE000FFFFFFFFFFFFFFFFFFFFFFFFFFFFFFFF13
:100DF000FFFFFFFFFF000FFFFFFFFFFFFFFFFFFFF2
:100E0000FFFFFFFFFFFFFFFFFFFFFFFFFF000FFFE1
:100E1000FFFFFFFFFFFFFFFFFFFFFFFFFFFFFFFFE2
:100E2000FFFFFFFFFF000FFFFFFFFFFFFFFFFFFFC1
:100E3000FFFFFFFFFFFFFFFFFFFFFFFFFF000FFFB1
:100E4000FFFFFFFFFFFFFFFFFFFFFFFFFFFFDFFFD2
:100E5000FFFFFFFFFC000DFFFFFFFFFFFFFFFFFF96
:100E6000FFFFFFFFFFFD3DFFFFFFFFFFC20003DFAE
:100E7000FFFFFFFFFFFFFFFFFFFFFFFFFFD30000AC
:100E80000000000000000000000000000000000062
:100E90000000000000000000000000000000000052
:100EA0000000000000000000000000000000000042
:100EB0000000000000000000000000000000000032
:100EC0000000000000003DFFFFFFFFFFC20003DF46
:100ED000FFFFFFFFFFFFFFFFFFFFFFFFFFD3DFFF6E
:100EE000FFFFFFFFFC000DFFFFFFFFFFFFFFFFFF06
:100EF000FFFFFFFFFFFDFFFFFFFFFFFFFF000FFFF3
:100F0000FFFFFFFFFFFFFFFFFFFFFFFFFFFFFFFFF1
:100F1000FFFFFFFFFF000FFFFFFFFFFFFFFFFFFFD0
:100F2000FFFFFFFFFFFFFFFFFFFFFFFFFF000FFFC0
:100F3000FFFFFFFFFFFFFFFFFFFFFFFFFFFFFFFFC1
:100F4000FFFFFFFFFF000FFFFFFFFFFFFFFFFFFFA0
:100F5000FFFFFFFFFFFFFFFFFFFFFFFFFF000FFF90
:100F6000FFFFFFFFFFFFFFFFFFFFFFFFFFFFFFFF91
:100F7000FFFFFFFFFF000FFFFFFFFFFFFFFFFFFF70
:100F8000FFFFFFFFFFFFFFFFFFFFFFFFFF000FFF60
:100F9000FFFFFFFFFFFFFFFFFFFFFFFFFFFFFFFF61
:100FA000FFFFFFFFFF000FFFFFFFFFFFFFFFFFFF40
:100FB000FFFFFFFFFFFFDFFFFFFFFFFFFC000DFF55
:100FC000FFFFFFFFFFFFFFFFFFFFFFFFFFFD3DFFF5
:100FD000FFFFFFFFC20003DFFFFFFFFFFFFFFFFF79
:100FE000FFFFFFFFFFD30000000000000000000033
:100FF000000000000000000000002BD600000000F0
:1010000000000000000000000000000000000000E0
:101010000003FFFF8000000000000000000000004F
:101020000000000000000000003FFFFFF90000008A
:1010300000000000000000000000000000000000B0
:1010400003FFFFFFFF900000000000000000000011
:1010500000000000000000003FFFFFFFFFF800005D
:10106000000000000000000000000000000000037D
:10107000FFFFFFFFFFFE0000000000000000000077
:10108000000000000000003FFFFFFFFFFFFE000028
:10109000000000000000000000000000000003FF4E
:1010A000FFFFFFFFFFF6000000000000000000004F
:1010B0000000000000003FFFFFFFFFFFFF60000097
:1010C0000000000000000000000000000003FFFF1F
:1010D000FFFFFFFFF600000000000000000000001E
:1010E00000000000003FFFFFFFFFFFFF6000000067
:1010F00000000000000000000000000003FFFFFFF0
:10110000FFFFFFF6000000006DB2000000000000CD
:10111000000000003FFFFFFFFFFFFF60000000082E
:10112000FFFF30000000000000000003FFFFFFFF92
:10113000FFFFF6000000009FFFFFF300000000002B
:101140000000003FFFFFFFFFFFFF6000000009FFFE
:10115000FFFFFF3000000000000003FFFFFFFFFF64
:10116000FFF6000000008FFFFFFFFFF3000000000C
:1011700000003FFFFFFFFFFFFF6000000000EFFFE8
:10118000FFFFFFFF300000000003FFFFFFFFFFFF36
:10119000F60000000000EFFFFFFFFFFFF30000007C
:1011A000003FFFFFFFFFFFFF6000000000006FFF38
:1011B000FFFFFFFFFF30000003FFFFFFFFFFFFF611
:1011C00000000000000007FFFFFFFFFFFFF300002B
:1011D0003FFFFFFFFFFFFF60000000000000006F07
:1011E000FFFFFFFFFFFF3003FFFFFFFFFFFFF600E2
:1011F0000000000000000006FFFFFFFFFFFFF33FBD
:10120000FFFFFFFFFFFF6000000000000000000084
:101210006FFFFFFFFFFFFFFFFFFFFFFFFFF6000075
:10122000000000000000000006FFFFFFFFFFFFFFBF
:10123000FFFFFFFFFF600000000000000000000053
:10124000006FFFFFFFFFFFFFFFFFFFFFF600000043
:1012500000000000000000000006FFFFFFFFFFFF8E
:10126000FFFFFFFF60000000000000000000000022
:1012700000006FFFFFFFFFFFFFFFFFF60000000011
:101280000000000000000000000006FFFFFFFFFF5D
:10129000FFFFFF60000000000000000000000000F1
:1012A0000000006FFFFFFFFFFFFFF50000000000E0
:1012B000000000000000000000000006FFFFFFFF2C
:1012C000FFFF5000000000000000000000000000D0
:1012D000000000006FFFFFFFFFF5000000000000AE
:1012E00000000000000000000000000005FFFFFFFC
:1012F000FF5000000000000000000000000000009F
:1013000000000000005FFFFFF5000000000000008B
:101310000000000000000000000000000005FFFFCA
:10132000500000000000000000000000000000006D
:101330000000000000004CC400000000000000009D
:10134000000000000000000023000000000000007A
:101350000000000320000002CFFD2000000000007C
:101360000000002DFFC20002EFFFFE200000000081
:101370000000002EFFFFE201EFFFFFFE2000000053
:101380000000002EFFFFFFE1AFFFFFFFFE20000087
:101390000000002EFFFFFFFFAFFFFFFFFFFE20005A
:1013A0000000002EFFFFFFFFFFDFFFFFFFFFFE201B
:1013B0000000002EFFFFFFFFFFD6FFFFFFFFFFFE35
:1013C0002000002EFFFFFFFFFFF608FFFFFFFFFFDB
:1013D000FE20002EFFFFFFFFFFF80008FFFFFFFFCA
:1013E000FFFE202EFFFFFFFFFFF8000008FFFFFFBA
:1013F000FFFFFE5EFFFFFFFFFFF800000008FFFF9A
:10140000FFFFFFFFFFFFFFFFFFF80000000008FFE6
:10141000FFFFFFFFFFFFFFFFFFF8000000000008D5
:10142000FFFFFFFFFFFFFFFFFFF8000000000000CD
:1014300008FFFFFFFFFFFFFFFFF8000000000000B4
:101440000008FFFFFFFFFFFFFFF8000000000000A3
:10145000000008FFFFFFFFFFFFF800000000000092
:101460000000002FFFFFFFFFFFFF20000000000033
:101470000000002EFFFFFFFFFFFFFE200000000026
:101480000000002EFFFFFFFFFFFFFFFE2000000017
:101490000000002EFFFFFFFFFFFFFFFFFE20000008
:1014A0000000002EFFFFFFFFFFFFFFFFFFFE2000F9
:1014B0000000002EFFFFFFFFFFFFFFFFFFFFFE20EA
:1014C0000000002EFFFFFFFFFFFCFFFFFFFFFFFEFE
:1014D0002000002EFFFFFFFFFFF808FFFFFFFFFFC8
:1014E000FE20002EFFFFFFFFFFF80008FFFFFFFFB9
:1014F000FFFE202EFFFFFFFFFFF8000008FFFFFFA9
:10150000FFFFFE2BFFFFFFFFFFF800000008FFFFBB
:10151000FFFFFFFBFFFFFFFFFFF80000000008FFD9
:10152000FFFFFFFFFDFFFFFFFFF8000000000008C6
:10153000FFFFFFFFFD5FFFFFFFF80000000000005E
:1015400008FFFFFFFF507FFFFFF8000000000000D2
:101550000008FFFFFF70007FFFF7000000000000A1
:10156000000007FFFF70000049A400000000000019
:1015700000000004A930000000000000000000008E
:101580000009FFFFC2000000000000000000000092
:101590000000000000000000006FFFFFFB000000E3
:1015A000000000000000000000000000000000003B
:1015B000009FFFFFFE000000000000000000000090
:1015C0000000000000000000009FFFFFFE00000080
:1015D00000000000000000000000000015400000B6
:1015E000009FFFFFFE0000000262000000000000FC
:1015F00000000003EFF90000009FFFFFFE00000065
:101600004FFF8000000000000000005FFFFF40006F
:10161000009FFFFFFE000000EFFFFB000000000046
:10162000000007FFFFFFC000009FFFFFFE00000754
:10163000FFFFFFB00000000000005FFFFFFFF500AC
:10164000009FFFFFFE00000FFFFFFFFB00000000F8
:101650000003FFFFFFFFF800009FFFFFFE00002FC9
:10166000FFFFFFFF80000000000EFFFFFFFFF30001
:10167000009FFFFFFE00000DFFFFFFFFF5000000D1
:10168000009FFFFFFFFF5000009FFFFFFE000002D2
:10169000DFFFFFFFFE00000003FFFFFFFFF300007E
:1016A000009FFFFFFE0000001CFFFFFFFF80000007
:1016B0000BFFFFFFFF300000009FFFFFFE00000058
:1016C00000CFFFFFFFF100002FFFFFFFF50000003C
:1016D000009FFFFFFE000000002FFFFFFFF800004B
:1016E0009FFFFFFFA0000000009FFFFFFE00000023
:1016F0000006FFFFFFFF0000FFFFFFFF20000000CC
:10170000009FFFFFFE0000000000CFFFFFFF50051D
:10171000FFFFFFFA00000000009FFFFFFE00000037
:1017200000004FFFFFFFA009FFFFFFF300000000D4
:10173000009FFFFFFE00000000000EFFFFFFE00C17
:10174000FFFFFFE000000000009FFFFFFE00000021
:10175000000009FFFFFFF20FFFFFFFA000000000E5
:10176000009FFFFFFE000000000004FFFFFFF41FCA
:10177000FFFFFF7000000000009FFFFFFE00000061
:10178000000001FFFFFFF62FFFFFFF5000000000E9
:10179000009FFFFFFE000000000000FFFFFFF73F7B
:1017A000FFFFFF4000000000009FFFFFFE00000061
:1017B000000000FFFFFFF83FFFFFFF4000000000B8
:1017C000009FFFFFFE000000000000FFFFFFF82F5A
:1017D000FFFFFF5000000000006FFFFFFB00000054
:1017E000000000FFFFFFF81FFFFFFF700000000078
:1017F0000009FFFFC2000000000002FFFFFFF60F1C
:10180000FFFFFFA00000000000000000000000003B
:10181000000005FFFFFFF40BFFFFFFE000000000EA
:101820000000000000000000000009FFFFFFF208B8
:10183000FFFFFFF4000000000000000000000000B7
:1018400000000EFFFFFFE004FFFFFFFB00000000B1
:10185000000000000000000000005FFFFFFFA0008C
:10186000EFFFFFFF3000000000000000000000005C
:101870000000DFFFFFFF50009FFFFFFFD0000000D0
:1018800000000000000000000007FFFFFFFF000055
:101890002FFFFFFFF9000000000000000000000023
:1018A000003FFFFFFFF800000AFFFFFFFF7000008E
:1018B000000000000000000002EFFFFFFFF1000049
:1018C00002FFFFFFFFF70000000000000000000023
:1018D0003EFFFFFFFF800000007FFFFFFFFF900043
:1018E0000000000000000005FFFFFFFFFD000000FA
:1018F000000CFFFFFFFFFD4000000000000002AFF2
:10190000FFFFFFFFF30000000002EFFFFFFFFFFCFF
:10191000500000000003AFFFFFFFFFFF600000006A
:1019200000003FFFFFFFFFFFFFC976568BEFFFFF71
:10193000FFFFFFF800000000000004FFFFFFFFFFB3
:10194000FFFFFFFFFFFFFFFFFFFFFF800000000022
:101950000000002EFFFFFFFFFFFFFFFFFFFFFFFF65
:10196000FFFFF7000000000000000001BFFFFFFFC5
:10197000FFFFFFFFFFFFFFFFFFFE40000000000032
:101980000000000006FFFFFFFFFFFFFFFFFFFFFF5C
:10199000FFB1000000000000000000000018FFFF81
:1019A000FFFFFFFFFFFFFFFFD4000000000000006B
:1019B00000000000000017DFFFFFFFFFFFFFFFA494
:1019C0000000000000000000000000000000000215
:1019D0007ADFFFFFFEC95000000000000000000099
:1019E00000000000000000000000012100000000D5
:1019F00000000000000000000000000000000000E7
:101A00000012332100000000000000000000000070
:101A100000000000000007CFFFFFFFFC7000000087
:101A2000000000000000000000000000000FFFFFA9
:101A3000FFFFFFF0000000000000000000000000B9
:101A4000000000000FFFFFFFFFFFF000000000009C
:101A500000000000000000000000000FFFFFFFFF7B
:101A6000FFF0000000000000000000000000000087
:101A700000000FFFFFFFFFFFF0000000000000006C
:101A80000000000000000000000FFFFFFFFFFFF05C
:101A90000000000000000000000000100000000531
:101AA000CFFFFFFFFFFFFC5000000001000000001F
:101AB0000004FD400004DFFFFFFFFFFFFFFFFD40CC
:101AC0000005EF40000000002FFFFB209FFFFFFFFD
:101AD000FFFFFFFFFFFFF902BFFFF200000000DF82
:101AE000FFFFFDFFFFFFFFFFFFFFFFFFFFFFDFFF28
:101AF000FFFD00000008FFFFFFFFFFFFFFFFFFFFEC
:101B0000FFFFFFFFFFFFFFFFFF8000003FFFFFFF22
:101B1000FFFFFFFFFFFFFFFFFFFFFFFFFFFFFFFFD5
:101B2000F30000BFFFFFFFFFFFFFFFFFFFFFFFFF0F
:101B3000FFFFFFFFFFFFFFFB0003FFFFFFFFFFFFB4
:101B4000FFFFFFFFFFFFFFFFFFFFFFFFFFFFFF3074
:101B50000AFFFFFFFFFFFFFFFFFFFFFFFFFFFFFF8A
:101B6000FFFFFFFFFFFF900FFFFFFFFFFFFFFFFFE4
:101B7000FFEA88AEFFFFFFFFFFFFFFFFFFF03FFF21
:101B8000FFFFFFFFFFFFFFE60000006EFFFFFFFF0C
:101B9000FFFFFFFFF307FFFFFFFFFFFFFFFD100049
:101BA000000002DFFFFFFFFFFFFFFF70001AFFFFD3
:101BB000FFFFFFFFE100000000002EFFFFFFFFFF1F
:101BC000FFA10000004EFFFFFFFFFF6000000000CC
:101BD0000006FFFFFFFFFFE4000000000DFFFFFF16
:101BE000FFFE00000000000000EFFFFFFFFFD0003D
:101BF0000000000EFFFFFFFFFA00000000000000E1
:101C0000AFFFFFFFFFE0000000000FFFFFFFFFF846
:101C1000000000000000008FFFFFFFFFF000000049
:101C2000000FFFFFFFFFF8000000000000008FFF23
:101C3000FFFFFFF0000000000EFFFFFFFFFA0000B3
:101C40000000000000AFFFFFFFFFE0000000000DFC
:101C5000FFFFFFFFFE00000000000000EFFFFFFF9E
:101C6000FFD0000000004EFFFFFFFFFF60000000FC
:101C7000000006FFFFFFFFFFE40000001AFFFFFF68
:101C8000FFFFFFE100000000001EFFFFFFFFFFFF5E
:101C9000A10007FFFFFFFFFFFFFFFD100000000195
:101CA000DFFFFFFFFFFFFFFF703FFFFFFFFFFFFFB3
:101CB000FFFFE60000006EFFFFFFFFFFFFFFFFF3E7
:101CC0000FFFFFFFFFFFFFFFFFFFEA88AEFFFFFFF1
:101CD000FFFFFFFFFFFFF00AFFFFFFFFFFFFFFFF18
:101CE000FFFFFFFFFFFFFFFFFFFFFFFFFF9003FF6F
:101CF000FFFFFFFFFFFFFFFFFFFFFFFFFFFFFFFFF4
:101D0000FFFFFFFF3000BFFFFFFFFFFFFFFFFFFFF1
:101D1000FFFFFFFFFFFFFFFFFFFFFB00003FFFFF95
:101D2000FFFFFFFFFFFFFFFFFFFFFFFFFFFFFFFFC3
:101D3000FFF3000008FFFFFFFFFFFFFFFFFFFFFFB4
:101D4000FFFFFFFFFFFFFFFF80000000DFFFFFFD41
:101D5000FFFFFFFFFFFFFFFFFFFFFFDFFFFFFD00B4
:101D60000000002FFFFB20AFFFFFFFFFFFFFFFFF83
:101D7000FFF902BFFFF20000000004FE500004DF84
:101D8000FFFFFFFFFFFFFFFD400004DF40000000FA
:101D900000001000000005CFFFFFFFFFFFFC500018
:101DA00000000100000000000000000000000FFF24
:101DB000FFFFFFFFF0000000000000000000000037
:101DC00000000000000FFFFFFFFFFFF00000000019
:101DD0000000000000000000000000000FFFFFFFF7
:101DE000FFFFF00000000000000000000000000005
:101DF0000000000FFFFFFFFFFFF0000000000000E9
:101E0000000000000000000000000FFFFFFFFFFFC8
:101E1000F0000000000000000000000000000000D2
:101E20000006CFFFFFFFFC70000000000000000074
:101E3000000000000000000000001233210000003C
:101E40000000000000000000000000000000000092
:101E50000000003BFFB3000000007FFFFFF7000021
:101E60000000000000000000000000000007FFFF6D
:101E7000FF60000000BFFFFFFB000000000000004B
:101E80000000000000000000AFFFFFFFF9000000AD
:101E9000CFFFFFFC00000000000000000000000079
:101EA00000001CFFFFFFFFFFB10000CFFFFFFC00A1
:101EB00000000000000000000000000003EFFFFF32
:101EC000FFFFFFFD2000CFFFFFFC0000000000002F
:101ED000000000000000005FFFFFFFFFFFFFFFF4B6
:101EE00000CFFFFFFC000000000000000000000029
:101EF0000008FFFFFFFFFFFFFFFFFF70CFFFFFFCAA
:101F0000000000000000000000000000BFFFFFFF15
:101F1000FA00AFFFFFFFFACFFFFFFC000000000058
:101F20000000000000002DFFFFFFFF700007FFFF13
:101F3000FFFFFFFFFFFC00000000000000000000AA
:101F400004EFFFFFFFF40000004FFFFFFFFFFFFF64
:101F5000FC000000000000000000007FFFFFFFFD0C
:101F60002000220002DFFFFFFFFFFFFC0000000057
:101F7000000000000009FFFFFFFFC10008FF800014
:101F80001CFFFFFFFFFFFC0000000000000000013D
:101F9000CFFFFFFFF90000AFFFFA00009FFFFFFF38
:101FA000FFFC00000000000000003EFFFFFFFF609C
:101FB000001CFFFFFFC10006FFFFFFFFFC00000049
:101FC0000000000005FFFFFFFFE40003EFFFFFFF3D
:101FD000FE30004EFFFFFFFE400000000000008FBB
:101FE000FFFFFFFD20006FFFFFFFFFFFF50002DF97
:101FF000FFFFFFF600000000000AFFFFFFFFB00038
:1020000008FFFFFFFFFFFFFF80000BFFFFFFFF90B8
:1020100000000001DFFFFFFFF80000BFFFFFFFFF30
:10202000FFFFFFFB00008FFFFFFFFC1000003EFFE3
:10203000FFFFFF60002DFFFFFFFFFFFFFFFFFFD24D
:102040000006FFFFFFFFE30006FFFFFFFFE30004C2
:10205000EFFFFFFFFFFFFFFFFFFFFE40003EFFFF20
:10206000FFFF608FFFFFFFFD10006FFFFFFFFFFF0F
:10207000FFFFFFFFFFFFF60001DFFFFFFFF8FFFF9D
:10208000FFFFA00009FFFFFFFFFFFFFFFFFFFFFFB4
:10209000FFFF90000AFFFFFFFF6FFFFFF80001BF87
:1020A000FFFFFFFFFFFFFFFFFFFFFFFFFFFB100032
:1020B0008FFFFFF609FFFF50002DFFFFFFFFFFFF1F
:1020C000FFFFFFFFFFFFFFFFFFD20005FFFF9000B4
:1020D000CFE30004FFFFFFFFFFFFFFFFFFFFFFFF56
:1020E000FFFFFFFFFF40003EFC00001710000FFF46
:1020F000FFFFFFFFFFFFFFFFFFFFFFFFFFFFFFFFF0
:10210000F000017100000000000FFFFFFFFFFFFF64
:10211000FFFFFFFFFFFFFFFFFFFFFFF000000000DA
:10212000000000000FFFFFFFFFFFFFFFFFFFFFFFAB
:10213000FFFFFFFFFFFFF000000000000000000FA6
:10214000FFFFFFFFFFFFFFFFFFFFFFFFFFFFFFFF9F
:10215000FFF000000000000000000FFFFFFFFFFF86
:10216000FFFFFFFFFFFFFFFFFFFFFFFFF00000008B
:1021700000000000000FFFFFFFFFFFFFD200000084
:102180002DFFFFFFFFFFFFF0000000000000000038
:102190000FFFFFFFFFFFFF8000000008FFFFFFFFB2
:1021A000FFFFF000000000000000000FFFFFFFFF36
:1021B000FFFF8000000008FFFFFFFFFFFFF00000AF
:1021C0000000000000000FFFFFFFFFFFFF80000086
:1021D0000008FFFFFFFFFFFFF0000000000000000D
:1021E000000FFFFFFFFFFFFF8000000008FFFFFF61
:1021F000FFFFFFF000000000000000000FFFFFFFE6
:10220000FFFFFF8000000008FFFFFFFFFFFFF0005F
:10221000000000000000000FFFFFFFFFFFFF800035
:10222000000008FFFFFFFFFFFFF0000000000000BC
:1022300000000FFFFFFFFFFFFF8000000008FFFF0F
:10224000FFFFFFFFF000000000000000000FFFFF95
:10225000FFFFFFFF8000000008FFFFFFFFFFFFF010
:1022600000000000000000000FFFFFFFFFFFFF80E5
:1022700000000008FFFFFFFFFFFFF000000000006C
:102280000000000FFFFFFFFFFFFF7000000007FFCF
:10229000FFFFFFFFFFF0000000000000000008FF4C
:1022A000FFFFFFFFFD2000000002DFFFFFFFFFFF39
:1022B00080000000000000000000000000003DFF62
:1022C000FFFFFFD30000000000000000000000003E
:1022D000000000000000DFFFFFFFFFFD0000000026
:1022E0000000000000000000000000000000FFFFF0
:1022F000FFFFFFFF000000000000000000000000E2
:10230000000000000000FFFFFFFFFFFF00000000D3
:102310000000000000000000000000000000FFFFBF
:10232000FFFFFFFF000000000000000000000000B1
:10233000000000000000FFFFFFFFFFFF00000000A3
:102340000000000000000000000000000000FFFF8F
:10235000FFFFFFFF00000000000000000000000081
:10236000000000000000FFFFFFFFFFFF0000000073
:102370000000000000000000000000000000FFFF5F
:10238000FFFFFFFF00000000000000000000000051
:10239000000000000000FFFFFFFFFFFF0000000043
:1023A0000000000000000000000000000000FFFF2F
:1023B000FFFFFFFF00000000000000000000000021
:1023C000000000000000FFFFFFFFFFFF0000000013
:1023D0000000000000000000000000000000FFFFFF
:1023E000FFFFFFFF000000000000000000000000F1
:1023F000000000000000FFFFFFFFFFFF00000000E3
:102400000000000000000000000000000000FFFFCE
:10241000FFFFFFFF000000000000000000000000C0
:10242000000000000000FFFFFFFFFFFF00000000B2
:102430000000000000000000000000000000FFFF9E
:10244000FFFFFFFF00000000000000000000000090
:10245000000000000000FFFFFFFFFFFF0000000082
:102460000000000000000000007FFFFFFFFFFFFFF3
:10247000FFFFFFFFFFFFFFFFF7000000000000006D
:1024800000FFFFFFFFFFFFFFFFFFFFFFFFFFFFFF5B
:10249000FF0000000000000000EFFFFFFFFFFFFF54
:1024A000FFFFFFFFFFFFFFFFFE0000000000000036
:1024B000004FFFFFFFFFFFFFFFFFFFFFFFFFFFFFDB
:1024C000F4000000000000000004FFFFFFFFFFFF1A
:1024D000FFFFFFFFFFFFFFFF4000000000000000C4
:1024E00000004FFFFFFFFFFFFFFFFFFFFFFFFFF4B5
:1024F0000000000000000000000004FFFFFFFFFFDD
:10250000FFFFFFFFFFFFFF40000000000000000092
:102510000000004FFFFFFFFFFFFFFFFFFFFFF40082
:10252000000000000000000000000004FFFFFFFFAB
:10253000FFFFFFFFFFFF4000000000000000000061
:10254000000000004FFFFFFFFFFFFFFFFFF4000050
:1025500000000000000000000000000004FFFFFF7A
:10256000FFFFFFFFFF400000000000000000000030
:1025700000000000004FFFFFFFFFFFFFF40000001E
:102580000000000000000000000000000004FFFF49
:10259000FFFFFFFF400000000000000000000000FF
:1025A0000000000000004FFFFFFFFFF400000000EC
:1025B000000000000000000000000000000004FF18
:1025C000FFFFFF400000000000000000003DFFFF93
:1025D000FFFFFFFFFF80004FFFFFF40008FFFFFF3A
:1025E000FFFFFFFFD3DFFFFFFFFFFFFFFFF8000448
:1025F000FFFF40008FFFFFFFFFFFFFFFFDFFFFFF1B
:10260000FFFFFFFFFFFF80004EE40008FFFFFFFF1A
:10261000FFFFFFFFFFFFFFFFFFFFFFFFFFFFF800D0
:102620000000008FFFFFFFFFFFFFFFFFFFFFFFFF27
:10263000FFFFFFFFFFFFFF80000008FFFFFFFFFF1E
:10264000FFFFFFFFFFFFFFFFFFFFFFFFFFFFFFFB9E
:102650004004BFFFFFFFFFFFFFFFFFFFFFFFFFFF84
:10266000FFFFFFFFFFFFFFFFFFFFFFFFFFFFFFFF7A
:10267000FFFFFFFFFFFFFFFFFFFFFFFFFFFFFFFF6A
:10268000FFFFFFFFFFFFFFFFFFFFFFFFFFFFFFFF5A
:10269000FFFFFFFFFFFFFFFFFFFFFFFFFFFEAEFF9C
:1026A000FEAEFFFFFFFFFFFFFFFFFFFFFFFFFFFF8C
:1026B000FFFFFFFFFFE102FFD001EFFFFFFFFFFF82
:1026C000FFFFFFFFFFFFFFFFFFFFFFFFFFA000DF98
:1026D0008000AFFFFFFFFFFFFFFFFFFFFFFFFFFFD8
:1026E000FFFFFFFFFFE102FFD001EFFFFFFFFFFF52
:1026F000FFFFFFFFFFFFFFFFFFFFFFFFFFFEAEFF3C
:10270000FEAEFFFFFFDFFFFFFFFFFFFFFFFFFFFF4B
:10271000FFFFFFFFFFFFFFFFFFFFFFFFFD3DFFFF8D
:10272000FFFFFFFFFFFFFFFFFFFFFFFFFFFFFFFFB9
:10273000FFFFFFFFD30000000000006DFFFFFFFF61
:10274000FFFFFFFFFFFFFFFFFFD7000000000000BB
:1027500000000000000CFFFFFFFFFFFFFFFFFFFF77
:10276000FFFFFFFFFFC000000000000000000000AE
:10277000AFFFFFFFFFFFFFFFFFFFFFFFFFFFFFFFB9
:10278000FA00000000000000000005FFFFFFFFFF4F
:10279000FFFFFFFFFFFFFFFFFFFFFFFF50000000F5
:1027A00000000000001EFFFFFFFFFFFFFFFFFFFF15
:1027B000FFFFFFFFFFFFFFE100000000000000003F
:1027C000AFFFFFFFFFFFFFFFFFFFFFFFFFFFFFFF69
:1027D000FFFFFA0000000000000005FFFFFFD0002F
:1027E000000000000000000000000DFFFFFF50008F
:1027F00000000000001EFFFFFF300000000000008E
:10280000000000000003FFFFFFE1000000000000E7
:10281000AFFFFFF800000000000000000000000013
:10282000008FFFFFFA000000000005FFFFFFD0004F
:102830000000000000000000000000000DFFFFFF8E
:1028400050000000001EFFFFFF30000000000000ED
:102850000000000000000003FFFFFFE10000000097
:10286000AFFFFFF8000000000000000000000000C3
:102870000000008FFFFFFA00000005FFFFFFD000FF
:1028800000000000000000000000000000000DFF3C
:10289000FFFF5000001EFFFFFF300000000000009F
:1028A00000000000000000000003FFFFFFE1000047
:1028B000AFFFFFF800000000000000000000000073
:1028C00000000000008FFFFFFA0005FFFFFFD000AF
:1028D00000000000000000000000000000000000F8
:1028E0000DFFFFFF501EFFFFFF3000000000000043
:1028F000000000000000000000000003FFFFFFE1F7
:102900008FFFFFF800000000000000000000000042
:10291000000000000000008FFFFFF8DFFFFFFFFF57
:10292000FFFFFFFFF1000000000000001FFFFFFF9E
:10293000FFFFFFFFFFFDFFFFFFFFFFFFFFFFFFF8B0
:10294000000000000000008FFFFFFFFFFFFFFFFF00
:10295000FFFFFFFFFFFFFFFFFFFFFF100000000072
:102960000001FFFFFFFFFFFFFFFFFFFFFFFFFFFF74
:10297000FFFFFFFFFFFF80000000000008FFFFFFD8
:10298000FFFFFFFFFFFFFFFFFFFFFFFFFFFFFFFF57
:10299000FFF100000000001FFFFFFFFFFFFFFFFF30
:1029A000FFFFFFFFFFFFFFFFFFFFFFFFF80000003B
:1029B00000008FFFFFFFFFFFFFFFFFFFFFFFFFFF95
:1029C000FFFFFFFFFFFFFFFFFFFFFFFFFFFFFFFF17
:1029D000FFFFFFFFFFFFFFFFFFFFFFFFFFFFFFFF07
:1029E000FFFFFFFFFFFFFFFFFFFFFFFFFFFFFFFFF7
:1029F000FFFFFFFFFFFFFFFFFFFFFFFFFFFFFFFFE7
:102A0000FFFFFFFFFFFFFFFFFFFFFFFFFFFFFFFFD6
:102A1000FFFFFFFFFFFFFFFFFFFFFFFFFFFFFFFFC6
:102A2000FFFFFFFFFFFFFFFFFFFFFFFFFFFFFFFFB6
:102A3000FFFFFFFFFFFFFFFFFFFFFFFFFFFFFFFFA6
:102A4000FFFFFFFFFFFFFFFFFFFFFFFFFFFFFFFF96
:102A5000FFFFFFFFFFFFFFFFFFFFFFFFFFFFFFFF86
:102A6000FFFFFFFFFFFFFFFFFFFFFFFFFFFFFFFF76
:102A7000FFFFFFFFFFFFFFFFFFFFFFFFFFFFFFFF66
:102A8000FFFFFFFFFFFFFFFFFFFFFFFFFFFFFFFF56
:102A9000FFFFFFFFFFDFFFFFFFFFFFFFFFFFFFFF66
:102AA000FFFFFFFFFFFFFFFFFFFFFFFFFFFFFFFD38
:102AB0008FFFFFFFFFFFFFFFFFFFFFFFFFFFFFFF96
:102AC000FFFFFFFFFFFFFFFFFFFFF80CFFFFFFFF10
:102AD000FFFFFFFFFFFFFFFFFFFFFFFFFFFFFFFF06
:102AE000FFFFFFFFFFC0008DFFFFFFFFFFFFFFFFA6
:102AF000FFFFFFFFFFFFFFFFFFFFFFFFFFFFFFD80D
:102B000000000000000000000000000011100000A4
:102B1000000000000006FFFFFC00000000000000B5
:102B200000037BEFFFFFFC8400000000000AFFFFB2
:102B3000FF0000000000000029EFFFFFFFFFFFFF84
:102B4000F93000000009FFFFFF0000000000002A2C
:102B5000FFFFFFFFFFFFFFFFFFFD50000008FFFF2B
:102B6000FF000000000007FFFFFFFFFFFFFFFFFF68
:102B7000FFFFFC300008FFFFFF0000000002CFFF56
:102B8000FFFFFFFFFFFFFFFFFFFFFFF90007FFFF52
:102B9000FF000000003EFFFFFFFFFFFFFFFFFFFF02
:102BA000FFFFFFFFD206FFFFFF00000004FFFFFF53
:102BB000FFFFFFFDBAABEFFFFFFFFFFFFF45FFFF8A
:102BC000FF0000004FFFFFFFFFFFA5100000016C9A
:102BD000FFFFFFFFFFF9FFFFFF000002FFFFFFFF06
:102BE000FF910000000000003AFFFFFFFFFFFFFF22
:102BF000FF00000DFFFFFFFFD300000000000000FA
:102C0000004DFFFFFFFFFFFFFF00009FFFFFFFF9E9
:102C1000000000000000000000009FFFFFFFFFFF1A
:102C2000FF0003FFFFFFFF80000000000000000026
:102C3000000006FFFFFFFFFFFF000BFFFFFFF80094
:102C400000000000000000000000006FFFFFFFFF19
:102C5000FF003FFFFFFFB00000000000000006A9DA
:102C60008776543BFFFFFFFFFF00AFFFFFFE100022
:102C70000000000000000FFFFFFFFFFFFFFFFFFF4E
:102C8000FF00FFFFFFF600000000000000000FFF44
:102C9000FFFFFFFFFFFFFFFFFF05FFFFFFD000006B
:102CA0000000000000000FFFFFFFFFFFFFFFFFFF1E
:102CB000FF09FFFFFF8000000000000000000FFF81
:102CC000FFFFFFFFFFFFFFFFFF0DFFFFFF200000E3
:102CD0000000000000000FFFFFFFFFFFFFFFFFFFEE
:102CE000FF09FFFFFB0000000000000000000BFFD9
:102CF000FFFFFFFFFFFFFFFFFB00000000000000E1
:102D000000000000000000000000000000000000C3
:102D100000000000000000000000000000000000B3
:102D200000000000000000000000000000000000A3
:102D30000000000000000000000000000000000093
:102D40000000000000000000000000000000000083
:102D50000000000000000000000000000000000073
:102D60000000000000000000000000000000000063
:102D70000000000000000000000000000000000053
:102D8000000000000000000000BFFFFFFFFFFFFF8A
:102D9000FFFFFFB0000000000000000000BFFFFFC9
:102DA00090FFFFFFFFFFFFFFFFFFFFF000000000AD
:102DB0000000000003FFFFFFB0FFFFFFFFFFFFFF6A
:102DC000FFFFFFF0000000000000000008FFFFFF11
:102DD00080FFFFFFFFFFFFFFFFFFFFF0000000008D
:102DE000000000000EFFFFFF40FFFFFFFFFFFFFF9F
:102DF000FFFFFFF000000000000000007FFFFFFE6B
:102E000000FFFFFFFFFFFFFFFFFFFFF000000000DC
:102E100000000001FFFFFFF900FFFFFFFFFFB345C8
:102E200067789A60000000000000000CFFFFFFF2CE
:102E300000FFFFFFFFFFF5000000000000000000A2
:102E40000000009FFFFFFFB000FFFFFFFFFFFF50EC
:102E50000000000000000000000009FFFFFFFF204D
:102E600000FFFFFFFFFFFFF8000000000000000070
:102E70000000BFFFFFFFF80000FFFFFFFFFFFFFFA5
:102E8000C300000000000000004DFFFFFFFFD00066
:102E900000FFFFFFFFFFFFFFFFA200000000000098
:102EA00029FFFFFFFFFF200000FFFFFF9FFFFFFF45
:102EB000FFFFB6100000015AFFFFFFFFFFF4000004
:102EC00000FFFFFF54FFFFFFFFFFFFFEBAABDFFF76
:102ED000FFFFFFFFFF40000000FFFFFF602DFFFF2F
:102EE000FFFFFFFFFFFFFFFFFFFFFFFFE30000000B
:102EF00000FFFFFF70019FFFFFFFFFFFFFFFFFFFCE
:102F0000FFFFFFFC2000000000FFFFFF700004DF58
:102F1000FFFFFFFFFFFFFFFFFFFFFF80000000003C
:102F200000FFFFFF80000005DFFFFFFFFFFFFFFF47
:102F3000FFFFA2000000000000FFFFFF9000000064
:102F400003AFFFFFFFFFFFFFFE9200000000000045
:102F500000FFFFFFA0000000000049CFFFFFFEB808
:102F6000300000000000000000CFFFFF6000000004
:102F7000000000000111000000000000000000003F
:102F80000000000000000000000000000000000041
:102F9000000000000000009FD300000000000000BF
:102FA00000000AFFFD000000000000000000AFFF6D
:102FB000FF00000000000000000AFFFFFF0000000B
:102FC0000000000000AFFFFFFF0000000000000055
:102FD0000AFFFFFFFF00000000000000AFFFFFFF3F
:102FE000FF0000000000000AFFFFFFFFFF000000DD
:102FF000000000AFFFFFFFFFFF3DFFFFFFFFFFFFF0
:10300000FFFFFFFFFFDFFFFFFFFFFFFFFFFFFFFFF0
:10301000FFFFFFFFFFFFFFFFFFFFFFFFFFFFFFFFC0
:10302000FFFFFFFFFFFFFFFFFFFFFFFFFFFFFFFFB0
:10303000FFFFFFFFFFFFFFFFFFFFFFFFFFFFFFFFA0
:10304000FFFFFFFFFFFFFFFFFFFFFFFFFFFFFFFF90
:10305000FFFFFFFFFFFFFFFFFFFFFFFFFFFFFFFF80
:10306000FFFFFFFFFFFFFFFFFFFFFFFFFFFFFFFF70
:10307000FFFFFFFFFFFFFFFFFFFFFFFFFFFFFFFF60
:10308000FFFFFFFFFFFFFFFFFFFFFFFFFFFFFFFF50
:10309000FFFFFFFFFFFFFFFFFFFFFFFFFFFFFFFF40
:1030A000FFFFFFFFFFFFFFFFFFFFFFFFFFFFFFFF30
:1030B000FFFFFFFFFFFFFFFFFFDFFFFFFFFFFFFF40
:1030C000FFFFFFFFFF3DFFFFFFFFFFFFFFFFFFFFD2
:1030D000FF000000000000AFFFFFFFFFFF00000047
:1030E0000000000AFFFFFFFFFF00000000000000DB
:1030F000AFFFFFFFFF000000000000000AFFFFFF1E
:10310000FF0000000000000000AFFFFFFF00000014
:1031100000000000000AFFFFFF00000000000000A8
:103120000000AFFFFF0000000000000000000AFFE9
:10313000FD000000000000000000009FD300000020
:10314000000000000000000000000000000000007F
:10315000000000000000000000000000000000006F
:1031600000000000008EC20000000000000000000F
:103170000000000000000AFFFD0000000000000049
:103180000000000000000000AFFFFF000000000092
:103190000000000000000000000AFFFFFF00000028
:1031A0000000000000000000000000AFFFFFFF0073
:1031B0000000000000000000000000000AFFFFFF08
:1031C000FF00000000000000000000000000AFFF52
:1031D000FFFFFF0000000000000000000000000AE8
:1031E000FFFFFFFFFF0000000000000000000000E4
:1031F00000AFFFFFFFFFFF0000000000002CFFFFFB
:10320000FFFFFFFFFFFFFFFFFF000000000000CFF8
:10321000FFFFFFFFFFFFFFFFFFFFFF000001520066
:1032200000FFFFFFFFFFFFFFFFFFFFFFFF00002F7B
:10323000FF8000FFFFFFFFFFFFFFFFFFFFFFFF001B
:10324000008FFFFA00FFFFFFFFFFFFFFFFFFFFFF01
:10325000FF00007FFFFF70FFFFFFFFFFFFFFFFFF8B
:10326000FFFFFF00001CFFFFF2FFFFFFFFFFFFFF5C
:10327000FFFFFFFFFF0000009FFFF8FFFFFFFFFFC2
:10328000FFFFFFFFFFFFFF0000000DFFFDFFFFFF3F
:10329000FFFFFFFFFFFFFFFFFF00000009FFFFFF31
:1032A000FFFFFFFFFFFFFFFFFFFFFF00000008FF22
:1032B000FFFFFFFFFFFFFFFFFFFFFFFFFF0000001B
:1032C0000CFFFDFFFFFFFFFFFFFFFFFFFFFFFF0002
:1032D00000006FFFF9FFFFFFFFFFFFFFFFFFFFFF92
:1032E000FF000009FFFFF3FFFFFFFFFFFFFFFFFFEE
:1032F000FFFFFF00006FFFFFA0FFFFFFFFFFFFFFCB
:10330000FFFFFFFFFF00009FFFFC00FFFFFFFFFF2D
:10331000FFFFFFFFFFFFFF00004FFFB100DFFFFFD8
:10332000FFFFFFFFFFFFFFFFFF0000038500003DE1
:10333000FFFFFFFFFFFFFFFFFFFFFF000000000098
:1033400000000000000001BFFFFFFFFFFF000000C2
:103350000000000000000000000BFFFFFFFFFF0067
:10336000000000000000000000000000BFFFFFFFA1
:10337000FF000000000000000000000000000BFF44
:10338000FFFFFF0000000000000000000000000040
:1033900000BFFFFFFF000000000000000000000071
:1033A0000000000BFFFFFF00000000000000000015
:1033B000000000000000BFFFFF0000000000000050
:1033C00000000000000000000BFFFD0000000000F6
:1033D0000000000000000000000000AFD30000006B
:1033E00000000000000000000000000000000000DD
:1033F00000000000000000000000000000000000CD
:103400000000000000000000017500000000000046
:1034100000000000000000000000000000000000AC
:103420000000001EFFB100000000000000000000CE
:1034300000000000000000000000000000007FFF0E
:10344000FE4000000000000000000000000000003E
:103450000000000000000000005FFFFFF50000001A
:10346000000000000000000000000000000000005C
:103470000000000009FFFFFF6000000000000000E6
:103480000000000000009FD30000000000000000CA
:103490005FFFFFF5000000000000000000000000DA
:1034A0000AFFFD000000000000000002EFFFFF30F7
:1034B0000000000000000000000000AFFFFF00005F
:1034C000000000000000002EFFFFE10000000000EF
:1034D00000000000000AFFFFFF00000000008FD383
:1034E000000002EFFFF900000000000000000000F3
:1034F000AFFFFFFF0000000004FFFF8000004FFF50
:10350000FF3000000000000000000AFFFFFFFF0086
:1035100000000006FFFFFA000007FFFFD0000000D8
:103520000000000000AFFFFFFFFF0000000001FFF0
:10353000FFFFA00000DFFFF4000000000000000A11
:10354000FFFFFFFFFF00000000002DFFFFF800005D
:103550003FFFFC00000000000000AFFFFFFFFFFF87
:10356000000000000000BFFFFF30000BFFFF303DF8
:10357000FFFFFFFFFFFFFFFFFFFFFF000000000056
:10358000000BFFFFC00004FFFF80DFFFFFFFFFFF16
:10359000FFFFFFFFFFFF00000274000000EFFFF4D9
:1035A0000000DFFFD0FFFFFFFFFFFFFFFFFFFFFF78
:1035B000FF00003FFF9000004FFFFC00008FFFF274
:1035C000FFFFFFFFFFFFFFFFFFFFFFFF00009FFF69
:1035D000FB00000CFFFF10003FFFF6FFFFFFFFFFA7
:1035E000FFFFFFFFFFFFFF00007FFFFF800005FFE1
:1035F000FF60000FFFF9FFFFFFFFFFFFFFFFFFFF6F
:10360000FFFF00000AFFFFF20000FFFFA0000DFF18
:10361000FCFFFFFFFFFFFFFFFFFFFFFFFF000000BA
:103620008FFFF90000CFFFC0000AFFFDFFFFFFFF83
:10363000FFFFFFFFFFFFFFFF0000000DFFFD000089
:10364000AFFFE00009FFFEFFFFFFFFFFFFFFFFFFEF
:10365000FFFFFF00000009FFFF00008FFFF00008E0
:10366000FFFFFFFFFFFFFFFFFFFFFFFFFFFF000068
:103670000009FFFF00008FFFF00008FFFFFFFFFFC2
:10368000FFFFFFFFFFFFFFFFFF0000000DFFFD003A
:1036900000AFFFE00009FFFEFFFFFFFFFFFFFFFF9E
:1036A000FFFFFFFF0000008FFFF90000CFFFC00009
:1036B0000AFFFDFFFFFFFFFFFFFFFFFFFFFFFF0010
:1036C000000AFFFFF20000FFFFA0000CFFFCFFFF5D
:1036D000FFFFFFFFFFFFFFFFFFFF00007FFFFF80F7
:1036E0000005FFFF60000FFFF9FFFFFFFFFFFFFF77
:1036F000FFFFFFFFFF00009FFFFC00000CFFFF101B
:10370000003FFFF6FFFFFFFFFFFFFFFFFFFFFFFF91
:1037100000003FFF9000004FFFFC00008FFFF2DF32
:10372000FFFFFFFFFFFFFFFFFFFFFF00000274002E
:103730000000EFFFF40000DFFFD03DFFFFFFFFFFC1
:10374000FFFFFFFFFFFF0000000000000BFFFFC0B6
:103750000005FFFF80000000000000AFFFFFFFFF3B
:10376000FF000000000000BFFFFF30000CFFFF3033
:103770000000000000000AFFFFFFFFFF0000000044
:10378000002DFFFFF800003FFFFC000000000000DC
:103790000000AFFFFFFFFF0000000001FFFFFFA0E0
:1037A0000000DFFFF400000000000000000AFFFF3F
:1037B000FFFF0000000006FFFFFA000008FFFFD037
:1037C000000000000000000000AFFFFFFF0000004D
:1037D0000005FFFF8000003FFFFF300000000000F9
:1037E000000000000AFFFFFF00000000009FC30070
:1037F0000002EFFFF90000000000000000000000E0
:10380000AFFFFF0000000000000000001EFFFFE10E
:1038100000000000000000000000000AFFFD0000A2
:1038200000000000000003DFFFFF30000000000088
:10383000000000000000009FD30000000000000016
:10384000005FFFFFF5000000000000000000000026
:10385000000000000000000000000009FFFFFF6002
:103860000000000000000000000000000000000058
:103870000000000000005FFFFFF5000000000000F6
:103880000000000000000000000000000000000038
:10389000007FFFFE4000000000000000000000006C
:1038A0000000000000000000000000001EFFB1004A
:1038B0000000000000000000000000000000000008
:1038C0000000000000000001750000000000000082
:1038D0008DFFFFFFFFFFFFFFFFFFFFFFFFFFFFFF6A
:1038E000FFFFFFFFFFD8000CFFFFFFFFFFFFFFFF01
:1038F000FFFFFFFFFFFFFFFFFFFFFFFFFFFFC08F87
:10390000FFFFFFFFFFFFFFFFFFFFFFFFFFFFFFFFC7
:10391000FFFFFFFFFFFFF8DFFFFFFFFFFFFFFFFFDE
:10392000FFFFFFFFFFFFFFFFFFFFFFFFFFFFFDFFA9
:10393000FFFFFFFFFFFFFFFFFFFFFFFFFFFFFFFF97
:10394000FFFFFFFFFFFFFFFFFFFFFFA545AFFFFFEB
:10395000FFFFFFFFFFFFFFFFFFFFFFFFFFFFFFFF77
:10396000FFFFE3000003EFFFFFFFFFFFFFFFFFFF8D
:10397000FFFFFFFFFFFFFFFFFFFF300000003FFFE3
:10398000FFFFFFFFFFFFFFFFFFFFFFFFFFFFFFFF47
:10399000FFFA000000000AFFFFFFFFFFFFFFFFFF2D
:1039A000FFFFFFFFFFFFFFFFFFF50000000005FF27
:1039B000FFFFFFFFFFFFFFFFFFFFFFFFFFFFFFFF17
:1039C000FFF40000000004FFFFFFFFFFFFFFFFFF09
:1039D000FFFFFFFFFFFFFFFFFFF50000000005FFF7
:1039E000FFFFFFFFFFFFFE22EFFFFFFFFFFFFFFFD5
:1039F000FFFA000000000AFFFFFFFFFFFFFFE200E9
:103A00002EFFFFFFFFFFFFFFFFFF300000003FFF23
:103A1000FFFFFFFFFFFE200002EFFFFFFFFFFFFFA2
:103A2000FFFFE3000003EFFFFFFFFFFFFFE20000E7
:103A3000002EFFFFFFFFFFFFFFFFFFA545AFFFFFCA
:103A4000FFFFFFFFFE2000000002EFFFFFFFFFFF70
:103A5000FFFFFFFFFFFFFFFFFFFFFFFFE200000090
:103A600000002EFFFFFFFFFFFFFFFFFFFFFFFFFF35
:103A7000FFFFFFFE20000000000002EFFFFFFFFF3E
:103A8000FFFFFFFFFFE7EFFFFFFFFFE20000000087
:103A90000000002EFFFFFFFFFFFFFFFFFE202EFFB5
:103AA000FFFFFE200000000000000002FFFFFFFFFC
:103AB000FFFFFFFFE20002EFFFFFE2000000000057
:103AC00000000000FFFFFFFFFFFFFFFE2000002EB1
:103AD000FFFE20000000000000000000FFFFFFFFCD
:103AE000FFFFFFE200000002EFE200000000000024
:103AF00000000000FFFFFFFFFFFFFE2000000000AE
:103B00002C2000000000000000000000FFFFFFFF6D
:103B1000FFFFE200000000000000000000000000C5
:103B200000000000FFFFFFFFFFFF2000000000007B
:103B3000000000000000000000000000FFFFFFFF89
:103B4000FFFF000000000000000000000000000077
:103B500000000000FFFFFFFFFFFF0000000000006B
:103B6000000000000000000000000000FFFFFFFF59
:103B7000FFFF000000000000000000000000000047
:103B800000000000FFFFFFFFFFFF0000000000003B
:103B9000000000000000000000000000FFFFFFFF29
:103BA000FFFFFFFFFFFFFFFFFFFFFFFFFFFFFFFF25
:103BB000FFFFFFFFFFFFFFFFFFFFFFFFFFFFFFFF15
:103BC000FFFFFFFFFFFFFFFFFFFFFFFFFFFFFFDF25
:103BD000FFFFFFFFFFFFFFFFFFFFFFFFFFFFFFFFF5
:103BE000FFFFFFFFFFFFFD8FFFFFFFFFFFFFFFFF57
:103BF000FFFFFFFFFFFFFFFFFFFFFFFFFFFFF80CCF
:103C0000FFFFFFFFFFFFFFFFFFFFFFFFFFFFFFFFC4
:103C1000FFFFFFFFFFFFC0008DFFFFFFFFFFFFFF64
:103C2000FFFFFFFFFFFFFFFFFFFFFFFFFFD80000C9
:103C30000000000000003CFD40000000000000000B
:103C40000000000000000EFFFE0000000000000069
:103C500000000000000006FFFFF50000000000006B
:103C600000000000000000CFFFFFB00000000000D7
:103C7000000000000000001FFFFFFF100000000018
:103C80000000000000000007FFFFFFF70000000039
:103C90000000000000000000DFFFFFFFD000000078
:103CA00000000000000000004FFFFFFFFF40000089
:103CB00000000000000000000CFFFFFFFFFB000001
:103CC000000000000000000004FFFFFFFFFFF30002
:103CD000000000000000000000CFFFFFFFFFFFC05A
:103CE0000000000000000000004FFFFFFFFFFFFF8B
:103CF0005000000000000000000DFFFFFFFFFFFF6D
:103D0000FD000000000000000007FFFFFFFFFFFFB5
:103D1000FFF70000000000000002FFFFFFFFFFFFB1
:103D2000FFFFF200000000000000BFFFFFFFFFFFE9
:103D3000FFFFFFC00000000000006FFFFFFFFFFF5C
:103D4000FFFFFFFF7000000000002FFFFFFFFFFFDD
:103D5000FFFFFFFFFF30000000000DFFFFFFFFFF30
:103D6000FFFFFFFFFFFD0000000009FFFFFFFFFF57
:103D7000FFFFFFFFFFFFFA00000004FFFFFFFFFF50
:103D8000FFFFFFFFFFFFFFF5000000EFFFFFFFFF5A
:103D9000FFFFFFFFFFFFFFFFE000007FFFFFFFFFD0
:103DA000FFFFFFFFFFFFFFFFFF70000EFFFFFFFFA2
:103DB000FFFFFFFFFFFFFFFFFFFF1007FFFFFFFFFA
:103DC000FFFFFFFFFFFFFFFFFFFFF800EFFFFFFF19
:103DD000FFFFFFFFFFFFFFFFFFFFFFE04FFFFFFFC2
:103DE000FFFFFFFFFFFFFFFFFFFFFFFF48FFFFFF9A
:103DF000FFFFFFFFFFFFFFFFFFFFFFFFF8BFFFFF1A
:103E0000FFFFFFFFFFFFFFFFFFFFFFFFFFBEFFFF03
:103E1000FFFFFFFFFFFFFFFFFFFFFFFFFFFEFFFFB3
:103E2000FF707FFFFFFFFFFFFFFFFFFFFFFFFFFFB1
:103E3000FFF000FFFFFFFFFFFFFFFFFFFFFFFFFFA0
:103E4000FFFF100EFFFFFFFFFFFFFFFFFFFFFFFD64
:103E5000FFFFF300BFFFFFFFFFFFFFFFFFFFFFFDBF
:103E6000BFFFFF7005FFFFFFFFFFFFFFFFFFFFFF2B
:103E7000B7FFFFFC000CFFFFFFFFFFFFFFFFFFFF8F
:103E8000F73FFFFFF4002EFFFFFFFFFFFFFFFFFFE5
:103E9000FF30DFFFFFD1002CFFFFFFFFFFFFFFFF21
:103EA000FFD007FFFFFFB00005BEFFFFFFFFFFFFD2
:103EB000FFF6000EFFFFFFB10000007FFFFFFFFFD6
:103EC000FFFE00004FFFFFFFD4000000FFFFFFFFD9
:103ED000FFFF4000009FFFFFFFFC73107FFFFFFF0D
:103EE000FFFF90000000BFFFFFFFFFFFFFFFFFFF8E
:103EF000FFFFB000000000BFFFFFFFFFFFFFFFFF5D
:103F0000FFFFB000000000009FFFFFFFFFFFFFFF6B
:103F1000FFFF900000000000005EFFFFFFFFFFFFBB
:103F2000FFFE500000000000000007EFFFFFFFFF52
:103F3000FFE70000000000000000000048BEFFFE98
:103F4000B840000000000000000000000000000079
:103F5000000000000000CFFFFF8000000000000014
:103F6000000009FF80FFFFFFB0000000000000001C
:103F700000BFFFF9FFFFFFC0000000000000001CB1
:103F8000FFFFFEFFFFFFC000000000000001DFFF99
:103F9000FFFFFFFFFFC00000000000002EFFFFFF3B
:103FA000FFFFFFFFC0000000000003EFFFFFFFFF67
:103FB000FFFFFFC000000000004FFFFFFFFFFFFFFB
:103FC000FFFFC00000000005FFFFFFFFFFFFFFFF36
:103FD000FFC0000000006FFFFFFFFFFFFFFFFFFFBC
:103FE000C000000007FFFFFFFFFFFFFFFFFFFFC054
:103FF0000000008FFFFFFFFFFFFFFFFFFFFFC0007C
:104000000009FFFFFFFFFFFFFFFFFFFFFFC00000F2
:10401000AFFFFFFFFFFFFFFFFFFFFFFFC0000BFF32
:10402000FFFFFFFFFFFFFFFFFFFFFFC001CFFFFF0D
:10403000FFFFFFFFFFFFFFFFFFFFC01DFFFFFFFFB1
:10404000FFFFFFFFFFFFFFFFFFC2EFFFFFFFFFFFCD
:10405000FFFFFFFFFFFFFFFFDEFFFFFFFFFFFFFF91
:10406000FFFFFFFFFFFFFFFFFFFFFFFFFFFFFFFF60
:10407000FFFFFFFFFFFFFFFFFFFFFFFFFFFFFFFF50
:10408000FFFFFFFFFFFFFFFFFFFFFFFFFFFFFFFF40
:10409000FFFFFFFFFFFFFFFFFFFFFFFFFFFFFFFF30
:1040A000FFFFFFFFFFFFFFFFFFFFFFFFFFFFFFFF20
:1040B000FFFFFFFFFFFFFFFFFFFFFFFFFFFFFFFF10
:1040C000FFEFFFFFFFFFFFFFFFFFFFFFFFFFFFFF10
:1040D000C3EFFFFFFFFFFFFFFFFFFFFFFFFFFFC07B
:1040E0002EFFFFFFFFFFFFFFFFFFFFFFFFFFC001EE
:1040F000DFFFFFFFFFFFFFFFFFFFFFFFFFC0001C11
:10410000FFFFFFFFFFFFFFFFFFFFFFFFC00000BF3C
:10411000FFFFFFFFFFFFFFFFFFFFFFC000000AFFE1
:10412000FFFFFFFFFFFFFFFFFFFFC00000009FFF3B
:10413000FFFFFFFFFFFFFFFFFFC000000008FFFFC2
:10414000FFFFFFFFFFFFFFFFC0000000006FFFFF4A
:10415000FFFFFFFFFFFFFFC00000000005FFFFFFA4
:10416000FFFFFFFFFFFFC000000000004FFFFFFF49
:10417000FFFFFFFFFFC0000000000003EFFFFFFF95
:10418000FFFFFFFFC00000000000002EFFFFFFFF49
:10419000FFFFFFC000000000000001DFFFFFFFFF86
:1041A000FFFFC0000000000000001CFFFFFEFFFF3B
:1041B000FFB00000000000000000BFFFF9CFFFFFCC
:1041C00080000000000000000009FF8000000000E7
:1041D00000000000000000000000000000000000DF
:1041E00000000000000000000000000000000000CF
:1041F000008DFD70000000000000000000000000C5
:1042000000000000000DFFFFFD4000000000000066
:10421000000000000000000000009FFFFFFFFB20E7
:10422000000000000000000000000000000000EF9F
:10423000FFFFFFFFF800000000000000000000008A
:1042400000000000FFFFFFFFFFFFE500000000008F
:10425000000000000000000000FFFFFFFFFFFFFF65
:10426000C200000000000000000000000000FFFF8E
:10427000FFFFFFFFFFFF91000000000000000000B3
:10428000000000FFFFFFFFFFFFFFFFFE60000000D8
:104290000000000000000000FFFFFFFFFFFFFFFF26
:1042A000FFFC3000000000000000000000FFFFFFE6
:1042B000FFFFFFFFFFFFFFF91000000000000000FC
:1042C0000000FFFFFFFFFFFFFFFFFFFFFFF7000002
:1042D00000000000000000FFFFFFFFFFFFFFFFFFE7
:1042E000FFFFFFD40000000000000000FFFFFFFF01
:1042F000FFFFFFFFFFFFFFFFFFA100000000000026
:1043000000FFFFFFFFFFFFFFFFFFFFFFFFFFFF704B
:10431000000000000000FFFFFFFFFFFFFFFFFFFFA7
:10432000FFFFFFFFFD400000000000FFFFFFFFFF59
:10433000FFFFFFFFFFFFFFFFFFFFFB20000000006C
:10434000FFFFFFFFFFFFFFFFFFFFFFFFFFFFFFFF7D
:10435000F800000000FFFFFFFFFFFFFFFFFFFFFF70
:10436000FFFFFFFFFFFFE5000000FFFFFFFFFFFF74
:10437000FFFFFFFFFFFFFFFFFFFFFFFFC20000FF88
:10438000FFFFFFFFFFFFFFFFFFFFFFFFFFFFFFFF3D
:10439000FFFF9100FFFFFFFFFFFFFFFFFFFFFFFF9A
:1043A000FFFFFFFFFFFFFFFE40FFFFFFFFFFFFFFDD
:1043B000FFFFFFFFFFFFFFFFFFFFFFFFFFF3FFFF19
:1043C000FFFFFFFFFFFFFFFFFFFFFFFFFFFFFFFFFD
:1043D000FFFFFBFFFFFFFFFFFFFFFFFFFFFFFFFFF1
:1043E000FFFFFFFFFFFFFFFFFFFFFFFFFFFFFFFFDD
:1043F000FFFFFFFFFFFFFFFFFFFFFFFFFFFFFFFFCD
:10440000FFFFFFFFFFFFFFFFFFFFFFFFFFFFFFFFBC
:10441000FFFBFFFFFFFFFFFFFFFFFFFFFFFFFFFFB0
:10442000FFFFFFFFFFFFF3FFFFFFFFFFFFFFFFFFA8
:10443000FFFFFFFFFFFFFFFFFFFFFE40FFFFFFFF4C
:10444000FFFFFFFFFFFFFFFFFFFFFFFFFFFFFF91EA
:1044500000FFFFFFFFFFFFFFFFFFFFFFFFFFFFFF6B
:10446000FFFFFFC20000FFFFFFFFFFFFFFFFFFFF97
:10447000FFFFFFFFFFFFFFE5000000FFFFFFFFFF63
:10448000FFFFFFFFFFFFFFFFFFFFFFF8000000003F
:10449000FFFFFFFFFFFFFFFFFFFFFFFFFFFFFFFB30
:1044A0002000000000FFFFFFFFFFFFFFFFFFFFFFF7
:1044B000FFFFFFFD400000000000FFFFFFFFFFFFC8
:1044C000FFFFFFFFFFFFFFFF70000000000000FF85
:1044D000FFFFFFFFFFFFFFFFFFFFFFFFA100000047
:1044E00000000000FFFFFFFFFFFFFFFFFFFFFFFFD8
:1044F000D40000000000000000FFFFFFFFFFFFFFEF
:10450000FFFFFFFFF7000000000000000000FFFFBA
:10451000FFFFFFFFFFFFFFFFFA1000000000000099
:10452000000000FFFFFFFFFFFFFFFFFFFC30000068
:104530000000000000000000FFFFFFFFFFFFFFFF83
:10454000FE600000000000000000000000FFFFFF10
:10455000FFFFFFFFFF9100000000000000000000CF
:104560000000FFFFFFFFFFFFFFC200000000000090
:1045700000000000000000FFFFFFFFFFFFE500005C
:10458000000000000000000000000000EFFFFFFF3F
:10459000FFF8000000000000000000000000000024
:1045A000008FFFFFFFFB2000000000000000000064
:1045B0000000000000000CFFFFFD400000000000B4
:1045C0000000000000000000000000007DFD700001
:1045D00000000000000000000000000000000000DB
:1045E00000000000000000000000000000000000CB
:1045F00000000000000000000000000000000000BB
:1046000000000000000000000000009EFFFFFFFF10
:10461000FFE900000000009EFFFFFFFFFFE9000D23
:10462000FFFFFFFFFFFFFFD00000000DFFFFFFFFB8
:10463000FFFFFFD08FFFFFFFFFFFFFFFF80000002D
:104640008FFFFFFFFFFFFFFFF8EFFFFFFFFFFFFF01
:10465000FFFE000000EFFFFFFFFFFFFFFFFEFFFF79
:10466000FFFFFFFFFFFFFF000000FFFFFFFFFFFF57
:10467000FFFFFFFFFFFFFFFFFFFFFFFF000000FF47
:10468000FFFFFFFFFFFFFFFFFFFFFFFFFFFFFFFF3A
:10469000FF000000FFFFFFFFFFFFFFFFFFFFFFFF27
:1046A000FFFFFFFFFFFF000000FFFFFFFFFFFFFF17
:1046B000FFFFFFFFFFFFFFFFFFFFFF000000FFFF07
:1046C000FFFFFFFFFFFFFFFFFFFFFFFFFFFFFFFFFA
:1046D000000000FFFFFFFFFFFFFFFFFFFFFFFFFFE7
:1046E000FFFFFFFFFF000000FFFFFFFFFFFFFFFFD7
:1046F000FFFFFFFFFFFFFFFFFFFF000000FFFFFFC7
:10470000FFFFFFFFFFFFFFFFFFFFFFFFFFFFFF00B8
:104710000000FFFFFFFFFFFFFFFFFFFFFFFFFFFFA7
:10472000FFFFFFFF000000FFFFFFFFFFFFFFFFFF96
:10473000FFFFFFFFFFFFFFFFFF000000FFFFFFFF86
:10474000FFFFFFFFFFFFFFFFFFFFFFFFFFFF000077
:1047500000FFFFFFFFFFFFFFFFFFFFFFFFFFFFFF68
:10476000FFFFFF000000FFFFFFFFFFFFFFFFFFFF56
:10477000FFFFFFFFFFFFFFFF000000FFFFFFFFFF46
:10478000FFFFFFFFFFFFFFFFFFFFFFFFFF00000036
:10479000FFFFFFFFFFFFFFFFFFFFFFFFFFFFFFFF29
:1047A000FFFF000000FFFFFFFFFFFFFFFFFFFFFF16
:1047B000FFFFFFFFFFFFFF000000FFFFFFFFFFFF06
:1047C000FFFFFFFFFFFFFFFFFFFFFFFF000000FFF6
:1047D000FFFFFFFFFFFFFFFFFFFFFFFFFFFFFFFFE9
:1047E000FF000000FFFFFFFFFFFFFFFFFFFFFFFFD6
:1047F000FFFFFFFFFFFF000000FFFFFFFFFFFFFFC6
:10480000FFFFFFFFFFFFFFFFFFFFFF000000FFFFB5
:10481000FFFFFFFFFFFFFFFFFFFFFFFFFFFFFFFFA8
:10482000000000FFFFFFFFFFFFFFFFFFFFFFFFFF95
:10483000FFFFFFFFFF000000FFFFFFFFFFFFFFFF85
:10484000FFFFFFFFFFFFFFFFFFFF000000FFFFFF75
:10485000FFFFFFFFFFFFFFFFFFFFFFFFFFFFFF0067
:104860000000FFFFFFFFFFFFFFFFFFFFFFFFFFFF56
:10487000FFFFFFFF000000FFFFFFFFFFFFFFFFFF45
:10488000FFFFFFFFFFFFFFFFFF000000FFFFFFFF35
:10489000FFFFFFFFFFFFFFFFFFFFFFFFFFFF000026
:1048A00000FFFFFFFFFFFFFFFFFFFFFFFFFFFFFF17
:1048B000FFFFFF000000FFFFFFFFFFFFFFFFFFFF05
:1048C000FFFFFFFFFFFFFFFF000000FFFFFFFFFFF5
:1048D000FFFFFFFFFFFFFFFFFFFFFFFFFF000000E5
:1048E000FFFFFFFFFFFFFFFFFFFFFFFFFFFFFFFFD8
:1048F000FFFF000000FFFFFFFFFFFFFFFFFFFFFFC5
:10490000FFFFFFFFFFFFFF000000FFFFFFFFFFFFB4
:10491000FFFFFFFFFFFFFFFFFFFFFFFF000000FFA4
:10492000FFFFFFFFFFFFFFFFDFFFFFFFFFFFFFFFB7
:10493000FD000000DFFFFFFFFFFFFFFFFD7FFFFF28
:10494000FFFFFFFFFFF70000007FFFFFFFFFFFFFFC
:10495000FFF70CFFFFFFFFFFFFFFC00000000CFF91
:10496000FFFFFFFFFFFFC0007DFFFFFFFFFFD7003E
:10497000000000007DFFFFFFFFFFD700008DFFFF5D
:10498000FFFFFFFFFFFFFFFFFFFFFFFFFFFFFFD85E
:10499000000CFFFFFFFFFFFFFFFFFFFFFFFFFFFF19
:1049A000FFFFFFFFFFC08FFFFFFFFFFFFFFFFFFFC6
:1049B000FFFFFFFFFFFFFFFFFFFFF8DFFFFFFFFF2E
:1049C000FFFFFFFFFFFFFFFFFFFFFFFFFFFFFFFDF9
:1049D000FFFFFFFFFFFFFFFFFFFFFFFFFFFFFFFFE7
:1049E000FFFFFFFFFFFFFFFFFFFFFFFFFFFFFFFFD7
:1049F000FFFFFFFFFFFFFFFFFFFFFFFFFFFFFFFFC7
:104A0000FFFFFFFFFFFFFFFFFFFFFFFFFFFFFFFFB6
:104A1000FFFFFFFFFFFFFFFFFFFFFFFFFFFFFFFFA6
:104A2000FFFFFFFFFFFFFFFFFFFFFFFFFFFFFFFF96
:104A3000FFFFFFFFFFFFFFFFFFFFFFFFFFFFFFFF86
:104A4000FFFFFFFFFFFFFFFFFFFFFFFFFFFFFFFF76
:104A5000FFFFFFFFFFFFFFFFFFFFFFFFFFFFFFFF66
:104A6000FFFFFFFFFFFFFFFFFFFFFFFFFFFFFFFF56
:104A7000FFFFFFFFFFFFFFFFFFFFFFFFFFFFFFFF46
:104A8000FFFFFFFFFFFFFFFFFFFFFFFFFFFFFFFF36
:104A9000FFFFFFFFFFFFFFFFFFFFFFFFFFFFFFFF26
:104AA000FFFFFFFFFFFFFFFFFFFFFFFFFFFFFFFF16
:104AB000FFFFFFFFFFFFFFFFFFFFFFFFFFFFFFFF06
:104AC000FFFFFFFFFFFFFFFFFFFFFFFFFFFFFFFFF6
:104AD000FFFFFFFFFFFFFFFFFFFFFFFFFFFFFFFFE6
:104AE000FFFFFFFFFFFFFFFFFFFFFFFFFFFFFFFFD6
:104AF000FFFFFFFFFFFFFFFFFFFFFFFFFFFFFFFFC6
:104B0000FFFFFFFFFFFFFFFFFFFFFFFFFFFFFFFFB5
:104B1000FFFFFFFFFFFFFFFFFFFFFFFFFFFFFFFFA5
:104B2000FFFFFFFFFFFFFFFFFFFFFFFFFFFFFFFF95
:104B3000FFFFFFFFFFFFFFFFFFFFFFFFFFFFFFFF85
:104B4000FFFFFFFFFFFFFFFFFFFFFFFFFFFFFFFF75
:104B5000FFFFFFFFFFFFFFFFFFFFFFFFFFFFFFFF65
:104B6000FFFFFFFFFFFFFFFFFFFFFFFFFFFFFFFF55
:104B7000FFFFFFFFFFFFFFFFFFFFFFFFFFFFFFFF45
:104B8000FFFFFFFFFFFFFFFFFFFFFFFFFFFFFFFF35
:104B9000FFFFFFFFFFFFFFFFFFFFFFFFFFFFFFFF25
:104BA000FFFFFFFFFFFFFFFFFFFFFFFFFFFFFFFF15
:104BB000FFFFFFFFFFFFFFFFFFFFFFFFFFFFFFFF05
:104BC000FFFFFFFFFFFFFFFFFFFFFFFFFFFFFFFFF5
:104BD000FFFFFFFFFFFFFFFFFFFFFFFFFFFFFFFFE5
:104BE000FFFFFFFFFFFFFFFFFFFFFFFFFFFFFFFFD5
:104BF000FFFFFFFFFFFFFFFFFFFFFFFFFFFFFFFFC5
:104C0000FFFFFFFFFFFFFFFFFFFFFFFFFFFFFFFFB4
:104C1000FFFFFFFFFFFFFFFFFFFFFFFFFFFFFFFFA4
:104C2000FFFFFFFFFFFFFFFFFFFFFFFFFFFFFFFF94
:104C3000FFFFFFFFFFFFFFFFFFFFFFFFFFFFFFFF84
:104C4000FFFFFFFFFFFFFFFFFFFFFFFFFFFFFFFF74
:104C5000FFFFFFFFFFFFFFFFFFFFFFFFFFFFFFFF64
:104C6000FFFFFFFFFFFFFFFFFFFFFFFFFFFFFFFF54
:104C7000FFFFFFFFFFFFFFFFFFFFFFFFFFFFFFFF44
:104C8000FFFFFFFFFFFFFFFFFFFFFFFFFFFFFFFF34
:104C9000FFFFFFFFFFFFFFFFFFFFDFFFFFFFFFFF44
:104CA000FFFFFFFFFFFFFFFFFFFFFFFFFFFFFD8F86
:104CB000FFFFFFFFFFFFFFFFFFFFFFFFFFFFFFFF04
:104CC000FFFFFFF80CFFFFFFFFFFFFFFFFFFFFFFEE
:104CD000FFFFFFFFFFFFFFFFC0008DFFFFFFFFFF94
:104CE000FFFFFFFFFFFFFFFFFFFFFFFFD8000000F8
:104CF0000000000000000000000000000008FF901D
:104D0000000000000000000008FFFFFC9FFFFB0008
:104D1000000000000000000BFFFFFFEFFFFFC100DD
:104D20000000000000000CFFFFFFFFFFFFFD100070
:104D300000000000000CFFFFFFFFFFFFFFE200008C
:104D4000000000000CFFFFFFFFFFFFFFFE30000030
:104D50000000000CFFFFFFFFFFFFFFFFF40000005B
:104D600000000CFFFFFFFFFFFFFFFFFF50000000F0
:104D7000000CFFFFFFFFFFFFFFFFFFF6000000003A
:104D80000CFFFFFFFFFFFFFFFFFFFF800000000C95
:104D9000FFFFFFFFFFFFFFFFFFFFF90000000CFF19
:104DA000FFFFFFFFFFFFFFFFFFFFA000000CFFFF63
:104DB000FFFFFFFFFFFFFFFFFFFB00000CFFFFFFF8
:104DC000FFFFFFFFFFFFFFFFFFC1000CFFFFFFFF23
:104DD000FFFFFFFFFFFFFFFFFD100CFFFFFFFFFFC7
:104DE000FFFFFFFFFFFFFFFFE20CFFFFFFFFFFFFE3
:104DF000FFFFFFFFFFFFFFFE3CFFFFFFFFFFFFFF87
:104E0000FFFFFFFFFFFFFFFEFFFFFFFFFFFFFFFFB3
:104E1000FFFFFFFFFFFFFFFFFFFFFFFFFFFFFFFFA2
:104E2000FFFFFFFFFFFFFFFFFFFFFFFFFFFFFFFF92
:104E3000FFFFFFFFFFFFFFFFFFFFFFFFFFFFFFFF82
:104E4000FFFFFFFFFFFFFFFFFFFFFFFFFFFFFFFF72
:104E5000FFFFFFFFFFFFFFFFFFFFFFFFFFFFFFFF62
:104E6000FFFFFFFFFFFFFFFFFFFFFFFFFFFFFFFF52
:104E7000EDFFFFFFFFFFFFFFFFFFFFFFFFFFFE2C28
:104E8000FFFFFFFFFFFFFFFFFFFFFFFFFFD10CFF53
:104E9000FFFFFFFFFFFFFFFFFFFFFFFC100CFFFF07
:104EA000FFFFFFFFFFFFFFFFFFFFB0000CFFFFFF53
:104EB000FFFFFFFFFFFFFFFFFA00000CFFFFFFFFF8
:104EC000FFFFFFFFFFFFFF9000000CFFFFFFFFFF52
:104ED000FFFFFFFFFFF80000000CFFFFFFFFFFFFD9
:104EE000FFFFFFFF700000000CFFFFFFFFFFFFFF51
:104EF000FFFFF6000000000CFFFFFFFFFFFFFFFFBA
:104F0000FF50000000000CFFFFFFFFFFFFFFFFF45A
:104F100000000000000CFFFFFFFFFFFFFFFE30005E
:104F2000000000000CFFFFFFFFFFFFFFE20000009A
:104F30000000000CFFFFFFFFFFFFFD10000000005E
:104F400000000CFFFFFFEFFFFFC1000000000000AA
:104F5000000CFFFFFF9FFFFB0000000000000000AF
:104F60000BFFFFFF08FF900000000000000000089A
:104F7000FFFFFC0000000000000000000000000037
:104F8000000000000000000000000003BFFB300034
:104F90000000000000000000000000000000000011
:104FA000004FFFFFF40000000000000000000000C0
:104FB00000000000000003FFFFFFFF3000000000C2
:104FC0000000000000000000000000002EFFFFFFB6
:104FD000FFE20000000000000000000000000000F0
:104FE0000002EFFFFFFFFFFE2000000000000000B6
:104FF000000000000000001DFFFFFFFFFFFFD100C9
:1050000000000000000000000000000000CFFFFFD3
:10501000FFFFFFFFFC000000000000000000000098
:1050200000000CFFFFFFFFFFFFFFFFB000000000CC
:105030000000000000000000AFFFFFFFFFFFFFFFC8
:10504000FFFA000000000000000000000009FFFF60
:10505000FFFFFFFFFFFFFFFF9000000000000000C8
:105060000000008FFFFFFFFFFFFFFFFFFFFFF800C3
:10507000000000000000000007FFFFFFFFFFFFFF30
:10508000FFFFFFFFFF7000000000000000005FFF57
:10509000FFFFFFFFFFFFFFFFFFFFFFF50000000026
:1050A00000000004FFFFFFFFFFFFFFFFFFFFFFFF08
:1050B000FFFF400000000000003FFFFFFFFFFFFF79
:1050C000FFFFFFFFFFFFFFFFF3000000000002EF04
:1050D000FFFFFFFFFFFFFFFFFFFFFFFFFFFFFE20C0
:1050E000000000002EFFFFFFFFFFFFFFFFFFFFFF9D
:1050F000FFFFFFFFFFE200000001DFFFFFFFFFFFF8
:10510000FFFFFFFFFFFFFFFFFFFFFFFD1000000C91
:10511000FFFFFFFFFFFFFFFFFFFFFFFFFFFFFFFF9F
:10512000FFFFC00000BFFFFFFFFFFFFFFFFFFFFF0C
:10513000FFFFFFFFFFFFFFFFFB0007FFFFFFFFFF7A
:10514000FFFFFFFFFFFFFFFFFFFFFFFFFFFFFF70FE
:105150000DFFFFFFFFFFFFFFFFFFFFFFFFFFFFFF51
:10516000FFFFFFFFFFD00FFFFFFFFFFFFFFFFFFF6E
:10517000FFFFFFFFFFFFFFFFFFFFFFF00DFFFFFF40
:10518000FFFFFFFFFFFFFFFFFFFFFFFFFFFFFFFF2F
:10519000FFD007FFFFFFFFFFFFFFFFFFFFFFFFFF46
:1051A000FFFFFFFFFFFFFF7000CFFFFFFFFFFFFFCD
:1051B000FFFFFFFFFFFFFFFFFFFFFFFFFC000008F7
:1051C000EFFFFFFFFFFFFFFFFFFFFFFFFFFFFFFFFF
:1051D000FFFE800000000000000000000000000052
:1051E00000000000000000000000000000000000BF
:1051F00000000000000000000000000000000000AF
:10520000000000000000000000000000000000009E
:10521000000000000000008EFFFFFFFFFFFFFFFF08
:10522000FFFFFFFFFFFFFFFFFFFFE80008FFFFFF9B
:10523000FFFFFFFFFFFFFFFFFFFFFFFFFFFFFFFF7E
:10524000FF800EFFFFFFFFFFFFFFFFFFFFFFFFFFDE
:10525000FFFFFFFFFFFFFFE00FFFFFFFFFFFFFFF6D
:10526000FFFFFFFFFFFFFFFFFFFFFFFFFFF00FFF4D
:10527000FFFFFFFFFFFFFFFFFFFFFFFFFFFFFFFF3E
:10528000FFFFFFF00FFFFFFFFFFFFFFFFFFFFFFF2D
:10529000FFFFFFFFFFFFFFFFFFF00FFFFFFFFFFF1D
:1052A000FFFFFFFFFFFFFFFFFFFFFFFFFFFFFFF01D
:1052B0000FFFFFFFFFFFFFFFFFFFFFFFFFFFFFFFEE
:1052C000FFFFFFFFFFF00FFFFFFFFFFFFFFFFFFFED
:1052D000FFFFFFFFFFFFFFFFFFFFFFF00EFFFFFFDE
:1052E000FFFFFFFFFFFFFFFFFFFFFFFFFFFFFFFFCE
:1052F000FFE008FFFFFFFFFFFFFFFFFFFFFFFFFFD4
:10530000FFFFFFFFFFFFFF80008EFFFFFFFFFFFF9C
:10531000FFFFFFFFFFFFFFFFFFFFFFFFE8000000B1
:1053200000000000000000018920000000000000D3
:10533000000000002EFFF30000000000000000004D
:1053400002EFFFFF3000000000000000002EFFFF12
:10535000FFE10000000000000002EFFFFFFFF5008A
:105360000000000000002EFFFFFFFFF30000000020
:10537000000002EFFFFFFFFF800000000000002E92
:10538000FFFFFFFFF800000000000002EFFFFFFF3B
:10539000FF800000000000002EFFFFFFFFF800006C
:1053A0000000000002EFFFFFFFFF80000000000090
:1053B000002EFFFFFFFFF800000000000002EFFFDB
:1053C000FFFFFF800000000000002EFFFFFFFFF83E
:1053D00000000000000002EFFFFFFFFF8000000060
:1053E0000000002EFFFFFFFFF80000000000000299
:1053F000EFFFFFFFFF800000000000002EFFFFFF17
:10540000FFF800000000000002EFFFFFFFFF800038
:1054100000000000001EFFFFFFFFF800000000007A
:1054200000006FFFFFFFFF90000000000000004F32
:10543000FFFFFFFFE20000000000000009FFFFFF88
:10544000FFFE20000000000000009FFFFFFFFFE2C2
:105450000000000000000009FFFFFFFFFE20000029
:1054600000000000009FFFFFFFFFE20000000000BF
:10547000000009FFFFFFFFFE200000000000000009
:105480009FFFFFFFFFE20000000000000009FFFF98
:10549000FFFFFE20000000000000009FFFFFFFFF55
:1054A000E20000000000000009FFFFFFFFFE2000F7
:1054B0000000000000009FFFFFFFFFE2000000006F
:1054C00000000009FFFFFFFFFE20000000000000B9
:1054D000009FFFFFFFFFE20000000000000009FF47
:1054E000FFFFFFFE20000000000000009FFFFFFF05
:1054F000FFD00000000000000009FFFFFFFFF500E3
:10550000000000000000009FFFFFFFF4000000000B
:105510000000000009FFFFFFA000000000000000E5
:1055200000009FFFFB0000000000000000000008DA
:10553000FFA00000000000000000000000120000BA
:1055400000029810000000000000000000003FFF73
:10555000E200000000000000000003FFFFFE20004A
:10556000000000000000001EFFFFFFE2000000003E
:10557000000000005FFFFFFFFE20000000000000B1
:10558000003FFFFFFFFFE20000000000000008FFF7
:10559000FFFFFFFE20000000000000008FFFFFFF64
:1055A000FFE20000000000000008FFFFFFFFFE20F8
:1055B000000000000000008FFFFFFFFFE20000007E
:1055C0000000000008FFFFFFFFFE200000000000B9
:1055D00000008FFFFFFFFFE2000000000000000856
:1055E000FFFFFFFFFE20000000000000008FFFFF14
:1055F000FFFFE20000000000000008FFFFFFFFFEC9
:1056000020000000000000008FFFFFFFFFE200000D
:10561000000000000008FFFFFFFFFE200000000068
:105620000000008FFFFFFFFFE2000000000000000D
:1056300008FFFFFFFFFE20000000000000008FFFBA
:10564000FFFFFFE10000000000000009FFFFFFFF77
:10565000F6000000000000002EFFFFFFFFF4000036
:105660000000000002EFFFFFFFFF900000000000BD
:10567000002EFFFFFFFFF900000000000002EFFF17
:10568000FFFFFF900000000000002EFFFFFFFFF96A
:1056900000000000000002EFFFFFFFFF900000008D
:1056A0000000002EFFFFFFFFF900000000000002D5
:1056B000EFFFFFFFFF900000000000002EFFFFFF44
:1056C000FFF900000000000002EFFFFFFFFF900065
:1056D00000000000002EFFFFFFFFF90000000000A7
:1056E0000002EFFFFFFFFF900000000000002EFF10
:1056F000FFFFFFF900000000000002EFFFFFFFFFC7
:10570000900000000000000DFFFFFFFFF900000007
:10571000000000005FFFFFFFFF900000000000009E
:10572000004FFFFFFFF900000000000000000AFF2B
:10573000FFFF90000000000000000000BFFFF90024
:105740000000000000000000000AFF8000000000D0
:105750000000000000000021000000000000000028
:105760000000000000000000000003CFFFFC30003C
:105770000000000000000000000000000000001E0B
:10578000FFFFFFE10000000000000000000000003B
:10579000000000006FFFFFFFF600000000000000A7
:1057A0000000000000000000008FFFFFFFF8000075
:1057B00000000000000000000000000000008FFF5B
:1057C000FFFFF800000000000000000000000000E3
:1057D0000000008FFFFFFFF8000000000000000045
:1057E00000000000000000008FFFFFFFF800000035
:1057F000000000000000000000000000008FFFFF1C
:10580000FFF80000000000000000000000000000A1
:1058100000008FFFFFFFF800000000000000000004
:10582000000000000000008FFFFFFFF800000000F4
:105830000000000000000000000000008FFFFFFFDC
:10584000F800000000000000000000000000000060
:10585000008FFFFFFFF800000000000000000000C4
:105860000000000000008FFFFFFFF80000000000B4
:1058700000000000000000000000008FFFFFFFF8A4
:105880000000000000000000000000000000000018
:105890008FFFFFFFF8000000000000000000000084
:1058A00000000000008FFFFFFFF800000000000074
:1058B00000000168888888888888CFFFFFFFFC88FF
:1058C000888888888886103EFFFFFFFFFFFFFFFF64
:1058D000FFFFFFFFFFFFFFFFFFFFFFE3CFFFFFFF24
:1058E000FFFFFFFFFFFFFFFFFFFFFFFFFFFFFFFFC8
:1058F000FCFFFFFFFFFFFFFFFFFFFFFFFFFFFFFFBB
:10590000FFFFFFFFFFFFFFFFFFFFFFFFFFFFFFFFA7
:10591000FFFFFFFFFFFFFFFFFFFFFFFFFFFFFFFF97
:10592000FFFFFFFFFFFFFFFFFFFFFFFFFFFFFFFF87
:10593000FFFFFFFFFFFFFFFFFFFFFFFFFFFFFFFF77
:10594000FFFFFFFFFFCFFFFFFFFFFFFFFFFFFFFF97
:10595000FFFFFFFFFFFFFFFFFFFC3EFFFFFFFFFF1B
:10596000FFFFFFFFFFFFFFFFFFFFFFFFFFFFE30161
:1059700068888888888888CFFFFFFFFC88888888A7
:105980008888861000000000000000008FFFFFFFE5
:10599000F80000000000000000000000000000000F
:1059A000008FFFFFFFF80000000000000000000073
:1059B0000000000000008FFFFFFFF8000000000063
:1059C00000000000000000000000008FFFFFFFF853
:1059D00000000000000000000000000000000000C7
:1059E0008FFFFFFFF8000000000000000000000033
:1059F00000000000008FFFFFFFF800000000000023
:105A0000000000000000000000008FFFFFFFF80012
:105A10000000000000000000000000000000008FF7
:105A2000FFFFFFF800000000000000000000000081
:105A3000000000008FFFFFFFF800000000000000E2
:105A40000000000000000000008FFFFFFFF80000D2
:105A500000000000000000000000000000008FFFB8
:105A6000FFFFF80000000000000000000000000040
:105A70000000008FFFFFFFF80000000000000000A2
:105A800000000000000000008FFFFFFFF800000092
:105A9000000000000000000000000000006FFFFF99
:105AA000FFF6000000000000000000000000000001
:105AB00000001EFFFFFFE1000000000000000000EA
:105AC0000000000000000003CFFFFC3000000000D9
:105AD00000000000002444444444444444444444FA
:105AE0004444444444444442001CFFFFFFFFFFFF82
:105AF000FFFFFFFFFFFFFFFFFFFFFFFFFFC1AFFF44
:105B0000FFFFFFFFFFFFFFFFFFFFFFFFFFFFFFFFA5
:105B1000FFFFFAFFFFFFFFFFFFFFFFFFFFFFFFFF9A
:105B2000FFFFFFFFFFFFFFFFFFFFFFFFFFFFFFFF85
:105B3000FFFFFFFFFFFFFFFFFFFFFFFFFFFFFFFF75
:105B4000FFFFFFFFFFFFFFFFFFFFFFFFFFFFFFFF65
:105B5000FFFFFFFFFFFFFFFFFFFFFFFFFFFFFFFF55
:105B6000FFFFFFFFFFFFFFDFFFFFFFFFFFFFFFFF65
:105B7000FFFFFFFFFFFFFFFFFFFFFFFD5FFFFFFFD7
:105B8000FFFFFFFFFFFFFFFFFFFFFFFFFFFFFFFF25
:105B9000F5039BBBBBBBBBBBBBBBBBBBBBBBBBBBF3
:105BA000BBBBBBBBB9300000000000000000000020
:105BB00047ACEFFFFECA74000000000000000000C8
:105BC00000000000000000000016CFFFFFFFFFFFF5
:105BD000FFFFFC610000000000000000000000006A
:105BE0000000003AFFFFFFFFFFFFFFFFFFFFFFA3E3
:105BF000000000000000000000000000002BFFFF7C
:105C0000FFFFFFFFFFFFFFFFFFFFFFB200000000ED
:105C10000000000000000008FFFFFFFFFFFFBA8840
:105C2000ABFFFFFFFFFFFF8000000000000000004F
:105C30000002CFFFFFFFFFFA4000000004AFFFFFAC
:105C4000FFFFFC2000000000000000005FFFFFFFDE
:105C5000FFFB30000000000003BFFFFFFFFFF50067
:105C600000000000000008FFFFFFFFFF80000000B1
:105C70000000000008FFFFFFFFFF800000000000A1
:105C8000009FFFFFFFFFF600000000000000000083
:105C90006FFFFFFFFFF9000000000009FFFFFFFF9B
:105CA000FF800000002DFFDA40000008FFFFFFFF2B
:105CB000FF90000000008FFFFFFFFFFB00000000CF
:105CC0000CFFFFFC200000BFFFFFFFFFF8000000FB
:105CD00005FFFFFFFFFFF30000000009FFFFFFF4D7
:105CE00000003FFFFFFFFFFF5000002FFFFFFFFFFF
:105CF000FFA00000000008FFFFFFFF20000AFFFFD9
:105D0000FFFFFFF20000DFFFFFFFFFFF400000008A
:105D1000000CFFFFFFFFC00004FFFFFFFFFFFD00BF
:105D200007FFFFFFFFFFFF00000000004FFFFFFF26
:105D3000FFF40000FFFFFFFFFFFF701FFFFFFFFFEB
:105D4000FFFB0000200004EFFFFFFFFFFA0000BF91
:105D5000FFFFFFFFFFF1AFFFFFFFFFFFFA0000DCD7
:105D600098CFFFFFFFFFFFFD0000AFFFFFFFFFFF2A
:105D7000FAFFFFFFFFFFFFF80000FFFFFFFFFFFF3D
:105D8000FFFFFF00008FFFFFFFFFFFFFFFFFFFFF91
:105D9000FFFFF80000FFFFFFFFFFFFFFFFFF000016
:105DA0008FFFFFFFFFFFFFAFFFFFFFFFFFFA0000C6
:105DB000DFFFFFFFFFFFFFFFFD0000AFFFFFFFFF63
:105DC000FFFA1FFFFFFFFFFFFB00009FFFFFFFFF2A
:105DD000FFFFFFF90000BFFFFFFFFFFFF108FFFF1C
:105DE000FFFFFFFF00004FFFFFFFFFFFFFFFF4007B
:105DF00000FFFFFFFFFFFF7000DFFFFFFFFFFF401F
:105E0000000BFFFFFFFFFFFFFFC00004FFFFFFFFCE
:105E1000FFFD00002FFFFFFFFFFFA00001EFFFFFCE
:105E2000FFFFFFFE20000AFFFFFFFFFFF20000065A
:105E3000FFFFFFFFFFF200003EFFFFFFFFFFE30059
:105E4000003FFFFFFFFFFF500000008FFFFFFFFF3D
:105E5000FB000001BFFFFFFFFC200000BFFFFFFFB2
:105E6000FFF8000000000AFFFFFFFFFF80000004B2
:105E70009DFFDA40000008FFFFFFFFFF90000000D9
:105E80000000AFFFFFFFFFF6000000000000000071
:105E9000006FFFFFFFFFF900000000000008FFFF98
:105EA000FFFFFF800000000000000008FFFFFFFF71
:105EB000FF80000000000000006FFFFFFFFFFB30CD
:105EC000000000000003BFFFFFFFFFF6000000001E
:105ED0000000000003DFFFFFFFFFFA4000000004A6
:105EE000AFFFFFFFFFFC20000000000000000000EB
:105EF00008FFFFFFFFFFFFBA88ABFFFFFFFFFFFFB9
:105F00008000000000000000000000001AFFFFFFFA
:105F1000FFFFFFFFFFFFFFFFFFFFB20000000000D9
:105F2000000000000000000029FFFFFFFFFFFFFF4F
:105F3000FFFFFFFFA30000000000000000000000C2
:105F40000000000005BFFFFFFFFFFFFFFFFC610037
:105F50000000000000000000000000000000000041
:105F600000379CEEFFFECA74000000000000000035
:105F7000000000AF70000000000000000000000002
:105F80000000000000000000000000000000000011
:105F900009FFFB10000000000000000000000000EE
:105FA00000000000000000000000000000006FFF83
:105FB000FFE30000000000000000000000000000FF
:105FC000000000000000000000000000EFFFFFFFE5
:105FD0006000000000000000000000000000000061
:105FE00000000000000000000000CFFFFFFFFA00EB
:105FF00000000000000000000000000000000000A1
:1060000000000000000000001CFFFFFFFFD20000A6
:106010000000000000000000000000000000000080
:10602000000000000000009FFFFFFFFF5000000085
:10603000000158ADEFFFECA7400000000000000099
:10604000000000000005FFFFFFFFF800000049DF2F
:10605000FFFFFFFFFFFFFFC6100000000000000071
:10606000000000002DFFFFFFFFB1018EFFFFFFFFCB
:10607000FFFFFFFFFFFFFA300000000000000000FC
:10608000000000AFFFFFFFFE9FFFFFFFFFFFFFFFCE
:10609000FFFFFFFFFFFB20000000000000000000EA
:1060A0000006FFFFFFFFFFFFFFFFFFFDA88ABFFF06
:1060B000FFFFFFFFF80000000000000000000000EC
:1060C0003EFFFFFFFFFFFFFFC6100000004AFFFF7B
:1060D000FFFFFFC20000000000000000000001BF41
:1060E000FFFFFFFFFFD40000000000003BFFFFFFA9
:1060F000FFFF500000000000000000000008FFFF4C
:10610000FFFFFC00000000000000008FFFFFFFFF0A
:10611000F800000000000000000000004EFFFFFF3C
:10612000FF900000000000000006FFFFFFFFFF904F
:106130000000000000000000000002CFFFFFFFFC95
:106140001002DFFDA40000008FFFFFFFFFF9000039
:1061500000000000000000000009FFFFFFFFE40056
:10616000CFFFFFC200000BFFFFFFFFFF800000001A
:1061700000000031000000005FFFFFFFFF709FFF85
:10618000FFFF400003FFFFFFFFFFF50000000000DE
:1061900001EE3000000002DFFFFFFFFBAFFFFFFF5B
:1061A000F20000AFFFFFFFFFFF20000000000CFF28
:1061B000F7000000000BFFFFFFFFFFFFFFFFFC00E9
:1061C000004FFFFFFFFFFFD0000000007FFFFFA098
:1061D000000000007FFFFFFFFFFFFFFFFF40000FF9
:1061E000FFFFFFFFFFF700000001FFFFFFFD2000A2
:1061F000000004EFFFFFFFFFFFFFFFA0000BFFFF0A
:10620000FFFFFFFF1000000AFFFFFFFFF500000087
:10621000001CFFFFFFFFFFFFFFD0000AFFFFFFFF93
:10622000FFFFA000000FFFFFFFFFFF900000000036
:106230008FFFFFFFFFFFFFF00008FFFFFFFFFFFFE3
:10624000F000000FFFFFFFFFFFFC1000000005FF44
:10625000FFFFFFFFFFF00008FFFFFFFFFFFFF00061
:10626000000AFFFFFFFFFFFFA0000000002DFFFF5F
:10627000FFFFFFD00009FFFFFFFFFFFFA0000001AD
:10628000FFFFFFFFFFFFC00000000000AFFFFFFFA8
:10629000FFA0000CFFFFFFFFFFFF100000007FFFCB
:1062A000FFFFFFFFF0000000000006FFFFFFFFF709
:1062B000000FFFFFFFFFFFF6000000000DFFFFFFD4
:1062C000FFFFF50000000000003EFFFFFFFFA05FA2
:1062D000FFFFFFFFFFB00000000002FFFFFFFFFF16
:1062E000FB00000000000001BFFFFFFFFDDFFFFF1C
:1062F000FFFFFE1000000000005FFFFFFFFFFF3008
:1063000000000000000008FFFFFFFFFFFFFFFFFF8E
:10631000F300000000000008FFFFFFFFFFC00000C7
:1063200000000000004EFFFFFFFFFFFFFFFF6000C7
:106330000000000000009FFFFFFFFFF800000000CA
:1063400000000002CFFFFFFFFFFFFFF8000000008A
:106350000000000009FFFFFFFFFF600000000000D9
:10636000000009FFFFFFFFFFFF900000000000009A
:106370000000008FFFFFFFFFF8000000000000009A
:10638000005FFFFFFFFFF8000000000000000000BA
:106390000006FFFFFFFFFFC2000000000000000238
:1063A000DFFFFFFFFA000000000000000000000017
:1063B0002CFFFFFFFFFFA4000000000000000AFF09
:1063C000FFFFFFD200000000000000000000008F6F
:1063D000FFFFFFFFFFFC9889A1000000007FFFFF87
:1063E000FFFF500000000000000000000002BFFF9F
:1063F000FFFFFFFFFFFFFD3000000003EFFFFFFF87
:10640000F9000000000000000000000003AFFFFFE3
:10641000FFFFFFFFFFF5000000001CFFFFFFFFC2B2
:106420000000000000000000000000016CFFFFFF02
:10643000FFFFFFFF90000000008FFFFFFFFF5000F5
:106440000000000000000000000000047ACEFFFE03
:10645000DC96300000000005FFFFFFFFF8000000A1
:10646000000000000000000000000000000000002C
:106470000000000000002DFFFFFFFFC10000000032
:10648000000000000000000000000000000000000C
:106490000000000000AFFFFFFFFC00000000000054
:1064A00000000000000000000000000000000000EC
:1064B00000000006FFFFFFFE0000000000000000DB
:1064C00000000000000000000000000000000000CC
:1064D00000003EFFFFF6000000000000000000008A
:1064E00000000000000000000000000000000000AC
:1064F00001BFFF900000000000000000000000004D
:106500000000000000000000000000000000000784
:10651000FA0000000000000000000000000004BFBE
:10652000FB40000000000000000000000000000030
:10653000000000000000000000005FFFFFF5000009
:10654000000000000000000000000000000000004B
:10655000000000000001FFFFFFFF1000000000002E
:10656000000000000000000000000000000000002B
:10657000000AFFFFFFFFA000000000000000000075
:10658000000000000000000000000000003FFFFFCE
:10659000FFFFF3000000000000000000000000000A
:1065A000000000000000000000CFFFFFFFFFFC0024
:1065B00000000000000000000000000000000000DB
:1065C0000000000006FFFFFFFFFFFF60000000006B
:1065D00000000000000000000000000000000000BB
:1065E0000EFFFFFFFFFFFFE00000000000000000C3
:1065F0000000000000000000000000008FFFFFFF0F
:10660000FFFFFFF800000000000000000000000095
:106610000000000000000002FFFFFFFFFFFFFFFF80
:10662000200000000000000000000000000000004A
:106630000000000BFFFFFFFFFFFFFFFFB0000000A7
:106640000000000000000000000000000000004FFB
:10665000FFFFFFFFFFFFFFFFF4000000000000004E
:106660000000000000000000000000DFFFFFFFFF4F
:10667000FFFFFFFFFD000000000000000000000021
:1066800000000000000006FFFFFFFFFFFFFFFFFF0D
:10669000FF6000000000000000000000000000009B
:1066A00000001EFFFFFFFFFFFFFFFFFFFFE10000F5
:1066B00000000000000000000000000000009FFF3C
:1066C000FFFFFFFFFFFFFFFFFFF9000000000000DA
:1066D00000000000000000000002FFFFFFFFA8888C
:1066E000888AFFFFFFFF200000000000000000007C
:1066F00000000000000BFFFFFFFE00000000EFFFA6
:10670000FFFFB000000000000000000000000000DB
:10671000005FFFFFFFFE00000000EFFFFFFFF4003F
:1067200000000000000000000000000000DFFFFF8C
:10673000FFFF00000000FFFFFFFFFD000000000062
:10674000000000000000000007FFFFFFFFFF000047
:106750000000FFFFFFFFFF700000000000000000CE
:10676000000000001FFFFFFFFFFF10000001FFFF00
:10677000FFFFFFF10000000000000000000000002B
:106780009FFFFFFFFFFF20000002FFFFFFFFFFF959
:10679000000000000000000000000003FFFFFFFFFA
:1067A000FFFF30000003FFFFFFFFFFFF300000008E
:1067B000000000000000000CFFFFFFFFFFFF400093
:1067C0000004FFFFFFFFFFFFC0000000000000000B
:1067D0000000005FFFFFFFFFFFFF50000005FFFF0D
:1067E000FFFFFFFFF500000000000000000000EFC9
:1067F000FFFFFFFFFFFF60000006FFFFFFFFFFFF3F
:10680000FE00000000000000000008FFFFFFFFFF87
:10681000FFFF70000007FFFFFFFFFFFFFF8000008A
:106820000000000000001FFFFFFFFFFFFFFF8000D0
:106830000008FFFFFFFFFFFFFFF100000000000066
:106840000000AFFFFFFFFFFFFFFF90000009FFFF09
:10685000FFFFFFFFFFFA0000000000000003FFFF42
:10686000FFFFFFFFFFFFA000000AFFFFFFFFFFFF8A
:10687000FFFF300000000000000CFFFFFFFFFFFFE4
:10688000FFFFFBAAAABFFFFFFFFFFFFFFFFFC00044
:1068900000000000006FFFFFFFFFFFFFFFFFFFFF93
:1068A000FFFFFFFFFFFFFFFFFFFFF60000000000FC
:1068B00000EFFFFFFFFFFFFFFFFFFD5115DFFFFFB1
:1068C000FFFFFFFFFFFFFE000000000008FFFFFFCB
:1068D000FFFFFFFFFFFFC000000CFFFFFFFFFFFFF8
:1068E000FFFFFF80000000002FFFFFFFFFFFFFFF03
:1068F000FFFF20000002FFFFFFFFFFFFFFFFFFF28F
:1069000000000000BFFFFFFFFFFFFFFFFFFC0000D4
:106910000000CFFFFFFFFFFFFFFFFFFB00000004B1
:10692000FFFFFFFFFFFFFFFFFFFB00000000BFFFB7
:10693000FFFFFFFFFFFFFFFF4000000DFFFFFFFF16
:10694000FFFFFFFFFFFD00000000DFFFFFFFFFFF75
:10695000FFFFFFFFD000006FFFFFFFFFFFFFFFFF04
:10696000FFFF30000003FFFFFFFFFFFFFFFFFFFF00
:10697000F60001EFFFFFFFFFFFFFFFFFFFFFD1006A
:10698000001DFFFFFFFFFFFFFFFFFFFFFE1008FFDF
:10699000FFFFFFFFFFFFFFFFFFFFFE7337EFFFFF6C
:1069A000FFFFFFFFFFFFFFFFFF800EFFFFFFFFFF67
:1069B000FFFFFFFFFFFFFFFFFFFFFFFFFFFFFFFFE7
:1069C000FFFFFFFFFFE00FFFFFFFFFFFFFFFFFFFE6
:1069D000FFFFFFFFFFFFFFFFFFFFFFFFFFFFFFFFC7
:1069E000FFF00DFFFFFFFFFFFFFFFFFFFFFFFFFFB8
:1069F000FFFFFFFFFFFFFFFFFFFFFFFFFFD007FFCE
:106A0000FFFFFFFFFFFFFFFFFFFFFFFFFFFFFFFF96
:106A1000FFFFFFFFFFFFFFFFFF7000CFFFFFFFFF44
:106A2000FFFFFFFFFFFFFFFFFFFFFFFFFFFFFFFF76
:106A3000FFFFFFFFFC000008EFFFFFFFFFFFFFFF6E
:106A4000FFFFFFFFFFFFFFFFFFFFFFFFFFFFFFFE57
:106A500080000000000000000000000000000000B6
:106A60000000000000000000000000000000000026
:106A70000000000000000000000000003DF90000E0
:106A80000000000000000000000000000000000006
:106A900000000000DFFFA000000000000000000078
:106AA000000000000000000000000000FFFFFA00EE
:106AB00000000000000000000000000000000000D6
:106AC00000000000FFFFFFA0000000000000000029
:106AD000000000000000000000000000FFFFFFFABF
:106AE00000000000000000000000000000000000A6
:106AF00000000000FFFFFFFFA000CFFFFFFFFFFF30
:106B0000700000000000000007FFFFFFFFFFFFFF15
:106B1000FA00FFFFFFFFFFFFF6000000000000008B
:106B20006FFFFFFFFFFFFFFFFFA0FFFFFFFFFFFF64
:106B3000FF50000000000005FFFFFFFFFFFFFFFF09
:106B4000FFF9FFFFFFFFFFFFFFF400000000004F11
:106B5000FFFFFFFFFFFFFFFFFFFFFFFFFFFFFFFF45
:106B6000FFFF4000000004FFFFFFFFFFFFFFFFFFEC
:106B7000FFFDFFFFFFFFFFFFFFFFF30000003FFFF0
:106B8000FFFFFFFFFFFFFFFFFFF3FFFFFFFFFFFF21
:106B9000FFFFFE200002EFFFFFFFFFFFFFFFFFFFF1
:106BA000FF30478888888EFFFFFFFFB0002EFFFF71
:106BB000FFFFE888FFFFFFFFF3000000000002EF87
:106BC000FFFFFD1001DFFFFFFFFE2000FFFFFFFFC3
:106BD000300000000000003FFFFFE2001DFFFFFF4C
:106BE000FFF30000FFFFFFF30000000000000003C0
:106BF000FFFE2000CFFFFFFFFF300000FFFFFF3050
:106C000000000000000000004FF3000BFFFFFFFF3B
:106C1000F4000000FFFFF30000000000000000008F
:106C2000054000AFFFFFFFFF500000009FFF300056
:106C30000000000000000000000009FFFFFFFFF659
:106C400000000000057200000000000000000000CD
:106C500000008FFFFFFFFF70000000000000000039
:106C600000000000000000000007FFFFFFFFF80029
:106C70000000000000000000000000000000000014
:106C8000006FFFFFFFFF9000000000000572000092
:106C9000000000000000000005FFFFFFFFFA0004F5
:106CA000500000009FFF30000000000000000000C6
:106CB0004FFFFFFFFFB0003FF4000000FFFFF300B5
:106CC0000000000000000003FFFFFFFFFC0002EFD8
:106CD000FF300000FFFFFF30000000000000003F19
:106CE000FFFFFFFFD1002EFFFFF30000FFFFFFF3C8
:106CF00000000000000002EFFFFFFFFD1001DFFFBA
:106D0000FFFE2000FFFFFFFF3000478888888EFFCE
:106D1000FFFFFFE1000BFFFFFFFFE888FFFFFFFF22
:106D2000F300FFFFFFFFFFFFFFFFFE200002EFFF6A
:106D3000FFFFFFFFFFFFFFFFFF30FFFFFFFFFFFF32
:106D4000FFFFF30000003FFFFFFFFFFFFFFFFFFF1C
:106D5000FFF3FFFFFFFFFFFFFFFF4000000004FF06
:106D6000FFFFFFFFFFFFFFFFFFFDFFFFFFFFFFFF35
:106D7000FFF400000000004FFFFFFFFFFFFFFFFFD9
:106D8000FFFFFFFFFFFFFFFFFF50000000000005B7
:106D9000FFFFFFFFFFFFFFFFFFF9FFFFFFFFFFFF09
:106DA000F6000000000000006FFFFFFFFFFFFFFF85
:106DB000FFA0CFFFFFFFFFFF7000000000000000FA
:106DC00007FFFFFFFFFFFFFFFA00000000000000C9
:106DD000000000000000000000000000FFFFFFFFB7
:106DE000A000000000000000000000000000000003
:106DF00000000000FFFFFFFA00000000000000009C
:106E0000000000000000000000000000FFFFFFA0E5
:106E10000000000000000000000000000000000072
:106E200000000000FFFFFA0000000000000000006A
:106E3000000000000000000000000000DFFFA000D4
:106E40000000000000000000000000000000000042
:106E5000000000003DF900000000000000000000FC
:106E60000000000000000000000000000000000022
:106E700000000000000000000000000046100000BC
:106E80000000000000000000000000000000000002
:106E900009FFD20000000000000000000000000018
:106EA00000000000009FFFFE200000000000000026
:106EB00000000000000000000009FFFFFFE20000EA
:106EC00000000000000000000000000000009FFF24
:106ED000FFFFFE2000000000000000000000000096
:106EE000000009FFFFFFFFFFE200000000000000BC
:106EF000000000000000009FFFFFFFFFFFFE2000DA
:106F0000000000000000000000000009FFFFFFFF7C
:106F1000FFFFFFE200000000000000000000000092
:106F20009FFFFFFFFFFFFFFFFE20000000000000AB
:106F30000000000009FFFFFFFFFFFFFFFFFFE2006F
:106F40000000000000000000009FFFFFFFFFD9FFCE
:106F5000FFFFFFFE20000000000000000009FFFF0F
:106F6000FFFFFD109FFFFFFFFFE200000000000099
:106F700000009FFFFFFFFFD10009FFFFFFFFFE2082
:106F800000000000000009FFFFFFFFFD1000009F50
:106F9000FFFFFFFFE20000000000009FFFFFFFFF78
:106FA000D100000009FFFFFFFFFE200000000009E4
:106FB000FFFFFFFFFD10000000009FFFFFFFFFE24B
:106FC000000000009FFFFFFFFFD10000000000094C
:106FD000FFFFFFFFFE20000009FFFFFFFFFD100085
:106FE00000000000009FFFFFFFFFE200009FFFFF87
:106FF000FFFFD10000000000000009FFFFFFFFFEBF
:107000002009FFFFFFFFFD1000000000000000004E
:107010009FFFFFFFFFE11FFFFFFFFFD10000000008
:10702000000000000009FFFFFFFFF82FFFFFFFFD3A
:1070300010000000000000000000009FFFFFFFF8AC
:107040000AFFFFFFD1000000000000000000000068
:1070500009FFFFFFE200BFFFFD100000000000007D
:107060000000000000009FFFFE30000BFFD1000079
:10707000000000000000000000000009FFE3000025
:1070800000450000000000000000000000000000BB
:107090000035100000004500000000000000000066
:1070A000000000000000351000000BFFD1000000C0
:1070B0000000000000000000000009FFE30000BF26
:1070C000FFFD100000000000000000000000009F15
:1070D000FFFE300AFFFFFFD10000000000000000AB
:1070E00000000009FFFFFFE22FFFFFFFFD1000007F
:1070F00000000000000000009FFFFFFFF81FFFFFDF
:10710000FFFFD100000000000000000009FFFFFFAA
:10711000FFF809FFFFFFFFFD100000000000000066
:10712000009FFFFFFFFFE1009FFFFFFFFFD1000077
:10713000000000000009FFFFFFFFFE200009FFFF25
:10714000FFFFFD100000000000009FFFFFFFFFE2B7
:107150000000009FFFFFFFFFD1000000000009FFBB
:10716000FFFFFFFE2000000009FFFFFFFFFD1000F2
:107170000000009FFFFFFFFFE200000000009FFFF4
:10718000FFFFFFD100000009FFFFFFFFFE2000000E
:1071900000000009FFFFFFFFFD1000009FFFFFFF41
:1071A000FFE2000000000000009FFFFFFFFFD10092
:1071B00009FFFFFFFFFE200000000000000009FFA4
:1071C000FFFFFFFD109FFFFFFFFFE2000000000038
:1071D000000000009FFFFFFFFFD9FFFFFFFFFE2021
:1071E00000000000000000000009FFFFFFFFFFFF9C
:1071F000FFFFFFE200000000000000000000009F11
:10720000FFFFFFFFFFFFFFFE200000000000000067
:107210000000000009FFFFFFFFFFFFFFE20000008A
:10722000000000000000000000009FFFFFFFFFFFC4
:10723000FE20000000000000000000000000000927
:10724000FFFFFFFFFFE20000000000000000000061
:1072500000000000009FFFFFFFFE20000000000074
:107260000000000000000000000009FFFFFFE20036
:10727000000000000000000000000000000000000E
:107280009FFFFE2000000000000000000000000042
:10729000000000000009FFD2000000000000000014
:1072A0000000000000000000000000461000000088
:1072B00000000000000000000000000220000000AC
:1072C00000000000000000000000000000000000BE
:1072D000000000000000000000AFFA000000000005
:1072E000000000000000000000000000000000009E
:1072F0000000000000000BFFFFB0000000000000D5
:10730000000000000000000000000000000000007D
:1073100000000000BFFFFFFB0000000000000000B5
:10732000000000000000000000000000000000005D
:10733000000BFFFFFFFFB00000007FFFFFFFFFFF1C
:10734000FFFFFFFFFFFFFD3000000000000000BF57
:10735000FFFFFFFFFB000003FFFFFFFFFFFFFFFF3B
:10736000FFFFFFFFFFD00000000000000BFFFFFF4A
:10737000FFFFFFB00005FFFFFFFFFFFFFFFFFFFF65
:10738000FFFFFFF0000000000000BFFFFFFFFFFF56
:10739000FFFB0001EFFFFFFFFFFFFFFFFFFFFFFF0E
:1073A000FFF000000000000BFFFFFFFFFFFFFFFFEB
:1073B000B0002EFFFFFFFFFFFFFFFFFFFFFFFFF00B
:1073C0000000000000CFFFFFFFFFFFFFFFFFFC00FA
:1073D00002CFFFFFFFFFFFFFFFFFFFFFFFF00000F7
:1073E00000000CFFFFFFFFFFFFFFFFFFFFC00000DB
:1073F00000000000000000000FFFFFF00000000090
:107400008FFFFFFF7FFFFFF7FFFFFFF80000000087
:107410000000000000000FFFFFF000000000AFFFC1
:10742000FFF80FFFFFF08FFFFFFA000000000000E1
:10743000000000000FFFFFF0000000005FFFFF9062
:107440000FFFFFF009FFFFF5000000000000000043
:1074500000000FFFFFF00000000007FFFA000FFF21
:10746000FFF000AFFF70000000000000000000000F
:107470000FFFFFF000000000004960000FFFFFF069
:1074800000069400000000000000000000000FFF54
:10749000FFF000000000000000000FFFFFF0000000
:1074A0000000000000000000000000000FFFFFF0DF
:1074B00000000000000000000FFFFFF000000000CF
:1074C000000000000000000000000FFFFFF00000BF
:1074D0000000000000000FFFFFF0000000000000AF
:1074E00000000000000000000FFFFFF0000000009F
:1074F000000000000FFFFFF000000000000000008F
:107500000000000000000FFFFFF00000000000007E
:1075100000000FFFFFF0000000000000000000006E
:10752000000000000FFFFFF000000000000000005E
:107530000FFFFFF00000000000000000000000004E
:1075400000000FFFFFF000000000000000000FFF30
:10755000FFF0000000000000000000000049600093
:107560000FFFFFF000069400000000000FFFFFF087
:107570000000000000000000000007FFFA000FFFFD
:10758000FFF000AFFF70000000000FFFFFF00000F1
:1075900000000000000000005FFFFF900FFFFFF001
:1075A00009FFFFF5000000000FFFFFF000000000E2
:1075B000000000000000AFFFFFF80FFFFFF08FFF9B
:1075C000FFFA000000000FFFFFF0000000000000C5
:1075D000000000008FFFFFFF7FFFFFF7FFFFFFF8B6
:1075E000000000000FFFFFF000000000000000009E
:1075F00000000CFFFFFFFFFFFFFFFFFFFFC00000C9
:1076000000000FFFFFFFFFFFFFFFFFFFFFFFFC205A
:1076100000CFFFFFFFFFFFFFFFFFFC0000000000A7
:107620000FFFFFFFFFFFFFFFFFFFFFFFFFE2000B6A
:10763000FFFFFFFFFFFFFFFFB000000000000FFF94
:10764000FFFFFFFFFFFFFFFFFFFFFFFE1000BFFF79
:10765000FFFFFFFFFFFB0000000000000FFFFFFF28
:10766000FFFFFFFFFFFFFFFFFFFF50000BFFFFFFCC
:10767000FFFFFFB00000000000000DFFFFFFFFFF55
:10768000FFFFFFFFFFFFFFFF300000BFFFFFFFFF17
:10769000FB0000000000000003DFFFFFFFFFFFFF13
:1076A000FFFFFFFFFFF70000000BFFFFFFFFB00031
:1076B00000000000000000000000000000000000CA
:1076C0000000000000000000BFFFFFFB0000000002
:1076D00000000000000000000000000000000000AA
:1076E0000000000000000BFFFFB0000000000000E1
:1076F000000000000000000000000000000000008A
:107700000000000000AFFA000000000000000000D0
:107710000000000000000000000000000000000069
:1077200000000002200000000000008DFFFFFFFFAE
:10773000FFFFFFFE2000000000000000000000002E
:1077400000000CFFFFFFFFFFFFFFFFFFE200000054
:10775000000000000000000000008FFFFFFFFFFF9F
:10776000FFFFFFFFFE2000000000000000000000FF
:107770000000DFFFFFFFFFFFFFFFFFFFFFE2000052
:1077800000000000000000000000FFFFFFFFFFFFFF
:10779000FFFFFFFFFFFE20000000000000000000D0
:1077A0000000FFFFFFFFFFFFFFFFFFFFFFFFE20003
:1077B00000000000000000000000FFFFFFFFFFFFCF
:1077C000FFFFFFFFFFFFFFFFFFFFFFFFFFFFFFFFC9
:1077D000D800FFFFFFFFFFFFFFFFFFFFFFFFFFFFDF
:1077E000FFFFFFFFFFFFFFFFFFC0FFFFFFFFFFFFE8
:1077F000FFFFFFFFFFFFFFFFFFFFFFFFFFFFFFFF99
:10780000FFF8FFFFFFFFFFFFFFFFFFFFFFFFFFFF8F
:10781000FFFFFFFFFFFFFFFFFFFDFFFFFFFFFFFF7A
:10782000FFFFFFFFFFFFFFFFFFFFFFFFFFFFFFFF68
:10783000FFFFFFFFFFFFFFFFFFFFFFFFFFFFFFFF58
:10784000FFFFFFFFFFFFFFFFFFFFFFFFFFFFFFFF48
:10785000FFFFFFFFFFFFFFFFFFFFFFFFFFFFFFFF38
:10786000FFFFFFFFFFFFFFFFFFFFFFFFFFFFFFFF28
:10787000FFFFFFFFFFFFFFFFFFFFFFFFFFFFFFFF18
:10788000FFFFFFFFFFFFFFFFFFFFFFFFFFFFFFFF08
:10789000FFFFFFFFFFFFFFFFFFFFFFFFFFFFFFFFF8
:1078A000FFFFFFFFFFFFFFFFFFFFFFFFFFFFFFFFE8
:1078B000FFFFFFFFFFFFFFFFFFFFFFFFFFFFFFFFD8
:1078C000FFFFFFFFFFFFFFFFFFFFFFFFFFFFFFFFC8
:1078D000FFFFFFFFFFFFFFFFFFFFFFFFFFFFFFFFB8
:1078E000FFFFFFFFFFFFFFFFFFFFFFFFFFFFFFFFA8
:1078F000FFFFFFFFFFFFFFFFFFFFFFFFFFFFFFFF98
:10790000FFFFFFFFFFFFFFFFFFFFFFFFFFFFFFFF87
:10791000FFFFFFFFFFFFFFFFFFFFFFFFFFFFFFFF77
:10792000FFFFFFFFFFFFFFFFFFFFFFFFFFFFFFFF67
:10793000FFFFFFFFFFFFFFFFFFFFFFFFFFFFFFFF57
:10794000FFFFFFFFFFFFFFFFFFFFFFFFFFFFFFFF47
:10795000FFFFFFFFFFFFFFFFFFFFFFFFFFFFFFFF37
:10796000FFFFFFFFFFFFFFFFFFFFFFFFFFFFFFFF27
:10797000FFFFFFFFFFFFFFFFFFFFFFFFFFFFFFFF17
:10798000FFFFFFFFFFFFFFFFFFFFFFFFFFFFFFFF07
:10799000FFFFFFFFFFFFFFFFFFFFFFFFFFFFFFFFF7
:1079A000FFFFFFFFFFFFFFFFFFFFFFFFFFFFFFFFE7
:1079B000FFFFFFFFFFFFFFFFFFFFFFFFFFFFFFFFD7
:1079C000FFFFFFFFFFFFFFFFFFFFFFFFFFFFFFFFC7
:1079D000FFFFFFFFFFFFFFFFFFFFFFFFFFFFFFFFB7
:1079E000FFFFFFFFFFFFFFFFFFFFFFFFFFFFFFFFA7
:1079F000FFFFFFFFFFFFFFFFFFFFFFFFFFFFFFFF97
:107A0000FFFFFFFFFFFFFFFFFFFFFFFFFFFFFFFF86
:107A1000FFFFFFFFFFFFFFFFFFFFFFFFFFFFFFFF76
:107A2000FFFFFFFFFFFFFFFFFFFFDFFFFFFFFFFF86
:107A3000FFFFFFFFFFFFFFFFFFFFFFFFFFFFFFFF56
:107A4000FFFD8FFFFFFFFFFFFFFFFFFFFFFFFFFFB8
:107A5000FFFFFFFFFFFFFFFFFFF80CFFFFFFFFFF30
:107A6000FFFFFFFFFFFFFFFFFFFFFFFFFFFFFFFF26
:107A7000FFC0008DFFFFFFFFFFFFFFFFFFFFFFFFC6
:107A8000FFFFFFFFFFFFFFFFD80000000000000026
:107A900000000000004EE4000000000000000000B4
:107AA00000000000000000000000000004FFFF4094
:107AB00000000000000000000000000000000000C6
:107AC000000000004FFFFFF4000000000000000075
:107AD000000000000000000000000004FFFFFFFFA6
:107AE0004000000000000000000000000000000056
:107AF0000000004FFFFFFFFFF40000000000000047
:107B00000000000000000000000004FFFFFFFFFF76
:107B1000FF40000000000000000000000000000026
:107B200000004FFFFFFFFFFFFFF400000000000018
:107B300000000000000000000004FFFFFFFFFFFF47
:107B4000FFFF4000000000000000000000000000F7
:107B5000004FFFFFFFFFFFFFFFFFF40000000000EA
:107B6000000000000000000004FFFFFFFFFFFFFF18
:107B7000FFFFFF40000000000000000000000000C8
:107B80004FFFFFFFFFFFFFFFFFFFFFF400000000BC
:107B90000000000000000004FFFFFFFFFFFFFFFFE9
:107BA000FFFFFFFF40000000000000000000004F4A
:107BB000FFFFFFFFFFFFFFFFFFFFFFFFF4000000DD
:107BC00000000000000004FFFFFFFFFFFFFFFFFFBA
:107BD000FFFFFFFFFF4000000000000000004FFF1C
:107BE000FFFFFFFFFFFFFFFFFFFFFFFFFFF40000AE
:107BF000000000000000EFFFFFFFFFFFFFFFFFFF9F
:107C0000FFFFFFFFFFFE0000000000000000FFFF7D
:107C1000FFFFFFFFFFFFFFFFFFFFFFFFFFFF000072
:107C20000000000000007FFFFFFFFFFFFFFFFFFFDE
:107C3000FFFFFFFFFFF70000000000000000000052
:107C4000000000FFFFFFFFFFFF000000000000003A
:107C50000000000000000000000000FFFFFFFFFF29
:107C6000FF00000000000000000000000000000015
:107C7000000000FFFFFFFFFFFF000000000000000A
:107C80000000000000000000000000FFFFFFFFFFF9
:107C9000FF000000000000000000000000000000E5
:107CA000000000FFFFFFFFFFFF00000000000000DA
:107CB0000000000000000000000000FFFFFFFFFFC9
:107CC000FF000000000000000000000000000000B5
:107CD000000000FFFFFFFFFFFF00000000000000AA
:107CE0000000000000000000000000FFFFFFFFFF99
:107CF000FF00000000000000000000000000000085
:107D0000000000FFFFFFFFFFFF0000000000000079
:107D10000000000000000000000000FFFFFFFFFF68
:107D2000FF00000000000000000000000000000054
:107D3000000000FFFFFFFFFFFF0000000000000049
:107D40000000000000000000000000FFFFFFFFFF38
:107D5000FF00000000000000000000000000000024
:107D6000000000FFFFFFFFFFFF0000000000000019
:107D70000000000000000000000000FFFFFFFFFF08
:107D8000FF000000000000000000000000000000F4
:107D9000000000FFFFFFFFFFFF00000000000000E9
:107DA00000003DFFFFFFFFFFFFF000FFFFFFFFFFB1
:107DB000FF000FFFFFFFFFFFFFD3DFFFFFFFFFFF0E
:107DC000FFF100DFFFFFFFFFFD001FFFFFFFFFFFD1
:107DD000FFFDFFFFFFFFFFFFFFF5003DFFFFFFFF80
:107DE000D3005FFFFFFFFFFFFFFFFFFFFFFFFFFF6E
:107DF000FFFC0000000000000000CFFFFFFFFFFFBE
:107E0000FFFFFFFFFFFFFFFFFFFF900000000000EC
:107E10000009FFFFFFFFFFFFFFFFFFFFFFFFFFFF67
:107E2000FFFFFC510000000015CFFFFFFFFFFFFF29
:107E3000FFFFFFFFFFFFFFFFFFFFFFFFFFFFFFFF52
:107E4000FFFFFFFFFFFFFFFFFFFFFFFFFFFFFFFF42
:107E5000FFFFFFFFFFFFFFFFFFFFFFFFFFFFFFFF32
:107E6000FFFFFFFFFFFFFFFFFFFFFFFFFFFFFFFF22
:107E7000FFFFFEAEFFFEAEFFFFFFFFFFFFFFFFFFB6
:107E8000FFFFFFFFFFFFFFFFFFFFE102FFD001EF5A
:107E9000FFFFFFFFFFFFFFFFFFFFFFFFFFFFFFFFF2
:107EA000FFFFA000DF8000AFFFFFFFFFFFFFFFFF2E
:107EB000FFFFFFFFFFFFFFFFFFFFE102FFD001EF2A
:107EC000FFFFFFFFFFFFFFFFFFFFFFFFFFFFFFFFC2
:107ED000FFFFFEAEFFFEAEFFFFFFDFFFFFFFFFFF76
:107EE000FFFFFFFFFFFFFFFFFFFFFFFFFFFFFFFFA2
:107EF000FFFD3DFFFFFFFFFFFFFFFFFFFFFFFFFF56
:107F0000FFFFFFFFFFFFFFFFFFD3000000000000A7
:107F10000000000000000000000000000000000061
:107F20000000000000000000000000000000000051
:107F3000000000007FEA6300000000000000000075
:107F40000000000000000000000000002FFFFFFF05
:107F5000B840000000000000000000000000000029
:107F60000000000009FFFFFFFFFFFD81000000008F
:107F700000000000000000000000000000FFFFFF04
:107F8000FFFFFFFFC0000000000000000000000035
:107F900000000000006FFFFFFFFFFFFFFF00000079
:107FA000000000000000000000000000000DFFFFC6
:107FB000FFFFFFFFFFF000000000000000000000D6
:107FC000000000000004FFFFFFFFFFFFFFFE0000B6
:107FD0000000000000000000000000000000BFFFE3
:107FE000FFFFFFFFFFFFD0000000000000000000C7
:107FF0000000000000002FFFFFFFFFFFFFFFFD005C
:10800000000000000000000000000000000009FF68
:10801000FFFFFFFFFFFFFFB00000000000000000B7
:1080200000000000000000FFFFFFFFFFFFFFFFF95F
:108030000000000000000000000000000000006FD1
:10804000FFFFFFFFFFFFFFFF7000000000000000C8
:10805000000000000000000BFFFFFFFFFFFFFFFF1D
:10806000F40000000000000000000000000000001C
:108070009FFFFFFFFFFFFFFFFF1000000000000059
:10808000000000000000000000CFFFFFFFFFFFFF27
:10809000FFE0000000000000000000000000000001
:1080A00000009FFFFFFFFFFFFFFA0000000000003D
:1080B00000000000000000000000007FFFFFFFFF45
:1080C000FFFF600000000000000000000000000052
:1080D000000000004FFFFFFFFFFFF1000000000065
:1080E000000000000000000000000000002DFFFF65
:1080F000FFFFFC0000000000000000000000000086
:108100000000000000007FFFFFFFFF600000000094
:1081100000000000000000000000000000001EFF42
:10812000FFFFFFF100000000000000000000000061
:1081300000000000000008FFFFFFFFFA0000000041
:10814000000000000000000000000000000002FF2E
:10815000FFFFFFFF20000000000000000000000003
:1081600000000000000000BFFFFFFFFFB0000000A4
:108170000000000000000000000000000000006F90
:10818000FFFFFFFFF3000000000000000000000000
:10819000000000000000003FFFFFFFFFFA000000AA
:1081A0000000000000000000000000000000001DB2
:1081B000FFFFFFFFFF1000000000000000000000B4
:1081C000000000000000000CFFFFFFFFFF70000038
:1081D0000000000000000000000000000000000B94
:1081E000FFFFFFFFFFD00000000000000000006B59
:1081F000910000000000000BFFFFFFFFFFF20000F6
:1082000000000000000018EFFFD000000000001C7C
:10821000FFFFFFFFFFF50000000000000003AFFFBD
:10822000FFFFA0000000002DFFFFFFFFFFF900008F
:1082300000000000006DFFFFFFFFFF700000006FF7
:10824000FFFFFFFFFFFB00000000000018EFFFFF33
:10825000FFFFFFFF500002BFFFFFFFFFFFFC00001A
:10826000000000006FFFFFFFFFFFFFFFFF2007FF81
:10827000FFFFFFFFFFFD1000000000000FFFFFFFEA
:10828000FFFFFFFFFFFD7EFFFFFFFFFFFFFD100071
:108290000000000000EFFFFFFFFFFFFFFFFFFFFFF9
:1082A000FFFFFFFFFFFC100000000000000AFFFFBF
:1082B000FFFFFFFFFFFFFFFFFFFFFFFFFFFB0000D0
:1082C0000000000000007FFFFFFFFFFFFFFFFFFF38
:1082D000FFFFFFFFFFF9000000000000000003FFA8
:1082E000FFFFFFFFFFFFFFFFFFFFFFFFFFF50000A6
:1082F000000000000000000FFFFFFFFFFFFFFFFF77
:10830000FFFFFFFFFFD200000000000000000000A0
:10831000BFFFFFFFFFFFFFFFFFFFFFFFFF7000003A
:10832000000000000000000008FFFFFFFFFFFFFF4C
:10833000FFFFFFFFFA100000000000000000000037
:10834000004FFFFFFFFFFFFFFFFFFFFFB300000035
:1083500000000000000000000001FFFFFFFFFFFF22
:10836000FFFFFFFA300000000000000000000000E6
:1083700000000DFFFFFFFFFFFFFFFC61000000009A
:1083800000000000000000000000008FFFFFFFFF62
:10839000FFEA610000000000000000000000000093
:1083A00000000001CFFEDDB97410000000000000E5
:1083B0000000000000000000000000000004ADFF0D
:1083C000DA40000000000000000000000000000093
:1083D00000002CFFFFFFFFC20000000000000000B3
:1083E000001577510000004FFFFFFFFFFFF4000072
:1083F0000000000000019FFFFFFB20002FFFFFFF98
:10840000FFFFFFF200000000000002DFFFFFFFFFA0
:10841000400CFFFFFFFFFFFFFFC000000000000255
:10842000EFFFFFFFFFFF04FFFFFFFFFFFFFFFF4026
:108430000000000002EFFFFFFFFFFF80AFFFFFF72C
:10844000117FFFFFFA0000000003EFFFFFFFFFFFB7
:10845000800DFFFFF700007FFFFFD000000003EF5B
:10846000FFFFFFFFFF8000FFFFFF100001FFFFFF86
:1084700000000003EFFFFFFFFFFF80000FFFFFF191
:1084800000001FFFFFF0000003EFFFFFFFFFFF8072
:108490000000DFFFFF700007FFFFFD000003FFFF8C
:1084A000FFFFFFFF8000000AFFFFFF7117FFFFFFC4
:1084B000900003FFFFFFFFFFFF800000004FFFFF62
:1084C000FFFFFFFFFFF90003FFFFFFFFFFFF80003B
:1084D000000000CFFFFFFFFFFFFFFFF803FFFFFFDC
:1084E000FFFFFF800000000002FFFFFFFFFFFFFF14
:1084F000FFFAFFFFFFFFFFFF80000000000004FF06
:10850000FFFFFFFFFFFFFFFFFFFFFFFFFF800000F8
:108510000000000002CFFFFFFFFFFFFFFFFFFFFF94
:10852000FFFF8000000000000000004ADFFFFFFFA7
:10853000FFFFFFFFFFFFFF800000000000000000C2
:108540000000003FFFFFFFFFFFFFFFFF8000000074
:108550000000000000000000003FFFFFFFFFFFFFE2
:10856000FF80000000000000000000000000003F4D
:10857000FFFFFFFFFFFF8000000000000000000081
:108580000000000003FFFFFFFFFFFFF800000000F6
:1085900000000000000000000003FFFFFFFFFFFFDE
:1085A000FFF800000000000000000000000003FFD2
:1085B000FFFFFFFFFFFFFFF80000000000000000CA
:1085C0000004ADFFFFFFFFFFFFFFFFFFFFF800000C
:1085D0000000000000002CFFFFFFFFFFFFFFFFFF78
:1085E000FFFFFFF8000000000000004FFFFFFFFF4B
:1085F000FFFFFFFFFFFFFFFFFFF80000000000008C
:108600002FFFFFFFFFFFFFFFFFAFFFFFFFFFFFF8A1
:1086100000000000000CFFFFFFFFFFFFFFFF803F97
:10862000FFFFFFFFFFF80000000004FFFFFFFFFF58
:10863000FFFFFF90003FFFFFFFFFFFF8000000007B
:10864000AFFFFFF7117FFFFFF900003FFFFFFFFFC4
:10865000FFF80000000DFFFFF700007FFFFFD000D4
:10866000003FFFFFFFFFFFF8000000FFFFFF1000CB
:1086700001FFFFFF0000003EFFFFFFFFFFF80000CB
:108680000FFFFFF100001FFFFFF00000003EFFFFA3
:10869000FFFFFFF80000DFFFFF700007FFFFFD0096
:1086A0000000003EFFFFFFFFFFF8000AFFFFFF7121
:1086B00017FFFFFFA0000000003EFFFFFFFFFFF8D5
:1086C000004FFFFFFFFFFFFFFFF400000000002E40
:1086D000FFFFFFFFFFF800CFFFFFFFFFFFFFFC00E2
:1086E00000000000002EFFFFFFFFFFF002FFFFFF72
:1086F000FFFFFFFF200000000000002EFFFFFFFF34
:10870000F40004FFFFFFFFFFFF4000000000000037
:108710000019FFFFFFB2000002CFFFFFFFFC2000A7
:108720000000000000000001577510000000004A22
:10873000DFFDA400000000000000000000000000B9
:1087400000000000000000003DFFFFFFFFFFFFFFF3
:10875000FF000FB1000000000000000000DFFFFF7D
:10876000FFFFFFFFFFFF000FFE20000000000000E2
:108770000000FFFFFFFFFFFFFFFFFF000FFFE20012
:1087800000000000000000FFFFFFFFFFFFFFFFFFF2
:10879000000FFFFE2000000000000000FFFFFFFFB1
:1087A000FFFFFFFFFF000FFFFFE2000000000000DF
:1087B00000FFFFFFFFFFFFFFFFFF000FFFFFFE2097
:1087C000000000000000FFFFFFFFFFFFFFFFFF00B2
:1087D0000FFFFFFFE1000000000000FFFFFFFFFFB1
:1087E000FFFFFFFF000FFFFFFFFB00000000000086
:1087F000FFFFFFFFFFFFFFFFFF000FFFFFFFFF3D3A
:10880000FFFFFFF000FFFFFFFFFFFFFFFFFF000084
:1088100000000000DFFFFFFFF000FFFFFFFFFFFF92
:10882000FFFFFF200000000000FFFFFFFFF000FF40
:10883000FFFFFFFFFFFFFFFFC20000000000FFFF80
:10884000FFFFF000FFFFFFFFFFFFFFFFFFFFFFFF46
:10885000FFFFFFFFFFFFFFF000FFFFFFFFFFFFFF36
:10886000FFFFFFFFFFFFFFFFFFFFFFFFF000FFFF26
:10887000FFFFFFFFFFFFFFFFFFFFFFFFFFFFFFFF08
:10888000FFF000FFFFFFFFFFFFFFFFFFFFFFFFFF06
:10889000FFFFFFFFFFFFF000FFFFFFFFFFFFFFFFF6
:1088A000FFFFFFFFFFFFFFFFFFFFFFF000FFFFFFE6
:1088B000FFFFFFFFFFFFFFFFFFFFFFFFFFFFFFFFC8
:1088C000F000FFFFFFFFFFFFFFFFFFFFFFFFFFFFC6
:1088D000FFFFFFFFFFF000FFFFFFFFFFFFFFFFFFB6
:1088E000FFFFFFFFFFFFFFFFFFFFF000FFFFFFFFA6
:1088F000FFFFFFFFFFFFFFFFFFFFFFFFFFFFFFF097
:1089000000FFFFFFFFFFFFFFFFFFFFFFFFFFFFFF76
:10891000FFFFFFFFF000FFFFFFFFFFFFFFFFFFFF75
:10892000FFFFFFFFFFFFFFFFFFF000FFFFFFFFFF65
:10893000FFFFFFFFFFFFFFFFFFFFFFFFFFFFF00055
:10894000FFFFFFFFFFFFFFFFFFFFFFFFFFFFFFFF37
:10895000FFFFFFF000FFFFFFFFFFFFFFFFFFFFFF35
:10896000FFFFFFFFFFFFFFFFF000FFFFFFFFFFFF25
:10897000FFFFFFFFFFFFFFFFFFFFFFFFFFF000FF15
:10898000FFFFFFFFFFFFFFFFFFFFFFFFFFFFFFFFF7
:10899000FFFFF000FFFFFFFFFFFFFFFFFFFFFFFFF5
:1089A000FFFFFFFFFFFFFFF000FFFFFFFFFFFFFFE5
:1089B000FFFFFFFFFFFFFFFFFFFFFFFFF000FFFFD5
:1089C000FFFFFFFFFFFFFFFFFFFFFFFFFFFFFFFFB7
:1089D000FFF000FFFFFFFFFFFFFFFFFFFFFFFFFFB5
:1089E000FFFFFFFFFFFFF000FFFFFFFFFFFFFFFFA5
:1089F000FFFFFFFFFFFFFFFFFFFFFFF000FFFFFF95
:108A0000FFFFFFFFFFFFFFFFFFFFFFFFFFFFFFFF76
:108A1000F000FFFFFFFFFFFFFFFFFFFFFFFFFFFF74
:108A2000FFFFFFFFFFF000FFFFFFFFFFFFFFFFFF64
:108A3000FFFFFFFFFFFFFFFFFFFFF000FFFFFFFF54
:108A4000FFFFFFFFFFFFFFFFFFFFFFFFFFFFFFF144
:108A500000DFFFFFFFFFFFFFFFFFFFFFFFFFFFFD47
:108A6000FFFFFFFFF5003DFFFFFFFFFFFFFFFFFFE1
:108A7000FFFFFFFFD3FFFFFFFFFC0000000000002F
:108A800000000000000000000000FFFFFFFFFF905B
:108A9000000000000000000000000000000000FFD7
:108AA000FFFFFFFFFC51000000000000000000007D
:108AB00000000000FFFFFFFFFFFFFFFFFFFFFFFFC2
:108AC000FFFFFF000000000000FFFFFFFFFFFFFFB0
:108AD000FFFFFFFFFFFFFFFF000000000000FFFFA0
:108AE000FFFFFFFFFFFFFFFFFFFFFFFFFF00000093
:108AF000000000FFFFFFFFFFFFFFFFFFFFFFFFFF83
:108B0000FFFF000000000000DFFFFFFFFFFFFFFF8F
:108B1000FFFFFFFFFFFFFD0000000000003DFFFF23
:108B2000FFFFFFFFFFFFFFFFFFFFFFD3000000007D
:108B30000000008DFFFFFFFFFFFFFFFFFFFFFFFFB4
:108B4000FFE910000000000CFFFFFFFFFFFFFFFF29
:108B5000FFFFFFFFFFFFFFD2000000008FFFFFFFBE
:108B6000FFFFFFFFFFFFFFFFFFFFFFFFFE200000F3
:108B700000DFFFFFFFFFFFFFFFFFFFFFFFFFFFFF24
:108B8000FFFFE2000000FFFFFFFFFFFFFFFFFFFF0F
:108B9000FFFFFFFFFFFFFFFE200000FFFFFFFFFFC3
:108BA000FFFFFFFFFFFFFFFFFFFFFFFFFFE20000F0
:108BB000FFFFFF300000000000000000000008FF81
:108BC000FFFFFE2000FFFFFF00000000000000008C
:108BD00000000000FFFFFFFFE200FFFFFF000000BA
:108BE000000000000000000000FFFFFFFFFE20FF6C
:108BF000FFFF000000000000000000000000FFFF79
:108C0000FFFFFFD1FFFFFF00000000000000000099
:108C1000000000FFFFFFFFFFF9FFFFFF0000000063
:108C20000000000000000000FFFFFFFFFFFEFFFF4D
:108C3000FF000000000000000000000000FFFFFF38
:108C4000FFFFFFFFFFFF000000000000000000002A
:108C50000000FFFFFFFFFFFFFFFFFF00000000001D
:108C600000000000000000FFFFFFFFFFFFFFFFFF0D
:108C7000000000000000000000000000FFFFFFFFF8
:108C8000FFFFFFFFFF0000000000000000000000E9
:108C900000FFFFFFFFFFFFFFFFFF300000000000AD
:108CA000000000000003FFFFFFFFFFFFFFFFFFFFCB
:108CB000FFFFFFFFFFFFFFFFFFFFFFFFFFFFFFFFC4
:108CC000FFFFFFFFFFFFFFFFFFFFFFFFFFFFFFFFB4
:108CD000FFFFFFFFFFFFFFFFFFFFFFFFFFFFFFFFA4
:108CE000FFFFFFFFFFFFFFFFFFFFFFFFFFFFFFFF94
:108CF000FFFFFFFFFFFFFFFFFFFFFFFFFFFFFFFF84
:108D0000FFFFFFFFFFFFFFFFFFFFFFFFFFFFFFFF73
:108D1000FFFFFFFFFFFFFFFFFFFFFFFFFFFFFFFF63
:108D2000FFFFFFFFFFFFFFFFFFFFFFFFFFFFFFFF53
:108D3000FFFFFF830038FFFFFFFFFFFFFFFFFFFF85
:108D4000FFFFFFFFFFFFFFD20000002DFFFFFFFF2F
:108D5000FFFFFFFFFFFFFFFFFFFFFFFF20000000FF
:108D600002FFFFFFFFFFFFFFFFFFFFFFFFFFFFFF10
:108D7000F800000000008FFFFFFFFFFFFFFFFFFF75
:108D8000FFFFFFFFFFF300000000003FFFFFFFFFBA
:108D9000FFFFFFFFFFFFFFFFFFFFF00000000000ED
:108DA0000FFFFFFFFFFFFFFFFFFFFFFFFFFFFFF0D2
:108DB00000000000000FFFFFFFFFFFFFFFFFFFFFAE
:108DC000FFFFFFFFF300000000003FFFFFFFFFFF7A
:108DD000FFFFFFFFFFFFFFFFFFF800000000008F15
:108DE000FFFFFFFFFFFFFFFFFFFFFFFFFFFFFF2072
:108DF00000000002FFFFFFFFFFFFFFFFFFFFFFFF7D
:108E0000FFFFFFFFD20000002DFFFFFFFFFFFFFF6E
:108E1000FFFFFFFFFFFFFFFFFFFF830038FFFFFFA4
:108E2000FFFFFFFFFFFFFFFFFFFFFFFFFFFFFFFF52
:108E3000FFFFFFFFFFFFFFFFFFFFFFFFFFFFFFFF42
:108E4000FFFFFFFFFFFFFFFFFFFFFFFFFFFFFFFF32
:108E5000DFFFFFFFFFFFFFFFFFFFFFFFFFFFFFFF42
:108E6000FFFFFFFFFD8FFFFFFFFFFFFFFFFFFFFF84
:108E7000FFFFFFFFFFFFFFFFFFF80CFFFFFFFFFFFC
:108E8000FFFFFFFFFFFFFFFFFFFFFFFFFFFFC00030
:108E90008DFFFFFFFFFFFFFFFFFFFFFFFFFFFFFF54
:108EA000FFFFD80039999999999999999999999920
:108EB000999999999999999993EFFFFFFFFFFFFF6E
:108EC000FFFFFFFFFFFFFFFFFFFFFFFFFFFEFFFFB3
:108ED000FFFFFFFFFFFFFFFFFFFFFFFFFFFFFFFFA2
:108EE000FFFFFFFFFFFFFFFFFFFFFFFFFFFFFFFF92
:108EF000FFFFFFFFFFFFFFFFFFFFFFFFFFFFFFFF82
:108F0000FFFFFFFFFFFFFFFFFFFFFFFFFFFFFFFF71
:108F1000FFFFFFFFFFFFFFFFFFFFFFFFFFFFFFFF61
:108F2000FFFFAFFFFFFFFFFFFFFFFFFFFFFFFFFFA1
:108F3000FFFFFFFFFFFFFA0222222222222222222B
:108F4000222222222222222222222220000000008B
:108F50000000000000000000000000000000000011
:108F60000000000000000000000000000000000001
:108F700000000000000000000000000000000000F1
:108F800000000000000000000000000000000000E1
:108F900000000000000000000000000000000000D1
:108FA00000000000000000000000000000000000C1
:108FB00000000000000000000000000000000000B1
:108FC00000000000000000000000000000000000A1
:108FD0000000000000000000000000000000003958
:108FE00099999999999999999999999999999999F1
:108FF00099999993EFFFFFFFFFFFFFFFFFFFFFFF2F
:10900000FFFFFFFFFFFFFFFFFEFFFFFFFFFFFFFF71
:10901000FFFFFFFFFFFFFFFFFFFFFFFFFFFFFFFF60
:10902000FFFFFFFFFFFFFFFFFFFFFFFFFFFFFFFF50
:10903000FFFFFFFFFFFFFFFFFFFFFFFFFFFFFFFF40
:10904000FFFFFFFFFFFFFFFFFFFFFFFFFFFFFFFF30
:10905000FFFFFFFFFFFFFFFFFFFFFFFFFFAFFFFF70
:10906000FFFFFFFFFFFFFFFFFFFFFFFFFFFFFFFF10
:10907000FFFA02222222222222222222222222223B
:1090800022222222222220000000000000000000F4
:1090900000000000000000000000000000000000D0
:1090A00000000000000000000000000000000000C0
:1090B00000000000000000000000000000000000B0
:1090C00000000000000000000000000000000000A0
:1090D0000000000000000000000000000000000090
:1090E0000000000000000000000000000000000080
:1090F0000000000000000000000000000000000070
:10910000000000000000000000000000000000005F
:109110000000000000000000000039999999999919
:10912000999999999999999999999999999993EF5F
:10913000FFFFFFFFFFFFFFFFFFFFFFFFFFFFFFFF3F
:10914000FFFFFFFEFFFFFFFFFFFFFFFFFFFFFFFF30
:10915000FFFFFFFFFFFFFFFFFFFFFFFFFFFFFFFF1F
:10916000FFFFFFFFFFFFFFFFFFFFFFFFFFFFFFFF0F
:10917000FFFFFFFFFFFFFFFFFFFFFFFFFFFFFFFFFF
:10918000FFFFFFFFFFFFFFFFFFFFFFFFFFFFFFFFEF
:10919000FFFFFFFFFFFFFFFFAFFFFFFFFFFFFFFF2F
:1091A000FFFFFFFFFFFFFFFFFFFFFFFFFA0222228B
:1091B000222222222222222222222222222222228F
:1091C0002220008DFFFFFFFFFFFFFFFFFFFFFFFFDC
:1091D000FFFFFFFFFFFFFFFFD8000CFFFFFFFFFFB8
:1091E000FFFFFFFFFFFFFFFFFFFFFFFFFFFFFFFF8F
:1091F000FFC08FFFFFFFFFFFFFFFFFFFFFFFFFFF2E
:10920000FFFFFFFFFFFFFFFFFFF8DFFFFFFFFFFF95
:10921000FFFFFFFFFFFFFFFFFFFFFFFFFFFFFFFF5E
:10922000FFFDFFFFFFFFFFFFFFFFFFFFFFFFFFFF50
:10923000FFFFFFFFFFFFFFFFFFFFFFFFFFFFFFFF3E
:10924000FFFFFFFFFFFFFFFFFFFFFFFFFFFFFFFF2E
:10925000FFFFFFFFFFFFFFFFFFFFFFFFFFFFFFFF1E
:10926000FFFFFFFFFFFFFFFFFFFF9FFFFFFFFFFF6E
:10927000FFFFFFFFFFFFFFFFFFFFFFFFFFFFFFFFFE
:10928000FFF909FFFFFFFFFFFFFFFFFFFFFFFFFFEA
:10929000FFFFFFFFFFFFFFFFFF90005FFFFFFFFFEC
:1092A000FFFFFFFFFFFFFFFFFFFFFFFFFFFFFFFFCE
:1092B000F5000002CFFFFFFFFFFFFFFFFFFFFFFFF3
:1092C000FFFFFFFFFFFFFFFC2000100009FFFFFF73
:1092D000FFFFFFFFFFFFFFFFFFFFFFFFFFFFFF900D
:1092E0000002FA00005EFFFFFFFFFFFFFFFFFFFF2E
:1092F000FFFFFFFFFFFFF50000AFFFD30002CFFF2E
:10930000FFFFFFFFFFFFFFFFFFFFFFFFFFFC20004E
:109310002DFFFFFF700008FFFFFFFFFFFFFFFFFFB4
:10932000FFFFFFFFFF800006FFFFFFFFFB10004E67
:10933000FFFFFFFFFFFFFFFFFFFFFFFFE40001AFA5
:10934000FFFFFFFFFFE40001BFFFFFFFFFFFFFFF85
:10935000FFFFFFFB10003EFFFFFFFFFFFFFF80004E
:1093600007FFFFFFFFFFFFFFFFFFFF700007FFFF8B
:10937000FFFFFFFFFFFFFC10003EFFFFFFFFFFFFAF
:10938000FFFFE30001BFFFFFFFFFFFFFFFFFFFE560
:109390000001AFFFFFFFFFFFFFFA10004EFFFFFFCE
:1093A000FFFFFFFFFFFFFFFF900006FFFFFFFFFF34
:1093B000FF600009FFFFFFFFFFFFFFFFFFFFFFFF51
:1093C000FD20002DFFFFFFFFD20002DFFFFFFFFFA8
:1093D000FFFFFFFFFFFFFFFFFFF600009FFFFFF90A
:1093E00000006FFFFFFFFFFFFFFFFFFFFFFFFFFF1B
:1093F000FFFF9000029EE9200009FFFFFFFFFFFF33
:10940000FFFFFFFFFFFFFFFFFFFFFC20000000004A
:1094100002CFFFFFFFFFFFFFFFFFFFFFFFFFFFFF89
:10942000FFFFFFF8000000007FFFFFFFFFFFFFFFCF
:10943000FFFFFFFFFFFFFFFFFFFFFFFFE730138E80
:10944000FFFFFFFFFFFFFFFFFFFFFFFFFFFFFFFF2C
:10945000FFFFFFFFFFFFFFFFFFFFFFFFFFFFFFFF1C
:10946000FFFFFFFFFFFFFFFFFFFFFFFFFFFFFFFF0C
:10947000FFFFFFFFFFFFFFFFFFFFFFFFFFFFFFFFFC
:10948000FFFFFFFFFFFFFFFFFFFFFFFFFFFFFFFFEC
:10949000FFFFFFFFFFFFFFFFFFFFFFFFFFFFFFFFDC
:1094A000FFFFFFFFFFFFFFFFFFFFFFFFFFFFFFFFCC
:1094B000FFFFFFFFFFFFFFFFFFFFFFFFFFFFFFFFBC
:1094C000FFFFDFFFFFFFFFFFFFFFFFFFFFFFFFFFCC
:1094D000FFFFFFFFFFFFFFFFFFFD8FFFFFFFFFFF0E
:1094E000FFFFFFFFFFFFFFFFFFFFFFFFFFFFFFFF8C
:1094F000FFF80CFFFFFFFFFFFFFFFFFFFFFFFFFF76
:10950000FFFFFFFFFFFFFFFFFFC0008DFFFFFFFF1B
:10951000FFFFFFFFFFFFFFFFFFFFFFFFFFFFFFFF5B
:10952000D80000002DFFFFFFFFFFFFFFD20000006B
:1095300000000000CFFFFFFFFFFFFFFFFC00000067
:1095400000000001FFFFFFFFFFFFFFFFFE00000024
:1095500000000003FFFFFFFFFFFFFFFFFA00000016
:1095600000000005FFFFFFFFFFFFFFFFF500000009
:1095700000000007FFFFFFFFFFFFFFFFF0000000FC
:1095800000000009FFFFFFFFFFFFFFFFB00000002A
:109590000000000BFFFFFFFFFFFFFFFF6000000068
:1095A0000000000DFFFFFFFFFFFFFFFF10000000A6
:1095B0000000000FFFFFFFFFFFFFFFFB00000000A8
:1095C0000000002FFFFFFFFFFFFFFFF6000000007D
:1095D0000000004FFFFFFFFFFFFFFFF10000000052
:1095E0000000006FFFFFFFFFFFFFFFC00000000053
:1095F0000000008FFFFFFFFFFFFFFF700000000073
:10960000000000AFFFFFFFFFFFFFFF200000000092
:10961000000000CFFFFFFFFFFFFFFFFFFFFFFFFF87
:10962000FD3000FFFFFFFFFFFFFFFFFFFFFFFFFF1A
:10963000FFD001FFFFFFFFFFFFFFFFFFFFFFFFFF67
:10964000FFF003FFFFFFFFFFFFFFFFFFFFFFFFFF35
:10965000FFA005FFFFFFFFFFFFFFFFFFFFFFFFFF73
:10966000FF1007FFFFFFFFFFFFFFFFFFFFFFFFFFF1
:10967000F70009FFFFFFFFFFFFFFFFFFFFFFFFFFF7
:10968000D0000BFFFFFFFFFFFFFFFFFFFFFFFFFF0C
:1096900050000DFFFFFFFFFFFFFFFFFFFFFFFFFB7E
:1096A00000000FFFFFFFFFFFFFFFFFFFFFFFFFF2C5
:1096B00000000DFFFFFFFFFFFFFFFFFFFFFFFF9019
:1096C000000003DFFFFFFFFFFFFFFFFFFFFFFE10B4
:1096D000000000000000000000BFFFFFFFFFF600D9
:1096E000000000000000000000FFFFFFFFFFD000AF
:1096F000000000000000000003FFFFFFFFFF40002C
:10970000000000000000000006FFFFFFFFFB00005C
:1097100000000000000000000AFFFFFFFFF2000051
:1097200000000000000000000EFFFFFFFF800000AF
:1097300000000000000000002FFFFFFFFE000000FF
:1097400000000000000000005FFFFFFFF6000000C7
:1097500000000000000000009FFFFFFFC0000000AD
:109760000000000000000000DFFFFFFF30000000ED
:109770000000000000000001FFFFFFFA00000000F1
:109780000000000000000005FFFFFFF100000000E6
:109790000000000000000008FFFFFF700000000054
:1097A000000000000000000CFFFFFD0000000000B2
:1097B000000000000000000FFFFFF50000000000A7
:1097C000000000000000004FFFFFB000000000009C
:1097D000000000000000008FFFFF200000000000DC
:1097E00000000000000000BFFFF9000000000000C2
:1097F00000000000000000EFFFE10000000000009A
:1098000000000000000000DFFF600000000000001A
:10981000000000000000003DF90000000000000012
:1098200000000000000000007CFFC70000000000F6
:109830000000000000000000000000001DFFFFFF0E
:10984000D100000000000000000000000000000047
:1098500000CFFFFFFFFC0000000000000000000040
:10986000003DFFFFFFFFFFFFDDFFFFFFFFFFFFD317
:10987000000000000000DFFFFFFFFFFFF6006FFFAA
:10988000FFFFFFFFFD000000000000FFFFFFFFFFE4
:10989000FFD0000DFFFFFFFFFFFF000000000000F2
:1098A000FFFFFFFFFFFFD0000DFFFFFFFFFFFF00E7
:1098B0000000000000FFFFFFFFFFFFF6006FFFFF4B
:1098C000FFFFFFFF000000000000FFFFFFFFFFFFA2
:1098D000FFDDFFFFFFFFFFFFFF000000000000FFB4
:1098E000FFFFFFFFFFFFFFFFFFFFFFFFFFFF000086
:1098F00000000000FFFFFFFFFFFFFFFFFFFFFFFF74
:10990000FFFFFF000000000000FFFFFFFFFFFFFF61
:10991000FFFFFFFFFFFFFFFF000000000000FFFF51
:10992000FFFFFFFFFFC51000000000000000000067
:10993000000000FFFFFFFFFFFFF900000000000034
:109940000000000000000000FFFFFFFFFFFFC0005D
:1099500000000000000000000000000000FFFFFF0A
:10996000FFFFFF5003DFFFFFFFFFFFFF000FB1000E
:109970000000FFFFFFFFFFFF100DFFFFFFFFFFFFD6
:10998000FF000FFE200000FFFFFFFFFFFF000FFFA3
:10999000FFFFFFFFFFFF000FFFE20000FFFFFFFFE1
:1099A000FFFF000FFFFFFFFFFFFFFF000FFFFE2085
:1099B00000FFFFFFFFFFFF000FFFFFFFFFFFFFFFA5
:1099C000000FFFFFE200FFFFFFFFFFFF000FFFFFA1
:1099D000FFFFFFFFFF000FFFFFFE20FFFFFFFFFF66
:1099E000FF000FFFFFFFFFFFFFFF000FFFFFFFE183
:1099F000FFFFFFFFFFFF000FFFFFFFFFFFFFFF0065
:109A00000FFFFFFFFBFFFFFFFFFFFF000FFFFFFF49
:109A1000FFFFFFFF000FFFFFFFFFFFFFFFFFFFFF45
:109A2000000FFFFFFFFFFFFFFF000000000000FF2F
:109A3000FFFFFFFFFF000FFFFFFFFFFFFFFF200003
:109A400000000000FFFFFFFFFFFF000FFFFFFFFF11
:109A5000FFFFFFC20000000000FFFFFFFFFFFF004D
:109A60000FFFFFFFFFFFFFFFFFFFFFFFFFFFFFFFF6
:109A7000FFFFFFFF000FFFFFFFFFFFFFFFFFFFFFE5
:109A8000FFFFFFFFFFFFFFFFFF000FFFFFFFFFFFD5
:109A9000FFFFFFFFFFFFFFFFFFFFFFFFFFFF000FC5
:109AA000FFFFFFFFFFFFFFFFFFFFFFFFFFFFFFFFC6
:109AB000FFFFFF000FFFFFFFFFFFFFFFFFFFFFFFA5
:109AC000FFFFFFFFFFFFFFFF000FFFFFFFFFFFFF95
:109AD000FFFFFFFFFFFFFFFFFFFFFFFFFF000FFF85
:109AE000FFFFFFFFFFFFFFFFFFFFFFFFFFFFFFFF86
:109AF000FFFF000FFFFFFFFFFFFFFFFFFFFFFFFF65
:109B0000FFFFFFFFFFFFFF000FFFFFFFFFFFFFFF54
:109B1000FFFFFFFFFFFFFFFFFFFFFFFF000FFFFF44
:109B2000FFFFFFFFFFFFFFFFFFFFFFDFFFFFFFFF65
:109B3000FF000FFFFFFFFFFFFFFFFFFFFFFFFFFF24
:109B40003DFFFFFFFFFF000FFFFFFFFFFFFFFFFFD6
:109B5000FFFFFFFFFF000000000000000FFFFFFFFE
:109B6000FFFFFFFFFFFFFFFFFFFF000000000000FF
:109B7000000FFFFFFFFFFFFFFFFFFFFFFFFFFF00E3
:109B80000000000000000FFFFFFFFFFFFFFFFFFFCF
:109B9000FFFFFFFF000000000000000FFFFFFFFFBE
:109BA000FFFFFFFFFFFFFFFFFF00000000000000BE
:109BB0000FFFFFFFFFFFFFFFFFFFFFFFFFFF0000A3
:109BC00000000000000FFFFFFFFFFFFFFFFFFFFF90
:109BD000FFFFFF000000000000000FFFFFFFFFFF7E
:109BE000FFFFFFFFFFFFFFFF000000000000000D70
:109BF000FFFFFFFFFFFFFFFFFFFFFFFFFD00000074
:109C00000000000003DFFFFFFFFFFFFFFFFFFFFF7C
:109C1000FFD300000000000000000008EE800000FC
:109C20000000000000000000000000000000000034
:109C30008FFFF8000000000000000000000000009E
:109C40000000000000EFFFFE000000000000000028
:109C500000000000000000000000FFFFFF00000007
:109C6000000000000000000000000000000000FFF5
:109C7000FFFF0000000000000000000000000000E6
:109C80000000049EFFFFFFEA40000000000000000B
:109C900000000000000006DFFFFFFFFFFFFE600086
:109CA0000000000000000000000001BFFFFFFFFFF8
:109CB000FFFFFFFC20000000000000000000002E5D
:109CC000FFFFFFFFFFFFFFFFFFE3000000000000BA
:109CD00000000002EFFFFFFFFFFFFFFFFFFFFF306D
:109CE00000000000000000001EFFFFFFFFFFFFFF5D
:109CF000FFFFFFFFE10000000000000000AFFFFFDA
:109D0000FFFFFFFFFFFFFFFFFFFA00000000000062
:109D10000004FFFFFFFFFFFFFFFFFFFFFFFFFF400C
:109D20000000000000000BFFFFFFFFFFFFFFFFFF31
:109D3000FFFFFFFFB00000000000002FFFFFFFFF4C
:109D4000FFFFFFFFFFFFFFFFFFF20000000000002A
:109D50007FFFFFFFFFFFFFFFFFFFFFFFFFFFF7009A
:109D60000000000000BFFFFFFFFFFFFFFFFFFFFF3E
:109D7000FFFFFFFB000000000000DFFFFFFFFFFF11
:109D8000FFFFFFFFFFFFFFFFFD000000000000EFEF
:109D9000FFFFFFFFFFFFFFFFFFFFFFFFFFFF0000D1
:109DA00000000000FFFFFFFFFFFFFFFFFFFFFFFFBF
:109DB000FFFFFF000000000001FFFFFFFFFFFFFFAC
:109DC000FFFFFFFFFFFFFFFF000000000001FFFF9C
:109DD000FFFFFFFFFFFFFFFFFFFFFFFFFF10000080
:109DE000000002FFFFFFFFFFFFFFFFFFFFFFFFFF7E
:109DF000FFFF200000000004FFFFFFFFFFFFFFFF49
:109E0000FFFFFFFFFFFFFF400000000007FFFFFF15
:109E1000FFFFFFFFFFFFFFFFFFFFFFFF70000000DE
:109E2000000AFFFFFFFFFFFFFFFFFFFFFFFFFFFF36
:109E3000FFA0000000000EFFFFFFFFFFFFFFFFFF7E
:109E4000FFFFFFFFFFFFE0000000002FFFFFFFFF0D
:109E5000FFFFFFFFFFFFFFFFFFFFFFF2000000001B
:109E60008FFFFFFFFFFFFFFFFFFFFFFFFFFFFFFF72
:109E7000F800000000EFFFFFFFFFFFFFFFFFFFFF05
:109E8000FFFFFFFFFFFE00000005FFFFFFFFFFFFDA
:109E9000FFFFFFFFFFFFFFFFFFFFFF5000001EFF60
:109EA000FFFFFFFFFFFFFFFFFFFFFFFFFFFFFFFFC2
:109EB000E10001DFFFFFFFFFFFFFFFFFFFFFFFFFED
:109EC000FFFFFFFFFFFD100CFFFFFFFFFFFFFFFF86
:109ED000FFFFFFFFFFFFFFFFFFFFFFC08FFFFFFF41
:109EE000FFFFFFFFFFFFFFFFFFFFFFFFFFFFFFFF82
:109EF000F8EFFFFFFFFFFFFFFFFFFFFFFFFFFFFF89
:109F0000FFFFFFFFFFFEEFFFFFFFFFFFFFFFFFFF72
:109F1000FFFFFFFFFFFFFFFFFFFFFE8FFFFFFFFFC2
:109F2000FFFFFFFFFFFFFFFFFFFFFFFFFFFFFFF848
:109F300008EFFFFFFFFFFFFFFFFFFFFFFFFFFFFF38
:109F4000FFFFFFFE80000000000000000000000096
:109F50000000000000000000000000000000000001
:109F600000000000000000000000000000000000F1
:109F700000000000000000000000000000000000E1
:109F800000000000000000000000000FFFFFFFFFC6
:109F9000FFF00000000000000000000000000000D2
:109FA0000CFFFFFFFFFFC0000000000000000000EA
:109FB000000000000007FFFFFFFFFF70000000002F
:109FC0000000000000000000000000DFFFFFFFFDB8
:109FD0000000000000000000000000000000000081
:109FE0001DFFFFFFC1000000000000000000000096
:109FF0000000000000007CFFC60000000000000020
:10A000000000008DFFFFFFFFFFFFFFFFFFFFFFFFCF
:10A01000FFFFFFFFFFFFFFFFFFFFFFD8000CFFFF69
:10A02000FFFFFFFFFFFFFFFFFFFFFFFFFFFFFFFF40
:10A03000FFFFFFFFFFFFFFC08FFFFFFFFFFFFFFFDF
:10A04000FFFFFFFFFFFFFFFFFFFFFFFFFFFFFFFF20
:10A05000FFFFF8DFFFFFFFFFFFFFFFFFFFFFFFFF37
:10A06000FFFFFFFFFFFFFFFFFFFFFFFFFFFDFFFF02
:10A07000FFFFFFFFFFFFFFFFFFFFFFFFFFFFFFFFF0
:10A08000FFFFFFFFFFFFFFFFFFFFFFFFFFFFFFFFE0
:10A09000FFFFFFFFFFFFFFFFFFFFFFFFFFFFFFFFD0
:10A0A000FFFFFFFFFFFFFF300003FFF300003FFF54
:10A0B000300003FFF300003FFF300003FFFFFFFF0E
:10A0C000FFFF000000FFF000000FFF000000FFF0A6
:10A0D00000000FFF000000FFFFFFFFFFFF00000078
:10A0E000FFF000000FFF000000FFF000000FFF0076
:10A0F0000000FFFFFFFFFFFF000000FFF000000F68
:10A10000FF000000FFF000000FFF000000FFFFFF56
:10A11000FFFFFF000000FFF000000FFF000000FF46
:10A12000F000000FFF000000FFFFFFFFFFFF300007
:10A1300003FFF300003FFF300003FFF300003FFF89
:10A14000300003FFFFFFFFFFFFFFFFFFFFFFFFFFE9
:10A15000FFFFFFFFFFFFFFFFFFFFFFFFFFFFFFFF0F
:10A16000FFFFFFFFFFFFFFFFFFFFFFFFFFFFFFFFFF
:10A17000FFFFFFFFFFFFFFFFFFFFFFFFFFFFFFFFEF
:10A18000FFFFFFFFFFFFFFFFFFFFFFFFFFFFFFFFDF
:10A19000FFFFFFFFFFFFFFFFFFFFFFFFB00001DF3B
:10A1A000F800001EFF800001EFF800000BFFFFFF2A
:10A1B000FFFFFFFFFFFFFF800000BFF400000BFF69
:10A1C000400000BFF4000008FFFFFFFFFFFFFFFF9C
:10A1D000FFFF800000BFF400000BFF400000BFF451
:10A1E000000008FFFFFFFFFFFFFFFFFFFF800000F1
:10A1F000BFF400000BFF400000BFF4000008FFFFA9
:10A20000FFFFFFFFFFFFFFFF800000BFF400000B18
:10A21000FF400000BFF4000008FFFFFFFFFFFFFF4B
:10A22000FFFFFFB00001DFF800001EFF800001EF1C
:10A23000F800000BFFFFFFFFFFFFFFFFFFFFFFFF27
:10A24000FFFFFFFFFFFFFFFFFFFFFFFFFFFFFFFF1E
:10A25000FFFFFFFFFFFFFFFFFFFFFFFFFFFFFFFF0E
:10A26000FFFFFFFFFFFFFFFFFFFFFFFFFFFFFFFFFE
:10A27000FFFFFFFFFFFFFFFFFFFFFFFFFFFFFFFFEE
:10A28000FFFFFFFFFFFFFFFFFFFFFFFFFF300003A8
:10A29000FFF300000000000000000000003FFF305E
:10A2A0000003FFFFFFFFFFFF000000FFF0000000C2
:10A2B00000000000000000000FFF000000FFFFFF93
:10A2C000FFFFFF000000FFF00000000000000000A2
:10A2D0000000000FFF000000FFFFFFFFFFFF000076
:10A2E00000FFF000000000000000000000000FFF71
:10A2F000000000FFFFFFFFFFFF000000FFF0000075
:10A300000000000000000000000FFF000000FFFF41
:10A31000FFFFFFFF300003FFF3000000000000001C
:10A32000000000003FFF300003FFFFFFFFFFFFFFC3
:10A33000FFFFFFFFFFFFFFFFFFFFFFFFFFFFFFFF2D
:10A34000FFFFFFFFFFFFFFFFFFFFFFFFFFFFFFFF1D
:10A35000FFFFFFFFFFFFFFFFFFFFFFFFFFFFFFFF0D
:10A36000FFFFDFFFFFFFFFFFFFFFFFFFFFFFFFFF1D
:10A37000FFFFFFFFFFFFFFFFFFFFFFFFFD8FFFFF5F
:10A38000FFFFFFFFFFFFFFFFFFFFFFFFFFFFFFFFDD
:10A39000FFFFFFFFFFFFFFF80CFFFFFFFFFFFFFFC7
:10A3A000FFFFFFFFFFFFFFFFFFFFFFFFFFFFFFFFBD
:10A3B000FFFFC0008DFFFFFFFFFFFFFFFFFFFFFF5D
:10A3C000FFFFFFFFFFFFFFFFFFFFFFFFD8000000C1
:10A3D000000000000000000000000000000000007D
:10A3E000000000000000000000000000000000006D
:10A3F0000000000000000000000000018DFC500083
:10A40000000000000000000000000000000000004C
:10A41000000000029FFFFFF80000000000000000A5
:10A42000000000000000000000000003BFFFFFFF6D
:10A43000FF500000000000000000000000000000CD
:10A4400000000004CFFFFFFFFFFFC000000000007E
:10A45000000000000000000000000006DFFFFFFF1A
:10A46000FFFFFFF0000000000000000000000000FF
:10A4700000000017EFFFFFFFFFFFFFFFD00000000D
:10A48000000000000000000000000018FFFFFFFFB8
:10A49000FFFFFFFFFF800000000000000000000041
:10A4A0000000002AFFFFFFFFFFFFFFFFFFFF10007C
:10A4B00000000000000000000000004BFFFFFFFF55
:10A4C000FFFFFFFFFFFFF900000000000000000099
:10A4D0000000005CFFFFFFFFFFFFFFFFFFFFFFF239
:10A4E00000000000000000000000006DFFFFFFFF03
:10A4F000FFFFFFFFFFFFFFFFA000000000000000C4
:10A500000000018EFFFFFFFFFFFFFFFFFFFFFFFFC8
:10A51000FF300000000000000000029FFFFFFFFF6F
:10A52000FFFFFFFFFFFFFFFFFFFC00000000000038
:10A53000000003AFFFFFFFFFFFFFFFFFFFFFFFFF75
:10A54000FFFFF40000000000000004BFFFFFFFFF5A
:10A55000FFFFFFFFFFFFFFFFFFFFFFD00000000036
:10A56000000005DFFFFFFFFFFFFFFFFFFFFFFFFF13
:10A57000FFFFFFFF60000000000007EFFFFFFFFF8D
:10A58000FFFFFFFFFFFFFFFFFFFFFFFFFE000000D9
:10A59000000018FFFFFFFFFFFFFFFFFFFFFFFFFFB0
:10A5A000FFFFFFFFFFF70000000019FFFFFFFFFFA5
:10A5B000FFFFFFFFFFFFFFFFFFFFFFFFFFFFF100B8
:10A5C000000001DFFFFFFFFFFFFFFFFFFFFFFFFFB7
:10A5D000FFFFFFFFFFFFFF8000000008FFFFFFFFFE
:10A5E000FFFFFFFFFFFFFFFFFFFFFFFFFFFFFFFF7B
:10A5F000100000000EFFFFFFFFFFFFFFFFFFFFFF48
:10A60000FFFFFFFFFFFFFFFFFA000000000FFFFF4B
:10A61000FFFFFFFFFFFFFFFFFFFFFFFFFFFFFFFF4A
:10A62000FFF2000000000EFFFFFFFFFFFFFFFFFF34
:10A63000FFFFFFFFFFFFFFFFFFFFB000000000086C
:10A64000FFFFFFFFFFFFFFFFFFFFFFFFFFFFFFFF1A
:10A65000FFFFFF400000000000DFFFFFFFFFFFFFE4
:10A66000FFFFFFFFFFFFFFFFFFFFFFFC00000000F9
:10A67000000019EFFFFFFFFFFFFFFFFFFFFFFFFFDE
:10A68000FFFFFFFFF50000000000000000000000D9
:10A690000000000000FFFFFFFFFFFFFFFFD00000F2
:10A6A0000000000000000000000000000000FFFFAC
:10A6B000FFFFFFFFFFFF6000000000000000000040
:10A6C00000000000000000FFFFFFFFFFFFFFFE0093
:10A6D000000000000000000000000000000000007A
:10A6E000FFFFFFFFFFFFFFF8000000000000000079
:10A6F000000000000000000000FFFFFFFFFFFFFF61
:10A70000F100000000000000000000000000000058
:10A710000000FFFFFFFFFFFFFF90000000000000B0
:10A720000000000000000000000000FFFFFFFFFF2E
:10A73000FFFF2000000000000000000000000000FB
:10A7400000000000FFFFFFFFFFFFFA000000000015
:10A7500000000000000000000000000000FFFFFFFC
:10A76000FFFFFFF3000000000000000000000000F9
:10A77000000000000000FFFFFFFFFFFFB00000002F
:10A78000000000000000000000000000000000FFCA
:10A79000FFFFFFFFFF40000000000000000000007E
:10A7A0000000000000000000FFFFFFFFFFFD0000B1
:10A7B0000000000000000000000000000000000099
:10A7C00000FFFFFFFFFFF500000000000000000099
:10A7D00000000000000000000000FFFFFFFFFFE09E
:10A7E0000000000000000000000000000000000069
:10A7F000000000FFFFFFFFFF7000000000000000EE
:10A80000000000000000000000000000FFFFFFFF4C
:10A81000FF00000000000000000000000000000039
:10A820000000000000FFFFFFFFF800000000000034
:10A830000000000000000000000000000000EFFF2A
:10A84000FFFFF10000000000000000000000000019
:10A85000000000000000008FFFFFFF8000000000EC
:10A8600000000000000000000000000000000000E8
:10A870000BFFFFFC000000000000000000000000D3
:10A88000000000000000000000007DFC70000000DF
:10A8900000000000000000000000000000000000B8
:10A8A00000000000000000000000000000000000A8
:10A8B0003DFFFFFFFFFFFFFFFFFFF000FB10000069
:10A8C0000000DFFFFFFFFFFFFFFFFFFFF000FFE2E1
:10A8D00000000000FFFFFFFFFFFFFFFFFFFFF00092
:10A8E000FFFE20000000FFFFFFFFFFFFFFFFFFFF55
:10A8F000F000FFFFE2000000FFFFFFFFFFFFFFFF90
:10A90000FFFFF000FFFFFE200000FFFFFFFFFFFF43
:10A91000FFFFFFFFF000FFFFFFE20000FFFFFFFF70
:10A92000FFFFFFFFFFFFF000FFFFFFFE2000FFFF24
:10A93000FFFFFFFFFFFFFFFFF000FFFFFFFFE20051
:10A94000FFFFFFFFFFFFFFFFFFFFF000FFFFFFFF25
:10A95000FE20FFFFFFFFFFFFFFFFFFFFF000FFFFF5
:10A96000FFFFFFE1FFFFFFFFFFFFFFFFFFFFF00023
:10A97000FFFFFFFFFFFBFFFFFFFFFFFFFFFFFFFFEB
:10A98000F000FFFFFFFFFFFFFFFFFFFFFFFFFFFFE5
:10A99000FFFFF000000000000000FFFFFFFFFFFFCF
:10A9A000FFFFFFFFF200000000000000FFFFFFFFBD
:10A9B000FFFFFFFFFFFFFC20000000000000FFFF83
:10A9C000FFFFFFFFFFFFFFFFFFFFFFFFFFFFFFFF97
:10A9D000FFFFFFFFFFFFFFFFFFFFFFFFFFFFFFFF87
:10A9E000FFFFFFFFFFFFFFFFFFFFFFFFFFFFFFFF77
:10A9F000FFFFFFFFFFFFFFFFFFFFFFFFFFFFFFFF67
:10AA0000FFFFFFFFFFFFFFFFFFFFFFFFFFFFFFFF56
:10AA1000FFFFFFFFFFFFFFFFFFFFFFFFFFFFFFFF46
:10AA2000FFFFFFFFFFFFFFFFFFFFFFFFFFFFFFFF36
:10AA3000FFFFFFFFFFFFFFFFFFFFFFFFFFFFFFFF26
:10AA4000FFFFFFFFFFFFFFFFFFFFFFFFFFFFFFFF16
:10AA5000FFFFFFFFFFFFFFFFFFFFFFFFFFFFFFFF06
:10AA6000FFFFFFFFFFFFFFFFFFFFFFFFFFFFFFFFF6
:10AA7000FFFFFFFFFFFFFFFFFFFFFFFFFFFFFFFFE6
:10AA8000FFFFFFFFFFFFFFFFFFFFFFFFFFFFFFFFD6
:10AA9000FFFFFFFFFFFFFFFFFFFFFFFFFFFFFFFFC6
:10AAA000FFFFFFFFFFFFFFFFFFFFFFFFFFFFFFFFB6
:10AAB000FFFFFFFFFFFFFFFFFFFFFFFFFFFFFFFFA6
:10AAC000FFFFFFFFFFFFFFFFFFFFFFFFFFFFFFFF96
:10AAD000FFFFFFFFFFFFFFFFFFFFFFFFFFFFFFFF86
:10AAE000FFFFFFFFFFFFFFFFFFFFFFFFFFFFFFFF76
:10AAF000FFFFFFFFFFFFFFFFFFFFFFFFFFFFFFFF66
:10AB0000FFFFFFFFFFFFFFFFFFFFFFFFFFFFFFFF55
:10AB1000FFFFFFFFFFFFFFFFFFFFFFFFFFFFFFFF45
:10AB2000FFFFFFFFFFFFFFFFFFFFFFFFFFFFFFFF35
:10AB3000FFFFFFFFFFFFFFFFFFFFFFFFFFFFFFFF25
:10AB4000FFFFFFFFFFFFFFFFFFFFFFFFFFFFFFFF15
:10AB5000FFFFFFFFFFFFFFFFFFFFFFFFFFFFFFFF05
:10AB6000FFFFFFFFFFFFFFFFFFFFFFFFFFFFFFFFF5
:10AB7000FFFFFFFFFFFFFFFFFFFFFFFFFFFFFFFFE5
:10AB8000FFFFFFFFFFFFFFFFFFFFFFFFFFFFFFFFD5
:10AB9000FFFFFFFFFFFFFFFFFFFFFFFFFFFFFFFFC5
:10ABA000FFFFFFFFFFFFFFFFFFFFFFFFFFFFFFFFB5
:10ABB000FFFFFFFFFFFFFFFFFFFFFFFFFFFFFFFFA5
:10ABC000FFFFFFFFFFFFFFFFFFFFFFFFFFFFFFFF95
:10ABD000FFFFFFFFFFFFFFFFFFFFFFFFFFFFFFFF85
:10ABE000FFFFFFFFFFFFFFFFFFFFFFFFDFFFFFFF95
:10ABF000FFFFFFFFFFFFFFFFFFFFFFFFFFFD3DFF29
:10AC0000FFFFFFFFFFFFFFFFFFFFFFFFFFFFFFD380
:10AC10000000000000000000000000000000000034
:10AC20000000000000000000000000000000000024
:10AC30000000000000000000000000000000000014
:10AC40000000000000000000000000000000000004
:10AC50000000000000000368BDEFFFFFFEDB863050
:10AC600000000000000000000000000000000000E4
:10AC70000000038CFFFFFFFFFFFFFFFFFFFFC83057
:10AC8000000000000000000000000000000000398B
:10AC9000EFFFFFFFFFFFFFFFFFFFFFFFFFFE930040
:10ACA0000000000000000000000000006DFFFFFF3A
:10ACB000FFFFFFFFFFFFFFFFFFFFFFFFFFD60000CB
:10ACC0000000000000000000007EFFFFFFFFFFFF0C
:10ACD000FFFFFFFFFFFFFFFFFFFFFFFFE700000099
:10ACE0000000000000006EFFFFFFFFFFFFFFFFFFFF
:10ACF000FFFFFFFFFFFFFFFFFFFFFFE60000000079
:10AD00000000003CFFFFFFFFFFFFFFFFFFFFFFFF13
:10AD1000FFFFFFFFFFFFFFFFFFFFC300000000007A
:10AD200007FFFFFFFFFFFFFFFFFFECA998899ACE07
:10AD3000FFFFFFFFFFFFFFFFFF7000000001CFFFDD
:10AD4000FFFFFFFFFFFFB740000000000000047B93
:10AD5000FFFFFFFFFFFFFFFC1000004EFFFFFFFFA4
:10AD6000FFFFFA500000000000000000000005AFE7
:10AD7000FFFFFFFFFFFFE40005FFFFFFFFFFFFE70F
:10AD800010000000000000000000000000017EFF35
:10AD9000FFFFFFFFFF507FFFFFFFFFFFE600000008
:10ADA000000000000000000000000000006EFFFF37
:10ADB000FFFFFFF7FFFFFFFFFFF81000000000009C
:10ADC0000000000000000000000000018FFFFFFFF6
:10ADD000FFFFAFFFFFFFFD3000000000000000009C
:10ADE0000000000000000000000003DFFFFFFFFA8A
:10ADF0000BFFFFFF900000000000000000000000BB
:10AE000000000000000000000009FFFFFFB000BFCD
:10AE1000FFF600000000000000147ACEEFFEECA761
:10AE200041000000000000006FFFFB00000BFE303F
:10AE30000000000000017CFFFFFFFFFFFFFFFFC7D6
:10AE400010000000000003EFB0000000410000000F
:10AE5000000003AFFFFFFFFFFFFFFFFFFFFFFA3020
:10AE600000000000001400000000000000000002CC
:10AE7000BFFFFFFFFFFFFFFFFFFFFFFFFFFA200005
:10AE8000000000000000000000000000008FFFFF35
:10AE9000FFFFFFFFFFFFFFFFFFFFFFFFF8000000C6
:10AEA000000000000000000000002DFFFFFFFFFF7A
:10AEB000FFFFFFFFFFFFFFFFFFFFFFD200000000CB
:10AEC0000000000000000004FFFFFFFFFFFFFFFF86
:10AED000FFFFFFFFFFFFFFFFFFFF4000000000003C
:10AEE00000000000004FFFFFFFFFFFFFFFCA98892F
:10AEF000ACFFFFFFFFFFFFFFF400000000000000B9
:10AF00000000006FFFFFFFFFFFD7300000000003CD
:10AF10007DFFFFFFFFFFF6000000000000000000C3
:10AF2000000DFFFFFFFFB300000000000000003B2A
:10AF3000FFFFFFFFD0000000000000000000000144
:10AF4000DFFFFFD3000000000000000000003DFF15
:10AF5000FFFD1000000000000000000000001DFFC9
:10AF6000F80000000000000000000000009FFFD17A
:10AF700000000000000000000000000001CE5000B2
:10AF8000000000000000000000000005EC100000C0
:10AF900000000000000000000000000000000000B1
:10AFA00000000000000000000000000000000000A1
:10AFB0000000000000000000000000000000000091
:10AFC0000000000000000000000000000000000081
:10AFD0000000000000000000000000000007CFFC9F
:10AFE00070000000000000000000000000000000F1
:10AFF0000000000000000000000002DFFFFFFD2055
:10B000000000000000000000000000000000000040
:10B0100000000000000000000DFFFFFFFFD0000057
:10B020000000000000000000000000000000000020
:10B030000000000000007FFFFFFFFFF7000000009E
:10B040000000000000000000000000000000000000
:10B0500000000000CFFFFFFFFFFC00000000000029
:10B0600000000000000000000000000000000000E0
:10B070000000FFFFFFFFFFFF0000000000000000D6
:10B0800000000000000000000000000000000000C0
:10B09000FFFFFFFFFFFF00000000000000000000B6
:10B0A0000000000000000000000000000000CFFFD2
:10B0B000FFFFFFFC00000000000000000000000097
:10B0C0000000000000000000000000007FFFFFFF04
:10B0D000FFF700000000000000000000000000007A
:10B0E000000000000000000000000DFFFFFFFFD087
:10B0F0000000000000000000000000000000000050
:10B10000000000000000000002DFFFFFFD20000043
:10B11000000000000000000000000000000000002F
:10B120000000000000000007CFFC700000000000DD
:10B130000000000000000000008DFFFFFFFFFFFF88
:10B14000FFFFFFFFFFFFFFFFFFFFFFFFFFFFFFFF0F
:10B15000FFFFFD8000000CFFFFFFFFFFFFFFFFFF71
:10B16000FFFFFFFFFFFFFFFFFFFFFFFFFFFFFFFFEF
:10B17000FFFC00008FFFFFFFFFFFFFFFFFFFFFFF50
:10B18000FFFFFFFFFFFFFFFFFFFFFFFFFFFFFFFFCF
:10B190008000DFFFFFFFFFFFFFFFFFFFFFFFFFFF5D
:10B1A000FFFFFFFFFFFFFFFFFFFFFFFFFFFFD000DD
:10B1B000FFFFFFFFFFFFFFFFFFFFFFFFFFFFFFFF9F
:10B1C000FFFFFFFFFFFFFFFFFFFFFFFFF000FFFF9D
:10B1D000FFFFFFFFFFFFFFFFFFFFFFFFFFFFFFFF7F
:10B1E000FFFFFFFFFFFFFFFFFFFFF000FFFFFF007C
:10B1F000000000000000000000000000000000004F
:10B2000000000000000FFFFFFFD3FFFFFF00000062
:10B21000000000000000000000000000000000002E
:10B220000000000FFFFFFFFDFFFFFF000000000018
:10B23000000000000000000000000000000000000E
:10B24000000FFFFFFFFFFFFFFF000FFFFFFFFFFFEC
:10B25000FFFFFFFFFFFFFFFFFFFFFFFFFFFF000FED
:10B26000FFFFFFFFFFFFFF000FFFFFFFFFFFFFFFDD
:10B27000FFFFFFFFFFFFFFFFFFFFFFFF000FFFFFCD
:10B28000FFFFFFFFFF000FFFFFFFFFFFFFFFFFFFBD
:10B29000FFFFFFFFFFFFFFFFFFFF000FFFFFFFFFAD
:10B2A000FFFFFF000FFFFFFFFFFFFFFFFFFFFFFF9D
:10B2B000FFFFFFFFFFFFFFFF000000FFFFFFFFFF9B
:10B2C000FF000FFFFFFFFFFFFFFFFFFFFFFFFFFF7D
:10B2D000FFFFFFFFFFFF000000FFFFFFFFFFFF007A
:10B2E0000FFFFFFFFFFFFFFFFFFFFFFFFFFFFFFF5E
:10B2F000FFFFFFFF000000FFFFFFFFFFFF000FFF4A
:10B30000FFFFFFFFFFFFFFFFFFFFFFFFFFFFFFFF4D
:10B31000FFFF000000FFFFFFFFFFFF000FFFFFFF29
:10B32000FFFFFFFFFFFFFFFFFFFFFFFFFFFFFFFF2D
:10B33000000000FFFFFFFFFFFF000FFFFFFFFFFF09
:10B34000FFFFFFFFFFFFFFFFFFFFFFFFFFFF00000B
:10B3500000FFFFFFFFFFFF000FFFFFFFFFFFFFFFEB
:10B36000FFFFFFFFFFFFFFFFFFFFFFFF000FFFFFDC
:10B37000FFFFFFFFFF000FFFFFFFFFFFFFFFFFFFCC
:10B38000FFFFFFFFFFFFFFFFFFFF000FFFFFFFFFBC
:10B39000FFFFFF000FFFFFFFFFFFFFFFFFFFFFFFAC
:10B3A000FFFFFFFFFFFFFFFF000FFFFFFFFFFFFF9C
:10B3B000FF0000000000000000000000000000008E
:10B3C000000000000000000FFFFFFFFFFFFFFF0075
:10B3D000000000000000000000000000000000006D
:10B3E00000000000000FFFFFFFFDFFFFFF00000057
:10B3F000000000000000000000000000000000004D
:10B400000000000FFFFFFFD3FFFFFFFFFFFFFFFF65
:10B41000FFFFFFFFFFFFFFFFFFFFFFFFFFFFFFFF3C
:10B42000FFFFFFFFF000FFFFFFFFFFFFFFFFFFFF3A
:10B43000FFFFFFFFFFFFFFFFFFFFFFFFFFFFFFFF1C
:10B44000FFFFF000DFFFFFFFFFFFFFFFFFFFFFFF3A
:10B45000FFFFFFFFFFFFFFFFFFFFFFFFFFFFFFFFFC
:10B46000D0008FFFFFFFFFFFFFFFFFFFFFFFFFFF8A
:10B47000FFFFFFFFFFFFFFFFFFFFFFFFFFFF80005A
:10B480000CFFFFFFFFFFFFFFFFFFFFFFFFFFFFFFBF
:10B49000FFFFFFFFFFFFFFFFFFFFFFFC0000008D2E
:10B4A000FFFFFFFFFFFFFFFFFFFFFFFFFFFFFFFFAC
:10B4B000FFFFFFFFFFFFFFFFFD800000008DFFFF8C
:10B4C000FFFFFFFFFFFFFFFFFFFFFFFFFFFFFFFF8C
:10B4D000FFFFFFFFFFFFFD8000000CFFFFFFFFFFEE
:10B4E000FFFFFFFFFFFFFFFFFFFFFFFFFFFFFFFF6C
:10B4F000FFFFFFFFFFFC00008FFFFFFFFFFFFFFFCD
:10B50000FFFFFFFFFFFFFFFFFFFFFFFFFFFFFFFF4B
:10B51000FFFFFFFF8000DFFFFFFFFFFFFFFFFFFFD9
:10B52000FFFFFFFFFFFFFFFFFFFFFFFFFFFFFFFF2B
:10B53000FFFFD000FFFFFFFFFFFFFFFFFFFFFFFF49
:10B54000FFFFFFFFFFFFFFFFFFFFFFFFFFFFFFFF0B
:10B55000F000FFFFFFFFFFFFFFFFFFFFFFFFFFFF09
:10B56000FFFFFFFFFFFFFFFFFFFFFFFFFFFFF000F9
:10B57000FFFFFF00000000000000000000000000CE
:10B580000000000000000000000FFFFFFFD3FFFFDE
:10B59000FF000000000000000000000000000000AC
:10B5A000000000000000000FFFFFFFFDFFFFFF0095
:10B5B000000000000000000000000000000000008B
:10B5C00000000000000FFFFFFFFFFFFFFF000FFF65
:10B5D000FFFFFFFFFFFFFFFFFFFFFFFFFFF0000088
:10B5E0000000000FFFFFFFFFFFFFFF000FFFFFFF47
:10B5F000FFFFFFFFFFFFFFFFFFFFFFF00000000066
:10B60000000FFFFFFFFFFFFFFF000FFFFFFFFFFF28
:10B61000FFFFFFFFFFFFFFFFFFF000000000000F34
:10B62000FFFFFFFFFFFFFF000FFFFFFFFFFFFFFF19
:10B63000FFFFFFFFFFFFFFF000000000000000FF22
:10B64000FFFFFFFFFF000FFFFFFFFFFFFFFFFFFFF9
:10B65000FFFFFFFFFFF000000000000000FFFFFF02
:10B66000FFFFFF000FFFFFFFFFFFFFFFFFFFFFFFD9
:10B67000FFFFFFF000000000000000FFFFFFFFFFE2
:10B68000FF000FFFFFFFFFFFFFFFFFFFFFFFFFFFB9
:10B69000FFF000000000000000FFFFFFFFFFFF00C1
:10B6A0000FFFFFFFFFFFFFFFFFFFFFFFFFFFFFF0A9
:10B6B00000000000000000FFFFFFFFFFFF000FFF82
:10B6C000FFFFFFFFFFFFFFFFFFFFFFFFFFF0000097
:10B6D0000000000000FFFFFFFFFFFF000FFFFFFF64
:10B6E000FFFFFFFFFFFFFFFFFFFFFFF00000000075
:10B6F000000FFFFFFFFFFFFFFF000FFFFFFFFFFF38
:10B70000FFFFFFFFFFFFFFFFFFF000000000000F43
:10B71000FFFFFFFFFFFFFF000FFFFFFFFFFFFFFF28
:10B72000FFFFFFFFFFFFFFF000000000000FFFFF23
:10B73000FFFFFFFFFF00000000000000000000000E
:10B7400000000000000000000000000FFFFFFFFFEE
:10B75000FFFFFF00000000000000000000000000EC
:10B760000000000000000000000FFFFFFFFDFFFFD2
:10B77000FF000000000000000000000000000000CA
:10B78000000000000000000FFFFFFFD3FFFFFFFFDE
:10B79000FFFFFFFFFFFFFFFFFFFFFFFFFFFFFFFFB9
:10B7A000FFFFFFFFFFFFFFFFF000FFFFFFFFFFFFB7
:10B7B000FFFFFFFFFFFFFFFFFFFFFFFFFFFFFFFF99
:10B7C000FFFFFFFFFFFFF000DFFFFFFFFFFFFFFFB7
:10B7D000FFFFFFFFFFFFFFFFFFFFFFFFFFFFFFFF79
:10B7E000FFFFFFFFD0008FFFFFFFFFFFFFFFFFFF07
:10B7F000FFFFFFFFFFFFFFFFFFFFFFFFFFFFFFFF59
:10B80000FFFF80000CFFFFFFFFFFFFFFFFFFFFFFB9
:10B81000FFFFFFFFFFFFFFFFFFFFFFFFFFFFFFFC3B
:10B820000000008DFFFFFFFFFFFFFFFFFFFFFFFF97
:10B83000FFFFFFFFFFFFFFFFFFFFFFFFFD80000097
:10B84000008DFFFFFFFFFFFFFFFFFFFFFFFFFFFF79
:10B85000FFFFFFFFFFFFFFFFFFFFFD8000000CFF6A
:10B86000FFFFFFFFFFFFFFFFFFFFFFFFFFFFFFFFE8
:10B87000FFFFFFFFFFFFFFFFFFFC00008FFFFFFF49
:10B88000FFFFFFFFFFFFFFFFFFFFFFFFFFFFFFFFC8
:10B89000FFFFFFFFFFFFFFFF8000DFFFFFFFFFFF56
:10B8A000FFFFFFFFFFFFFFFFFFFFFFFFFFFFFFFFA8
:10B8B000FFFFFFFFFFFFD000FFFFFFFFFFFFFFFFC6
:10B8C000FFFFFFFFFFFFFFFFFFFFFFFFFFFFFFFF88
:10B8D000FFFFFFFFF000FFFFFFFFFFFFFFFFFFFF86
:10B8E000FFFFFFFFFFFFFFFFFFFFFFFFFFFFFFFF68
:10B8F000FFFFF000FFFFFF0000000000000000005D
:10B90000000000000000000000000000000FFFFF2A
:10B91000FFD3FFFFFF000000000000000000000058
:10B9200000000000000000000000000FFFFFFFFD0E
:10B93000FFFFFF000000000000000000000000000A
:10B940000000000000000000000FFFFFFFFFFFFFEE
:10B95000FF000FFFFFFFFFFFFFFFFFFFFF000000E3
:10B96000000000000000000FFFFFFFFFFFFFFF00CF
:10B970000FFFFFFFFFFFFFFFFFFFFF0000000000C2
:10B9800000000000000FFFFFFFFFFFFFFF000FFFA1
:10B99000FFFFFFFFFFFFFFFFFF00000000000000B0
:10B9A0000000000FFFFFFFFFFFFFFF000FFFFFFF83
:10B9B000FFFFFFFFFFFFFF0000000000000000008E
:10B9C000000000FFFFFFFFFFFF000FFFFFFFFFFF73
:10B9D000FFFFFFFFFF00000000000000000000006C
:10B9E00000FFFFFFFFFFFF000FFFFFFFFFFFFFFF55
:10B9F000FFFFFF000000000000000000000000FF4B
:10BA0000FFFFFFFFFF000FFFFFFFFFFFFFFFFFFF35
:10BA1000FF000000000000000000000000FFFFFF2A
:10BA2000FFFFFF000FFFFFFFFFFFFFFFFFFFFF0014
:10BA30000000000000000000000000FFFFFFFFFF0B
:10BA4000FF000FFFFFFFFFFFFFFFFFFFFF000000F2
:10BA5000000000000000000000FFFFFFFFFFFF00EC
:10BA60000FFFFFFFFFFFFFFFFFFFFF0000000000D1
:10BA700000000000000FFFFFFFFFFFFFFF000FFFB0
:10BA8000FFFFFFFFFFFFFFFFFF00000000000000BF
:10BA90000000000FFFFFFFFFFFFFFF000FFFFFFF92
:10BAA000FFFFFFFFFFFFFF0000000000000000009D
:10BAB000000FFFFFFFFFFFFFFF000000000000007E
:10BAC0000000000000000000000000000000000F67
:10BAD000FFFFFFFFFFFFFF0000000000000000006D
:10BAE000000000000000000000000000000FFFFF49
:10BAF000FFFDFFFFFF00000000000000000000004D
:10BB000000000000000000000000000FFFFFFFD356
:10BB1000FFFFFFFFFFFFFFFFFFFFFFFFFFFFFFFF35
:10BB2000FFFFFFFFFFFFFFFFFFFFFFFFF000FFFF33
:10BB3000FFFFFFFFFFFFFFFFFFFFFFFFFFFFFFFF15
:10BB4000FFFFFFFFFFFFFFFFFFFFF000DFFFFFFF33
:10BB5000FFFFFFFFFFFFFFFFFFFFFFFFFFFFFFFFF5
:10BB6000FFFFFFFFFFFFFFFFD0008FFFFFFFFFFF83
:10BB7000FFFFFFFFFFFFFFFFFFFFFFFFFFFFFFFFD5
:10BB8000FFFFFFFFFFFF80000CFFFFFFFFFFFFFF36
:10BB9000FFFFFFFFFFFFFFFFFFFFFFFFFFFFFFFFB5
:10BBA000FFFFFFFC0000008DFFFFFFFFFFFFFFFF17
:10BBB000FFFFFFFFFFFFFFFFFFFFFFFFFFFFFFFF95
:10BBC000FD800000008DFFFFFFFFFFFFFFFFFFFF75
:10BBD000FFFFFFFFFFFFFFFFFFFFFFFFFFFFFD80F6
:10BBE00000000CFFFFFFFFFFFFFFFFFFFFFFFFFF56
:10BBF000FFFFFFFFFFFFFFFFFFFFFFFFFFFC000056
:10BC00008FFFFFFFFFFFFFFFFFFFFFFFFFFFFFFFB4
:10BC1000FFFFFFFFFFFFFFFFFFFFFFFF8000DFFFD2
:10BC2000FFFFFFFFFFFFFFFFFFFFFFFFFFFFFFFF24
:10BC3000FFFFFFFFFFFFFFFFFFFFD000FFFFFFFF42
:10BC4000FFFFFFFFFFFFFFFFFFFFFFFFFFFFFFFF04
:10BC5000FFFFFFFFFFFFFFFFF000FFFFFFFFFFFF02
:10BC6000FFFFFFFFFFFFFFFFFFFFFFFFFFFFFFFFE4
:10BC7000FFFFFFFFFFFFF000FFFFFF0000000000DD
:10BC800000000000000000000000000000000000B4
:10BC9000000FFFFFFFD3FFFFFF00000000000000C8
:10BCA0000000000000000000000000000000000F85
:10BCB000FFFFFFFDFFFFFF0000000000000000008D
:10BCC000000000000000000000000000000FFFFF67
:10BCD000FFFFFFFFFF000FFFFFFFFFFFF00000006F
:10BCE00000000000000000000000000FFFFFFFFF49
:10BCF000FFFFFF000FFFFFFFFFFFF000000000004D
:10BD00000000000000000000000FFFFFFFFFFFFF2A
:10BD1000FF000FFFFFFFFFFFF0000000000000002A
:10BD2000000000000000000FFFFFFFFFFFFFFF000B
:10BD30000FFFFFFFFFFFF000000000000000000009
:10BD400000000000000000FFFFFFFFFFFF000FFFEB
:10BD5000FFFFFFFFF00000000000000000000000F7
:10BD60000000000000FFFFFFFFFFFF000FFFFFFFCD
:10BD7000FFFFF000000000000000000000000000D5
:10BD8000000000FFFFFFFFFFFF000FFFFFFFFFFFAF
:10BD9000F0000000000000000000000000000000B3
:10BDA00000FFFFFFFFFFFF000FFFFFFFFFFFF0009F
:10BDB000000000000000000000000000000000FF84
:10BDC000FFFFFFFFFF000FFFFFFFFFFFF00000007E
:10BDD00000000000000000000000000000FFFFFF66
:10BDE000FFFFFF000FFFFFFFFFFFF000000000005C
:10BDF0000000000000000000000FFFFFFFFFFFFF3A
:10BE0000FF000FFFFFFFFFFFF00000000000000039
:10BE1000000000000000000FFFFFFFFFFFFFFF001A
:10BE20000FFFFFFFFFFFF000000000000000000018
:10BE300000000000000FFFFFFFFFFFFFFF000000FA
:10BE400000000000000000000000000000000000F2
:10BE50000000000FFFFFFFFFFFFFFF0000000000DA
:10BE600000000000000000000000000000000000D2
:10BE7000000FFFFFFFFDFFFFFF00000000000000BC
:10BE80000000000000000000000000000000000FA3
:10BE9000FFFFFFD3FFFFFFFFFFFFFFFFFFFFFFFFDE
:10BEA000FFFFFFFFFFFFFFFFFFFFFFFFFFFFFFFFA2
:10BEB000F000FFFFFFFFFFFFFFFFFFFFFFFFFFFFA0
:10BEC000FFFFFFFFFFFFFFFFFFFFFFFFFFFFF00090
:10BED000DFFFFFFFFFFFFFFFFFFFFFFFFFFFFFFF92
:10BEE000FFFFFFFFFFFFFFFFFFFFFFFFD0008FFF00
:10BEF000FFFFFFFFFFFFFFFFFFFFFFFFFFFFFFFF52
:10BF0000FFFFFFFFFFFFFFFFFFFF80000CFFFFFFB2
:10BF1000FFFFFFFFFFFFFFFFFFFFFFFFFFFFFFFF31
:10BF2000FFFFFFFFFFFFFFFC0000008DFFFFFFFF93
:10BF3000FFFFFFFFFFFFFFFFFFFFFFFFFFFFFFFF11
:10BF4000FFFFFFFFFD800000008DFFFFFFFFFFFFF1
:10BF5000FFFFFFFFFFFFFFFFFFFFFFFFFFFFFFFFF1
:10BF6000FFFFFD8000000CFFFFFFFFFFFFFFFFFF53
:10BF7000FFFFFFFFFFFFFFFFFFFFFFFFFFFFFFFFD1
:10BF8000FFFC00008FFFFFFFFFFFFFFFFFFFFFFF32
:10BF9000FFFFFFFFFFFFFFFFFFFFFFFFFFFFFFFFB1
:10BFA0008000DFFFFFFFFFFFFFFFFFFFFFFFFFFF3F
:10BFB000FFFFFFFFFFFFFFFFFFFFFFFFFFFFD000BF
:10BFC000FFFFFFFFFFFFFFFFFFFFFFFFFFFFFFFF81
:10BFD000FFFFFFFFFFFFFFFFFFFFFFFFF000FFFF7F
:10BFE000FFFFFFFFFFFFFFFFFFFFFFFFFFFFFFFF61
:10BFF000FFFFFFFFFFFFFFFFFFFFF000FFFFFF005E
:10C000000000000000000000000000000000000030
:10C0100000000000000FFFFFFFD3FFFFFF00000044
:10C020000000000000000000000000000000000010
:10C030000000000FFFFFFFFDFFFFFF0000000000FA
:10C0400000000000000000000000000000000000F0
:10C05000000FFFFFFFFFFFFFFF00000000000000D8
:10C060000000000000000000000000000000000FC1
:10C07000FFFFFFFFFFFFFF000000000000000000C7
:10C08000000000000000000000000000000FFFFFA3
:10C09000FFFFFFFFFF0000000000000000000000A5
:10C0A00000000000000000000000000FFFFFFFFF85
:10C0B000FFFFFF0000000000000000000000000083
:10C0C0000000000000000000000000FFFFFFFFFF75
:10C0D000FF00000000000000000000000000000061
:10C0E000000000000000000000FFFFFFFFFFFF0056
:10C0F0000000000000000000000000000000000040
:10C1000000000000000000FFFFFFFFFFFF00000035
:10C11000000000000000000000000000000000001F
:10C120000000000000FFFFFFFFFFFF000000000015
:10C1300000000000000000000000000000000000FF
:10C14000000000FFFFFFFFFFFF00000000000000F5
:10C1500000000000000000000000000000000000DF
:10C1600000FFFFFFFFFFFF000000000000000000D5
:10C17000000000000000000000000000000FFFFFB2
:10C18000FFFFFFFFFF0000000000000000000000B4
:10C1900000000000000000000000000FFFFFFFFF94
:10C1A000FFFFFF0000000000000000000000000092
:10C1B0000000000000000000000FFFFFFFFFFFFF76
:10C1C000FF00000000000000000000000000000070
:10C1D000000000000000000FFFFFFFFFFFFFFF0057
:10C1E000000000000000000000000000000000004F
:10C1F00000000000000FFFFFFFFDFFFFFF00000039
:10C20000000000000000000000000000000000002E
:10C210000000000FFFFFFFD3FFFFFFFFFFFFFFFF47
:10C22000FFFFFFFFFFFFFFFFFFFFFFFFFFFFFFFF1E
:10C23000FFFFFFFFF000FFFFFFFFFFFFFFFFFFFF1C
:10C24000FFFFFFFFFFFFFFFFFFFFFFFFFFFFFFFFFE
:10C25000FFFFF000DFFFFFFFFFFFFFFFFFFFFFFF1C
:10C26000FFFFFFFFFFFFFFFFFFFFFFFFFFFFFFFFDE
:10C27000D0008FFFFFFFFFFFFFFFFFFFFFFFFFFF6C
:10C28000FFFFFFFFFFFFFFFFFFFFFFFFFFFF80003C
:10C290000CFFFFFFFFFFFFFFFFFFFFFFFFFFFFFFA1
:10C2A000FFFFFFFFFFFFFFFFFFFFFFFC0000008D10
:10C2B000FFFFFFFFFFFFFFFFFFFFFFFFFFFFFFFF8E
:10C2C000FFFFFFFFFFFFFFFFFD80000000000000F9
:10C2D000000000000000000000000000001100004D
:10C2E000000000000000000000000000000000004E
:10C2F0000000000000000000000006DFFE700000EB
:10C30000000000000000000000000000000000002D
:10C31000000000000000000008FFFFFFB000000068
:10C32000000000000000000000000000000000000D
:10C3300000000000000003FFFFFFFF70000000008E
:10C3400000000000000000000000000000000000ED
:10C35000000005BDDCEFFFFFFFFE00000000000055
:10C3600000000000000000000000000000000000CD
:10C370001CFFFFFFFFFFFFFFF100000000000000B7
:10C3800000000000000000000000000000000DFFA1
:10C39000FFFFFFFFFFFFFF000000000000000000A4
:10C3A00000000000000000000000000009FFFE99EE
:10C3B0009CFFFFFFFFC00000000000000000000025
:10C3C0000000000000000000000003FFFC00002F40
:10C3D000FFFFFFF40000000000000000000000006C
:10C3E000000000000000000000BFFF1000004FFF31
:10C3F000FFF7000000000000000000000000000047
:10C40000000000000000003FFF8000000018CCA3E7
:10C41000000000000000000000000000000000001C
:10C4200000000000000AFFE0000000000000000023
:10C430000000000000000000000000001566200061
:10C4400000000002FFF800000000000000000000F3
:10C45000000000000000000000019FFFFFD300006B
:10C4600000009FFF1000000000000000000000001E
:10C470000006600000000001DFFFFFFFF500000084
:10C480001FFF9000000000000000000000000000FE
:10C49000EFD300000000CFFFFFFFFFF3000009FF14
:10C4A000F2000000000000000000000000000FFF8C
:10C4B000F91000006FFFFFFFFFFFB00005FFF9005C
:10C4C00000000000000000000000000000FFFFFE70
:10C4D00060000CFFFFFFFFFFFF7679FFFF97777784
:10C4E00077777777777777777777777FFFFFFFC3F0
:10C4F00000FFFFFFFFFFFFFFFFFFFFFFFFFFFFFF4B
:10C50000FFFFFFFFFFFFFFFFFFFFFFFFFFFFF90F31
:10C51000FFFFFFFFFFFFFFFFFFFFFFFFFFFFFFFF2B
:10C52000FFFFFFFFFFFFFFFFFFFFFFFFFFF1DFFF49
:10C53000FFFFFFFFFEEEEEEEEEEFFFFFEEEEEEEEA4
:10C54000EEEEEEEEEEEEEEFFFFFFFFA109FFFFFFC6
:10C55000FFFFFE00000000002EFFF20000000000C0
:10C5600000000000000FFFFFFD40001FFFFFFFFF66
:10C57000FF7000000000002FFFA00000000000007E
:10C5800000000000FFFFF70000005FFFFFFFFFB0AB
:10C590000000000000008FFF2000000000000000ED
:10C5A00000000FFFA1000000005FFFFFFFA00000E0
:10C5B0000000000001EFF900000000000000000092
:10C5C00000CD40000000000017BDC9300000000091
:10C5D00000000008FFF10000000000000000000063
:10C5E000000000000000000000000000000000004B
:10C5F00000001FFF8000000000000000000000009D
:10C60000000000000000000000000000000000002A
:10C6100000AFFF100001DEEEEEEED80000000000DB
:10C620000000000000000000000000000000000208
:10C63000FFFA00004FFFFFFFFFC0000000000000F6
:10C6400000000000000000000000000000000AFFE1
:10C65000F60004FFFFFFFFFC0000000000000000E8
:10C66000000000000000000000000000001DFFFAB4
:10C6700088AFFFFFFFFFC0000000000000000000C7
:10C680000000000000000000000000003FFFFFFF6E
:10C69000FFFFFFFFFC0000000000000000000000A2
:10C6A00000000000000000000000003EFFFFFFFF50
:10C6B000FFFFFFC0000000000000000000000000BD
:10C6C0000000000000000000000017BCCDFFFFFFCD
:10C6D000FFFC00000000000000000000000000005F
:10C6E00000000000000000000000004FFFFFFFFFFF
:10C6F000C00000000000000000000000000000007A
:10C7000000000000000000000004FFFFFFFFFC002D
:10C710000000000000000000000000000000000019
:10C7200000000000000000002FFFFFFFFFB000002E
:10C7300000000000000000000000000000000000F9
:10C740000000000000000012222222200000000051
:10C7500000000000000000000048BDEFFFECA73023
:10C7600000000000000000000003AFFFFFFFFFFF1C
:10C77000FFFE810000000000000001AFFFFFFFFF8F
:10C78000FFFFFFFFFE600000000000003EFFFFFF14
:10C79000FFEEFFFFFFFFFFFA000000000005FFFFB4
:10C7A000FFFFFFE2EFFFFFFFFFFFB0000000003FD1
:10C7B000FFFFFFFFFFE03FFFFFFFFFFFF90000006B
:10C7C00001EFFFFFFFFFFFE004FFFFFFFFFFFF5050
:10C7D00000000AFFFFFFFFFFFFE0005FFFFFFFFF1A
:10C7E000FFE000002FFFFFFFFFFFFFE00006FFFF5D
:10C7F000FFFFFFF600009FFFFFFFFFFFFFE00000CD
:10C800007FFFFFFFFFFD0000FFFFFFFFFFFFFFE0D7
:10C81000000008FFFFFFFFFF3005FFFFFFFFFFFFE6
:10C82000FFE00000009FFFFFFFFF800AFFFFFFFF08
:10C83000FFFFFFE00071000AFFFFFFFFC00EFFFFD8
:10C84000FFF8AFFFFFE000AC1000BFFFFFFFF01FDD
:10C85000FFFFFF800AFFFFE000AFD1000CFFFFFFEA
:10C86000F34FFFFFFA0000AFFFE0009FFD1001DF74
:10C87000FFFFF67FFFFFFF50000AFFE0009FFE1062
:10C8800000CFFFFFF89FFFFFFFF500009FE0009F34
:10C89000E2000BFFFFFFFABFFFFFFFFF500009E0C0
:10C8A000009E20009FFFFFFFFBCFFFFFFFFFF50073
:10C8B000007000720008FFFFFFFFFDEFFFFFFFFFAA
:10C8C000FF4000000000006FFFFFFFFFFEEFFFFFD3
:10C8D000FFFFFFF40000000005FFFFFFFFFFFEFF6A
:10C8E000FFFFFFFFFFFF400000003FFFFFFFFFFFD4
:10C8F000FFFFFFFFFFFFFFFFF4000002EFFFFFFF5E
:10C90000FFFFFFFFFFFFFFFFFFFFFD000008FFFF2E
:10C91000FFFFFFFFFFFFFFFFFFFFFFFFD100000052
:10C92000AFFFFFFFFFFFFFFFFFFFFFFFFFFD100057
:10C9300000000BFFFFFFFFFFFFEFFFFFFFFFFFD137
:10C940000000000000CFFFFFFFFFFEDFFFFFFFFF43
:10C95000FD1000000010001DFFFFFFFFFECFFFFFD6
:10C96000FFFFD10001B000850001DFFFFFFFFDAF39
:10C97000FFFFFFFD10001DE0009F50001EFFFFFFA6
:10C98000FB8FFFFFFFD10001DFE0009FF40002EF0B
:10C99000FFFFFA6FFFFFFD10001DFFE0009FFF206B
:10C9A000004FFFFFF83FFFFFFD1002EFFFE0009F89
:10C9B000F80001DFFFFFF50FFFFFFFD12EFFFFF0B3
:10C9C00000AF80001DFFFFFFF30CFFFFFFFDEFFF37
:10C9D000FFF000A80001CFFFFFFFF008FFFFFFFFFF
:10C9E000FFFFFFF00030001CFFFFFFFFB002FFFF62
:10C9F000FFFFFFFFFFF0000001CFFFFFFFFF600020
:10CA0000CFFFFFFFFFFFFFF000001CFFFFFFFFFF56
:10CA100010005FFFFFFFFFFFFFF00000CFFFFFFFF1
:10CA2000FFF900000DFFFFFFFFFFFFF0000CFFFF0D
:10CA3000FFFFFFF2000003FFFFFFFFFFFFF000CF4B
:10CA4000FFFFFFFFFF900000006FFFFFFFFFFFF001
:10CA50000CFFFFFFFFFFFD0000000007FFFFFFFFCF
:10CA6000FFF1CFFFFFFFFFFFF300000000005FFFBB
:10CA7000FFFFFFFCFFFFFFFFFFFF40000000000083
:10CA800002BFFFFFFFFFFFFFFFFFFFC2000000002C
:10CA900000000004BFFFFFFFFFFFFFFFB400000026
:10CAA0000000000000000158BDEFFFEDB95100008B
:10CAB00000000000000000000000AFFFFFFFFFFFCC
:10CAC000FA0000000000000000000000000008FF65
:10CAD000FFFFFFFFFFFF80000000000000000000DC
:10CAE0000000001FFFFFFFFFFFFFFFF1000000003D
:10CAF00000008FFFFFFFFFFFFFFFFFFFFFFFFFFFB4
:10CB0000FFFFFFFFFFFFF8FFFFFFFFFFFFFFFFFF3C
:10CB1000FFFFFFFFFFFFFFFFFFFFFFFFFFFFFFFF25
:10CB2000FFFFFFFFFFFFFFFFFFFFFFFFFFFFFFFF15
:10CB3000FFFFFFFFFFFFFFFFFFFFFFFFFFFFFFFF05
:10CB4000FFFFFFFFFFFFFFFFFFFFFFFFFFFFFFFFF5
:10CB5000FFFFFFFFFFFFFFFFFFFFFF8FFFFFFFFF55
:10CB6000FFFFFFFFFFFFFFFFFFFFFFFFFFFFFFF8DC
:10CB700000000000000000000000000000000000B5
:10CB800000000000000000000000000000000000A5
:10CB90000000000000000000000000000000000095
:10CBA0000000000000000000000000000000000085
:10CBB0000FFFFFFFFFFFFFFFFFFFFFFFFFFFFFFF75
:10CBC000FFFFF000000FFFFFFFFFFFFFFFFFFFFF72
:10CBD000FFFFFFFFFFFFFFF000000FFFFFFFFFFF62
:10CBE000FFFFFFFFFFFFFFFFFFFFFFFFF000000F52
:10CBF000FFFFFFFFFFFFFFFFFFFFFFFFFFFFFFFF45
:10CC0000FFF000000FFFFFFFFFFFFFFFFFFFFFFF31
:10CC1000FFFFFFFFFFFFF000000FFFFFFFFFFFFF21
:10CC2000FFFFFFFFFFFFFFFFFFFFFFF000000FFF11
:10CC3000FFFFD22DFFFFFD22DFFFFFD22DFFFFFF01
:10CC4000F000000FFFFFFF8008FFFFF8008FFFFFDD
:10CC50008008FFFFFFF000000FFFFFFF8008FFFFCD
:10CC6000F8008FFFFF8008FFFFFFF000000FFFFFBD
:10CC7000FF8008FFFFF8008FFFFF8008FFFFFFF035
:10CC800000000FFFFFFF8008FFFFF8008FFFFF800D
:10CC900008FFFFFFF000000FFFFFFF8008FFFFF815
:10CCA000008FFFFF8008FFFFFFF000000FFFFFFF76
:10CCB0008008FFFFF8008FFFFF8008FFFFFFF000F4
:10CCC000000FFFFFFF8008FFFFF8008FFFFF8008C5
:10CCD000FFFFFFF000000FFFFFFF8008FFFFF800DD
:10CCE0008FFFFF8008FFFFFFF000000FFFFFFF80B6
:10CCF00008FFFFF8008FFFFF8008FFFFFFF0000034
:10CD00000FFFFFFF8008FFFFF8008FFFFF8008FF85
:10CD1000FFFFF000000FFFFFFF8008FFFFF8008F0C
:10CD2000FFFF8008FFFFFFF000000FFFFFFF8008FC
:10CD3000FFFFF8008FFFFF8008FFFFFFF000000FEC
:10CD4000FFFFFF8008FFFFF8008FFFFF8008FFFF55
:10CD5000FFF000000FFFFFFF8008FFFFF8008FFFCC
:10CD6000FF8008FFFFFFF000000FFFFFFF8008FFBC
:10CD7000FFF8008FFFFF8008FFFFFFF000000FFFAC
:10CD8000FFFF8008FFFFF8008FFFFF8008FFFFFF15
:10CD9000F000000FFFFFFF8008FFFFF8008FFFFF8C
:10CDA0008008FFFFFFF000000FFFFFFF8008FFFF7C
:10CDB000F8008FFFFF8008FFFFFFF000000FFFFF6C
:10CDC000FF8008FFFFF8008FFFFF8008FFFFFFF0E4
:10CDD00000000FFFFFFF8008FFFFF8008FFFFF80BC
:10CDE00008FFFFFFF000000FFFFFFF8008FFFFF8C4
:10CDF000008FFFFF8008FFFFFFF000000FFFFFFF25
:10CE00008008FFFFF8008FFFFF8008FFFFFFF000A2
:10CE1000000FFFFFFFD22DFFFFFD22DFFFFFD22D0E
:10CE2000FFFFFFF000000FFFFFFFFFFFFFFFFFFF0F
:10CE3000FFFFFFFFFFFFFFFFF000000FFFFFFFFFFF
:10CE4000FFFFFFFFFFFFFFFFFFFFFFFFFFF00000FF
:10CE50000DFFFFFFFFFFFFFFFFFFFFFFFFFFFFFFD4
:10CE6000FFFFD0000008FFFFFFFFFFFFFFFFFFFFF6
:10CE7000FFFFFFFFFFFFFF80000000CFFFFFFFFF6E
:10CE8000FFFFFFFFFFFFFFFFFFFFFFFC00000000B1
:10CE900008DFFFFFFFFFFFFFFFFFFFFFFFFFFFFDBB
:10CEA0008000000000000000000000000000000002
:10CEB00000000000004CFFA2000000000000000085
:10CEC000000000000000000000000000007FFFFFE5
:10CED000F40000000000000000000000000000005E
:10CEE00000000000008FFFFFFFF4000000000000C2
:10CEF000000000000000000000000000008FFFFFA5
:10CF0000FFFFF4000000000000000000000000002F
:10CF100000000000008FFFFFFFFFFFF40000000093
:10CF2000000000000000000000000000008FFFFF74
:10CF3000FFFFFFFFF4000000000000000000000001
:10CF400000000000006FFFFFFFFFFFFFFFF4000085
:10CF50000000000000000000000000000000CFFF03
:10CF6000FFFFFFFFFFFFF2000000000000000000D5
:10CF700000000000001000CFFFFFFFFFFFFFFFA039
:10CF8000000000000000000000000000008E2000F3
:10CF9000CFFFFFFFFFFFFFFF0000000000000000C9
:10CFA00000000000008FFE2000CFFFFFFFFFFFFF0B
:10CFB000F00000000000000000000000008FFFFEF5
:10CFC0002000CFFFFFFFFFFFFC000000000000007B
:10CFD00000000000008FFFFFFE2000CFFFFFFFFFDB
:10CFE000FF4000000000000000000000008FFFFF75
:10CFF000FFFE2000CFFFFFFFFF70000000000000D9
:10D0000000000000008FFFFFFFFFFE2000CFFFFFAA
:10D01000FF8000000000000000000000008FFFFF04
:10D02000FFFFFFFE2000CFFFFF8000000000000098
:10D0300000000000008FFFFFFFFFFFFFFE2000CF7A
:10D04000FF8000000000000000000000008FFFFFD4
:10D05000FFFFFFFFFFFE2000CF8000000000000068
:10D0600000000000008FFFFFFFFFFFFFFFFFFE201B
:10D07000006000000000000000000000008FFFFFC3
:10D08000FFFFFFFFFFFFFFFE200000000000000089
:10D0900000000000008FFFFFFFFFFFFFFFFFFFFF0B
:10D0A000FE1000000000000000000000008FFFFFE5
:10D0B000FFFFFFFFFFFFFFFFFF80000000000000F9
:10D0C00000000000008FFFFFFFFFFFFFFFFFFFFFDB
:10D0D000FF8000000000000000000000008FFFFF44
:10D0E000FFFFFFFFFFFFFFFFFF80000000000000C9
:10D0F00000000000008FFFFFFFFFFFFFFFFFFFFFAB
:10D10000FF8000000000000000000000008FFFFF13
:10D11000FFFFFFFFFFFFFFFFFF8000000000000098
:10D1200000000000008FFFFFFFFFFFFFFFFFFFFF7A
:10D13000FF8000000000000000000000008FFFFFE3
:10D14000FFFFFFFFFFFFFFFFFF8000000000000068
:10D1500000000000008FFFFFFFFFFFFFFFFFFFFF4A
:10D16000FF8000000000000000000000008FFFFFB3
:10D17000FFFFFFFFFFFFFFFFFF8000000000000038
:10D1800000000000008FFFFFFFFFFFFFFFFFFFFF1A
:10D19000FF8000000000000000000000008FFFFF83
:10D1A000FFFFFFFFFFFFFFFFFF8000000000000008
:10D1B00000000000008FFFFFFFFFFFFFFFFFFFFFEA
:10D1C000FF8000000000000000000000008FFFFF53
:10D1D000FFFFFFFFFFFFFFFFFF80000000000000D8
:10D1E00000000000007FFFFFFFFFFFFFFFFFFFFFCA
:10D1F000FF8000000000000000000000000DFFFFA5
:10D20000FFFFFFFFFFFFFFFFFF80000000000000A7
:10D21000000000000000FFFFFFFFFFFFFFFFFFFF18
:10D22000FF800000000000000000000000001FFF61
:10D23000FFFFFFFFFFFFFFFFFF8000000000000077
:10D2400000000000000003FFFFFFFFFFFFFFFFFFE4
:10D25000FF80000000000000000000000000005FF0
:10D26000FFFFFFFFFFFFFFFFFF8000000000000047
:10D270000000000000000006FFFFFFFFFFFFFFFFB0
:10D28000FF8000000000000000000000000000001F
:10D290008FFFFFFFFFFFFFFFFF8000000000000087
:10D2A00000000000000000000AFFFFFFFFFFFFFF7B
:10D2B000FF800000000000000000000000000000EF
:10D2C00000CFFFFFFFFFFFFFFF8000000000000016
:10D2D0000000000000000000000EFFFFFFFFFFFF46
:10D2E000FF800000000000000000000000000000BF
:10D2F0000000FFFFFFFFFFFFFF80000000000000B5
:10D30000000000000000000000000DFFFFFFFFFF15
:10D31000FD700000000000000000000000000000A0
:10D320000000003DFECA865310000000000000000F
:10D3300000000000000000000000000000000000ED
:10D3400000000000000000000000000000000000DD
:10D350000000000000000000000000004BEFFFFF95
:10D36000FFFFFFFFFFFFFFFFFFFFFFFFFFFFFFFCD0
:10D370007000000000000000000AFFFFFFFFFFFF39
:10D38000FFFFFFFFFFFFFFFFFFFFFFFFFFFFFD208E
:10D3900000000000000000BFFFFFFFFFFFFFFFFFD6
:10D3A000FFFFFFFFFFFFFFFFFFFFFFFFFFD00000BA
:10D3B000000000000BFFFFFFFFFFFFFFFFFFFFFF6D
:10D3C000FFFFFFFFFFFFFFFFFFFFFFF70000000071
:10D3D0000000BFFFFFFFFFFFFFFFFFFFFFFFFFFF9B
:10D3E000FFFFFFFFFFFFFFFFFFFC00000000000B3F
:10D3F000FFFFFFFFFFFFFFFFFFFFFFFFFFFFFFFF3D
:10D40000FFFFFFFFFFFFFFFF0000000000BFFFFF67
:10D41000FFFFFFFFFFFFFFFFFFFFFFFFFFFFFFFF1C
:10D42000FFFFFFFFFFFF000000000BFFFFFFFFFFFC
:10D43000FFFFFFFFA8FFFFFFFFFFFF8AFFFFFFFFC8
:10D44000FFFFFFFF00000000BFFFFFFFFFFFFFFF28
:10D45000FFF8004FFFFFFFFFF4008FFFFFFFFFFF0C
:10D46000FFFF0000000BFFFFFFFFFFFFFFFFFF803C
:10D470000004FFFFFFFF400008FFFFFFFFFFFFFF6B
:10D48000000000BFFFFFFFFFFFFFFFFFFA000000EB
:10D490004FFFFFF4000000AFFFFFFFFFFFFF0000A2
:10D4A0000BFFFFFFFFFFFFFFFFFFF800000004FF7F
:10D4B000FF400000008FFFFFFFFFFFFF0000BFFFE6
:10D4C000FFFFFFFFFFFFFFFFFF400000004FF400E2
:10D4D000000004FFFFFFFFFFFFFF000CFFFFFFFF47
:10D4E000FFFFFFFFFFFFFFF400000004400000000B
:10D4F0004FFFFFFFFFFFFFFF00CFFFFFFFFFFFFF1B
:10D50000FFFFFFFFFFFF4000000000000004FFFFDF
:10D51000FFFFFFFFFFFF0CFFFFFFFFFFFFFFFFFF0E
:10D52000FFFFFFFFF40000000000004FFFFFFFFFC0
:10D53000FFFFFFFF9FFFFFFFFFFFFFFFFFFFFFFF5B
:10D54000FFFFFF400000000004FFFFFFFFFFFFFFA1
:10D55000FFFFEFFFFFFFFFFFFFFFFFFFFFFFFFFFEB
:10D56000FFF4000000004FFFFFFFFFFFFFFFFFFF82
:10D57000EFFFFFFFFFFFFFFFFFFFFFFFFFFFFFF4D6
:10D58000000000004FFFFFFFFFFFFFFFFFFF9FFFB7
:10D59000FFFFFFFFFFFFFFFFFFFFFFFFFF40000058
:10D5A000000004FFFFFFFFFFFFFFFFFF0CFFFFFF77
:10D5B000FFFFFFFFFFFFFFFFFFFFF4000000000081
:10D5C000004FFFFFFFFFFFFFFFFF00CFFFFFFFFF49
:10D5D000FFFFFFFFFFFFFFFF40000000000000040F
:10D5E000FFFFFFFFFFFFFFFF000CFFFFFFFFFFFF3D
:10D5F000FFFFFFFFFFF400000004400000004FFFAA
:10D60000FFFFFFFFFFFF0000CFFFFFFFFFFFFFFF58
:10D61000FFFFFF400000004FF400000004FFFFFF89
:10D62000FFFFFFFF00000BFFFFFFFFFFFFFFFFFFFC
:10D63000F800000004FFFF400000008FFFFFFFFF25
:10D64000FFFF000000BFFFFFFFFFFFFFFFFFFA002B
:10D6500000004FFFFFF4000000AFFFFFFFFFFFFFE0
:10D660000000000BFFFFFFFFFFFFFFFFFF80000434
:10D67000FFFFFFFF400008FFFFFFFFFFFFFF00006D
:10D680000000BFFFFFFFFFFFFFFFFFF8004FFFFF9E
:10D69000FFFFF4008FFFFFFFFFFFFFFF0000000010
:10D6A0000BFFFFFFFFFFFFFFFFFFA8FFFFFFFFFFD5
:10D6B000FF8AFFFFFFFFFFFFFFFF0000000000BF2A
:10D6C000FFFFFFFFFFFFFFFFFFFFFFFFFFFFFFFF6A
:10D6D000FFFFFFFFFFFFFFFF00000000000BFFFF49
:10D6E000FFFFFFFFFFFFFFFFFFFFFFFFFFFFFFFF4A
:10D6F000FFFFFFFFFFFF000000000000BFFFFFFF74
:10D70000FFFFFFFFFFFFFFFFFFFFFFFFFFFFFFFF29
:10D71000FFFFFFFC0000000000000BFFFFFFFFFF0A
:10D72000FFFFFFFFFFFFFFFFFFFFFFFFFFFFFFFF09
:10D73000FFF700000000000000BFFFFFFFFFFFFF3A
:10D74000FFFFFFFFFFFFFFFFFFFFFFFFFFFFFFD018
:10D75000000000000000000AFFFFFFFFFFFFFFFFC7
:10D76000FFFFFFFFFFFFFFFFFFFFFFFFFD200000A8
:10D770000000000000004BEFFFFFFFFFFFFFFFFF77
:10D78000FFFFFFFFFFFFFFFFFFFC70000000000036
:10D790000008FFFFFFFFFFFFFFFFFFFC600000002E
:10D7A0000000008FFFFFFFFFFFFFFFFFFFFFFC10E8
:10D7B0000000000008FFFFFFFFFFFFFFFFFFFFFF6C
:10D7C000FFC0000000008FFFFFFFFFFFFFFFFFFF14
:10D7D000FFFFFFF600000008FFFFFFFFFFFFFFFF56
:10D7E000FFFFFFFFFFFC0000008FFFFFFFFFFFFFB9
:10D7F000FFFFFFFFFFFFFFFF000008FFFF80000F9C
:10D80000FF0000BFF40000FFFFFF00008FFFFF805C
:10D81000000FFF0000BFF40000FFFFFF0008FFFF44
:10D82000FF80000FFF0000BFF40000FFFFFF008F2C
:10D83000FFFFFF80000FFF0000BFF40000FFFFFFAD
:10D8400008FFFFFFFF80000FFF0000BFF40000FF94
:10D85000FFFF8FFFFFFFFF80000FFF0000BFF400FE
:10D8600000FFFFFFFFFFFFFFFF80000FFF0000BF73
:10D87000F40000FFFFFFFFFFFFFFFF80000FFF002E
:10D8800000BFF40000FFFFFFFFFFFFFFFF80000F5E
:10D89000FF0000BFF40000FFFFFFFFFFFFFFFFFFDF
:10D8A000FFFFFFFFFFFFFFFFFFFFFFFFFFFFFFFF88
:10D8B000FFFFFFFFFFFFFFFFFFFFFFFFFFFFFFFF78
:10D8C000FFFFFFFFFFFFFFFFFFFFFFFFFFFFFFFF68
:10D8D000FFFFFFFFFFFFFFFFFFFFFFFFFFFFFFFF58
:10D8E000FFFFFFFFFFFFFFFFFFFFFFFFFFFFFFFF48
:10D8F000FFFFFFFFFFFFFFFFFFFFFFFFFFFFFFFF38
:10D90000FFFFFFFFFFFFFFFFFFFFFFFFFFFFFFFF27
:10D91000FFFFFFFFFFFFFFFFFFFFFFFFFFFFFFFF17
:10D92000FFFFFFFFFFFFFFFFFFFFFFFFFFFFFFFF07
:10D93000FFFFFFFFFFFFFFFFFFFFFFFFFFFFFFFFF7
:10D94000FFFFFFFFFFFFFFFFFFFFFFFFFFFFFFFFE7
:10D95000FFFFFFFFFFFFFFFFFFFFFFFFFFFFFFFFD7
:10D96000FFFFFFFFFFFFFFFFFFFFFFFFFFFFFFFFC7
:10D97000FFFFFFFFFFFFFFFFFFFFFFFFFFFFFFFFB7
:10D98000FFFFFFFFFFFFFFFFFFFFFFFFFFFFFFFFA7
:10D99000FFFFFFFFFFFFFFFFFFFFFFFFFFFFFFFF97
:10D9A000FFFFFFFFFFFFFFFFFFFFFFFFFFFFFFFF87
:10D9B000FFFFFFFFFFFFFFFFFFFFFFFFFFFFFFFF77
:10D9C000FFFFFFFFFFFFFFFFFFFFFFFFFFFFFFFF67
:10D9D000FFFFFFFFFFFFFFFFFFFFFFFFFFFFFFFF57
:10D9E000FFFFFFFFFFFFFFFFFFFFFFFFFFFFFFFF47
:10D9F000FFFFFFFFFFFFFFFFFFFFFFFFFFFFFFFF37
:10DA0000FFFFFFFFFFFFFFFFFFFFFFFFFFFFFFFF26
:10DA1000FFFFFFFFFFFFFFFFFFFFFFFFFFFFFFFF16
:10DA2000FFFFFFFFFFFFFFFFFFFFFFFFFFFFFFFF06
:10DA3000FFFFFFFFFFFFFFFFFFFFFFFFFFFFFFFFF6
:10DA4000FFFFFFFFFFFFFFFFFFFFFFFFFFFFFFFFE6
:10DA5000FFFFFFFFFFFFFFFFFFFFFFFFFFFFFFFFD6
:10DA6000FFFFFFFFFFFFFFFFFFFFFFFFFFFFFFFFC6
:10DA7000FFFFFFFFFFFFFFFFFFFFFFFFFFFFFFFFB6
:10DA8000FFFFFFFFFFFFFFFFFFFFFFFFFFFFFFFFA6
:10DA9000FFFFCFFFFFFFFFFFFFFFFFFFFFFFFFFFC6
:10DAA000FFFFFFFC6FFFFFFFFFFFFFFFFFFFFFFF19
:10DAB000FFFFFFFFFFF60CFFFFFFFFFFFFFFFFFF72
:10DAC000FFFFFFFFFFFFFFC001CFFFFFFFFFFFFFD3
:10DAD000FFFFFFFFFFFFFFFFFC100006CFFFFFFF70
:10DAE000FFFFFFFFFFFFFFFFFFFC600000000000E3
:10DAF0000000000000000000000000000000000026
:10DB00000000000000000000000000000000000015
:10DB100000000000000000000000001CB000000039
:10DB200000000000000000000000000000000000F5
:10DB30000000001DFF1000000000000000000000B9
:10DB400000000000000000000000001DFFF10000C8
:10DB500000000000000000000000000000000000C5
:10DB60000000001DFFFF100000000000000000008A
:10DB700000000000000000000000001DFFFFF10099
:10DB80000000000000000000000000000000000095
:10DB90000000001DFFFFFF1000000000008FD400F8
:10DBA000000000000000000000000006FFFFFFF181
:10DBB0000000000000AFFFE00000000000000000D7
:10DBC000000000006FFFFFFF1000000000BFFFFF1C
:10DBD00010000000000000000000000006FFFFFF32
:10DBE000F100000001CFFFFFF10000000000000085
:10DBF00000000000006FFFFFFF10000001DFFFFFCB
:10DC0000FF10000000000000000000000006FFFF01
:10DC1000FFF1000002DFFFFFFFF100000000000045
:10DC20000000000000006FFFFFFF100002EFFFFF89
:10DC3000FFFF10000000000000000000000006FFD1
:10DC4000FFFFF10003EFFFFFFFFFF1000000000006
:10DC5000000000000000006FFFFFFF1004FFFFFF47
:10DC6000FFFFFFCCCCCCCCCCCCCCCCCCCCCCCCCD5A
:10DC7000FFFFFFF105FFFFFFFFFFFFFFFFFFFFFFBC
:10DC8000FFFFFFFFFFFFFFFFFFFFFFFF14FFFFFF8F
:10DC9000FFFFFFFFFFFFFFFFFFFFFFFFFFFFFFFF94
:10DCA000FFFFFFFFF1DFFFFFFFFFFFFFFFFFFFFFB2
:10DCB000FFFFFFFFFFFFFFFFFFFFFFFFFF1DFFFF56
:10DCC000FFFFFFFFFFFFFFFFFFFFFFFFFFFFFFFF64
:10DCD000FFFFFFFFFFF14FFFFFFFFFFFFFFFFFFF12
:10DCE000FFFFFFFFFFFFFFFFFFFFFFFFFFFF005FE3
:10DCF000FFFFFFFFFFFFFFFFFFFFFFFFFFFFFFFF34
:10DD0000FFFFFFFFFFFFC0004FFFFFFFFFFFFCCC47
:10DD1000CCCCCCCCCCCCCCCCCCCCCCCCCCCB91004B
:10DD2000003EFFFFFFFFFF100000000000000000AA
:10DD3000000000000000000000002EFFFFFFFFF1C8
:10DD400000000000000000000000000000000000D3
:10DD50000000002DFFFFFFFF10000000000000008A
:10DD60000000000000000000000000001DFFFFFF99
:10DD7000F1000000000000000000000000000000B2
:10DD800000000000001CFFFFFF100000000000006A
:10DD900000000000000000000000000000000BFF79
:10DDA000FFF1000000000000000000000000000083
:10DDB000000000000000000AFFFE0000000000005C
:10DDC0000000000000000000000000000000000053
:10DDD00008FD4000000000000000000000000000FE
:10DDE0000000000000000000000000000000F00C37
:10DDF000000000000000E00C072203007700C012C2
:10DE00000D0E0314D200C02120220100F202D01D09
:10DE10001B2E01FA5F05702826220100E507F0207D
:10DE20001F2302FF040A100A050E0314270A3010EC
:10DE30000B2D04F71F0B40100B2D01F7170C30139F
:10DE400013130011CC0CF01B16160306BE0DE00ACE
:10DE5000070E02F9EF0D60120E05020B120EE00A1A
:10DE6000070702002B0EE010152EFEFB0E100020FF
:10DE70001C220200EA11C0110D220000C712901BE3
:10DE80001A2200008114701B1A2200003B16202069
:10DE90001F2201004A18901B1A220000041AA01D1C
:10DEA0001B220200CF1BB01C1A220100891DF01E8C
:10DEB0001B220200541FA01D1B2201001F21E00A8B
:10DEC000071A02007A21E00A072102F9EE21F01B6D
:10DED00016160306E022F01B160F03098523F01B1C
:10DEE000161603067724801B192200002026A03175
:10DEF0002E2B02F7FD2920232522FF00722C50240F
:10DF00001D2205005F2EB0221F2202006E30A027C6
:10DF1000212205009F323020192205004834801E3E
:10DF200018220500E03510252022020000380027C5
:10DF30001D220500ED39E00E05220500423AA01829
:10DF40001522FF00A73B80221E220500A53D801C54
:10DF5000182205003D3FD02D24220500A1410027B5
:10DF60001D2205008E435028252202000346A022D0
:10DF70001C220500DF475028262902F9EA4AE02240
:10DF80001C220500C64CD01D1B220100914E301CE6
:10DF90001C2200006D50F0251E2204006B5230221E
:10DFA0002422FF00CF541036342201004358502061
:10DFB00020220000635A101F2122FF00945C901F52
:10DFC0001D220200815E00100B2D05F7795FE01025
:10DFD000152EFEFB5C6100100B2D00F75462001C37
:10DFE0001614030730630018180400FD6063D01C8A
:10DFF0000D07051D8E63B01C171A0200B964C020FE
:10E000001B2404009F66701B181A0200D767C020EB
:10E010001B240200BD69601D1A1A02000F6BF0106C
:10E0200013240000656C20211B2302F73E6EB020F4
:10E03000192404000070600D072503008270A00DF4
:10E04000102EFBF7F271901D1A240400C673600DA8
:10E05000052404002074C0322B1A04004F76B0202F
:10E06000191A04009477801E1B1A0200F378C0204E
:10E070001B2304F7CC7AC0201B2302F7A57CB01326
:10E080000F1A0400687D1018161A0100867EE0132E
:10E0900013200000B67F8020191A0400FB80D01ADC
:10E0A0001C1AFF006782202B2B1A00009684801A0E
:10E0B0001A1A0000E885D01A1D23FEF7E48700191C
:10E0C000171A01000F89E0100E2D02F74A8A600E20
:10E0D000052D05F7BB8AE0100F2D00F70D8CF01B06
:10E0E0001809020D798C201410100213F98C100FEE
:10E0F00009090309228D0030303100FABA9100304D
:10E10000302400001A950030302A00FD0A990030B2
:10E11000302400006A9C0021212200019B9E0030D7
:10E12000303000FA1BA300302E3001FA6BA7003606
:10E13000362A00FDD9AB0030303000FA59B0003635
:10E140003624000025B40030303000FAA5B800189D
:10E15000182600FF6DBA0024242600FF19BD0036E2
:10E16000362E00FBF3C100303024000053C50021DF
:10E17000213000FA6BC8002A1E2C06FCFFCA002AB8
:10E180002A3200F919CF002A2A2B00FDA0D2002A3A
:10E190002A2A00FD12D6002A1E2C06FCA6D8002A28
:10E1A0002C2AFFFD42DC001E1A2A02FD64DE001E3E
:10E1B0001A2A02FD86E0002A2A2A00FDF8E3002A36
:10E1C0002A0A000DCAE400363624000096E8003C16
:10E1D0003C3000FA36EE00363830FFFA76F3003085
:10E1E000302C00FC96F7002A2A1A0005B8F9002AFC
:10E1F0002A1A0005DAFB003C3C2600FF4E000130E5
:10E2000030240000AE030130303000FA2E08013017
:10E210003131FFFADF0C012A2B2A00FD6610012A9A
:10E220002A3000FA5614012A2A2A00FDC817012AAA
:10E230002A2600FFE61A013030240000461E011E87
:10E240002030FFFA4621012A2A3000FA3625012A19
:10E250002A3000FA2629013636240000F22C01303B
:10E260003232FFF9D4310124243000FA3435013C34
:10E270003C2C00FD5C3A013C3C1E0003E03D013CAF
:10E280003C1E00036441013C3C1E0003E844013C89
:10E290003C1E00036C48013C3C1E0003F04B013C5B
:10E2A0003D2600FF7750012A243003FAD753012A74
:10E2B0002A3000FAC75701303131FFF9785C013C50
:10E2C0003C240000B0600124243000FA1064513076
:10E2D000311F00030000721F51EF58EF5BEF5CEF3E
:10E2E0005DEF61EF63EF65EF69EF6CEF71EF76EF74
:10E2F00077EF78EF8EEF93EF98EF9BEF9CEF9DEF2A
:10E30000A1EFA2EFA3EFA4EFB7EFB8EFBEEFC0EF1E
:10E31000C1EFC4EFC7EFC8EFC9EFCBEFE3EFE5EF15
:10E3200014F015F017F019F030F037F03AF043F030
:10E330006CF074F0ABF03BF190F191F192F193F14C
:10E3400094F1D7F1E3F13DF254F2AAF412F7F2F7A7
:10E35000200000005F00010000000000000000003D
:10E3600000000200B0000000F3F76000D4E20408EF
:10E37000000000003E00030000000102000304054D
:10E3800002060708090A090A0B0C000D0E0F1011EE
:10E3900012130C14140000001516171819161A1B66
:10E3A0001C1D1D1E1F201D1D1621222303241E259A
:10E3B00025262728292A2B002C002D2E2F303132FC
:10E3C000332D343435302D2D2E2E36373839333A1F
:10E3D0003A3B3A3C290000093D09000000000000DA
:10E3E000000000000000000000000000000000002D
:10E3F000000000000000000000000000000000001D
:10E40000000000000000000000000000000000000C
:10E4100000000000000000000102000304050206E5
:10E420000708090A090A0B0C0D0E0F10110C121324
:10E4300014151500000016171819171919191719AE
:10E44000191A1919191917191719031B1C1D1D1E43
:10E450001F202122230024002526272727002726E6
:10E46000282926262A2A272A272A2B2C2D2E2E2F0A
:10E470002E300000230931090000000000000000D8
:10E48000000000000000000000000000000000008C
:10E49000000000000000000000000000000000007C
:10E4A000000000000000000000000000000000006C
:10E4B0000000000000020000000000000002000058
:10E4C000080000000005000000000000000000003F
:10E4D000000000000000020000000000000000003A
:10E4E000000000000002230015EF00000000D6D25B
:10E4F0000524110DE1052602200819000000000086
:10E500000000000000002E06FB00000000000000DC
:10E5100000000000000F00E90000000000F10D0FF6
:10E520000000F800FB0800F800F8FCF10000000013
:10E53000F80000F6F40000F800F100000000000010
:10E54000000000F8F800F400EB00A30000F1000F59
:10E55000170100F10808190FF30F0000D4000000A4
:10E560000000000000000000E400000000000000C7
:10E5700000000000000000EBF7DA00E1FB00000003
:10E5800000021E00E9FAFE0200F30000FBC70000D3
:10E59000000000000000000000C3FA1D00000000A1
:10E5A0000000000000000000E1000000000000008A
:10E5B0000000001900080000F10000000000000049
:10E5C000000000000000000000001D060200000026
:10E5D000000000000000000000000000000000003B
:10E5E000000000000000000000000000000000002B
:10E5F00000000000E4000000000000000000000037
:10E600000000000000000000000000050F0817F8DF
:10E6100000000FF8E79705150F02F6001C0019001F
:10E620001900B900F7170019F80F08000002F800E8
:10E6300000F33D003D001700200A0D17000000E424
:10E640000000000002FB0005F2F6F10500F80000F2
:10E6500000E10000000000000000000000CE00000B
:10E660000000000000000000000000000002D600D2
:10E67000D000000000FB004CF7F60808F900F6088F
:10E680000000D70000000000000000000000B600FD
:10E6900008000000000000000000000000D0002E74
:10E6A0000000E4001900CCB6CCF1170000CD000941
:10E6B000EE00F40000000000000000000000001464
:10E6C00017A200000000000000000000000024006D
:10E6D0000500000000000505F7F100FEFEF800004F
:10E6E000FB000000F100FA00EEF100EDE7E7F100B9
:10E6F000F100F100000000FA0000080005F8000237
:10E7000000000008FB000000FB0808FE000000F10C
:10E7100000FE000000000002000AFB00F700F3000A
:10E7200000FB00170000F80000000000FE02FBFBE9
:10E730000000F800F8000000000000000000FCFCF1
:10E7400000F8F70000000000020000FB00F8F8F8F5
:10E75000000000000000000000FB00000000FBF6CD
:10E7600000F400E9FBE90F0000F1080F1500EDFED1
:10E77000F700FEDC08FB05D708000002D800D7FA36
:10E78000BDFB00DA000F16000A000000000200F2D4
:10E79000F600E9000000F8000000F80000000000AA
:10E7A000FCFC00FCF600000000000000F8F800FB94
:10E7B000F7FA0000F8000000000000000000000070
:10E7C000FAFA00F700FB00F1080000F7040808005F
:10E7D0000000000000FB0000000000050000F80041
:10E7E000F8FBF7000000000000000600FA0000003F
:10E7F00000F8F400F10017FB02E7000015DAD8E09A
:10E80000F10800FACEF200F200F10CF2CF00EB00BA
:10E810000004FE06FB000801E9E300DAEEF0EEE991
:10E82000F7EBFEF1EB05000200F800000005000820
:10E830000000000000000000000000F800FC00FEE6
:10E84000F800F3EFEFFE00E9000000000000FA001E
:10E8500000000003FB0000000800000000000000B2
:10E86000002500000000000005000000F800000086
:10E870000000000000000000F2000800000000009E
:10E880000000000000000000FB000000F10000009C
:10E8900000DAE9000000F4DA0000F80800EB0000FC
:10E8A0000000000000000000F40000F10000000083
:10E8B00000000000000000000800F2000000000955
:10E8C0000005F1F100F8F8F7000000000000E90091
:10E8D000F800F4F800EFEDE9FA00F100E9000000BB
:10E8E000003D0000040000F6000800DF000000000A
:10E8F00000B9F21917FAE00008F400DAFCF608CAC9
:10E90000F80A000CE5F4E4E7E00000D2002C000077
:10E91000FC000000FCFCF8EBE7FEB9000000000082
:10E9200000000000020000000000000000000000E5
:10E930000000000000F800FCF8F40000F100F8000E
:10E940000000000000000000000000000000FE00C9
:10E95000F100000FFE0A00EF08FBFEECF800F6F8ED
:10E96000FB00F4F30000FAFEFBF3F70000F80008E8
:10E97000FB00EF000000F100F300F3F308000000DB
:10E980000000000000F10800F500FBF7E8FBFBFBCE
:10E99000FEFBF7FE0000000000F8FAFA000000009D
:10E9A00009FB00FB000000FBF7FBF9F7F900061F6D
:10E9B000FE00EB00FB0F00F8E0F60C0100DCF308B2
:10E9C000F30500FBFAE700F4040000F30000000880
:10E9D00008F1F100F3F8F4F8F800F304F1F317008C
:10E9E000000000000000000008000000000000001F
:10E9F0000000000000000000000000000000000017
:10EA0000F300000000000000000000000000000013
:10EA100000000000000000000000000000000000F6
:10EA2000000000000000000000000000FB000000EB
:10EA300000000000000000000000000000000000D6
:10EA400000000000000000000000FAF800000000D4
:10EA50000000000000000000F40000F60000F8F8DC
:10EA600000000000F800000000FC0000000000FBB7
:10EA700000000000F400F1000000E70005EF0F02C5
:10EA8000FBDC0000EFF800E1EDEA0000DFF8E1E375
:10EA9000DB00EC000633F600EEF8FEF8F3EBF2E4F0
:10EAA000E1EEF80000FB00020000CAF91711EFE4E4
:10EAB0000002E800DAFBF80FB9F6020000CEF7D842
:10EAC000F8C80000CA002D0200FB00000000FCFB9B
:10EAD000E3FB00CE00000000E700F900FEEADC00E6
:10EAE00000FCF4E9F800FB00000000DDF8E7E7FABD
:10EAF000F3EDF8F300F1F9E7F400F7F1F8F10004B1
:10EB000000FBE7000F00F200000000090005F11F04
:10EB100000F8F8F7000000000000E900F800F4F841
:10EB200000EFEDE9FA00F1061F000000003D0000D3
:10EB3000040000F600080000000000000000FE00D5
:10EB400000000000FBF10000000000FC000000F8E5
:10EB5000F80000F1F80000F1000DFC0000000000DA
:10EB60000004000000000C0F06F900E7F40017E7AE
:10EB7000E7F1F11F0E08BDFB0FF800F808F8E500FB
:10EB8000F808F6FAE9FA0000170F00EA00D6F616C0
:10EB9000F6E302F6E7E7F81F0800F400EB000619B9
:10EBA000EEE4E1ED170002C8FA08F3FBEE00EFE433
:10EBB000F4F4FA0000EEF0F8001712F8D600D6F5DB
:10EBC00000E5D3FEE7F3E7EA150000F600F1F900EF
:10EBD000F8F2000DE7080000D700F8EFF3FBE9EDCD
:10EBE000E7EE00E9F8EEF1E9F800000224F300E9AD
:10EBF000F800F8F1EEEBEAE3F6F10F00F400DAF7D3
:10EC0000050FE7E4F1E719F804B9F20FEFF3E400B8
:10EC1000E9E0F7F8FAF8F0E9FE00001716FBCE007D
:10EC2000D2EE12E3CCF1E5E0DAE70F00000000F7E6
:10EC3000000008F70F05F10F0000E8FE00FE0002DB
:10EC400002FA000000000000F800000000061702B1
:10EC500000F700000000FBFBF700000002060000C8
:10EC600000000600FA001D000E0202F6000F000070
:10EC70000006000000000000000000000017001661
:10EC80000000000000000000000000000000D200B2
:10EC9000F80D001700004C09F1F10808FB02DA003A
:10ECA0000025D20000000000000000000000CC1D84
:10ECB0006C000000000000000000000000D2000016
:10ECC0000000000000000000000000000000000044
:10ECD0000000000000000000F40000F1F900000056
:10ECE0000000000000000000000000000000000024
:10ECF000FB00EB00000200000863F1FA1915EB08B5
:10ED000000000808F60000000000000000000000FD
:10ED10009C16000000000000000000000000000041
:10ED2000000000EA000000EB00000000EFFC000023
:10ED300000EF00F700DC0000000000000000000011
:10ED400000CD0000000002000000000000F80000FC
:10ED5000F100F400EB000000F308F70000EBF8EE20
:10ED60000000EB00F800DC00F80000C2F1E1F8E47C
:10ED70000000CD00EBFC0000000000000000F4F2F9
:10ED8000FAF300000000EF00EF0AF80F00FBEEFBC3
:10ED9000F3F100F7FCFB05EBFE000000BCFAF50008
:10EDA000EF00FBDCF90000FBFA000000000500FBAF
:10EDB000F3FB0D0000000000000000000000000058
:10EDC0000000000000000000000000000000000043
:10EDD00000000000000000000000000000000A0029
:10EDE0000000000000EF00FB000000F10800000040
:10EDF000EBF8F10000EA00F800DC00000000B600CB
:10EE0000F1E4DA0000CD00FBF40000000000000097
:10EE100000F8F4FCF40200000DF6001826F8F8E9FA
:10EE200009260D11EB09200916111500000000003C
:10EE30000000000000003024F2F800FA3D213D00FF
:10EE400000000800001C0000F400000000000000AA
:10EE50000000FB00000000000000000B00000000AC
:10EE6000BFF7FAE1DA0000CD00000000000000006A
:10EE7000000000000000000000F40000000000009E
:10EE8000000000FB00000000000000000B0000007C
:10EE900000BFF7FAE1DA0000E10000000000000026
:10EEA000000000000000000000000000FA00000068
:10EEB000EE0800F8060E08E900FEFA080006000059
:10EEC0000000ED00F9FBF100F9E10030F800EFFB84
:10EED00000FBF300F8EAF1F7000000F40000000086
:10EEE0000000000000FB00000000000000000B001C
:10EEF000000000BFF7FAE1DA0000CD0000000000DA
:10EF0000002600000000000000000000F400E7F709
:10EF1000F917F9F8E102FB02FBEB02110206020607
:10EF2000EEE1F700E3F1EBE0E200F4F1F7F6FAFBD3
:10EF3000F7FB00FBFE0C000CFB00180000000000BB
:10EF400000000000000000FBF8F80000EB00FC00EF
:10EF5000F30000000000000000000000D2000000EC
:10EF60000000000000000000F8F800F600000000BB
:10EF7000FA0000F3F80800F3F1FB00EAFBEFFBF7FF
:10EF800000F30000000000000000000000CD0019A8
:10EF90000000F200000000F600F80000FC0000FB9A
:10EFA00000EE000020F6E7E8050808FEEA050C057B
:10EFB000170519FBEB0000E10000E9EB0000F10090
:10EFC000F6F300F400F400FB0C00FAE9F81C000072
:10EFD000F900F100000AEE0008F8060100E700FB66
:10EFE000FE00F808FA000000E1F7EF00E90000DC9D
:10EFF000001CF800F2000500F800F8E900F808002D
:10F00000000000FB000008F6020000F7FB00F7001C
:10F0100000000000000000000000000000000000F0
:10F02000D000110000FA000000000200F8F8000013
:10F03000000F00120000000000D0D40221170DE1E3
:10F040000520001C000F0000000000000000000070
:10F050000029000000000000000000000000000087
:10F0600000000000B4E4040878E3040816E404088F
:10F070003D310000DC760308E4DD040850E30408B9
:10F0800064F0040810000228E801002069E2010889
:10F09000A9E101083400090000FC020074F0040832
:10F0A000000000000000000006F2ECE83699D6618E
:10F0B000963ABE245E05FA05B1046A4D098EE7CE84
:10F0C00047FF00FEC0FCA4FAA97AF163F39C8AEA28
:10F0D0008EE3D3EC7AFE5DFF0FEA12F376F4DAFDED
:10F0E0003DFF37AA59BB9BCCFCE53EF7B87AB993F4
:10F0F000FBB43DD63EEF585B397C5B9D5DC65EEF51
:10F100003E45BE655F96FFBE9FE7BE2D1E4EBF8685
:10F110003FB7BFE73B269C4EFD865EB7BFE7332572
:10F12000B54D5886FBB69EE7CD653086B4A639CF7F
:10F13000BDEF6C9EB0AE14C779DFDDF70AD72EDFC6
:10F1400073E7B8F7DCFF6BFF8EFFB3FFD8FFFCFF60
:10F1500045FEA9FE10FF76FFDCFF24FDA9FD70FE31
:10F1600016FF9CFF88FB4CFC52FD77FE5CFF6C8B0E
:10F170004FA454BD79D65DEF937C3595F8B5DBCEC1
:10F180007EEFF7BD1CE77DEFBEF7DFFFC6E165D17F
:10F1900045C1E3B0CCD8CBC0AAA869883589F4783A
:10F1A000D368B148B65975513441D230553AF3312C
:10F1B000B2290F195C1CBA1B3813340ADC045A0438
:10F1C000B703B3027805B40411040C034F04CD0354
:10F1D0004B0368020845673CE62BE41A887DE76C20
:10F1E0004554433346C6A5ADE49CA283C6FE05FE46
:10F1F00044FDE2F380FD00FD60FC60FB60FCE0F399
:10F2000060EB80E283F243E202DAA1B9686A065A4F
:10F21000A54924396F53CC4229328721AE730C6340
:10F220000842042100003C027804B306EE08280BD3
:10F23000610D990FD01106143A166C189D1ACB1C4B
:10F24000F71E212148236C258E27AC29C72BDF2DE3
:10F25000F32F0332103418361C381C3A173C0E3E7C
:10F26000FF3FEC41D443B64593476A493C4B084DB8
:10F27000CD4E8D504652F953A5554B57EA58825AF8
:10F28000135C9C5D1F5F9A600D627963DD64396673
:10F290008D67D9681D6A596B8C6CB76DD96EF36F29
:10F2A00004710C720B730174EE74D275AD767F77B6
:10F2B00047780679BB79677A0A7BA27B327CB77C78
:10F2C000337DA57D0D7E6C7EC07E0B7F4B7F827F64
:10F2D000AF7FD27FEB7FFA7FFF7F0000703903089A
:10F2E0007D6C01080000000000000000CD6E0108E8
:10F2F000000000000104000070390308957A01083D
:10F30000097B010800000000297B010804010D00B1
:10F310000006000070390308CF7E010800000000DD
:10F320000000000000000000D127D12744020000A7
:10F3300070390308757F0108C57F010800000000CF
:10F34000E17F010804018200850300007039030891
:10F35000D99101081192010800000000959401085C
:10F36000D127D127C402000070390308F5D701085E
:10F37000A9D8010800000000D5D801088200D127D3
:10F38000050400007039030899DF0108CBDF01088C
:10F390000000000009DB01080000000080020000FE
:10F3A00070390308D1F1010855FC01080000000084
:10F3B00091FC0108D127D127C00300007039030850
:10F3C000C5090208610A020800000000B10A02082B
:10F3D000D127D127C004000070390308811E02081C
:10F3E00000000000000000009D1E0208D127D12768
:10F3F000C002000070390308ED8B02080000000015
:10F4000000000000798C0208D1278200C5020000AC
:10F41000BCF3040800000000000000000000000031
:10F42000558E020800000000C0040000F8F2040835
:10F4300019930208000000000000000089930208F0
:10F440000000000085070000703903086FAA020859
:10F4500099AA020800000000ADAA020834001E00AC
:10F46000840200007039030875AC0208B9AC0208C8
:10F470000000000011AD0208D127D127850300004C
:10F480007039030829B50208F7B702080000000028
:10F490001DB802080401820004060000EA070707FD
:10F4A0000C0000020003020500030501040602042B
:10F4B000FFFFFFFFFFFFFFFFFFFFFFFFFFFFFFFF5C
:10F4C000FFFFFFFFFFFFFFFFFFFFFFFFFFFFFFFF4C
:10F4D000FFFFFFFFFFFFFFFFFFFFFFFFFFFFFFFF3C
:10F4E000FFFFFFFFFFFFFFFFFFFFFFFFFFFFFFFF2C
:10F4F000FFFFFFFFFFFFFFFFFFFFFFFFFFFFFFFF1C
:10F50000FFFFFFFFFFFFFFFFFFFFFFFFFFFFFFFF0B
:10F51000FFFFFFFFFFFFFFFFFFFFFFFFFFFFFFFFFB
:10F52000FFFFFFFFFFFFFFFFFFFFFFFFFFFFFFFFEB
:10F53000FFFFFFFFFFFFFFFFFFFFFFFFFFFFFFFFDB
:10F54000FFFFFFFFFFFFFFFFFFFFE318052104217F
:10F55000052105210521052105210521052105217B
:10F560000521052105210521042104210000FFFFBB
:10F57000FFFFFFFFFFFFFFFFFFFFFFFFFFFFFFFF9B
:10F58000FFFFFFFFFFFFFFFFFFFFFFFFFFFFFFFF8B
:10F59000FFFFFFFFFFFFFFFFFFFFFFFFFFFFFFFF7B
:10F5A000FFFFFFFFFFFFFFFFFFFFFFFFFFFFFFFF6B
:10F5B000FFFFFFFFFFFFFFFFFFFFFFFFFFFFFFFF5B
:10F5C000FFFFFFFFFFFFFFFFFFFFFFFFFFFFFFFF4B
:10F5D000FFFFFFFFFFFFFFFFFFFFFFFFFFFFFFFF3B
:10F5E00004210421042104210421042104210421F3
:10F5F00004210421042104210421042104210421E3
:10F60000042104210421E318FFFFFFFFFFFFFFFF98
:10F61000FFFFFFFFFFFFFFFFFFFFFFFFFFFFFFFFFA
:10F62000FFFFFFFFFFFFFFFFFFFFFFFFFFFFFFFFEA
:10F63000FFFFFFFFFFFFFFFFFFFFFFFFFFFFFFFFDA
:10F64000FFFFFFFFFFFFFFFFFFFFFFFFFFFFFFFFCA
:10F65000FFFFFFFFFFFFFFFFFFFFFFFFFFFFFFFFBA
:10F66000FFFFFFFFFFFFFFFFFFFFFFFFFFFFFFFFAA
:10F67000FFFFFFFFFFFFFFFF0421252104210421DD
:10F680000421042104210421042104210421042152
:10F690000421042104210421E42004212521042142
:10F6A000FFFFFFFFFFFF04210421FFFFFFFFFFFF1C
:10F6B000FFFFFFFFFFFFFFFF042105210058FFFFB1
:10F6C000FFFFFFFFFFFFFFFFFFFFFFFFFFFFFFFF4A
:10F6D000FFFF041904216529FFFFFFFFFFFFFFFF64
:10F6E000FFFF05210421042104210421E518FFFF67
:10F6F000FFFFFFFFFFFFFFFFFFFF04210421E420C6
:10F70000FFFFFFFFFFFFFFFFFFFFFFFFFFFFFFFF09
:10F7100004212521042104210421042104210421A0
:10F7200004210421042104210421042104210421B1
:10F730000000042125210421FFFFFFFFFFFFE4203B
:10F740000421FFFFFFFFFFFFFFFFFFFFFFFFFFFFA2
:10F75000042125290421FFFFFFFFFFFFFFFFFFFF1B
:10F76000FFFFFFFFFFFFFFFFA6310421E4200000A1
:10F77000FFFFFFFFFFFF04210421252104210421B5
:10F7800004210421042104212421FFFFFFFFFFFFA6
:10F79000FFFF04212521E420FFFFFFFFFFFFFFFF04
:10F7A000FFFFFFFFFFFFFFFF0421252104210421AC
:10F7B0000421042104210421042104210421042121
:10F7C00004210421042104210421042125210421F0
:10F7D000FFFFFFFFFFFF04210421FFFFFFFFFFFFEB
:10F7E000FFFFFFFFFFFFFFFFA31804210421FFFF1E
:10F7F000FFFFFFFFFFFFFFFFFFFFFFFFFFFFFFFF19
:10F80000042125210421FFFFFFFF252904212521B3
:10F8100004210421E4200421E51804210421042109
:10F82000E4202519FFFFFFFFFFFF0421252104210C
:10F83000FFFFFFFFFFFFFFFFFFFFFFFFFFFFFFFFD8
:10F84000042125210421042104210421042104216F
:10F850000421042104210421042104210421042180
:10F860000521042104210421FFFFFFFFFFFF0421E4
:10F87000E420FFFFFFFFFFFFFFFFFFFFFFFFFFFF92
:10F88000FFFF04192521E420FFFFFFFFFFFFFFFF1B
:10F89000FFFFFFFFFFFFFFFF042104210000FFFF28
:10F8A000FFFF042125210421FFFFFFFFFFFFFFFFD2
:10F8B000FFFFFFFFFFFF042104212529FFFFFFFFBA
:10F8C000FFFF042125210421FFFFFFFFFFFFFFFFB2
:10F8D000FFFFFFFFFFFFFFFF660145012501250137
:10F8E00025012501041904210421042104210421F6
:10F8F00004210421042104210421042104210421E0
:10F90000FFFFFFFFFFFF0421E420FFFFFFFFFFFFDA
:10F91000FFFFFFFFFFFFFFFFFFFFE4200421E420C4
:10F92000FFFFFFFFFFFFFFFFFFFFFFFFFFFF0421C0
:10F9300025210421FFFFFFFF042125210421FFFFD2
:10F94000FFFFFFFFFFFFFFFFFFFFFFFFFFFFFFFFC7
:10F95000FFFFFFFFFFFFFFFFFFFF04212521042121
:10F96000FFFFFFFFFFFFFFFFFFFFFFFFFFFFFFFFA7
:10F9700000F000F800F000F000F800F800F80419BA
:10F98000042104210421042104210421042104214F
:10F990000421042104210421FFFFFFFFFFFF0421B4
:10F9A000E420FFFFFFFFFFFFFFFFFFFFFFFFFFFF61
:10F9B000FFFFFFFF042104210421FFFFFFFFFFFFE2
:10F9C000FFFFFFFFFFFF04210421E318FFFFFFFFFC
:10F9D000042104216529FFFFFFFFFFFFFFFFFFFF59
:10F9E000FFFFFFFFFFFFFFFFFFFFFFFFFFFFFFFF27
:10F9F000FFFF042125210421FFFFFFFFFFFFFFFF81
:10FA0000FFFFFFFFFFFFFFFF00D800F800E800E85E
:10FA100000E800E800D0051104210421042104219C
:10FA200004210421042104210421042104210421AE
:10FA3000FFFFFFFFFFFF0421E420FFFFFFFFFFFFA9
:10FA4000FFFFFFFFFFFFFFFFFFFFFFFF0421252157
:10FA50000419FFFFFFFFFFFFFFFFFFFFE420252149
:10FA60000421FFFFFFFFE42004210421FFFFFFFF2B
:10FA7000FFFFFFFFFFFFFFFFFFFFFFFFFFFFFFFF96
:10FA8000FFFFFFFFFFFFFFFFFFFF042125210421F0
:10FA9000FFFFFFFFFFFFFFFFFFFFFFFFFFFFFFFF76
:10FAA00000D800E800D800D800D800D800D0041151
:10FAB000042104210421042104210421042104211E
:10FAC0000421042104210421FFFFFFFFFFFF042183
:10FAD000E420FFFFFFFFFFFFFFFFFFFFFFFFFFFF30
:10FAE000FFFFFFFFFFFF042104212529FFFFFFFF88
:10FAF000FFFFFFFF04210421E520FFFFFFFF052199
:10FB000025210421FFFFFFFFFFFFFFFFFFFFFFFF96
:10FB1000FFFFFFFFFFFFFFFFFFFFFFFFFFFFFFFFF5
:10FB2000FFFF042125210421FFFFFFFFFFFFFFFF4F
:10FB3000FFFFFFFFFFFFFFFF00D800E800D800D85D
:10FB400000D800D800D0041104210421042104218C
:10FB5000042104210421042104210421042104217D
:10FB6000FFFFFFFFFFFF0421E420FFFFFFFFFFFF78
:10FB7000FFFFFFFFFFFFFFFFFFFFFFFFFFFF04216E
:10FB800025210421FFFFFFFFFFFFE3180421E420EC
:10FB9000FFFFFFFFFFFFE42025210421FFFFFFFF00
:10FBA000FFFFFFFFFFFFFFFFFFFFFFFFFFFF04213E
:10FBB00004210421FFFFFFFFFFFF04212521042171
:10FBC000FFFFFFFFFFFFFFFFFFFFFFFFFFFFFFFF45
:10FBD00000D800F000E000E000E000E000C8041100
:10FBE00004210421042104210421042104210421ED
:10FBF0000421042104210421FFFFFFFFFFFF042152
:10FC0000E420FFFFFFFFFFFFFFFFFFFFFFFFFFFFFE
:10FC1000FFFFFFFFFFFF00000421E4200000FFFFC3
:10FC2000FFFF04212521E420FFFFFFFFFFFF241930
:10FC300004210421FFFFFFFFFFFFFFFFFFFFFFFF86
:10FC4000FFFFFFFFFFFF042125210421FFFFFFFF2E
:10FC5000FFFF042125210421FFFFFFFFFFFFFFFF1E
:10FC6000FFFFFFFFFFFFFFFF00D800E800D800D82C
:10FC700000D800D800E0051104190419041904196A
:10FC80000419042104210421042104210421042154
:10FC9000FFFFFFFFFFFF0421E420FFFFFFFFFFFF47
:10FCA000FFFFFFFFFFFFFFFFFFFFFFFFFFFFFFFF64
:10FCB000042125210421FFFF252904210421FFFF20
:10FCC000FFFFFFFFFFFF0600E420E420FFFFFFFF30
:10FCD000FFFFFFFFFFFFFFFFFFFFFFFFFFFF04210D
:10FCE00004210421FFFFFFFFFFFF04212521042140
:10FCF000FFFFFFFFFFFFFFFFFFFFFFFFFFFFFFFF14
:10FD000000D000D800D800D800E000D800006288F9
:10FD1000A370837083708378044904210421042133
:10FD20000421042104210421FFFFFFFFFFFF042120
:10FD3000E420FFFFFFFFFFFFFFFFFFFFFFFFFFFFCD
:10FD4000FFFFFFFFFFFFFFFFA5180421E420FFFFD7
:10FD5000E42025210421FFFFFFFFFFFFFFFFFFFF3E
:10FD6000042125210421FFFFFFFFFFFFFFFFFFFF0D
:10FD7000FFFFFFFFFFFF042104210421FFFFFFFF1E
:10FD8000FFFF042125210421FFFFFFFFFFFFFFFFED
:10FD9000FFFFFFFFFFFFFFFF00D800E800D800D8FB
:10FDA00000D800D800D800E000E800E000E000E85B
:10FDB00000F8450104210421042104210421042127
:10FDC000FFFFFFFFFFFF0421E420FFFFFFFFFFFF16
:10FDD000FFFFFFFFFFFFFFFFFFFFFFFFFFFFFFFF33
:10FDE000FFFF04192521E418042104210000FFFF6E
:10FDF000FFFFFFFFFFFFFFFFA52804210421E420F0
:10FE0000FFFFFFFFFFFFFFFFFFFFFFFFFFFF0421DB
:10FE100004210421FFFFFFFFFFFF0421252104210E
:10FE2000FFFFFFFFFFFFFFFFFFFFFFFFFFFFFFFFE2
:10FE300000D800F000E000E000E000E000D800D8CA
:10FE400000E800E000E000E800E8250904210421C2
:10FE50000421042104210421FFFFFFFFFFFF0421EF
:10FE60000421FFFFFFFFFFFFFFFFFFFFFFFFFFFF7B
:10FE7000FFFFFFFFFFFFFFFFFFFFE420042104213E
:10FE800004210421FFFFFFFFFFFFFFFFFFFFFFFF34
:10FE9000FFFF04210421042104210421FFFFFFFFAF
:10FEA000FFFF0000042104210521E420FFFFFFFFE4
:10FEB000FFFF042125210421FFFFFFFFFFFFFFFFBC
:10FEC000FFFFFFFFFFFFFFFF00D800E800D800D8CA
:10FED00000D800D800D800D800E000D800D800E84A
:10FEE00000E825090421042104210421042104211E
:10FEF000FFFFFFFFFFFFE42004210421E420E420B2
:10FF0000E420E420E420042104210421FFFFFFFF7A
:10FF1000FFFFFFFF042145290421C318FFFFFFFF56
:10FF2000FFFFFFFFFFFFFFFFFFFFFFFFE4180421BC
:10FF300025210421E4200421042104212521042178
:10FF400004210000FFFFFFFFFFFF04212521042102
:10FF50000421E420E420E420E420E420042104211E
:10FF600000D800E800D800D800D800D800D800D8C1
:10FF700000E000D800D800E800E8250904210421A9
:10FF80000421042105210421FFFFFFFFFFFF0421BD
:10FF90000421E420E420E420E420E420E420E42020
:10FFA0000421E420FFFFFFFFFFFFFFFF04210521E5
:10FFB0000421FFFFFFFFFFFFFFFFFFFFFFFFFFFF2A
:10FFC000FFFFFFFFFFFFFFFFE420042104210421C6
:10FFD000E420E4200421A518FFFFFFFFFFFFFFFF3F
:10FFE000FFFFE42004210421E420E420E420E420B5
:10FFF000E420E4200421042100D800F800E800E80F
:020000040805ED
:1000000000E800E800D800D800F000E800E800F8B8
:1000100000E80509252104210421252104210421CA
:10002000FFFFFFFFFFFFFFFFFFFFFFFFFFFFFFFFE0
:10003000FFFFFFFFFFFFFFFFFFFFFFFFFFFFFFFFD0
:10004000FFFFFFFFFFFFFFFFFFFFFFFFFFFFFFFFC0
:10005000FFFFFFFFFFFFFFFFFFFFFFFFFFFFFFFFB0
:10006000FFFFFFFFFFFFFFFFFFFFFFFFFFFFFFFFA0
:10007000FFFFFFFFFFFFFFFFFFFFFFFFFFFFFFFF90
:10008000FFFFFFFFFFFFFFFFFFFFFFFFFFFFFFFF80
:1000900000D800E000D800D800D800D800D800D898
:1000A00000E000D800D800E000E045010421042170
:1000B000042104210421FFFFFFFFFFFFFFFFFFFFDB
:1000C000FFFFFFFFFFFFFFFFFFFFFFFFFFFFFFFF40
:1000D000FFFFFFFFFFFFFFFFFFFFFFFFFFFFFFFF30
:1000E000FFFFFFFFFFFFFFFFFFFFFFFFFFFFFFFF20
:1000F000FFFFFFFFFFFFFFFFFFFFFFFFFFFFFFFF10
:10010000FFFFFFFFFFFFFFFFFFFFFFFFFFFFFFFFFF
:10011000FFFFFFFFFFFFFFFFFFFFFFFFFFFFFFFFEF
:10012000FFFFFFFFFFFFFFFFFFFFFFFFFFFFFFFFDF
:10013000FFFFFFFFFFFFFFFFFFFFFFFFFFFFFFFFCF
:10014000FFFFFFFFFFFFFFFFFFFFFFFFFFFFFFFFBF
:10015000FFFFFFFFFFFFFFFFFFFFFFFFFFFFFFFFAF
:10016000FFFFFFFFFFFFFFFFFFFFFFFFFFFFFFFF9F
:10017000FFFFFFFFFFFFFFFFFFFFFFFFFFFFFFFF8F
:10018000FFFFFFFFFFFFFFFFFFFFFFFFFFFFFFFF7F
:10019000FFFFFFFFFFFFFFFFFFFFFFFFFFFFFFFF6F
:1001A000FFFFFFFFFFFFFFFFFFFFFFFFFFFFFFFF5F
:1001B000FFFFFFFFFFFFFFFFFFFFFFFFFFFFFFFF4F
:1001C000FFFFFFFFFFFFFFFFFFFFFFFFFFFFFFFF3F
:1001D000FFFFFFFFFFFFFFFFFFFFFFFFFFFFFFFF2F
:1001E000FFFFFFFFFFFFFFFFFFFFFFFFFFFFFFFF1F
:1001F000FFFFFFFFFFFFFFFFFFFFFFFFFFFFFFFF0F
:10020000FFFFFFFFFFFFFFFFFFFFFFFFFFFFFFFFFE
:10021000FFFFFFFFFFFFFFFFFFFFFFFFFFFFFFFFEE
:10022000FFFFFFFFFFFFFFFFFFFFFFFFFFFFFFFFDE
:10023000FFFFFFFFFFFFFFFFFFFFFFFFFFFFFFFFCE
:10024000FFFFFFFFFFFFFFFFFFFFFFFFFFFFFFFFBE
:10025000FFFFFFFFFFFFFFFFFFFFFFFFFFFFFFFFAE
:10026000FFFFFFFFFFFFFFFFFFFFFFFFFFFFFFFF9E
:10027000FFFFFFFFFFFFFFFFFFFFFFFFFFFFFFFF8E
:10028000FFFFFFFFFFFFFFFFFFFFFFFFFFFFFFFF7E
:10029000FFFFFFFFFFFFFFFFFFFFFFFFFFFFFFFF6E
:1002A000FFFFFFFFFFFFFFFFFFFFFFFFFFFFFFFF5E
:1002B000FFFFFFFFFFFFFFFFFFFFFFFFFFFFFFFF4E
:1002C000FFFFFFFFFFFFFFFFFFFFFFFFFFFFFFFF3E
:1002D000FFFFFFFFFFFFFFFFFFFFFFFFFFFFFFFF2E
:1002E000FFFFFFFFFFFFFFFFFFFFFFFFFFFFFFFF1E
:1002F00004300103400E0000B0F40408FFFFFFFFCC
:10030000FFFFFFFFFFFFFFFFFFFFFFFFFFFFFFFFFD
:10031000FFFFFFFFFFFFFFFFFFFFFFFFFFFFFFFFED
:10032000FFFFFFFFFFFFFFFFFFFFFFFFFFFFFFFFDD
:10033000FFFFFFFFFFFFFFFFFFFFFFFFFFFFFFFFCD
:10034000FFFFFFFFFFFFFFFFFFFFFFFFFFFFFFFFBD
:10035000FFFFFFFFFFFFFFFFFFFFFFFFFFFFFFFFAD
:10036000FFFFFFFFFFFFFFFFFFFFFFFFFFFFFFFF9D
:10037000FFFFFFFFFFFFFFFFFFFFFFFFFFFFFFFF8D
:10038000FFFFFFFFFFFFFFFFFFFFFFFFFFFFFFFF7D
:10039000FFFFFFFFFFFFFFFFFFFFFFFFFFFFFFFF6D
:1003A000FFFFFFFFFFFFFFFFFFFFFFFFFFFFFFFF5D
:1003B000FFFFFFFFFFFFFFFFFFFFFFFFFFFFFFFF4D
:1003C000FFFFFFFFFFFFFFFFFFFFFFFFFFFFFFFF3D
:1003D000FFFFFFFFFFFFFFFFFFFFFFFFFFFFFFFF2D
:1003E000FFFFFFFFFFFFFFFFFFFFFFFFFFFFFFFF1D
:1003F000FFFFFFFFFFFFFFFFFFFFFFFFFFFFFFFF0D
:10040000FFFFFFFFFFFFFFFFFFFFFFFFFFFFFFFFFC
:10041000FFFFFFFFFFFFFFFFFFFFFFFFFFFFFFFFEC
:10042000FFFFFFFFFFFFFFFFFFFFFFFFFFFFFFFFDC
:10043000FFFFFFFFFFFFFFFFFFFFFFFFFFFFFFFFCC
:10044000FFFFFFFFFFFFFFFFFFFFFFFFFFFFFFFFBC
:10045000FFFFFFFFFFFFFFFFFFFFFFFFFFFFFFFFAC
:10046000FFFFFFFFFFFFFFFFFFFFFFFFFFFFFFFF9C
:10047000FFFFFFFFFFFFFFFFFFFFFFFFFFFFFFFF8C
:10048000FFFFFFFFFFFFFFFFFFFFFFFFFFFFFFFF7C
:10049000FFFFFFFFFFFFFFFFFFFFFFFFFFFFFFFF6C
:1004A000FFFFFFFFFFFFFFFFFFFFFFFFFFFFFFFF5C
:1004B000FFFFFFFFFFFFFFFFFFFFFFFFFFFFFFFF4C
:1004C000FFFFFFFFFFFFFFFFFFFFFFFFFFFFFFFF3C
:1004D000FFFFFFFFFFFFFFFFFFFFFFFFFFFFFFFF2C
:1004E000FFFFFFFFFFFFFFFFFFFFFFFFFFFFFFFF1C
:1004F000FFFFFFFFFFFFFFFFFFFFFFFFFFFFFFFF0C
:10050000FFFFFFFFFFFFFFFFFFFFFFFFFFFFFFFFFB
:10051000FFFFFFFFFFFFFFFFFFFFFFFFFFFFFFFFEB
:10052000FFFFFFFFFFFFFFFFFFFFFFFFFFFFFFFFDB
:10053000FFFFFFFFFFFFFFFFFFFFFFFFFFFFFFFFCB
:10054000FFFFFFFFFFFFFFFFFFFFFFFFFFFFFFFFBB
:10055000FFFFFFFFFFFFFFFFFFFFFFFFFFFFFFFFAB
:10056000FFFFFFFFFFFFFFFFFFFFFFFFFFFFFFFF9B
:10057000FFFFFFFFFFFFFFFFFFFFFFFFFFFFFFFF8B
:10058000FFFFFFFFFFFFFFFFFFFFFFFFFFFFFFFF7B
:10059000FFFFFFFFFFFFFFFFFFFFFFFFFFFFFFFF6B
:1005A000FFFFFFFFFFFFFFFFFFFFFFFFFFFFFFFF5B
:1005B000FFFFFFFFFFFFFFFFFFFFFFFFFFFFFFFF4B
:1005C000FFFFFFFFFFFFFFFFFFFFFFFFFFFFFFFF3B
:1005D000FFFFFFFFFFFFFFFFFFFFFFFFFFFFFFFF2B
:1005E000FFFFFFFFFFFFFFFF7DD77DCF7DCF7DCFDB
:1005F0007DCF7DCF7DCF9DCF7DCFFFFFFFFFFFFF65
:10060000FFFFFFFFFFFFFFFFFFFFFFFFFFFFFFFFFA
:10061000FFFFFFFFFFFFFFFFFFFFFFFFFFFFFFFFEA
:10062000FFFFFFFFFFFFFFFFFFFFFFFFFFFFFFFFDA
:10063000FFFFFFFFFFFFFFFFFFFFFFFFFFFFFFFFCA
:10064000FFFFFFFFFFFFFFFFFBBF7DCF7DCF7DCF14
:100650007DCF9EDF9DD79EDFBEDFBEE7BEE7DFF723
:10066000FFFFFFFFFFFFFFFFFFFFFFFFFFFFFFFF9A
:10067000FFFFFFFFFFFFFFFFFFFFFFFFFFFFFFFF8A
:10068000FFFFFFFFFFFFFFFFFFFFFFFFFFFFFFFF7A
:10069000FFFFFFFFFFFFFFFFFFFFFFFFFFFFFFFF6A
:1006A000FFFFFFFFFFFFFFFFFFFF7DD77DCF7DCF68
:1006B0007DCF7DCF7DCF9DCF7DCF9DD7BEDFBEDFF0
:1006C000BEE7BEE79DCF9DCFFFFFFFFFFFFFFFFF10
:1006D000FFFFFFFFFFFFFFFFFFFFFFFFFFFFFFFF2A
:1006E000FFFFFFFFFFFFFFFFFFFFFFFFFFFFFFFF1A
:1006F000FFFFFFFFFFFFFFFFFFFFFFFFFFFFFFFF0A
:10070000FFFFFFFFFFFFFFFFFFFFFFFF9ED77DCF34
:100710007DCF7DCF7DCF7DCF7DCF9DD7BEDFBEDFAF
:10072000BEDFBEE7BEDFBEDF9DD79DDF9DD7FFFFEB
:10073000FFFFFFFFFFFFFFFFFFFFFFFFFFFFFFFFC9
:10074000FFFFFFFFFFFFFFFFFFFFFFFFFFFFFFFFB9
:10075000FFFFFFFFFFFFFFFFFFFFFFFFFFFFFFFFA9
:10076000FFFFFFFFFFFFFFFFFFFFFFFF8649A651CF
:100770006D7B0F840F840F840F840F840F840F8C84
:100780000F8C0F8C0F8C509438BE9DD79DD7BEDF39
:100790007DCF9DCFFFFFFFFFFFFFFFFFFFFFFFFFAD
:1007A000FFFFFFFFFFFFFFFFFFFFFFFFFFFFFFFF59
:1007B000FFFFFFFFFFFFFFFFFFFFFFFFFFFFFFFF49
:1007C000FFFFFFFFFFFFFFFFFFFFFFFFFFFFA65140
:1007D000E7598C9B4EAC4EB44EB44EB44EB44EB4AE
:1007E0004EB44EB44EB44EB44EB4EDA30A7B8D7BE2
:1007F0007CCF7DCF7DCF7DCFFFFFFFFFFFFFFFFFD2
:10080000FFFFFFFFFFFFFFFFFFFFFFFFFFFFFFFFF8
:10081000FFFFFFFFFFFFFFFFFFFFFFFFFFFFFFFFE8
:10082000FFFFFFFFFFFFFFFFFFFFFFFFFFFFFFFFD8
:100830004549E759AFBC2EAC6B8B4B8B4B8B4B8B2D
:100840004B8B4B8B4B8B4B8B4B8B4B8B4B8BEDA33E
:10085000D0C48C93508C7DCF7DCF7DCF7DCFFFFFDB
:10086000FFFFFFFFFFFFFFFFFFFFFFFFFFFFFFFF98
:10087000FFFFFFFFFFFFFFFFFFFFFFFFFFFFFFFF88
:10088000FFFFFFFFFFFFFFFFFFFFFFFFFFFFFFFF78
:100890009DCF7DCFAE7BCC9BEDA34B8B0DA40DA448
:1008A0000DA40DA40DA40DA40DA40DA40DA40DA4C0
:1008B0000DA4AC934B8BD0C4896A7CCF7DCF7DCF08
:1008C0009DCFFFFFFFFFFFFFFFFFFFFFFFFFFFFFCA
:1008D000FFFFFFFFFFFFFFFFFFFFFFFFFFFFFFFF28
:1008E000FFFFFFFFFFFFFFFFFFFFFFFFFFFFFFFF18
:1008F0007DCF7DCF7DCF7DCF8D7B6EB44B8B0DA417
:100900006B8BCC930DA40DA40DA4EC9BEC9B0DA4C0
:100910000DA40DA40DA40DA44B8B8FB4EA7ABABE1E
:100920007DCF7DCF7DCFFFFFFFFFFFFFFFFFFFFFED
:10093000FFFFFFFFFFFFFFFFFFFFFFFFFFFFFFFFC7
:10094000FFFFFFFFFFFFFFFFFFFFFFFFFFFFFFFFB7
:10095000FFFF7DCF7DCF7DCF7DCF7DCF6D7B8FB4F2
:100960004B8B0DA4A9720A7B0DA40DA48C93509CF3
:100970002F9C8C930DA40DA40DA40DA4AC93EDA3FA
:100980002B8399BE7DCF7DCF7DCFFFC7FFFFFFFFBC
:10099000FFFFFFFFFFFFFFFFFFFFFFFFFFFFFFFF67
:1009A000FFFFFFFFFFFFFFFFFFFFFFFFFFFFFFFF57
:1009B000FFFFFFFF9DCF7DCF7DCF7DCF7DCF7DCF53
:1009C0006D7B8FB42B8B0DA40DA40DA40DA40DA4D1
:1009D0006C83FEFFFEFF4C830DA40DA40DA40DA49B
:1009E000CC9BEDA32B8399BE7DCF7DCF7DCF9DCFBB
:1009F0007CCFFFFFFFFFFFFFFFFFFFFFFFFFFFFFBA
:100A0000FFFFFFFFFFFFFFFFFFFFFFFFFFFFFFFFF6
:100A1000FFFFFFFFFFFF7CCF7DCF7DCF7DCF7DCF61
:100A20007DCF7DCF6D7B8FB42B8B0DA40DA40DA43A
:100A30000DA40DA46C8B5BEF7CF74C830DA40DA46F
:100A40000DA40DA4EC9B2DAC2B8399BE7DCF7DCF47
:100A50007DCF7DCF7DCF7DCFFFFFFFFFFFFFFFFF6E
:100A6000FFFFFFFFFFFFFFFFFFFFFFFFFFFFFFFF96
:100A7000FFFFFFFFFFFFFFFFFFFF7DCF7DCF7DCF9C
:100A80007DCF7DCF7DCF7DCF6D7B8FB42B8B0DA4A4
:100A90000DA40DA40DA40DA46C8BB9DE57D62B8329
:100AA0000DA40DA40DA40DA4CC9BCD9B2B8399BEAE
:100AB0007DCF7DCF7DCF7DCF7DCF7DCF7DCFFFFF24
:100AC000FFFFFFFFFFFFFFFFFFFFFFFFFFFFFFFF36
:100AD000FFFFFFFFFFFFFFFFFFFFFFFF7DCF7DCF8A
:100AE0007DCF7DCF7DCF7DCF7DCF7DCF6D7B8FB413
:100AF0002B8B0DA40DA40DA40DA40DA46C8BB9DE3D
:100B000058D64B830DA40DA40DA40DA40DA48FBC29
:100B10002B8399BE7DCF7DCF7DCF7DCF7DCF7DCF08
:100B20007DCF7DCFFFFFFFFFFFFFFFFFFFFFFFFF39
:100B3000FFFFFFFFFFFFFFFFFFFFFFFF9DCF7DCF09
:100B40009DCFBEDF7DCF7DCF7DCF7DCF7DCF7DCFD4
:100B50006D7B8FB42B8B0DA40DA40DA40DA40DA43F
:100B60006C8BB9DE58D64B830DA40DA40DA40DA437
:100B70000DA4AFBC2B8399BE7DCF7DCF7DCF7DCF24
:100B80007DCF7DCF7DCF9DCFFFFFFFFFFFFFFFFF1D
:100B9000FFFFFFFFFFFFFFFFFFFFFFFFFFFF7DCF17
:100BA0007DCFBEE7BEE7BEE77DCF7DCF7DCF7DCFDA
:100BB0007DCF7DCF6D7B8FB42B8B0DA40DA40DA4A9
:100BC0000DA40DA46C8BB9DE57D64B830DA40DA4D8
:100BD0000DA40DA40DA4AFBC2B8399BE7DCF7DCFFA
:100BE0007DCF7DCF7DCF7DCF7DCF7DCF7DD7FFFFEB
:100BF000FFFFFFFFFFFFFFFFFFFFFFFFFFFFFFFF05
:100C0000FFFFBEE7BEE7DEEFBEDFDEE7BEDFBEE72B
:100C10007DCF7DCF7DCF7DCF6D7B8FB42B8B0DA412
:100C20000DA40DA40DA40DA46C8BB9DE37D62B83B7
:100C30000DA40DA40DA40DA40DA4AFBC2B8399BECF
:100C40007DCF7DCFF7AD7DCF7DCF7DCF7DCF7DCFEC
:100C50009DCFFFFFFFFFFFFFFFFFFFFFFFFFFFFF36
:100C6000FFFFFFFFDFEF9DD79DD7BEE7BEE7BEE7E3
:100C7000BEE7BEE77DCF7DCF7DCF7DCF6D7B8FB4CF
:100C80002B8B0DA40DA40DA40DA40DA46C8BB9DEAB
:100C900017CE2B830DA40DA40DA40DA40DA4AFBCE1
:100CA0002B8399BE7DCF7DCF349D7DCF7DCF7DCFF2
:100CB0007DCF7DCF9DCFFFFFFFFFFFFFFFFFFFFF3A
:100CC000FFFFFFFFFFFFFFFF7DCF7DCF7DCFBEE7A3
:100CD0009DCF7DCF7DCF7DCF7DCF7DCF58B650943A
:100CE000AA6A8FB42B8B0DA40DA40DA40DA40DA482
:100CF0006C8BB9DE17CE2B830DA40DA40DA40DA40F
:100D0000AC938FBC2B8399BE7CCF59B6549D99BEB2
:100D10007DCF7DCF7DCF99BE7DCFFFFFFFFFFFFF52
:100D2000FFFFFFFFFFFFFFFFFFFFFFFF9DCF7DCF17
:100D30007DCF7DCF7DCF7DCF7DCF7DCF7DCFBABE27
:100D4000B19CFEFF8D8B8FB42B8B0DA40DA40DA435
:100D50000DA40DA46C8BB9DE17CE2B830DA40DA4AE
:100D60000DA40DA4EDA32B8B2B7B90940B9CEAC4BC
:100D70004AD5AABCCB93F6ADD6AD17AE9DD7FFFF33
:100D8000FFFFFFFFFFFFFFFFFFFFFFFFFFFFFFFF73
:100D90007DCF7DCF7DCF7DCF7DCF7DCF7DCF7CCFF4
:100DA000FBC6B2949DF7FEFF8D8B8FB42B8B0DA4E9
:100DB0000DA40DA40DA40DA46C8BB9DEDAE64C8352
:100DC0000DA40DA40DA40DA40DA4AFBCC8722AD50A
:100DD00009CD2AD52AD52AD5AAE5AAB454A59DCFEE
:100DE000FFFFFFFFFFFFFFFFFFFFFFFFFFFFFFFF13
:100DF000FFFFFFFF9DCF7DCF7DCF7DCF7DCF7DCF0F
:100E0000FBC60F8C34B56D7BFEFFFEFF8D8B8FB460
:100E10002B8B0DA40DA40DA40DA4AC93509CB9DE96
:100E2000DAE60F94AC930DA40DA40DA40DA4AFBCF1
:100E30004AD54AD56BFE6BFE6BFE6BFE4BF66BFE26
:100E40000B9CFBC69DCFFFFFFFFFFFFFFFFFFFFFD8
:100E5000FFFFFFFFFFFFFFFFFFFF7DCF7DCF7DCFB8
:100E60003BC7F39C8E7B9DF7FEFFFEFFB9DE58D695
:100E70008D8B8FB42B8B0DA40DA40DA40DA48D8B85
:100E8000FEFF71B4D2BCFEFF8C8B0DA40DA4CC9BD5
:100E9000CB6A6F736E73AA934BFE6BFE6BFE6BFE99
:100EA0006BFE6BFEEBEDD19C9DCFFFFFFFFFFFFFC5
:100EB000FFFFFFFFFFFFFFFFFFFFFFFFFFFF5DD70C
:100EC0009DCF3CC7108C5CF7FEFFFEFF3BEF37D693
:100ED00017CEFEFF8D8B8FB42B8B0DA40DA40DA40C
:100EE0000DA42F9CFEFFABAACBAAFEFF0F940DA46E
:100EF0000DA4CB6AF97C1A7D1A7D9774EA9B6AD59A
:100F0000EA9B8AB44BFE6BFE6BFE4E947DCF7DCF89
:100F1000FFFFFFFFFFFFFFFFFFFFFFFFFFFFFFFFE1
:100F2000FFFFFFFFFFFFEF833BEFFEFF5CF717CEF6
:100F3000B9DEFEFFFEFFFEFF8D8B8FB42B8B0DA461
:100F40000DA40DA40DA46C8BFEFFF7D537D6DEFFE4
:100F50006C838B8B6B8B4F6B1A7D1A7D1A7D1A7D80
:100F60004D73D173F97C76744B7B6BFE6BFE4E94A4
:100F7000D6AD2C730842FFFFFFFFFFFFFFFFFFFF0F
:100F8000FFFFFFFFFFFFFFFFFFFFAA6A9CF7FEFFC7
:100F9000FAE6FEFFFEFFFEFFFEFFFEFF8D8B8FB425
:100FA0004B8B0DA40DA40DA40DA4AC93CE8B99DE98
:100FB00078D68D8BCB6AF373716BF36B1A7DF97CEA
:100FC0001A7D1A7D1A7D1A7D1A7D1A7D5674AABC67
:100FD0002BF6D19C7DCF7DCFFFFFFFFFFFFFFFFFF3
:100FE000FFFFFFFFFFFFFFFFFFFFFFFFFFFFC751F7
:100FF0003094FEFFFEFFFEFFFEFFFEFFFEFFFEFF42
:10100000EE934EB44B8B0DA40DA40DA40DA40DA412
:10101000EC9B4B8BAA6AEC6AB26B1A7D1A7DB87492
:10102000146CD87C1A7D1A7D1A7D1A7D1A7DF97C84
:101030003574A96A0FDE7CCF7DCF7DCFFFFFFFFF28
:10104000FFFFFFFFFFFFFFFFFFFFFFFFFFFFFFFFB0
:10105000FFFFFFFF28622C7BCE8BB29CD29CD29CE0
:10106000D29CF3A495B54B8B8FB40A83AC930DA49B
:101070000DA40DA40DA4EB7277741A7D1A7DF97C72
:10108000146CB26B1A7D1A7D1A7D1A7D1A7D1A7D39
:101090001A7D35741A7DF97C6E6B3CC77DCFFFFFDE
:1010A000FFFFFFFFFFFFFFFFFFFFFFFFFFFFFFFF50
:1010B000FFFFFFFFFFFFFFFFFFFFFFFFFFFF9DCFD2
:1010C0007DCF7DCF7DCF7DCF7CCFAA6A2EACD0C423
:1010D0000DA46B938C938C938C930E6B1A7D1A7D5D
:1010E000F46B356C1A7D1A7D1A7D1A7D1A7D1A7D76
:1010F0001A7D1A7D1A7D1A7D1A7D1A7D7674349DAB
:101100007DCFFFFFFFFFFFFFFFFFFFFFFFFFFFFFA1
:10111000FFFFFFFFFFFFFFFFFFFFFFFFFFFFFFFFDF
:10112000FFFF5DCF7DCF7DCF7DCF7DCF7DCFFABE61
:10113000CB6A2B83CC9BEDA3EDA3EDA3EDA30E6BAC
:101140001A7D1A7DB87C1A7D1A7D1A7D1A7D1A7D4A
:101150001A7D1A7D1A7D1A7D1A7D1A7D1A7D1A7DD7
:1011600056741084FFFFFFFFFFFFFFFFFFFFFFFF2D
:10117000FFFFFFFFFFFFFFFFFFFFFFFFFFFFFFFF7F
:10118000FFFFFFFFFFFFFFFF7DCF7DCF7DCF7DCF37
:101190007DCF7DCF7DCF38B6139DF39CF39CF39C20
:1011A000F39C4D7335741A7D1A7D1A7D1A7D1A7D54
:1011B0001A7D1A7D1A7D1A7D1A7D1A7D1A7D1A7D77
:1011C0001A7DD87C8C5A2549FFFFFFFFFFFFFFFFE8
:1011D000FFFFFFFFFFFFFFFFFFFFFFFFFFFFFFFF1F
:1011E000FFFFFFFFFFFFFFFFFFFFFFFFFFD77DCFE9
:1011F0007DCF7DCF7DCF7DCF7DCF7DCF7DCF7DCF8F
:101200007DCF7DCF7DCF7DCF349DF07B8F73D07B25
:10121000D07BD07BD07B779DB89DD07BAF738C5A31
:101220004B524B524B522952A449FFFFFFFFFFFF85
:10123000FFFFFFFFFFFFFFFFFFFFFFFFFFFFFFFFBE
:10124000FFFFFFFFFFFFFFFFFFFFFFFFFFFFFFFFAE
:10125000FFFFBDC77DCF7DCF7DCF7DCF7DCF7DCF44
:101260007DCF7DCF7DCF7DCF7DCF7DCF7DCF7DCF1E
:101270005DD77DCF7DCF7DCF7DCF7DCF7DCF7DCF26
:101280007DCFFFFFFFFFFFFFFFFFFFFFFFFFFFFF20
:10129000FFFFFFFFFFFFFFFFFFFFFFFFFFFFFFFF5E
:1012A000FFFFFFFFFFFFFFFFFFFFFFFFFFFFFFFF4E
:1012B000FFFFFFFFFFFFFFFF5DD77DCF7DCF7DCF1E
:1012C0007DCF7DCF7DCF7DCF7DCF7DCF7DCF7DCFBE
:1012D0007DCFFFFFFFFFFFFF9DCF7DCF9DCF9DCF38
:1012E0007DCFFFFFFFFFFFFFFFFFFFFFFFFFFFFFC0
:1012F000FFFFFFFFFFFFFFFFFFFFFFFFFFFFFFFFFE
:10130000FFFFFFFFFFFFFFFFFFFFFFFFFFFFFFFFED
:10131000FFFFFFFFFFFFFFFFFFFFFFFFFFFFFFFFDD
:101320007DCF7DCF7DCF7DCF7DCF7DCF7DCF7DCF5D
:101330007DCFFFFFFFFFFFFFFFFFFFFFFFFFFFFF6F
:10134000FFFFFFFFFFFFFFFFFFFFFFFFFFFFFFFFAD
:10135000FFFFFFFFFFFFFFFFFFFFFFFFFFFFFFFF9D
:10136000FFFFFFFFFFFFFFFFFFFFFFFFFFFFFFFF8D
:10137000FFFFFFFFFFFFFFFFFFFFFFFFFFFFFFFF7D
:10138000FFFFFFFFFFFFFFFFFFFF9CCF9DCF7DCF44
:10139000FFFFFFFFFFFFFFFFFFFFFFFFFFFFFFFF5D
:1013A000FFFFFFFFFFFFFFFFFFFFFFFFFFFFFFFF4D
:1013B000FFFFFFFFFFFFFFFFFFFFFFFFFFFFFFFF3D
:1013C000FFFFFFFFFFFFFFFFFFFFFFFFFFFFFFFF2D
:1013D000FFFFFFFFFFFFFFFFFFFFFFFFFFFFFFFF1D
:1013E000FFFFFFFFFFFFFFFFFFFFFFFFFFFFFFFF0D
:1013F000FFFFFFFFFFFFFFFFFFFFFFFFFFFFFFFFFD
:10140000FFFFFFFFFFFFFFFFFFFFFFFFFFFFFFFFEC
:10141000FFFFFFFFFFFFFFFFFFFFFFFFFFFFFFFFDC
:10142000FFFFFFFFFFFFFFFFFFFFFFFFFFFFFFFFCC
:10143000FFFFFFFFFFFFFFFFFFFFFFFFFFFFFFFFBC
:10144000FFFFFFFFFFFFFFFFFFFFFFFFFFFFFFFFAC
:10145000FFFFFFFFFFFFFFFFFFFFFFFFFFFFFFFF9C
:10146000FFFFFFFFFFFFFFFFFFFFFFFFFFFFFFFF8C
:10147000FFFFFFFFFFFFFFFFFFFFFFFFFFFFFFFF7C
:10148000FFFFFFFFFFFFFFFFFFFFFFFFFFFFFFFF6C
:10149000FFFFFFFFFFFFFFFFFFFFFFFFFFFFFFFF5C
:1014A000FFFFFFFFFFFFFFFFFFFFFFFFFFFFFFFF4C
:1014B000FFFFFFFFFFFFFFFFFFFFFFFFFFFFFFFF3C
:1014C000FFFFFFFFFFFFFFFFFFFFFFFFFFFFFFFF2C
:1014D000FFFFFFFFFFFFFFFFFFFFFFFFFFFFFFFF1C
:1014E000FFFFFFFFFFFFFFFFFFFFFFFFFFFFFFFF0C
:1014F000FFFFFFFFFFFFFFFFFFFFFFFFFFFFFFFFFC
:10150000FFFFFFFFFFFFFFFFFFFFFFFFFFFFFFFFEB
:10151000FFFFFFFFFFFFFFFFFFFFFFFFFFFFFFFFDB
:10152000FFFFFFFFFFFFFFFFFFFFFFFFFFFFFFFFCB
:10153000FFFFFFFFFFFFFFFFFFFFFFFFFFFFFFFFBB
:10154000FFFFFFFFFFFFFFFFFFFFFFFFFFFFFFFFAB
:10155000FFFFFFFFFFFFFFFFFFFFFFFFFFFFFFFF9B
:10156000FFFFFFFFFFFFFFFFFFFFFFFFFFFFFFFF8B
:10157000FFFFFFFFFFFFFFFFFFFFFFFFFFFFFFFF7B
:10158000FFFFFFFFFFFFFFFFFFFFFFFFFFFFFFFF6B
:10159000FFFFFFFFFFFFFFFFFFFFFFFFFFFFFFFF5B
:1015A000FFFFFFFFFFFFFFFFFFFFFFFFFFFFFFFF4B
:1015B000FFFFFFFFFFFFFFFFFFFFFFFFFFFFFFFF3B
:1015C000FFFFFFFFFFFFFFFFFFFFFFFFFFFFFFFF2B
:1015D000FFFFFFFFFFFFFFFFFFFFFFFFFFFFFFFF1B
:1015E000FFFFFFFFFFFFFFFFFFFFFFFFFFFFFFFF0B
:1015F000FFFFFFFFFFFFFFFFFFFFFFFFFFFFFFFFFB
:10160000FFFFFFFFFFFFFFFFFFFFFFFFFFFFFFFFEA
:10161000FFFFFFFFFFFFFFFFFFFFFFFFFFFFFFFFDA
:10162000FFFFFFFFFFFFFFFFFFFFFFFFFFFFFFFFCA
:10163000FFFFFFFFFFFFFFFFFFFFFFFFFFFFFFFFBA
:10164000FFFFFFFFFFFFFFFFFFFFFFFFFFFFFFFFAA
:10165000FFFFFFFFFFFFFFFFFFFFFFFFFFFFFFFF9A
:10166000FFFFFFFFFFFFFFFFFFFFFFFFFFFFFFFF8A
:10167000FFFFFFFFFFFFFFFFFFFFFFFFFFFFFFFF7A
:10168000FFFFFFFF04C8400688130000FC020508A6
:10169000FFFFFFFFFFFFFFFFFFFFFFFFFFFFFFFF5A
:1016A000FFFFFFFFFFFFFFFFFFFFFFFFFFFFFFFF4A
:1016B000FFFFFFFFFFFFFFFFFFFFFFFFFFFFFFFF3A
:1016C000FFFFFFFFFFFFFFFFFFFFFFFFFFFFFFFF2A
:1016D000FFFFFFFFFFFFFFFFFFFFFFFFFFFFFFFF1A
:1016E000FFFFFFFFFFFFFFFFFFFFFFFFFFFFFFFF0A
:1016F000FFFFFFFFFFFFFFFFFFFFFFFFFFFFFFFFFA
:10170000FFFFFFFFFFFFFFFFFFFFFFFFFFFFFFFFE9
:10171000FFFF9EF7BBDED7BD14A5F39C14A555AD06
:1017200018C61CE7DFFFFFFFFFFFFFFFFFFFFFFF04
:10173000FFFFFFFFFFFFFFFFFFFFFFFFFFFFFFFFB9
:10174000FFFFFFFF1CE7F4A40C63084225290421D6
:101750000421E318E318E42004216631494A8E731A
:10176000B6B59EF7FFFFFFFFFFFFFFFFFFFFFFFF85
:10177000FFFFFFFFFFFFFFFF59CE8E73863104216D
:10178000E31804214529A6310842294A2842E841A4
:10179000863104210421E31804212842718C5DEF75
:1017A000FFFFFFFFFFFFFFFFFFFFFFFF7DEFAF7BAF
:1017B000652904212421A6310C63B29439CEFCE6BC
:1017C0007EF7DFFFBEF75DEFBBDEB7BD518C694A28
:1017D00065290421E420E84114A5FFFFFFFFFFFF76
:1017E000FFFFF8C5E84124210421E739718CFBDEB5
:1017F000FFFFFFFFFFFFFFFFFFFFFFFFFFFFFFFFF9
:10180000FFFFFFFFFFFFFFFF39CE8E738631E4201D
:1018100004210C63FCE6FFFF1CE724210421452979
:1018200030843DEFFFFFFFFFFFFFDFFFBBDE96B51C
:10183000F39C9294929414A5F8C53CE7FFFFFFFF38
:10184000FFFFFFFF79CEEB5A2421C318AA52DFFF16
:10185000FFFFB39CA63118C6FFFFFFFFFFFF7AD63C
:101860001084294A45290421E420E318C318E42000
:101870000421C739CB5AD39C5DEFFFFFFFFFFFFF69
:101880007294A73979CEFFFFFFFFFFFF7DEFFFFFC7
:10189000FFFFDBDE6D6B4529C31804214529A739FD
:1018A000294A8A52694AE8418631E318E420242112
:1018B000C7399294DFFFFFFFFFFF7EF7FFFFFFFFB7
:1018C000FFFFFFFFFFFFDFFFD39C663104210421F0
:1018D0000842CF7BB7BD1CE7BEF7DFFFFFFF9EF7D7
:1018E000BAD614A50C63863104212421694A39CE65
:1018F000FFFFFFFFFFFFFFFFFFFFFFFFFFFFDFFF18
:10190000CB5AA3188631B2947EF7FFFFFFFFFFFF8B
:10191000FFFFFFFFFFFFFFFFFFFFFFFFFFFF7AD685
:101920004D6B0421E31834A5FFFFFFFFFFFFFFFF0E
:10193000FFFFFFFFFFFFFFFF9EF7AE73FBDEFFFF22
:10194000FFFFFFFF3DEFD7BDD39C3084518C34A502
:1019500059CEDFFFFFFFFFFFFFFF14A5518CFFFFF4
:10196000FFFFFFFFFFFFFFFFFFFFFFFFFFFFFFFF87
:10197000FFFFFFFFFFFFFFFFDBDEAE73C739042170
:10198000E318C318C318E3184529694AD39C9EF786
:10199000FFFFFFFFFFFFFFFFFFFFFFFFFFFFFFFF57
:1019A000FFFFFFFFFFFFFFFFFFFFFFFFFFFFF4A4AD
:1019B0002529E42045292529494ACB5A8A52E8415C
:1019C0002529E4200421294ADBDEFFFFFFFFFFFF7A
:1019D000FFFFFFFFFFFFFFFFFFFFFFFFFFFFFFFF17
:1019E000FFFFFFFFFFFFF8C545298631518CBAD6AE
:1019F000FFFFFFFFFFFF9EF7D7BD4D6BE318AA5215
:101A00007EF7FFFFFFFFFFFFFFFFFFFFFFFFFFFF6F
:101A1000FFFFFFFFFFFFFFFFFFFFFFFFFFFFFFFFD6
:101A200039CEDBDEFFFFFFFFBFFF76B518C6FFFF35
:101A3000FFFFFFFFB6B57EF7FFFFFFFFFFFFFFFFD2
:101A4000FFFFFFFFFFFFFFFFFFFFFFFFFFFFFFFFA6
:101A5000FFFFFFFFFFFFFFFFFFFFFFFFFFFF3CE771
:101A6000294AE3180421AF7BFFFFFFFFFFFFFFFFC1
:101A7000FFFFFFFFFFFFFFFFFFFFFFFFFFFFFFFF76
:101A8000FFFFFFFFFFFFFFFFFFFFFFFFFFFFFFFF66
:101A9000FFFFFFFFFFFF9294E420A739863145291D
:101AA0009AD6FFFFFFFFFFFFFFFFFFFFFFFFFFFFD4
:101AB000FFFFFFFFFFFFFFFFFFFFFFFFFFFFFFFF36
:101AC000FFFFFFFFFFFFFFFFFFFFFFFFFFFFB39CD5
:101AD000E4208631A6312421BBDEFFFFFFFFFFFF9C
:101AE000FFFFFFFFFFFFFFFFFFFFFFFFFFFFFFFF06
:101AF000FFFFFFFFFFFFFFFFFFFFFFFFFFFFFFFFF6
:101B0000FFFFFFFFFFFF7DEF494AE42024211084FF
:101B1000FFFFFFFFFFFFFFFFFFFFFFFFFFFFFFFFD5
:101B2000FFFFFFFFFFFFFFFFFFFFFFFFFFFFFFFFC5
:101B3000FFFFFFFFFFFFFFFFFFFFFFFFFFFFFFFFB5
:101B4000DFFFF7BD59CEFFFFFFFFFFFFFFFFFFFFE6
:101B5000FFFFFFFFFFFFFFFFFFFFFFFFFFFFFFFF95
:101B6000FFFFFFFFFFFFFFFFFFFFFFFFFFFFFFFF85
:101B7000FFFFFFFFFFFFFFFFFFFFFFFFFFFFFFFF75
:101B8000FFFFFFFFFFFFFFFFFFFFFFFFFFFFFFFF65
:101B9000FFFFFFFFFFFFFFFF0470E00208050000EA
:101BA0009016050800003BFE400000007DFD70001F
:101BB000000008D403E2000007A101A90000002DE5
:101BC00000003C00000E00000F0000003B00000978
:101BD00050005A00000F0000000E200001D000D37A
:101BE00000004B00000006B00000A206B000009507
:101BF00000002BFFF400007FFE100002FFF900A799
:101C0000002D0000C100000000000990F00008B4A1
:101C10008D40000000000000E0F000005760000070
:101C20000000000000F0E1000000000000000000E3
:101C30000001E0A900000000000000000000099081
:101C40001CFFFFFFFFFFFFFFFFFFFFFB00009900EE
:101C50000000000000000009900000D1000000001A
:101C60000000000001D00000F000000000000000B3
:101C70000000F00000F0000000000000000000F094
:101C80000000C2000000000000000002B000008B55
:101C900000000000000000000B80003EFFFFFFFF7F
:101CA000FFFFFFFFFFFFFE20B90000000000000063
:101CB00000000009A0F0000000000000000000008B
:101CC00000F0F00000000000000000000000F0E064
:101CD0000000000000000000000000E0990000008B
:101CE0000000000000000009A00AFFFFFFFFFFFF47
:101CF000FFFFFFFFFA000000000004AFFFD5000067
:101D0000000000000000004E50003E1000000000E7
:101D100000000000B400000960000000002AFFFF7E
:101D2000FFF3000007FFFFFFFB20A90000000000F9
:101D3000000000000009C0F00000000000000000EA
:101D4000000000F0F00000002956610000000000D3
:101D5000F0F0000000D000092000000000F0F000CA
:101D600000AF500003FFFFB00000F0F00000B4002F
:101D700000000000B00000F0F70004E000000000E8
:101D800000C40007C0FBFFFC4000000000002AFF69
:101D9000FCF0E00000000000000000000000E09700
:101DA0000000000000000000000005A00AFFFD0088
:101DB000000CFFE000008BBE200000B500005B05BA
:101DC000900001E310000001D0000029DD100006A2
:101DD0009000000003B00000000000000D30000083
:101DE0000002D10000000000001DB40000006BFFE5
:101DF000CA4000000000005DD5000AC43330000076
:101E000000000000003D700F000000000000000016
:101E1000000001F00F0000000000005A5000000018
:101E2000F00D10000000017D95BC300005B0099058
:101E3000001369DD810004DB503E20009EFFEB862D
:101E40002000000004AED4000002AFFFE918EFFD4F
:101E5000707DFFE900000B910019FB1002CDC2005C
:101E600019A0000F000002F100001F100000F00098
:101E70000F000000F000000F000000F0000F000055
:101E800000F000000F000000F0003F851006F20097
:101E9000005F200000F006D747E4057D300297D3AD
:101EA0000000F00D30003D0003C000001B0000F0FA
:101EB0000F00000F0000E000000A1000F02C0000EE
:101EC0000F0000A40000066000F03B00000E0000C0
:101ED00077000001A000F06800003B00004B00000C
:101EE00000E000F09500003A00002D000000B20074
:101EF000F0C200006700000F000000B300F0F00027
:101F0000009400001F000000C000F0F30000D000AB
:101F100001C900002B5000F0AF977D5008CF900012
:101F20000FA30000F005FC83000FF100000F00007C
:101F300000F004E000002FF000000F000000F00BA4
:101F40007000007EF000000F000000F03E00000076
:101F5000D9F000000F000000F0C5000003F3F0000E
:101F6000000F000000F0F0000009D0F000000F00AA
:101F70000000F0D300003F40E100001F100000F01F
:101F80003D5005E9008C2002CEB20019A0019EFE52
:101F9000700007DFFC709DFFE9000AFFFFFFFFFFF5
:101FA000FFFFFFFFFFFA00A9000000000000000093
:101FB000000009A0F1000000000000000000000186
:101FC000F0F00000000000000000000000F0F00051
:101FD00000000000000000000000F0A2000000006F
:101FE00000000000000002A0291000000000000016
:101FF0000000001A2000CFFFF30000F00003FFFFF5
:10200000C00007E5000000007000000004E7000DBC
:10201000500000000000000000004D000F00000014
:10202000000000000000000F000F00004000003022
:10203000000070000F000F0000D00000F00000F062
:10204000000F000F0005800003F00000FB200F00D0
:102050000F000D000008F0000004D00F000F0096E4
:1020600000000DE0000000A30F000F00E000005B87
:10207000B0000000730F000F00E00000D3920000DA
:1020800000930F000F005C100BFFFC100002E00F2C
:10209000000F0004CDD60007EFFFFE500F000F0029
:1020A0000000000000000000000F000F0000000012
:1020B0000000000000000F000F0000000000000002
:1020C0000000000F000A50000000000000000000A7
:1020D0005A0003E5000000000000000005E30000D6
:1020E0003AFFFFFFFFFFFFFFFFFB40000000B001D2
:1020F0001A1A01015201B0011A1A0101A402B00119
:102100001A1A0101F603B0011A1A01017051895B14
:10211000DE5D7F8900000000705100001038000073
:102120000C210508000000000400030075470008AA
:10213000DD4600081C000000000000009C03002099
:102140000000000000000000FFFFFFFFFFFFFFFF97
:10215000FFFFFFFFFFFFFFFFFFFFFFFFFFFFFFFF8F
:10216000FFFFFFFFFFFFFFFFFFFFFFFFFFFFFFFF7F
:10217000FFFFFFFFFFFFFFFFFFFFFFFFFFFFFFFF6F
:10218000FFFFFFFFFFFFFFFFFFFFFFFFFFFFFFFF5F
:10219000FFFFFFFFFFFFFFFFFFFFFFFFFFFFFFFF4F
:1021A000FFFFFFFFFFFFFFFFFFFFFFFFFFFFFFFF3F
:1021B000FFFFFFFFFFFFFFFFFFFFFFFFFFFFFFFF2F
:1021C000FFFFFFFFFFFFFFFFFFFFFFFFFFFFFFFF1F
:1021D000FFFFFFFFFFFFFFFFFFFFFFFFFFFFFFFF0F
:1021E000FFFFFFFFFFFFFFFFFFFFFFFFFFFFFFFFFF
:1021F000FFFFFFFFFFFFFFFFFFFFFFFFFFFFFFFFEF
:10220000FFFFFFFFFFFFFFFFFFFFFFFFFFFFFFFFDE
:10221000FFFFFFFFFFFFFFFFFFFFFFFFFFFFFFFFCE
:10222000FFFFFFFFFFFFFFFFFFFFFFFFFFFFFFFFBE
:10223000FFFFFFFFFFFFFFFFFFFFFFFFFFFFFFFFAE
:10224000FFFFFFFFFFFFFFFFFFFFFFFFFFFFFFFF9E
:10225000FFFFFFFFFFFFFFFFFFFFFFFFFFFFFFFF8E
:10226000FFFFFFFFFFFFFFFFFFFFFFFFFFFFFFFF7E
:10227000FFFFFFFFFFFFFFFFFFFFFFFFFFFFFFFF6E
:10228000FFFFFFFFFFFFFFFFFFFFFFFFFFFFFFFF5E
:10229000FFFFFFFFFFFFFFFFFFFFFFFFFFFFFFFF4E
:1022A000FFFFFFFFFFFFFFFFFFFFFFFFFFFFFFFF3E
:1022B000FFFFFFFFFFFFFFFFFFFFFFFFFFFFFFFF2E
:1022C000FFFFFFFFFFFFFFFFFFFFFFFFFFFFFFFF1E
:1022D000FFFFFFFF0000000000000000FFFFFFFF06
:1022E000FFFFFFFFFFFFFFFFFFFFFFFFFFFFFFFFFE
:1022F000FFFFFFFFFFFFFFFFFFFFFFFFFFFFFFFFEE
:10230000FFFFFFFFFFFFFFFFFFFFFFFFFFFFFFFFDD
:10231000FFFFFFFFFFFFFFFFFFFFFFFFFFFFFFFFCD
:10232000FFFFFFFFFFFFFFFFFFFFFFFFFFFFFFFFBD
:10233000FFFF000000000000000000000000FFFFA1
:10234000FFFF00000000FFFFFFFFFFFFFFFFFFFF99
:10235000FFFFFFFF00000000FFFFFFFFFFFF000087
:102360000000FFFFFFFFFFFFFFFFFFFFFFFFFFFF7B
:10237000FFFFFFFF00000000FFFFFFFFFFFFFFFF69
:10238000FFFFFFFFFFFFFFFFFFFFFFFFFFFFFFFF5D
:10239000000000000000FFFFFFFFFFFFFFFFFFFF47
:1023A000FFFF00000000FFFFFFFF00000000FFFF35
:1023B000FFFFFFFF00000000FFFFFFFFFFFF000027
:1023C0000000FFFFFFFFFFFFFFFFFFFFFFFFFFFF1B
:1023D000FFFFFFFF00000000FFFFFFFFFFFFFFFF09
:1023E000FFFFFFFFFFFFFFFFFFFFFFFFFFFFFFFFFD
:1023F00000000000FFFFFFFFFFFFFFFFFFFFFFFFE9
:10240000FFFFFFFFFFFFFFFFFFFF00000000FFFFD8
:10241000FFFFFFFF00000000FFFFFFFFFFFF0000C6
:102420000000FFFFFFFFFFFFFFFFFFFFFFFFFFFFBA
:10243000FFFFFFFF00000000FFFFFFFFFFFFFFFFA8
:10244000FFFFFFFFFFFFFFFFFFFFFFFFFFFF00009A
:1024500000000000FFFFFFFFFFFFFFFFFFFFFFFF88
:10246000FFFF00000000FFFF000000000000000070
:10247000FFFFFFFF00000000FFFFFFFFFFFF000066
:102480000000FFFF00000000FFFFFFFFFFFF000054
:102490000000FFFF0000000000000000000000003E
:1024A000FFFFFFFFFFFFFFFFFFFFFFFFFFFF00003A
:1024B00000000000FFFFFFFF000000000000FFFF22
:1024C000FFFF00000000FFFF000000000000000010
:1024D000FFFFFFFF00000000000000000000000000
:1024E0000000FFFF00000000FFFFFFFFFFFF0000F4
:1024F0000000FFFF000000000000000000000000DE
:10250000FFFFFFFFFFFFFFFFFFFFFFFFFFFF0000D9
:1025100000000000FFFFFFFF000000000000FFFFC1
:10252000FFFF00000000FFFFFFFF00000000FFFFB3
:10253000FFFFFFFF0000000000000000000000009F
:102540000000FFFF00000000FFFFFFFFFFFF000093
:102550000000FFFF00000000FFFFFFFF0000000081
:102560000000FFFFFFFFFFFFFFFFFFFFFFFF000077
:1025700000000000FFFFFFFFFFFF00000000FFFF63
:10258000FFFF00000000FFFFFFFF00000000FFFF53
:10259000FFFFFFFF00000000FFFFFFFFFFFF000045
:1025A0000000FFFF00000000FFFFFFFFFFFF000033
:1025B0000000FFFF00000000FFFFFFFFFFFF000023
:1025C0000000FFFFFFFFFFFFFFFFFFFFFFFFFFFF19
:1025D00000000000FFFFFFFFFFFF00000000FFFF03
:1025E000FFFF00000000FFFFFFFF00000000FFFFF3
:1025F000FFFFFFFF00000000FFFFFFFFFFFF0000E5
:102600000000FFFF00000000FFFFFFFFFFFF0000D2
:102610000000FFFF00000000FFFFFFFF00000000C0
:102620000000FFFFFFFFFFFFFFFFFFFFFFFFFFFFB8
:102630000000000000000000000000000000FFFF9C
:10264000FFFF00000000FFFFFFFF00000000FFFF92
:10265000FFFFFFFF00000000FFFFFFFFFFFF000084
:102660000000FFFF000000000000FFFF000000006E
:102670000000FFFF000000000000FFFF000000005E
:10268000FFFFFFFFFFFFFFFFFFFFFFFFFFFFFFFF5A
:10269000FFFF000000000000000000000000FFFF3E
:1026A000FFFF00000000FFFFFFFF00000000000030
:1026B0000000FFFF00000000FFFFFFFFFFFF000022
:1026C0000000FFFFFFFF000000000000000000000E
:1026D0000000FFFF000000000000000000000000FC
:1026E000FFFFFFFFFFFFFFFFFFFFFFFFFFFFFFFFFA
:1026F000FFFFFFFFFFFFFFFFFFFFFFFFFFFFFFFFEA
:10270000FFFFFFFFFFFFFFFFFFFFFFFFFFFFFFFFD9
:10271000FFFFFFFFFFFFFFFFFFFFFFFFFFFFFFFFC9
:10272000FFFFFFFFFFFFFFFFFFFFFFFFFFFFFFFFB9
:10273000FFFFFFFFFFFFFFFFFFFFFFFFFFFFFFFFA9
:10274000FFFFFFFFFFFFFFFFFFFFFFFFFFFFFFFF99
:10275000FFFFFFFFFFFFFFFFFFFFFFFFFFFFFFFF89
:10276000FFFFFFFFFFFFFFFFFFFFFFFFFFFFFFFF79
:10277000FFFFFFFFFFFFFFFFFFFFFFFFFFFFFFFF69
:10278000FFFFFFFFFFFFFFFFFFFFFFFFFFFFFFFF59
:10279000FFFFFFFFFFFFFFFFFFFFFFFFFFFFFFFF49
:1027A000FFFFFFFFFFFFFFFFFFFFFFFFFFFFFFFF39
:1027B000FFFFFFFFFFFFFFFFFFFFFFFFFFFFFFFF29
:1027C000FFFFFFFFFFFFFFFFFFFFFFFFFFFFFFFF19
:1027D000FFFFFFFFFFFFFFFFFFFFFFFFFFFFFFFF09
:1027E000FFFFFFFFFFFFFFFFFFFFFFFFFFFFFFFFF9
:1027F000FFFFFFFFFFFFFFFFFFFFFFFFFFFFFFFFE9
:10280000FFFFFFFFFFFFFFFFFFFFFFFFFFFFFFFFD8
:10281000FFFFFFFFFFFFFFFFFFFFFFFFFFFFFFFFC8
:10282000FFFFFFFFFFFFFFFFFFFFFFFFFFFFFFFFB8
:10283000FFFFFFFFFFFFFFFFFFFFFFFFFFFFFFFFA8
:10284000FFFFFFFFFFFFFFFFFFFFFFFFFFFFFFFF98
:10285000FFFFFFFFFFFFFFFFFFFFFFFFFFFFFFFF88
:10286000FFFFFFFFFFFFFFFFFFFFFFFFFFFFFFFF78
:10287000FFFFFFFFFFFFFFFFFFFFFFFFFFFFFFFF68
:10288000FFFFFFFFFFFFFFFFFFFFFFFFFFFFFFFF58
:10289000FFFFFFFFFFFFFFFFFFFFFFFFFFFFFFFF48
:1028A000FFFFFFFFFFFFFFFFFFFFFFFFFFFFFFFF38
:1028B000FFFFFFFFFFFFFFFFFFFFFFFFFFFFFFFF28
:1028C000FFFFFFFFFFFFFFFF04C080028007000043
:1028D00048210508BC2F050850000000282F0508D6
:1028E000C82F050850000000642F05084E2F410036
:1028F0000000000000000000000000004E2F41001A
:1029000000000000000000000000000000000000C7
:1029100000000000000000000000000000000000B7
:1029200000000000000000000000000000000000A7
:102930000000000000000000000000004E2F4100D9
:102940000000000000000000000000004E2F4100C9
:102950000000000000000000000000004E2F4100B9
:102960000000000000000000000000000000000067
:102970000000000000000000000000001F1C1F1EDF
:102980001F1E1F1F1E1F1E1F1F1D1F1E1F1E1F1F5E
:102990001E1F1E1FDDDDDDDDDCBBBBDDDDDDDDDDA6
:1029A000DDDDDDDD98888888888888887777777787
:1029B0007788888885555556666666666666666653
:1029C00066688888833333322222222222222222FE
:1029D0002228888D5361000057650000546800006C
:1029E0004D6F0000467200005375000054750000E2
:1029F0004A756E65000000004D617263680000005A
:102A0000417072696C000000446563656D626572B7
:102A10000000000053657074656D6265720000000F
:102A20004E6F76656D626572000000004F63746FD3
:102A30006265720041756775737400004D617900BD
:102A40004A756C79000000004A616E756172790008
:102A5000466562727561727900000000323032336F
:102A60000A323032320A323032310A323032300AEF
:102A7000323031390A323031380A323031370A32A5
:102A80003031360A323031350A323031340A3230A0
:102A900031330A323031320A323031310A32303198
:102AA000300A323030390A323030380A323030377A
:102AB0000A323030360A323030350A323030340A99
:102AC000323030330A323030320A323030310A326A
:102AD0003030300A313939390A313939380A313927
:102AE00039370A313939360A313939350A31393904
:102AF000340A313939330A313939320A3139393105
:102B00000A313939300A313938390A313938380A15
:102B1000313938370A313938360A313938350A31DE
:102B20003938340A313938330A313938320A3139CF
:102B300038310A313938300A313937390A313937C1
:102B4000380A313937370A313937360A31393735AA
:102B50000A313937340A313937330A313937320AD1
:102B6000313937310A313937300A313936390A319A
:102B70003936380A313936370A313936360A313979
:102B800036350A313936340A313936330A31393675
:102B9000320A313936310A313936300A313935396C
:102BA0000A313935380A313935370A313935360A7B
:102BB000313935350A313935340A313935330A314D
:102BC0003935320A313935310A313935300A31393E
:102BD00034390A313934380A313934370A31393421
:102BE000360A313934350A313934340A313934331B
:102BF0000A313934320A313934310A313934300A40
:102C0000313933390A313933380A313933370A31F6
:102C10003933360A313933350A313933340A3139E7
:102C200033330A313933320A313933310A313933E6
:102C3000300A313932390A313932380A31393237CA
:102C40000A313932360A313932350A313932340AE9
:102C5000313932330A313932320A313932310A31BB
:102C60003932300A313931390A313931380A31399A
:102C700031370A313931360A313931350A31393192
:102C8000340A313931330A313931320A313931318B
:102C90000A313931300A313930390A313930380A9C
:102CA000313930370A313930360A313930350A3165
:102CB0003930340A313930330A313930320A313956
:102CC0003031000030310A30320A30330A30340AF1
:102CD00030350A30360A30370A30380A30390A318E
:102CE000300A31310A3132000A00000020000000B1
:102CF000210000002200000031230000230000001A
:102D0000240000002500000027000000280000002B
:102D1000290000002A0000002B0000002C00000009
:102D20002B2F2D002D0000002E0000002F00000092
:102D300030000000310000003200000033000000CD
:102D400034000000350000003600000037000000AD
:102D500038000000390000003A0000003B0000008D
:102D60003C0000003D0000003E0000003F0000006D
:102D700040000000410000004200000041424300CA
:102D80004300000044000000450000004600000031
:102D90004700000048000000490000004A00000011
:102DA0004B0000004C0000004D0000004E000000F1
:102DB0004F000000500000005100000052000000D1
:102DC00053000000540000005500000056000000B1
:102DD0005700000058000000590000005A00000091
:102DE0005B0000005C0000005D0000005F00000070
:102DF0006100000062000000616263006300000087
:102E0000640000006500000066000000670000002C
:102E1000690000006A0000006B0000006D00000007
:102E20006E0000006F0000007000000071000000E4
:102E300072000000730000007400000075000000C4
:102E400076000000770000007800000079000000A4
:102E50007A0000007B0000007D000000EF808C0005
:102E6000EF819300EF819400EF959A00EF849C002E
:102E7000EFA2A2000000000042746E3100000000CA
:102E800042746E320000000042746E330000000095
:102E900042746E340000000042746E350000000081
:102EA0005B5732355136345D20E5BC80E5A78BE5B4
:102EB0008699E585A52069643D25752C2073697A7E
:102EC000653D256C7520E5AD97E88A822C20E8B534
:102ED000B7E5A78BE59CB0E59D803D307825303681
:102EE000580A00005B5732355136345D20E586992B
:102EF000E585A5E5AE8CE68890EFBC8169643D254B
:102F0000752C2043524331363D3078253034582CCF
:102F100020E59CB0E59D803D3078253036587E30E8
:102F200078253036580A0000474554202F676574CD
:102F300020485454502F312E310D0A486F73743A83
:102F4000206874747062696E2E6F72670D0A436F29
:102F50006E6E656374696F6E3A20636C6F73650D96
:102F60000A0D0A00474554202F586927616E3F66B5
:102F70006F726D61743D6A3120485454502F312E68
:102F8000310D0A486F73743A20777474722E696E2B
:102F90000D0A557365722D4167656E743A2063752D
:102FA000726C0D0A436F6E6E656374696F6E3A20C2
:102FB000636C6F73650D0A0D0A000000687474700D
:102FC00062696E2E6F726700777474722E696E007C
:102FD000F02F050800000020D8030000F40C0008C2
:102FE000A8310508D803002030E00000CC460008D6
:102FF000412D010203040410090607080902040612
:103000000884A24A04691801541AAA01C15AFF018E
:103010004102202D0266011EE8290508E0041AEC91
:10302000041AD8041ADC041AE4041AD4041E482A28
:10303000050850041AF80C1119081A3C041AF00C6F
:103040001A40081A34041A14041A2C041A20041AF8
:1030500008041EC42C05085C0859EE111F9C3B0394
:10306000089C3C041A3D041A3E0429109904411A94
:103070004C201A4C201A4C201AF0043910990401E3
:10308000640617D4C3B2A16F180E85CA020861C7BF
:10309000020805C80208DD041A25101A51081A8D05
:1030A000041AB5041E782E050880041A88041EE848
:1030B0002C050890081A98041A740491021AA01A90
:1030C000FF0112F034400105A8C1F6CFD3BBD108EF
:1030D00096BDD42D8C43A359993DD97A063BA5784A
:1030E000D1C065C5B03D6EDBF73AF3624DC1CCECA3
:1030F00073BBA0C186BD39B77E433752363B7EFED7
:103100007B3DF18739C1F3C9AA3DD40CA93BC46604
:103110007AC12ECBB73DEC8497B9CEE5A4C1CA17CE
:10312000B4BAE3FE833D996E80C18010493ADACA91
:103130008BBD4BE47A438F39AFBDEA784CB9B35FAE
:10314000A743438EADBDDE214538E294A143263727
:103150000ABB85ED87BD2F7E82439738F2BAE82EF1
:10316000893D07EA4CC108CAADBDA30653BA9CB25B
:10317000A643E50AAFBD5DA365BAF702A743C32A1C
:103180005EBB8A8E843DE5C1C6C0D42901012060A2
:103190000DA41B0508EC20050818210508150108D9
:0831A00094030224200000004A
:0400000508000131BD
:00000001FF
